{
  "authorDailyContributionsMap": {
    "Crisgu": [
      {
        "insertions": 136,
        "deletions": 54,
        "date": "2019-10-02",
        "commitResults": [
          {
            "hash": "721307c0b99129a6e9d9dae91ffb178bc02d7d67",
            "messageTitle": "Update DeveloperGuide.adoc (#59)",
            "messageBody": "* Update DeveloperGuide.adoc",
            "insertions": 136,
            "deletions": 54
          }
        ]
      },
      {
        "insertions": 2013,
        "deletions": 1512,
        "date": "2019-10-15",
        "commitResults": [
          {
            "hash": "ac8deb0ad3a568bb4abe0f249a7fd01e88ac1311",
            "messageTitle": "Implement Employee",
            "messageBody": "",
            "insertions": 2013,
            "deletions": 1512
          }
        ]
      },
      {
        "insertions": 85,
        "deletions": 81,
        "date": "2019-10-16",
        "commitResults": [
          {
            "hash": "421a68d762e7964d23185fc1a2c4bc114d963dd0",
            "messageTitle": "update Employee version",
            "messageBody": "",
            "insertions": 85,
            "deletions": 81
          }
        ]
      }
    ],
    "eshwarkp": [
      {
        "insertions": 382,
        "deletions": 21,
        "date": "2019-09-25",
        "commitResults": [
          {
            "hash": "56eadff20d8a367316fa011e26a84607fca8d5fc",
            "messageTitle": "Add files via upload",
            "messageBody": "Individual group Member Description",
            "insertions": 360,
            "deletions": 0
          },
          {
            "hash": "b573099723a448374c42fd434b1d342de8a51a52",
            "messageTitle": "Update AboutUs.adoc",
            "messageBody": "Replaced info of SE-EDU developers with info of our team. \r\nIncluded suitable photos for each team member.\r\nIndicated the different roles played and responsibilities held by each team member.",
            "insertions": 22,
            "deletions": 21
          }
        ]
      },
      {
        "insertions": 91,
        "deletions": 91,
        "date": "2019-10-02",
        "commitResults": [
          {
            "hash": "64a3398406fdb03159266841cab4da03ce67f9a1",
            "messageTitle": "Update AboutUs.adoc (#57)",
            "messageBody": "* Update AboutUs.adoc\r\n\r\n* Update and rename calvin.adoc to calvinxcz.adoc\r\n\r\nUpdate and rename calvin.adoc to calvinxcz.adoc\r\n\r\n* Update and rename cris.adoc to crisgu.adoc\r\n\r\n* Update and rename de_xun.adoc to divinedx.adoc\r\n\r\n* Update and rename eshwar.adoc to eshwarkp.adoc\r\n\r\nUpdate and rename eshwar.adoc to eshwarkp.adoc\r\n\r\n* Update and rename shi_hao.adoc to shihaoyap.adoc\r\n\r\nUpdate and rename shi_hao.adoc to shihaoyap.adoc\r\n\r\n* Update AboutUs.adoc\r\n\r\n* Update of roles and responsibilities\r\n",
            "insertions": 91,
            "deletions": 91
          }
        ]
      },
      {
        "insertions": 10,
        "deletions": 10,
        "date": "2019-10-03",
        "commitResults": [
          {
            "hash": "13df26c8c621e0b6d8f1774ef11578b7253970f2",
            "messageTitle": "Update AboutUs.adoc",
            "messageBody": "",
            "insertions": 10,
            "deletions": 10
          }
        ]
      },
      {
        "insertions": 103,
        "deletions": 17,
        "date": "2019-10-16",
        "commitResults": [
          {
            "hash": "b17d8d63b83add6e3ffe9f6f3b7787b83129d03c",
            "messageTitle": "Created DeleteEventCommand Created DeleteEventParser Updated AddressBookParser",
            "messageBody": "",
            "insertions": 86,
            "deletions": 13
          },
          {
            "hash": "a667abe5131504a972eab23ee1dc4040bb5a1f94",
            "messageTitle": "Updated files based on PR review comments",
            "messageBody": "",
            "insertions": 17,
            "deletions": 4
          }
        ]
      },
      {
        "insertions": 31,
        "deletions": 2,
        "date": "2019-10-18",
        "commitResults": [
          {
            "hash": "4f8d116a51169b504f9db32e7bfa47c82845d1ea",
            "messageTitle": "Basic StatisticCommand Implementation",
            "messageBody": "",
            "insertions": 31,
            "deletions": 2
          }
        ]
      },
      {
        "insertions": 7,
        "deletions": 3,
        "date": "2019-10-22",
        "commitResults": [
          {
            "hash": "88221e0f55acb7e7790ffab27d13bea8f3516cf3",
            "messageTitle": "Bare implementation of Statistics Command",
            "messageBody": "",
            "insertions": 1,
            "deletions": 2
          },
          {
            "hash": "3393143e9fcdb95da43220b4245c0a0b3f3673f0",
            "messageTitle": "Added JavaDoc",
            "messageBody": "",
            "insertions": 5,
            "deletions": 0
          },
          {
            "hash": "fe01bdfbbc4f187e96d9b0c2a6ab43c113845717",
            "messageTitle": "Lexicographical order",
            "messageBody": "",
            "insertions": 1,
            "deletions": 1
          }
        ]
      },
      {
        "insertions": 33,
        "deletions": 8,
        "date": "2019-10-23",
        "commitResults": [
          {
            "hash": "ac70beebf7b8415e5e4f924616209709a09e003b",
            "messageTitle": "Update DeveloperGuide.adoc",
            "messageBody": "Minor tweaks to Logic Part to reflect product features.\r\nAdded Statistics feature.",
            "insertions": 26,
            "deletions": 3
          },
          {
            "hash": "c295305387859baaa0b13ceda8600a5ed78f0e38",
            "messageTitle": "Update DeveloperGuide.adoc",
            "messageBody": "",
            "insertions": 7,
            "deletions": 5
          }
        ]
      },
      {
        "insertions": 8,
        "deletions": 11,
        "date": "2019-10-24",
        "commitResults": [
          {
            "hash": "ed0da66d49ab6eb44d9df44e650ab36e51262992",
            "messageTitle": "Update DeveloperGuide.adoc",
            "messageBody": "",
            "insertions": 1,
            "deletions": 1
          },
          {
            "hash": "bddc331ff1b5e67e489363612c69cd1a9357f75a",
            "messageTitle": "Update DeveloperGuide.adoc",
            "messageBody": "",
            "insertions": 1,
            "deletions": 3
          },
          {
            "hash": "bfff923e16dc8cd3715e92247ad04ca659ff5cfb",
            "messageTitle": "Update UserGuide.adoc",
            "messageBody": "Modified introduction to give clearer view to reader.\r\nModified statistics command.",
            "insertions": 3,
            "deletions": 4
          },
          {
            "hash": "7d587572899d6a683a4055cf12e3227c95604f9a",
            "messageTitle": "Update UserGuide.adoc",
            "messageBody": "",
            "insertions": 2,
            "deletions": 2
          },
          {
            "hash": "1eb7ba3ada5abee3a95549eb0cacc043f85f23d3",
            "messageTitle": "Update DeveloperGuide.adoc",
            "messageBody": "",
            "insertions": 1,
            "deletions": 1
          }
        ]
      }
    ],
    "calvincxz": [
      {
        "insertions": 202,
        "deletions": 32,
        "date": "2019-09-25",
        "commitResults": [
          {
            "hash": "83869244634fd188260d30b4f0774c336eaa7c39",
            "messageTitle": "Update ContactUs.adoc",
            "messageBody": "",
            "insertions": 4,
            "deletions": 2
          },
          {
            "hash": "093c7f057df9079ad229ba224605bbf4a2a79f37",
            "messageTitle": "Update ContactUs.adoc",
            "messageBody": "",
            "insertions": 1,
            "deletions": 1
          },
          {
            "hash": "e6138c2fd24ed46d688bd7b35e0ca51af4500e04",
            "messageTitle": "Update ContactUs.adoc",
            "messageBody": "",
            "insertions": 1,
            "deletions": 1
          },
          {
            "hash": "81ac4d6f94a32036300eee692fa8f07a5a657421",
            "messageTitle": "Update README.adoc",
            "messageBody": "",
            "insertions": 3,
            "deletions": 4
          },
          {
            "hash": "6434e19501bf0e5faf80587542ac01c272b006b2",
            "messageTitle": "Update README.adoc",
            "messageBody": "",
            "insertions": 4,
            "deletions": 2
          },
          {
            "hash": "5021c14c09f074fb942650c60eb5892050fa6660",
            "messageTitle": "updated storage to include eventbook -added listevent command",
            "messageBody": "",
            "insertions": 189,
            "deletions": 22
          }
        ]
      },
      {
        "insertions": 1132,
        "deletions": 137,
        "date": "2019-09-27",
        "commitResults": [
          {
            "hash": "f030d819ce4083c930030c2ee0e9864223b0876f",
            "messageTitle": "backup",
            "messageBody": "",
            "insertions": 450,
            "deletions": 6
          },
          {
            "hash": "376cc7a098880d28fd60c689bfe5edd1cb56e7b1",
            "messageTitle": "added some code from shihao\u0027s commit with addevent command (WORKING)",
            "messageBody": "",
            "insertions": 682,
            "deletions": 131
          }
        ]
      },
      {
        "insertions": 90,
        "deletions": 31,
        "date": "2019-09-29",
        "commitResults": [
          {
            "hash": "44cd132abaca6113ba9f0e92630c778440da9dbf",
            "messageTitle": "fixed checkstyle test",
            "messageBody": "",
            "insertions": 90,
            "deletions": 31
          }
        ]
      },
      {
        "insertions": 1,
        "deletions": 0,
        "date": "2019-09-30",
        "commitResults": [
          {
            "hash": "a2003ebe9d3c6324d2d94d0c3cdd1bc47809816a",
            "messageTitle": "fixed logic manger\u0027s link to storage",
            "messageBody": "",
            "insertions": 1,
            "deletions": 0
          }
        ]
      },
      {
        "insertions": 47,
        "deletions": 8,
        "date": "2019-10-07",
        "commitResults": [
          {
            "hash": "ed01560418baae07d766cf235600bd503790f542",
            "messageTitle": "corrected checkstyle errors",
            "messageBody": "",
            "insertions": 13,
            "deletions": 3
          },
          {
            "hash": "949eb915e410292d4e4c0c474845cf71fcd7e512",
            "messageTitle": "corrected assertion errors for CI",
            "messageBody": "",
            "insertions": 34,
            "deletions": 2
          },
          {
            "hash": "6b8cb081db471c0d0887738f3b2dc121fe7e70b5",
            "messageTitle": "correction v2",
            "messageBody": "",
            "insertions": 0,
            "deletions": 3
          }
        ]
      },
      {
        "insertions": 365,
        "deletions": 79,
        "date": "2019-10-12",
        "commitResults": [
          {
            "hash": "0a477cde74040d51cd0ae1ad143269483eb40373",
            "messageTitle": "updated GUI to show 2 lists",
            "messageBody": "",
            "insertions": 248,
            "deletions": 64
          },
          {
            "hash": "991dd8f2d80d4118241b08f27e3f14aa924bd1dd",
            "messageTitle": "fix checkstyleTest",
            "messageBody": "",
            "insertions": 8,
            "deletions": 5
          },
          {
            "hash": "fa80c97f73ec8e6265380b476d43bd7ec6cc6637",
            "messageTitle": "fix test",
            "messageBody": "",
            "insertions": 98,
            "deletions": 6
          },
          {
            "hash": "a83f3814262b7c178f3915fa5257cc0e049c748c",
            "messageTitle": "final fix",
            "messageBody": "",
            "insertions": 11,
            "deletions": 4
          }
        ]
      },
      {
        "insertions": 193,
        "deletions": 16,
        "date": "2019-10-16",
        "commitResults": [
          {
            "hash": "11b8694034bf00bc090fc6c96134d97444f6a47a",
            "messageTitle": "added fetch command (no manpower list display) and some test (#83)",
            "messageBody": "* added fetch command (no manpower list display) and some test\r\n\r\n* change predicate to improve readability\r\n\r\n* fix naming\r\n",
            "insertions": 167,
            "deletions": 6
          },
          {
            "hash": "924988bff5e702dc878096a87c5b3e6a784d2cc7",
            "messageTitle": "fix display problem",
            "messageBody": "",
            "insertions": 8,
            "deletions": 8
          },
          {
            "hash": "6521451387bfe29239cec0c772c5c55e70897e07",
            "messageTitle": "fix loading problem",
            "messageBody": "",
            "insertions": 1,
            "deletions": 1
          },
          {
            "hash": "c608aa521a82b781dc63bc5c66085f0671164183",
            "messageTitle": "fix some test",
            "messageBody": "",
            "insertions": 17,
            "deletions": 1
          }
        ]
      },
      {
        "insertions": 87,
        "deletions": 73,
        "date": "2019-10-18",
        "commitResults": [
          {
            "hash": "ed64bbc80f30ddc1e3fc60959d8ed9b57293b453",
            "messageTitle": "fix test",
            "messageBody": "",
            "insertions": 13,
            "deletions": 0
          },
          {
            "hash": "cd9dcaba9194708331e7e78c07f9a8279e775588",
            "messageTitle": "fix some checkstyle",
            "messageBody": "",
            "insertions": 9,
            "deletions": 9
          },
          {
            "hash": "c806dd709324ca0d073f9c108ac2febc19d37e65",
            "messageTitle": "fix some test",
            "messageBody": "",
            "insertions": 16,
            "deletions": 8
          },
          {
            "hash": "7f841352eb2fa8c02ee80fcfd2bd1630333170e4",
            "messageTitle": "fix test classes, commented out addcommandparsertest",
            "messageBody": "",
            "insertions": 37,
            "deletions": 39
          },
          {
            "hash": "77577aee2b8bb8de8060fa0be1d0acd515fe6c6d",
            "messageTitle": "fix",
            "messageBody": "",
            "insertions": 3,
            "deletions": 5
          },
          {
            "hash": "9bc41461d767f0ca567fdf0ed797831af86027d6",
            "messageTitle": "fix",
            "messageBody": "",
            "insertions": 3,
            "deletions": 3
          },
          {
            "hash": "bf2434e48a649940ef136f0a4a6ff9cd2fe64792",
            "messageTitle": "fix",
            "messageBody": "",
            "insertions": 6,
            "deletions": 8
          },
          {
            "hash": "0e366bcac329f59c568f2cb3a4f9d164bc7c6b0f",
            "messageTitle": "no message",
            "messageBody": "",
            "insertions": 0,
            "deletions": 1
          }
        ]
      },
      {
        "insertions": 595,
        "deletions": 83,
        "date": "2019-10-19",
        "commitResults": [
          {
            "hash": "72596f3a154d49ace3893f801a6165594cd6106a",
            "messageTitle": "working manual allocate",
            "messageBody": "",
            "insertions": 212,
            "deletions": 26
          },
          {
            "hash": "5df84c0cb042d3e7f642cdb550e671fa22a3e5e1",
            "messageTitle": "updated ui for fetch command",
            "messageBody": "",
            "insertions": 158,
            "deletions": 6
          },
          {
            "hash": "e3a728f1a56eb481987be9ec450d208132a1d6f7",
            "messageTitle": "added 2 allocation commands, auto w/o filter via tag",
            "messageBody": "",
            "insertions": 213,
            "deletions": 35
          },
          {
            "hash": "fee9ded85f19af98e5db5c87cf02eca1a316292d",
            "messageTitle": "changed error msg output",
            "messageBody": "",
            "insertions": 12,
            "deletions": 16
          }
        ]
      },
      {
        "insertions": 348,
        "deletions": 49,
        "date": "2019-10-20",
        "commitResults": [
          {
            "hash": "1da39b4c9b6e01dd6361bdf7dfd8f33818cd4baa",
            "messageTitle": "updated delete and allocate filter via tag",
            "messageBody": "",
            "insertions": 105,
            "deletions": 24
          },
          {
            "hash": "1a0e2f76c5bb79d0206c7288e46c3eb3c10d96c5",
            "messageTitle": "changed fetch command output to popup window",
            "messageBody": "",
            "insertions": 243,
            "deletions": 25
          }
        ]
      },
      {
        "insertions": 456,
        "deletions": 66,
        "date": "2019-10-21",
        "commitResults": [
          {
            "hash": "26f976eaa74a9e5f4869123dedba13b0a6b6fab3",
            "messageTitle": "explored css changes for MainWindow and FetchWindow",
            "messageBody": "",
            "insertions": 331,
            "deletions": 10
          },
          {
            "hash": "7808b457af2cc915445a511e0e2364298f2ed48c",
            "messageTitle": "bug fix for allocate command",
            "messageBody": "",
            "insertions": 4,
            "deletions": 2
          },
          {
            "hash": "d123b344ebd174e4db8372bf11b408e3755463d9",
            "messageTitle": "updated appearance of FetchWindow",
            "messageBody": "",
            "insertions": 80,
            "deletions": 32
          },
          {
            "hash": "637f9ee23a925604ff748d8b9b3b32c5abef86bb",
            "messageTitle": "shows fetchwindow for event upon mouse click",
            "messageBody": "",
            "insertions": 38,
            "deletions": 19
          },
          {
            "hash": "8b7d1b3a3465c988870784468b42fa37ba90302d",
            "messageTitle": "style fix",
            "messageBody": "",
            "insertions": 3,
            "deletions": 3
          }
        ]
      },
      {
        "insertions": 202,
        "deletions": 66,
        "date": "2019-10-22",
        "commitResults": [
          {
            "hash": "778adf7857f9d614376b1507439ea6da1c4940b6",
            "messageTitle": "update UG + storage diagram",
            "messageBody": "",
            "insertions": 49,
            "deletions": 40
          },
          {
            "hash": "a0aa05b3ed7b82dbf8ac1cd0684f8ad8453689ca",
            "messageTitle": "added DG diagrams",
            "messageBody": "",
            "insertions": 153,
            "deletions": 26
          }
        ]
      },
      {
        "insertions": 259,
        "deletions": 202,
        "date": "2019-10-23",
        "commitResults": [
          {
            "hash": "0c8bde4fef06dd29f9329e689555613020f7143c",
            "messageTitle": "complete UG,DG",
            "messageBody": "",
            "insertions": 128,
            "deletions": 85
          },
          {
            "hash": "ef6c51bf9420223417e15aedd0dee9eec85550a3",
            "messageTitle": "remove AllCommands class -modified EmployeeGender class, auto adds gender as tag -Added sample ab and eb for better testing",
            "messageBody": "",
            "insertions": 71,
            "deletions": 57
          },
          {
            "hash": "a0d8592a8689f5e1167523bc3c060ccece267c91",
            "messageTitle": "fix",
            "messageBody": "",
            "insertions": 19,
            "deletions": 1
          },
          {
            "hash": "530390d0d3062a78e1d7deab2070e19965a3ed09",
            "messageTitle": "update ug,dg",
            "messageBody": "",
            "insertions": 16,
            "deletions": 33
          },
          {
            "hash": "691073ba940a7e857e54fbf1303dceb52223ad34",
            "messageTitle": "color change for gui",
            "messageBody": "",
            "insertions": 23,
            "deletions": 23
          },
          {
            "hash": "049eeae09e5de9a49f2aab3034970122badfe22c",
            "messageTitle": "no message",
            "messageBody": "",
            "insertions": 1,
            "deletions": 1
          },
          {
            "hash": "9dbadbe187405d86c319562b61f69c51efccb106",
            "messageTitle": "removed allCommand class, fixed test",
            "messageBody": "",
            "insertions": 1,
            "deletions": 2
          }
        ]
      },
      {
        "insertions": 268,
        "deletions": 78,
        "date": "2019-10-24",
        "commitResults": [
          {
            "hash": "e27d3a55ad8644f7636f915a1c445d12bb314b48",
            "messageTitle": "update dg",
            "messageBody": "",
            "insertions": 25,
            "deletions": 18
          },
          {
            "hash": "68d6584e7efb31f67a5966ef2d53005af08bc345",
            "messageTitle": "added new deallocate command, null pointer fix for commandresult",
            "messageBody": "",
            "insertions": 101,
            "deletions": 4
          },
          {
            "hash": "faf19f79e59833ea7d21886ecb187343d09b31d1",
            "messageTitle": "GUI feature for allocate and free, update picture for ug",
            "messageBody": "",
            "insertions": 122,
            "deletions": 40
          },
          {
            "hash": "bfc4aa7773c67be25e95c4789cc2a7dbdd9fe34d",
            "messageTitle": "update ug",
            "messageBody": "",
            "insertions": 12,
            "deletions": 12
          },
          {
            "hash": "4a5774f7a2cfa9debc87841e368970de161198c8",
            "messageTitle": "update ug",
            "messageBody": "",
            "insertions": 2,
            "deletions": 2
          },
          {
            "hash": "e41b348a000f6f05d59caf8670944de84caf46de",
            "messageTitle": "fix handleExit bug",
            "messageBody": "",
            "insertions": 6,
            "deletions": 2
          }
        ]
      },
      {
        "insertions": 290,
        "deletions": 76,
        "date": "2019-10-25",
        "commitResults": [
          {
            "hash": "f76c607200f29901f3874ee31126d192f7608325",
            "messageTitle": "wrote tests for fetch and allocate fix fetchwindow bugs",
            "messageBody": "",
            "insertions": 242,
            "deletions": 52
          },
          {
            "hash": "4483e6a5344bedd276647e9db358a52d87448608",
            "messageTitle": "bug fix",
            "messageBody": "",
            "insertions": 10,
            "deletions": 2
          },
          {
            "hash": "66a77ed4c0786790842020c1f1842ceafc1c7554",
            "messageTitle": "added event constructor with manpower list",
            "messageBody": "",
            "insertions": 38,
            "deletions": 22
          }
        ]
      },
      {
        "insertions": 358,
        "deletions": 161,
        "date": "2019-10-26",
        "commitResults": [
          {
            "hash": "548f3d2e4ae739316f495cb21de716340b4c728c",
            "messageTitle": "more oop for deallocate more tests",
            "messageBody": "",
            "insertions": 178,
            "deletions": 38
          },
          {
            "hash": "3dca0772040fdde2d75c389e47ff52d06c08807e",
            "messageTitle": "made changes to allocate command",
            "messageBody": "",
            "insertions": 90,
            "deletions": 78
          },
          {
            "hash": "e79744a1037cb0719f72fa679705dbbe36265d76",
            "messageTitle": "updated PPP",
            "messageBody": "",
            "insertions": 55,
            "deletions": 21
          },
          {
            "hash": "c51d2be1df1e2775bc7b6990f3d3b8feb6df0be2",
            "messageTitle": "fix checkstyle",
            "messageBody": "",
            "insertions": 2,
            "deletions": 2
          },
          {
            "hash": "a7f66603f32dca48420f1558b74d99c3dc4d286b",
            "messageTitle": "no message",
            "messageBody": "",
            "insertions": 6,
            "deletions": 5
          },
          {
            "hash": "774694dc33f5adf0dfaa125ff9d97892570bf0f5",
            "messageTitle": "fix",
            "messageBody": "",
            "insertions": 2,
            "deletions": 1
          },
          {
            "hash": "b3b874c3d2e3455da3da00fdcfb9409040cf6b67",
            "messageTitle": "changed parserUtil",
            "messageBody": "",
            "insertions": 8,
            "deletions": 7
          },
          {
            "hash": "e2392d6939ac94345b2c7199f64f0779dd9eadcc",
            "messageTitle": "resolve merge conflict, updated clear and list command",
            "messageBody": "",
            "insertions": 17,
            "deletions": 9
          }
        ]
      }
    ],
    "DivineDX": [
      {
        "insertions": 2,
        "deletions": 2,
        "date": "2019-09-10",
        "commitResults": [
          {
            "hash": "fe6e24bfcca0f466ed58e9b114f3b970cbd77a22",
            "messageTitle": "Test Travis CI",
            "messageBody": "",
            "insertions": 1,
            "deletions": 0
          },
          {
            "hash": "62b1902a5c0a3d72dc35f631172e7489e52f9fe9",
            "messageTitle": "Update README.adoc",
            "messageBody": "",
            "insertions": 1,
            "deletions": 1
          },
          {
            "hash": "75c3bb25f6420592762904657e986edc3ae11b68",
            "messageTitle": "Update README.adoc",
            "messageBody": "",
            "insertions": 0,
            "deletions": 1
          }
        ]
      },
      {
        "insertions": 107,
        "deletions": 6,
        "date": "2019-09-25",
        "commitResults": [
          {
            "hash": "3870d3c844460f10810e001972624fc1a2ba6c59",
            "messageTitle": "Add Skeleton for Event Objects",
            "messageBody": "",
            "insertions": 71,
            "deletions": 0
          },
          {
            "hash": "7a1eb90ac9a3a0938566d7f42a8876e9b4c291f0",
            "messageTitle": "Fix checkstyle",
            "messageBody": "",
            "insertions": 36,
            "deletions": 6
          }
        ]
      },
      {
        "insertions": 147,
        "deletions": 95,
        "date": "2019-09-29",
        "commitResults": [
          {
            "hash": "95af742b78dfd9d574f38b48dd3b7f82cac2d4ef",
            "messageTitle": "Fixed all checkstyle errors",
            "messageBody": "",
            "insertions": 147,
            "deletions": 95
          }
        ]
      },
      {
        "insertions": 13,
        "deletions": 381,
        "date": "2019-09-30",
        "commitResults": [
          {
            "hash": "68e29d3556302251b247245695bbc7866b0a6560",
            "messageTitle": "Revert Code Commits that failed CI in master branch",
            "messageBody": "",
            "insertions": 7,
            "deletions": 375
          },
          {
            "hash": "1ed47622287df35ad1cec538b8f47d740ca2ade7",
            "messageTitle": "Fix from ascii doctor suggestions",
            "messageBody": "",
            "insertions": 6,
            "deletions": 6
          }
        ]
      },
      {
        "insertions": 281,
        "deletions": 69,
        "date": "2019-10-01",
        "commitResults": [
          {
            "hash": "07ec84c7406bd67de7de1a0269ff34fcbeb225e1",
            "messageTitle": "Update UserGuide.adoc",
            "messageBody": "",
            "insertions": 281,
            "deletions": 69
          }
        ]
      },
      {
        "insertions": 352,
        "deletions": 51,
        "date": "2019-10-07",
        "commitResults": [
          {
            "hash": "97b91b9a9a4314a5ed67dcd72eb2dfccf50265af",
            "messageTitle": "Build Event Objects Skeleton",
            "messageBody": "",
            "insertions": 352,
            "deletions": 51
          }
        ]
      },
      {
        "insertions": 296,
        "deletions": 7,
        "date": "2019-10-08",
        "commitResults": [
          {
            "hash": "ade37afb105fbb68bf3216e8ebac20a325746a10",
            "messageTitle": "Add Event Test Classes",
            "messageBody": "",
            "insertions": 296,
            "deletions": 7
          }
        ]
      },
      {
        "insertions": 41,
        "deletions": 150,
        "date": "2019-10-09",
        "commitResults": [
          {
            "hash": "f476e1ad643ffa30beb1548a5113858bf98e1fd6",
            "messageTitle": "Delete redundant methods in Event Command class",
            "messageBody": "",
            "insertions": 3,
            "deletions": 15
          },
          {
            "hash": "a055ab82e92f4ac0f8954b316cf6b67f56065ab6",
            "messageTitle": "Delete non-working V1.2 Event Commands",
            "messageBody": "",
            "insertions": 0,
            "deletions": 135
          },
          {
            "hash": "96d286918a67d815e56311086b55897e87b14850",
            "messageTitle": "Add Event Test",
            "messageBody": "",
            "insertions": 38,
            "deletions": 0
          }
        ]
      },
      {
        "insertions": 142,
        "deletions": 4,
        "date": "2019-10-15",
        "commitResults": [
          {
            "hash": "f9ea7ff9d39a99ac5afd5e0d2efa050aa066aa74",
            "messageTitle": "Add FindEventCommand. No Test Case yet",
            "messageBody": "",
            "insertions": 112,
            "deletions": 1
          },
          {
            "hash": "c3391415f7cbb7718d3fc2acfe997cb52a3ded02",
            "messageTitle": "Add ListEvent Command",
            "messageBody": "",
            "insertions": 30,
            "deletions": 3
          }
        ]
      },
      {
        "insertions": 180,
        "deletions": 179,
        "date": "2019-10-16",
        "commitResults": [
          {
            "hash": "ba2b74e97b087708d92a2f0377ccaa53beb5fd32",
            "messageTitle": "Revert refactoring errors",
            "messageBody": "",
            "insertions": 60,
            "deletions": 60
          },
          {
            "hash": "a4e7ae0ea1f346e61f103ae1234069bc88294a19",
            "messageTitle": "Refactored Test Cases for Employee",
            "messageBody": "",
            "insertions": 120,
            "deletions": 119
          }
        ]
      },
      {
        "insertions": 15,
        "deletions": 10,
        "date": "2019-10-17",
        "commitResults": [
          {
            "hash": "8174261a5765e15a4db97369e361272565d71a7c",
            "messageTitle": "Update AboutUs.Doc",
            "messageBody": "Update to Team Responsibilities and Work Responsibilities",
            "insertions": 15,
            "deletions": 10
          }
        ]
      },
      {
        "insertions": 1189,
        "deletions": 1410,
        "date": "2019-10-18",
        "commitResults": [
          {
            "hash": "dcadf3090ca3ef8bb7e5596bb9a3c5432ebb771c",
            "messageTitle": "Rename file/package",
            "messageBody": "",
            "insertions": 817,
            "deletions": 0
          },
          {
            "hash": "b5d41886c807f7201c42b5a4a5621ae906d0f398",
            "messageTitle": "Rename package",
            "messageBody": "",
            "insertions": 0,
            "deletions": 817
          },
          {
            "hash": "13d8a67989f44dd869692c2db745fb6e34471602",
            "messageTitle": "Update Event Management (#90)",
            "messageBody": "* Retired redundant EventFields\r\n\r\n* Extend Event Objects: Add Date and DayTime\r\n\r\n* Add EventDateTime map\r\n\r\n* Retire EventStartDate and EventEndDate, Use EventDate instead\r\n",
            "insertions": 372,
            "deletions": 593
          }
        ]
      },
      {
        "insertions": 251,
        "deletions": 33,
        "date": "2019-10-23",
        "commitResults": [
          {
            "hash": "4544407a7603f33863facf3a927328b53b722d68",
            "messageTitle": "Refactored UML Diagrams and Images",
            "messageBody": "",
            "insertions": 5,
            "deletions": 5
          },
          {
            "hash": "fb1e7fcd2af8043a00b8c7b296ad8a945df82bf1",
            "messageTitle": "Add Implementation: Assigning Date\u0026Time to Events",
            "messageBody": "",
            "insertions": 37,
            "deletions": 9
          },
          {
            "hash": "2bb9142dc1b523fe1278129a576d1807fa00d7cc",
            "messageTitle": "Resolve typo",
            "messageBody": "",
            "insertions": 2,
            "deletions": 1
          },
          {
            "hash": "c16816d04e77d7e048520b3005b4fa07fb075f6f",
            "messageTitle": "Fix Bug: Wrong Event StartDate",
            "messageBody": "",
            "insertions": 1,
            "deletions": 1
          },
          {
            "hash": "c49f68c58406e76b56128636cfeb0bf01e423de1",
            "messageTitle": "Change: EventDate private with getter",
            "messageBody": "",
            "insertions": 21,
            "deletions": 9
          },
          {
            "hash": "ae505729774adbf74c1bc97d054f2b24d20f61d7",
            "messageTitle": "Fix Compile Error",
            "messageBody": "",
            "insertions": 3,
            "deletions": 3
          },
          {
            "hash": "710013875f647034416f1edb773d9d65a8790644",
            "messageTitle": "Add AssignDateCommand",
            "messageBody": "",
            "insertions": 171,
            "deletions": 1
          },
          {
            "hash": "aa30259bfeebede058b220732c541458754191a9",
            "messageTitle": "Add DateCheck to AssignDateCommand",
            "messageBody": "",
            "insertions": 9,
            "deletions": 1
          },
          {
            "hash": "15d21bfa0c0ca59fbe9dfd05550588043c00501d",
            "messageTitle": "Fix bugs, typos",
            "messageBody": "",
            "insertions": 2,
            "deletions": 3
          }
        ]
      },
      {
        "insertions": 127,
        "deletions": 49,
        "date": "2019-10-24",
        "commitResults": [
          {
            "hash": "b36bfe00b406d5a15bcc6b5e6dd8e020f5c718fb",
            "messageTitle": "Improve Setting Date\u0026Time implementation section, added Activity Diagram",
            "messageBody": "",
            "insertions": 42,
            "deletions": 15
          },
          {
            "hash": "7b038c8334f7d46bb3b1d7f175e3713956fc4530",
            "messageTitle": "Changed image dimensions",
            "messageBody": "",
            "insertions": 2,
            "deletions": 2
          },
          {
            "hash": "e9c47ea1a3831d5c9b696a8a0d0ef81a1f562d5a",
            "messageTitle": "Overall edits",
            "messageBody": "",
            "insertions": 28,
            "deletions": 22
          },
          {
            "hash": "cd3c495de32c5b922e9b2117d5fcec23c0fb6d26",
            "messageTitle": "Edit based on PR Review",
            "messageBody": "",
            "insertions": 4,
            "deletions": 4
          },
          {
            "hash": "0be50d0a4c1c99612d91c73fd0d5d742d348cf45",
            "messageTitle": "Add Introduction",
            "messageBody": "",
            "insertions": 26,
            "deletions": 1
          },
          {
            "hash": "6309b8e0bf524b175e91ead0e4c59d43a2f4cfa6",
            "messageTitle": "Update UG",
            "messageBody": "",
            "insertions": 25,
            "deletions": 5
          }
        ]
      },
      {
        "insertions": 514,
        "deletions": 296,
        "date": "2019-10-26",
        "commitResults": [
          {
            "hash": "3a4f090eb50026712fb7823f6bf8e2b19fa45cf9",
            "messageTitle": "Package Commands",
            "messageBody": "",
            "insertions": 137,
            "deletions": 83
          },
          {
            "hash": "5598b96a16b5375fdb0840d81ef7ce1a688885e0",
            "messageTitle": "Package Parsers",
            "messageBody": "",
            "insertions": 73,
            "deletions": 17
          },
          {
            "hash": "b4d22e4126792896a9fe005ebadb30d2e7efa9bb",
            "messageTitle": "Package TestCommands",
            "messageBody": "",
            "insertions": 10,
            "deletions": 18
          },
          {
            "hash": "8545a0db6d2edaedf2f539b4d4ecaff060d3c7e2",
            "messageTitle": "EventDateTimeMap String",
            "messageBody": "",
            "insertions": 16,
            "deletions": 0
          },
          {
            "hash": "e3931b9afbb6fedc492ce143fe7c8d9f95aaa840",
            "messageTitle": "Add ParserUtil for DateTimeMap",
            "messageBody": "",
            "insertions": 66,
            "deletions": 4
          },
          {
            "hash": "5c36e2e446691cdd47b5f658474c4b3b1783f5e8",
            "messageTitle": "Fix Checkstyle",
            "messageBody": "",
            "insertions": 24,
            "deletions": 24
          },
          {
            "hash": "301e49a76130e14ac820cb8f665e1f35b83b166a",
            "messageTitle": "Add EventDateTime Storage",
            "messageBody": "",
            "insertions": 84,
            "deletions": 14
          },
          {
            "hash": "35f438f957458b2eec43adfaa913db6046fa2a72",
            "messageTitle": "Add ClearDateMapping Command",
            "messageBody": "",
            "insertions": 104,
            "deletions": 136
          }
        ]
      },
      {
        "insertions": 238,
        "deletions": 32,
        "date": "2019-10-27",
        "commitResults": [
          {
            "hash": "2e63bc6d86f5b79b68ee450cdc08328bf3e126de",
            "messageTitle": "Add DeleteDateMappingCommand",
            "messageBody": "",
            "insertions": 157,
            "deletions": 0
          },
          {
            "hash": "c0953fd94a3cb8d7b079561040b90a59e4c242a3",
            "messageTitle": "Minor String improvements",
            "messageBody": "",
            "insertions": 5,
            "deletions": 3
          },
          {
            "hash": "461bcce10f08a0695816814611387b8da63294ba",
            "messageTitle": "Enhance AssignDate: Mass Assign",
            "messageBody": "",
            "insertions": 56,
            "deletions": 15
          },
          {
            "hash": "e1505ed1611f3d30c824ab0c70a263875ace4612",
            "messageTitle": "Edited CommandResult String Output",
            "messageBody": "",
            "insertions": 5,
            "deletions": 2
          },
          {
            "hash": "60de60e51846298ce7c91ff6f886475ff87909c9",
            "messageTitle": "Fix Bugs",
            "messageBody": "",
            "insertions": 15,
            "deletions": 12
          }
        ]
      }
    ],
    "shihaoyap": [
      {
        "insertions": 274,
        "deletions": 7,
        "date": "2019-09-25",
        "commitResults": [
          {
            "hash": "141344f4d066e35fb0466288aac2bdf50fe7baf8",
            "messageTitle": "Refactor: AddressBook, Model, ModelManager, UserPref Added: EventBook, ReadOnlyEventBook",
            "messageBody": "",
            "insertions": 274,
            "deletions": 7
          }
        ]
      },
      {
        "insertions": 90,
        "deletions": 18,
        "date": "2019-10-01",
        "commitResults": [
          {
            "hash": "fe34ad584068f14b3c1bea3fc29e8b6eaddd079c",
            "messageTitle": "PR: Doc-ReadMe (#15)",
            "messageBody": "* Doc-ReadMe\r\n\r\n* Delete unnecessary files\r\n",
            "insertions": 3,
            "deletions": 4
          },
          {
            "hash": "52f2a4a9a4d3bdb7e83c0008d393aa18705a80f2",
            "messageTitle": "Update AboutUs.adoc (#51)",
            "messageBody": "",
            "insertions": 5,
            "deletions": 5
          },
          {
            "hash": "ecd51eb3871c20a2164486e468afdfa395dae992",
            "messageTitle": "Website template (#53)",
            "messageBody": "* Update Website Template\r\n\r\n* Updated to fix error\r\n\r\n* Fix Build\r\n",
            "insertions": 2,
            "deletions": 2
          },
          {
            "hash": "91ffe63cd0e8aea7728a00da6978b1d5dd1d686d",
            "messageTitle": "Website template (#54)",
            "messageBody": "* Update Website Template\r\n\r\n* Updated to fix error\r\n\r\n* Fix Build\r\n\r\n* Fix Formating\r\n",
            "insertions": 6,
            "deletions": 7
          },
          {
            "hash": "0d53060be1d7011e661080ae3ee1b5b53fbbe062",
            "messageTitle": "Website template (#58)",
            "messageBody": "* Update Website Template\r\n\r\n* Updated to fix error\r\n\r\n* Fix Build\r\n\r\n* Fix Formating\r\n\r\n* Updated User Guide\r\n",
            "insertions": 74,
            "deletions": 0
          }
        ]
      },
      {
        "insertions": 7,
        "deletions": 9,
        "date": "2019-10-02",
        "commitResults": [
          {
            "hash": "6dd89d65239cd92556f532b3ac46a637a7694de0",
            "messageTitle": "Website template (#60)",
            "messageBody": "* Update Website Template\r\n\r\n* Updated to fix error\r\n\r\n* Fix Build\r\n\r\n* Fix Formating\r\n\r\n* Updated User Guide\r\n\r\n* Update UG - Archive\r\n",
            "insertions": 7,
            "deletions": 9
          }
        ]
      },
      {
        "insertions": 348,
        "deletions": 51,
        "date": "2019-10-10",
        "commitResults": [
          {
            "hash": "8826b6a4371b94c54f0a3780270f0f9a915063d0",
            "messageTitle": "AddEvent Implementation, Event Storage working, EventClass Semi Implemented.",
            "messageBody": "",
            "insertions": 344,
            "deletions": 46
          },
          {
            "hash": "6ab9591f71116536d08c6b88a2c4d2d6e9d541f2",
            "messageTitle": "debug to pass CI",
            "messageBody": "",
            "insertions": 4,
            "deletions": 5
          }
        ]
      },
      {
        "insertions": 223,
        "deletions": 67,
        "date": "2019-10-11",
        "commitResults": [
          {
            "hash": "db9c286de977f90f88be05a30ae430332d15cf31",
            "messageTitle": "Updated AddEventCommand and Event Class to take in Start and End Date",
            "messageBody": "",
            "insertions": 156,
            "deletions": 49
          },
          {
            "hash": "2a3b154b860e060a7c8f1a018a203c66f0abad02",
            "messageTitle": "Update Test Case to pass Coverage Test",
            "messageBody": "",
            "insertions": 60,
            "deletions": 0
          },
          {
            "hash": "99b42e45cd4952e03579c6fe56e86c100fbe95d3",
            "messageTitle": "Fixed code to pass CI",
            "messageBody": "",
            "insertions": 6,
            "deletions": 9
          },
          {
            "hash": "dfe11b70d2c75a9afbcb33ad26cedf54bf679dd7",
            "messageTitle": "Fixed code for CI",
            "messageBody": "",
            "insertions": 1,
            "deletions": 8
          },
          {
            "hash": "96939279cb05f07022d5a7c43f3f4a4cb3f495d6",
            "messageTitle": "Fixed",
            "messageBody": "",
            "insertions": 0,
            "deletions": 1
          }
        ]
      },
      {
        "insertions": 378,
        "deletions": 1,
        "date": "2019-10-12",
        "commitResults": [
          {
            "hash": "d1d6a14506b8b78ce425e65b1f86ef6d7ea394b7",
            "messageTitle": "EditEvent Function/Feature Added - Test Case not done yet",
            "messageBody": "",
            "insertions": 378,
            "deletions": 1
          }
        ]
      },
      {
        "insertions": 7,
        "deletions": 7,
        "date": "2019-10-13",
        "commitResults": [
          {
            "hash": "2a8ed472a8c890d33518b165b991afe14a6f1763",
            "messageTitle": "Fixed Command input to match UG, Minor Update to JAVA-FX File (Title, Picture, Help)",
            "messageBody": "",
            "insertions": 7,
            "deletions": 7
          }
        ]
      },
      {
        "insertions": 3,
        "deletions": 27,
        "date": "2019-10-15",
        "commitResults": [
          {
            "hash": "515e51b3023df804fd6b5765ec92cd9184970445",
            "messageTitle": "Removed unnecessary class - EventRelatedCommand",
            "messageBody": "",
            "insertions": 2,
            "deletions": 26
          },
          {
            "hash": "5d6f6ee71d825cc5547762269dce0e1b5256c7b6",
            "messageTitle": "Minor Edits to Command Keyword",
            "messageBody": "",
            "insertions": 1,
            "deletions": 1
          }
        ]
      },
      {
        "insertions": 12,
        "deletions": 12,
        "date": "2019-10-16",
        "commitResults": [
          {
            "hash": "33f35eea9df72033372a23b38efd76ffbb2a8954",
            "messageTitle": "Fix Edit Function - Tags will continue to be stored as per created unless specified",
            "messageBody": "",
            "insertions": 1,
            "deletions": 1
          },
          {
            "hash": "fa91b98678277347dee56351952d857c279dc8a4",
            "messageTitle": "Discover some minor problems - User prompt message for invalid input was not displayed properly. Fixed",
            "messageBody": "",
            "insertions": 10,
            "deletions": 6
          },
          {
            "hash": "fa6714f642c90d7ab5e9077309c5938960f07634",
            "messageTitle": "fix to pass CI",
            "messageBody": "",
            "insertions": 0,
            "deletions": 4
          },
          {
            "hash": "91e6cb1268754e774ca5dab3c394e51227a2e794",
            "messageTitle": "Changes for Code Consistency.",
            "messageBody": "",
            "insertions": 1,
            "deletions": 1
          }
        ]
      },
      {
        "insertions": 356,
        "deletions": 352,
        "date": "2019-10-18",
        "commitResults": [
          {
            "hash": "96fe29bd00cc9774e0f51a1a674e570e40216e4a",
            "messageTitle": "Fix employee #1",
            "messageBody": "",
            "insertions": 5,
            "deletions": 4
          },
          {
            "hash": "8fecb58e817ed1cba03818bf8051c339d3964bac",
            "messageTitle": "Editted Code to pass CheckStyle",
            "messageBody": "",
            "insertions": 221,
            "deletions": 159
          },
          {
            "hash": "12db763e37e7c23f25d6c3ba3b0541950112200d",
            "messageTitle": "Fix code to pass CI",
            "messageBody": "",
            "insertions": 0,
            "deletions": 51
          },
          {
            "hash": "b408492d01fc963712e2dbdb994fb961c86b9592",
            "messageTitle": "Code fix for CI",
            "messageBody": "",
            "insertions": 57,
            "deletions": 48
          },
          {
            "hash": "62ce800e532592d616f62cb5f51525e8e9b67c8b",
            "messageTitle": "Fix code to pass CheckStyleTest CI",
            "messageBody": "",
            "insertions": 37,
            "deletions": 22
          },
          {
            "hash": "a7f55be667158d5b65fb6f333f56d46e8cab945f",
            "messageTitle": "Fixed Employee Codes to pass CI",
            "messageBody": "",
            "insertions": 34,
            "deletions": 66
          },
          {
            "hash": "65ce1f78188b7df7e4bd19ad369f8adbfac3ec68",
            "messageTitle": "Debugging",
            "messageBody": "",
            "insertions": 2,
            "deletions": 2
          }
        ]
      },
      {
        "insertions": 320,
        "deletions": 10,
        "date": "2019-10-21",
        "commitResults": [
          {
            "hash": "b6a3120f8ff1f6f8c284f980297a198bdf5b360e",
            "messageTitle": "Sort_Branch Things added - 1) Update MainWindow Ui to include tabs 2) Schedule Tab for schedule relatedCommands 3) Update Ui, code for better abstraction 4) Command -  \"display_schedule on/DDMMYYYY\" - to see all events for a particular date 5) Update model to hold and user another filtered list for scheduledEvents",
            "messageBody": "",
            "insertions": 320,
            "deletions": 9
          },
          {
            "hash": "7a95c79aa00efc0f551f2309eac21366ba05c70b",
            "messageTitle": "fix for CI",
            "messageBody": "",
            "insertions": 0,
            "deletions": 1
          }
        ]
      },
      {
        "insertions": 503,
        "deletions": 73,
        "date": "2019-10-22",
        "commitResults": [
          {
            "hash": "89342d933d747415a88351a274503003b3a5afc4",
            "messageTitle": "Debug to resolve conflict",
            "messageBody": "",
            "insertions": 4,
            "deletions": 3
          },
          {
            "hash": "0d646b4770fa3b187210cd4c40d40e67e716ecdc",
            "messageTitle": "Update Schedule Display - Shows Date Card with all the events for that specific date. Update Ui for schedule Update internal implementation Created new DistinctDate Object",
            "messageBody": "",
            "insertions": 407,
            "deletions": 30
          },
          {
            "hash": "1b6ebcae958fba7b9e085347b881283b72177d57",
            "messageTitle": "Update Schedule Display -",
            "messageBody": "Shows Date Card with all the events for that specific date.\nUpdate Ui for schedule\nUpdate internal implementation\nCreated new DistinctDate Object\n",
            "insertions": 92,
            "deletions": 40
          }
        ]
      },
      {
        "insertions": 107,
        "deletions": 78,
        "date": "2019-10-23",
        "commitResults": [
          {
            "hash": "63539d7df5bf38db0c10dfa5594236c051af2f64",
            "messageTitle": "Updated DG - Individual Feature (Display_Schedule)",
            "messageBody": "",
            "insertions": 69,
            "deletions": 0
          },
          {
            "hash": "e9e9a9d5fc3c0edc4beb8b1e2e8039affae869b2",
            "messageTitle": "Updates to UG 1) Update current Schedule Commands 2) Remove archive related things",
            "messageBody": "",
            "insertions": 14,
            "deletions": 57
          },
          {
            "hash": "a09f39506f6f1d80e2f146fd5f0cd737d6176f56",
            "messageTitle": "DG Update -Ui Component",
            "messageBody": "",
            "insertions": 2,
            "deletions": 1
          },
          {
            "hash": "4c4b595e9596e926aab245330a2e76fb8ae6b45a",
            "messageTitle": "DG update - 1) Update User stories and etc to fit to current product",
            "messageBody": "",
            "insertions": 20,
            "deletions": 18
          },
          {
            "hash": "dd07011553141ed5e423b687635a494e5637b61e",
            "messageTitle": "Update DG,UG 1) Update user stories and etc to fit to current product",
            "messageBody": "",
            "insertions": 2,
            "deletions": 2
          }
        ]
      },
      {
        "insertions": 11,
        "deletions": 12,
        "date": "2019-10-24",
        "commitResults": [
          {
            "hash": "88ce28c97840cfd91430a9314cf3110a5cd9b461",
            "messageTitle": "Updated Diagrams",
            "messageBody": "",
            "insertions": 9,
            "deletions": 12
          },
          {
            "hash": "ddcd45b23bc05a96105a34dc7a033c2c411dfe3c",
            "messageTitle": "reformat section",
            "messageBody": "",
            "insertions": 2,
            "deletions": 0
          }
        ]
      }
    ]
  },
  "authorFinalContributionMap": {
    "Crisgu": 1255,
    "eshwarkp": 502,
    "calvincxz": 3489,
    "DivineDX": 2807,
    "shihaoyap": 1741
  },
  "authorFileTypeContributionMap": {
    "Crisgu": {
      "docs": 147,
      "tests": 606,
      "functional": 502
    },
    "eshwarkp": {
      "docs": 386,
      "tests": 0,
      "functional": 116
    },
    "calvincxz": {
      "docs": 151,
      "tests": 594,
      "functional": 2601,
      "other": 143
    },
    "DivineDX": {
      "docs": 344,
      "tests": 512,
      "functional": 1925,
      "other": 26
    },
    "shihaoyap": {
      "docs": 117,
      "tests": 112,
      "functional": 1512
    }
  },
  "authorContributionVariance": {
    "Crisgu": 234608.11,
    "eshwarkp": 3853.457,
    "calvincxz": 56585.785,
    "DivineDX": 144821.9,
    "shihaoyap": 23821.03
  },
  "authorDisplayNameMap": {
    "Crisgu": "CS2103T-T11-3 GU CH ... UNZHI",
    "eshwarkp": "CS2103T-T11-3 ESHWA ... PATHY",
    "calvincxz": "CS2103T-T11-3 CALVI ... NGZHU",
    "DivineDX": "CS2103T-T11-3 CHIA  ... E XUN",
    "shihaoyap": "CS2103T-T11-3 YAP S ... I HAO"
  }
}
