{
  "authorDailyContributionsMap": {
    "czkay": [
      {
        "insertions": 524,
        "deletions": 0,
        "date": "2019-09-24",
        "commitResults": [
          {
            "hash": "e1d0ec027944a1a0ce8fc6c30e00fbbea0b525cd",
            "messageTitle": "Implement Events",
            "messageBody": "Add new Timestamp, Event, UniqueEventList, EventCommand classes\n\nCan now add Events into expense tracker\n",
            "insertions": 524,
            "deletions": 0
          }
        ]
      },
      {
        "insertions": 301,
        "deletions": 25,
        "date": "2019-09-26",
        "commitResults": [
          {
            "hash": "e6c3520bf446731d9e561f7359959fcd4e2958ce",
            "messageTitle": "Implement automated reminding",
            "messageBody": "Add Timekeeper class to handle checking system time against upcoming Events\n\nUpcoming events are now shown as Reminders when app launches\n",
            "insertions": 301,
            "deletions": 25
          }
        ]
      },
      {
        "insertions": 147,
        "deletions": 91,
        "date": "2019-09-27",
        "commitResults": [
          {
            "hash": "c06592c723880ac0dea22fd6e1d45fce6057fda7",
            "messageTitle": "Fix checkstyle errors",
            "messageBody": "",
            "insertions": 112,
            "deletions": 89
          },
          {
            "hash": "3d25fb95173acb07eb7d187e17157e939c92f165",
            "messageTitle": "Fix tests",
            "messageBody": "",
            "insertions": 35,
            "deletions": 2
          }
        ]
      },
      {
        "insertions": 91,
        "deletions": 11,
        "date": "2019-09-30",
        "commitResults": [
          {
            "hash": "b6630066a494e0de68a7b0d5318ba45f5aa0970a",
            "messageTitle": "Update Use cases, NFR, Glossary and Product Survey segments of DG",
            "messageBody": "",
            "insertions": 91,
            "deletions": 11
          }
        ]
      },
      {
        "insertions": 60,
        "deletions": 46,
        "date": "2019-10-09",
        "commitResults": [
          {
            "hash": "4664624579c84a3803a23714cfdb3d7a90e3a4cd",
            "messageTitle": "Fix JsonSerializableAddressBook tests",
            "messageBody": "",
            "insertions": 17,
            "deletions": 0
          },
          {
            "hash": "70be81f289ca84658f4f9bae6f7db97944f0d1d2",
            "messageTitle": "Fix failing test",
            "messageBody": "",
            "insertions": 23,
            "deletions": 17
          },
          {
            "hash": "aac6afda29bc7078141a79eb13410031f97afd7d",
            "messageTitle": "Fix checkstyle errors",
            "messageBody": "",
            "insertions": 20,
            "deletions": 29
          }
        ]
      },
      {
        "insertions": 487,
        "deletions": 242,
        "date": "2019-10-16",
        "commitResults": [
          {
            "hash": "caf9b128fb3344583ce8ec3bc79d15195b8cb316",
            "messageTitle": "Further integration of Time into Moolah: Implement full time functionality in Expense class and automatic deletion of outdated Events (#80)",
            "messageBody": "* Wrap all date fields with Timestamp class\r\n\r\n* Implement json functionality for timestamp field of Expense class\r\n\r\n* Fix unit tests\r\n\r\n* Fix checkstyle errors\r\n\r\n* Fix JavaDoc comments\r\n\r\n* Write test for invalid Timestamp field in Expense\r\n\r\n* Add TimestampTest\r\n\r\n* Fix checkstyle errors\r\n\r\n* Renamed event commands and its parser\r\n\r\n* Implement auto-deletion of outdated Events\r\n\r\n* Fix unit tests\r\n\r\n* Merge remote-tracking branch \u0027upstream/master\u0027 into branch-ScheduledExpenses\r\n\r\n# Conflicts:\r\n#\tsrc/main/java/seedu/address/logic/commands/RemindersCommand.java\r\n",
            "insertions": 487,
            "deletions": 242
          }
        ]
      },
      {
        "insertions": 790,
        "deletions": 336,
        "date": "2019-10-23",
        "commitResults": [
          {
            "hash": "afbf7c7172a08cfc34ade308c16aee19f3fda443",
            "messageTitle": "Further develop Events: Add Events using \u0027add\u0027 command, add popups to convert transpired Events to Expenses (#105)",
            "messageBody": "* Allow Events to be added using \u0027add\u0027 command word\r\n\r\n* Add popup feature to allow user to add Expenses based on transpired Events\r\n\r\n* Fix bug with transpired Events not being deleted\r\n\r\n* Fix merge conflicts\r\n",
            "insertions": 395,
            "deletions": 168
          },
          {
            "hash": "49ab267c9a373abd170b990227df0045ca466833",
            "messageTitle": "Further develop Events: Add Events using \u0027add\u0027 command, add popups to convert transpired Events to Expenses (#105)",
            "messageBody": "* Allow Events to be added using \u0027add\u0027 command word\r\n\r\n* Add popup feature to allow user to add Expenses based on transpired Events\r\n\r\n* Fix bug with transpired Events not being deleted\r\n\r\n* Fix merge conflicts\r\n",
            "insertions": 395,
            "deletions": 168
          }
        ]
      }
    ],
    "briyanii": [
      {
        "insertions": 1,
        "deletions": 0,
        "date": "2019-09-11",
        "commitResults": [
          {
            "hash": "ad404943164156c0cecc2b4ac0bbf1a50e3ab375",
            "messageTitle": "Test commit",
            "messageBody": "Test",
            "insertions": 1,
            "deletions": 0
          }
        ]
      },
      {
        "insertions": 2654,
        "deletions": 3134,
        "date": "2019-09-22",
        "commitResults": [
          {
            "hash": "da73b9d1cbf3707733be6716f25b46bbb1214eee",
            "messageTitle": "Rename package model.person to model.expense",
            "messageBody": "Rename Name class to Description class\nRename \u0027name\u0027 in fields and methods containing the word with \u0027description\u0027\n",
            "insertions": 568,
            "deletions": 583
          },
          {
            "hash": "edf0f6fd683fff1613b56329294a12cc10107cb0",
            "messageTitle": "Renamed class expense.Phone to expense.Price",
            "messageBody": "",
            "insertions": 261,
            "deletions": 267
          },
          {
            "hash": "bd7c6c445d908e0a330c28895979f8639a8bb397",
            "messageTitle": "Renamed Person class to Expense class",
            "messageBody": "Note: caused regression in reading json files\n",
            "insertions": 309,
            "deletions": 309
          },
          {
            "hash": "dc56d95c9195bbaf0082ec592fca42beeb68a3cd",
            "messageTitle": "Rename all instances of classes with Person to Expense",
            "messageBody": "",
            "insertions": 760,
            "deletions": 760
          },
          {
            "hash": "af32b6cfd4c457c57d44908b25f2f8224a65f241",
            "messageTitle": "Hide Email and Address from ExpenseListCard",
            "messageBody": "",
            "insertions": 4,
            "deletions": 4
          },
          {
            "hash": "68c96514aab00c857645cf80532ccb7b4e4a7ad2",
            "messageTitle": "Change CLI prefix for DESCRIPTION parameter",
            "messageBody": "",
            "insertions": 1,
            "deletions": 1
          },
          {
            "hash": "d43b4b4e35fea670d7c72fe948ef83984113f95b",
            "messageTitle": "Comment out Address and Email classes and their usage",
            "messageBody": "",
            "insertions": 198,
            "deletions": 196
          },
          {
            "hash": "9ab9fead91de73da91bea52c6bfd5a4e1befc2f4",
            "messageTitle": "Remove Address and Email classs",
            "messageBody": "Note: Need to fix test cases\n",
            "insertions": 28,
            "deletions": 303
          },
          {
            "hash": "0c59aac8945c0f0e800960ef9b29fa1ca60fc297",
            "messageTitle": "Change input constraints for Price",
            "messageBody": "Change GUI to show price more clearly\n",
            "insertions": 81,
            "deletions": 41
          },
          {
            "hash": "8465c42478e58c11f8d5ef02dccc414baafb2b0c",
            "messageTitle": "Fix test classes regressions and checkstyle issues caused by refactoring",
            "messageBody": "",
            "insertions": 444,
            "deletions": 670
          }
        ]
      },
      {
        "insertions": 2448,
        "deletions": 2807,
        "date": "2019-09-23",
        "commitResults": [
          {
            "hash": "f81dd7fb09edd9229c695b793bd4d8c6f40ccf78",
            "messageTitle": "Create new class UniqueIdentifier",
            "messageBody": "Expenses now determine equality using a randomly generated unique id,\nbut no response from teachers\n",
            "insertions": 163,
            "deletions": 42
          },
          {
            "hash": "10d44ce8ff4ced21e7f45b3b5255f1a60dae95a6",
            "messageTitle": "Revert changes to JavaFX version in fxml files",
            "messageBody": "",
            "insertions": 3,
            "deletions": 3
          },
          {
            "hash": "3b340deee15061f91ce441843c8bb3023be9b2d6",
            "messageTitle": "Refactor Person class into Expense class (#40)",
            "messageBody": "* Rename package model.person to model.expense\r\n\r\n* Rename Name class to Description class\r\n\r\n* Rename \u0027name\u0027 in fields and methods containing the word with \u0027description\u0027\r\n\r\n* Rename class expense.Phone to expense.Price\r\n\r\n* Rename Person class to Expense class\r\n\r\nNote: caused regression in reading json files\r\n\r\n* Rename all instances of classes with Person to Expense\r\n\r\n* Hide Email and Address from ExpenseListCard\r\n\r\n* Change CLI prefix for DESCRIPTION parameter\r\n\r\n* Comment out Address and Email classes and their usage\r\n\r\n* Remove Address and Email classs\r\n\r\nNote: Need to fix test cases\r\n\r\n* Change input constraints for Price\r\n\r\nChange GUI to show price more clearly\r\n\r\n* Fix test classes regressions and checkstyle issues caused by refactoring\r\n",
            "insertions": 2282,
            "deletions": 2762
          }
        ]
      },
      {
        "insertions": 90,
        "deletions": 152,
        "date": "2019-09-24",
        "commitResults": [
          {
            "hash": "696c4e1e9ee66506bd56675310ac2cc7beb54ee8",
            "messageTitle": "Fix checkstyle violations and refactored unit tests",
            "messageBody": "Unit tests which check that success of add command cannot be checked by\ncomparing with another addcommand instance with the same arguments as equality\nof Expense is determined by a unique identifier randomly assigned.\n\nUnit tests which used to check for failiure when editing an expense to have\nthe same fields as another should no longer fail as the identity of an Expense\nis determined by its unique identifier which cannot be edited.\n",
            "insertions": 90,
            "deletions": 152
          }
        ]
      },
      {
        "insertions": 53,
        "deletions": 35,
        "date": "2019-10-08",
        "commitResults": [
          {
            "hash": "ea5fe9fe5aabac3377855310974ef8b1530d8c21",
            "messageTitle": "Delete Controller.java",
            "messageBody": "",
            "insertions": 0,
            "deletions": 4
          },
          {
            "hash": "e811e9d4803c7bd4361521a15f3c6f855b50c90e",
            "messageTitle": "Delete sample.Main.java",
            "messageBody": "",
            "insertions": 0,
            "deletions": 23
          },
          {
            "hash": "d67361facfd6a2675cf3813be5d7c248c2fc6610",
            "messageTitle": "Delete sample.sample.fxml",
            "messageBody": "",
            "insertions": 0,
            "deletions": 8
          },
          {
            "hash": "6b10a6685c245f680e5853045a16f17742d0da85",
            "messageTitle": "Add Use Cases to DG.",
            "messageBody": "Add \"Adding an alias\", \"Using an alias\", and \"Spending beyond budget\" use cases.\n",
            "insertions": 53,
            "deletions": 0
          }
        ]
      },
      {
        "insertions": 1018,
        "deletions": 212,
        "date": "2019-10-09",
        "commitResults": [
          {
            "hash": "999ae511acddfaaf503ac2bd571d76933f1d96d1",
            "messageTitle": "Add Alias Command for users to create shortcuts",
            "messageBody": "",
            "insertions": 424,
            "deletions": 17
          },
          {
            "hash": "028a214949606adbea78f3c51e8e6deac5efa68a",
            "messageTitle": "Add aliasMappings into user preferences",
            "messageBody": "",
            "insertions": 372,
            "deletions": 149
          },
          {
            "hash": "d189fb55f8f3e741e212a046a6132ac91f8960c4",
            "messageTitle": "Add more unit tests for Alias command",
            "messageBody": "",
            "insertions": 184,
            "deletions": 16
          },
          {
            "hash": "d47828e3e6acce2e6f18f35c66b1a7d08cb88fbd",
            "messageTitle": "Fix unit test checkstyle violations",
            "messageBody": "",
            "insertions": 38,
            "deletions": 30
          }
        ]
      },
      {
        "insertions": 7,
        "deletions": 14,
        "date": "2019-10-10",
        "commitResults": [
          {
            "hash": "00e7cc1a230a9b82281e5980b85c1eab7aa56177",
            "messageTitle": "Fix checkstyle violations due to merge conflict",
            "messageBody": "",
            "insertions": 1,
            "deletions": 14
          },
          {
            "hash": "f331f60dbab52dd5885bbb6799f3a53d50aa4a1e",
            "messageTitle": "Update AliasMappings to include new command\u0027s command words from PR merge as reserved names",
            "messageBody": "",
            "insertions": 6,
            "deletions": 0
          }
        ]
      },
      {
        "insertions": 613,
        "deletions": 144,
        "date": "2019-10-16",
        "commitResults": [
          {
            "hash": "d9eb76c11ce0e83c6aa2495788cb497d666ecabe",
            "messageTitle": "Add syntax highlighting text area",
            "messageBody": "Adapted from richtextfx demos\n",
            "insertions": 324,
            "deletions": 0
          },
          {
            "hash": "c7ab12141d019cadf8becae8da60e65bc5bf7815",
            "messageTitle": "Replace TextField with SyntaxHighlightTextArea",
            "messageBody": "",
            "insertions": 31,
            "deletions": 13
          },
          {
            "hash": "9a566027244885055de896458a69b8c3337f14ac",
            "messageTitle": "Integrate syntaxhighlighting textarea into UI",
            "messageBody": "",
            "insertions": 110,
            "deletions": 35
          },
          {
            "hash": "eb08b1b86ccd7f562179cfd8c94145b24f247cb3",
            "messageTitle": "Rename style class for command word in syntax highlighting style sheet",
            "messageBody": "",
            "insertions": 1,
            "deletions": 1
          },
          {
            "hash": "bad5ee167cffff05e22d2e78e1c42c16f29328e9",
            "messageTitle": "Refactor to allow patterns to be added to the syntax highlighting text area",
            "messageBody": "",
            "insertions": 40,
            "deletions": 67
          },
          {
            "hash": "9305b032ede49efa982c64c1f53f6d843d9e2e77",
            "messageTitle": "Integrate into Moolah with support for syntax autofill for budget and add command",
            "messageBody": "Syntax autofill -\u003e when the command word is detected, the text area will fill\nin the appropriate syntax required for the input to be accepted.\n",
            "insertions": 20,
            "deletions": 8
          },
          {
            "hash": "bc0bcc33d013f7aa751ac4b8fbdc42ef1c3d6bfd",
            "messageTitle": "Fix code style violation",
            "messageBody": "",
            "insertions": 22,
            "deletions": 5
          },
          {
            "hash": "7d123c6de0ff0389ede32e16674ceef107958c4e",
            "messageTitle": "Fix incorrect regex",
            "messageBody": "",
            "insertions": 9,
            "deletions": 3
          },
          {
            "hash": "77befe80f5b8209e3ac698a2152cbd4738274721",
            "messageTitle": "Add javadocs",
            "messageBody": "",
            "insertions": 19,
            "deletions": 1
          },
          {
            "hash": "0331237af532b4156d0c05975ed9bb79f83a27f7",
            "messageTitle": "Enable syntax highlighting for some commands",
            "messageBody": "stats, budget, add, alias, event\n",
            "insertions": 27,
            "deletions": 7
          },
          {
            "hash": "f0ab65590ec612238a65ec9d7a78d3f11da730de",
            "messageTitle": "Enable command word highlighting for undo redo",
            "messageBody": "",
            "insertions": 6,
            "deletions": 0
          },
          {
            "hash": "ca0d6637a1345b3487df12297c72ba64c4b190b8",
            "messageTitle": "Fix infinite loop caused when command syntax is equal to command word",
            "messageBody": "",
            "insertions": 3,
            "deletions": 3
          },
          {
            "hash": "0865fd321549d6391951e1c141cc8dee978364bc",
            "messageTitle": "Change fill colour for command word syntax hightlighting",
            "messageBody": "",
            "insertions": 1,
            "deletions": 1
          }
        ]
      },
      {
        "insertions": 5273,
        "deletions": 2373,
        "date": "2019-10-23",
        "commitResults": [
          {
            "hash": "c3bc10ba967cea39ba2f13159404339bac9ed9fd",
            "messageTitle": "Changes To GUI (#106)",
            "messageBody": "* Draft GUI\r\n\r\n*  Update budget related methods within model to be consistent with expense related methods.\r\n\r\n* Create BudgetCard to display Budget information\r\n\r\nWIP, does not update when propertiews change\r\n\r\n* Add ChangeListener to update BudgetCard status when expense list has change.\r\n\r\n* Add BudgetListPanel to visualise Budget List\r\n\r\n* Add support for changing budget progress bar colour when budget is exceeded.\r\n\r\n* Remove block comments from ExpenseListPanel\r\n\r\n* Add BudgetPanel to show expenses within Budget\r\n\r\n* Add demo for BudgetCard, BudgetPanel, BudgetListPanel\r\n\r\n* Update ExpenseListCard to display Expense\u0027s Date field\r\n\r\n* Remove duplicate code\r\n\r\n* Update theme\r\n\r\n* Enable switching content of window between budgetList, primaryBudget, expenseList\r\n\r\n* Add method to remove Expense from Budget\r\n\r\n* Remove demo files used for testing new Ui parts\r\n\r\n* Fix code to pass failing tests.\r\n\r\n* Make tab spacing consistent in fxml files\r\n\r\n* Make change progress bar colour so text is more readable\r\n\r\nand remove radius from make budget card background\r\n\r\n* Add placeholder page for when no primary budget is set\r\n\r\n* Change colour to something less bright\r\n\r\n* Fix regression caused by method signature change\r\n\r\n* Resolve merge conflicts\r\n\r\n* Add placeholder replacement\r\n\r\n* Add TextArea which supports syntax highlighting\r\n\r\n* Fix second match onwards of placeholder not being replaced\r\n\r\nand fix text area not filling width\r\n\r\n* Fix events not mirroring properly\r\n\r\nreplace addEventHandler with addEventFilter\r\n\r\n* Refactor Command, New Command, New UI element to change panels\r\n\r\n-refactor CommandResult to include boolean on whether command should change the panel in focus.\r\n\r\n-packaged commands for different features into different packages\r\n\r\n-new classes to manage UI element currently being viewed.\r\n\r\n-new command to chance panel being viewed\r\n\r\n* Manually readd addbudgetcommand\r\n\r\nwhich was accidentally removed during rebase\r\n\r\n* Package budget command\r\n\r\n* Update tests to match refactored CommandResult\r\n\r\n* Add methods to model and mainwindow to support UI\r\n\r\n* Refactor Prefix for compatability with Autofill feature\r\n\r\n* Add support to allow user to change visible ui element through CLI.\r\n\r\nAdd tests for these classes.\r\n\r\n* Fix Storage issue with AliasMapping not being read properly.\r\n\r\nRefactor Alias and AliasMappings\r\n\r\n* Refactor Commands to match previous changes\r\n\r\nAnd\r\n\r\nAdd tests for new classes\r\n\r\n* Change budgetPanel, expenseListPanel, budgetListPanel to local variable\r\n\r\nremove it being property fields of mainwindow\r\n\r\n* Fix checkstyle violations\r\n\r\n* Fix merge conflicts\r\n\r\n* Fix checkstyle violations\r\n\r\n* Resolve merge conflicts\r\n\r\n* Remove syntaxTextDemo\r\n",
            "insertions": 2628,
            "deletions": 1184
          },
          {
            "hash": "57321d6c5fb29bcf66331377d58f6e4c4dd0d160",
            "messageTitle": "Changes To GUI (#106)",
            "messageBody": "* Draft GUI\r\n\r\n*  Update budget related methods within model to be consistent with expense related methods.\r\n\r\n* Create BudgetCard to display Budget information\r\n\r\nWIP, does not update when propertiews change\r\n\r\n* Add ChangeListener to update BudgetCard status when expense list has change.\r\n\r\n* Add BudgetListPanel to visualise Budget List\r\n\r\n* Add support for changing budget progress bar colour when budget is exceeded.\r\n\r\n* Remove block comments from ExpenseListPanel\r\n\r\n* Add BudgetPanel to show expenses within Budget\r\n\r\n* Add demo for BudgetCard, BudgetPanel, BudgetListPanel\r\n\r\n* Update ExpenseListCard to display Expense\u0027s Date field\r\n\r\n* Remove duplicate code\r\n\r\n* Update theme\r\n\r\n* Enable switching content of window between budgetList, primaryBudget, expenseList\r\n\r\n* Add method to remove Expense from Budget\r\n\r\n* Remove demo files used for testing new Ui parts\r\n\r\n* Fix code to pass failing tests.\r\n\r\n* Make tab spacing consistent in fxml files\r\n\r\n* Make change progress bar colour so text is more readable\r\n\r\nand remove radius from make budget card background\r\n\r\n* Add placeholder page for when no primary budget is set\r\n\r\n* Change colour to something less bright\r\n\r\n* Fix regression caused by method signature change\r\n\r\n* Resolve merge conflicts\r\n\r\n* Add placeholder replacement\r\n\r\n* Add TextArea which supports syntax highlighting\r\n\r\n* Fix second match onwards of placeholder not being replaced\r\n\r\nand fix text area not filling width\r\n\r\n* Fix events not mirroring properly\r\n\r\nreplace addEventHandler with addEventFilter\r\n\r\n* Refactor Command, New Command, New UI element to change panels\r\n\r\n-refactor CommandResult to include boolean on whether command should change the panel in focus.\r\n\r\n-packaged commands for different features into different packages\r\n\r\n-new classes to manage UI element currently being viewed.\r\n\r\n-new command to chance panel being viewed\r\n\r\n* Manually readd addbudgetcommand\r\n\r\nwhich was accidentally removed during rebase\r\n\r\n* Package budget command\r\n\r\n* Update tests to match refactored CommandResult\r\n\r\n* Add methods to model and mainwindow to support UI\r\n\r\n* Refactor Prefix for compatability with Autofill feature\r\n\r\n* Add support to allow user to change visible ui element through CLI.\r\n\r\nAdd tests for these classes.\r\n\r\n* Fix Storage issue with AliasMapping not being read properly.\r\n\r\nRefactor Alias and AliasMappings\r\n\r\n* Refactor Commands to match previous changes\r\n\r\nAnd\r\n\r\nAdd tests for new classes\r\n\r\n* Change budgetPanel, expenseListPanel, budgetListPanel to local variable\r\n\r\nremove it being property fields of mainwindow\r\n\r\n* Fix checkstyle violations\r\n\r\n* Fix merge conflicts\r\n\r\n* Fix checkstyle violations\r\n\r\n* Resolve merge conflicts\r\n\r\n* Remove syntaxTextDemo\r\n",
            "insertions": 2645,
            "deletions": 1189
          }
        ]
      }
    ],
    "qweiping31415": [
      {
        "insertions": 114,
        "deletions": 0,
        "date": "2019-10-04",
        "commitResults": [
          {
            "hash": "5071f0beec58b43baab8ba67204b267df6421387",
            "messageTitle": "Update Use Cases to DeveloperGuide",
            "messageBody": "",
            "insertions": 114,
            "deletions": 0
          }
        ]
      },
      {
        "insertions": 849,
        "deletions": 30,
        "date": "2019-10-16",
        "commitResults": [
          {
            "hash": "fc27fb77ef5f0a8eaef4a4d16d94316b28dfde54",
            "messageTitle": "Implement Statistics Compare Feature (#89)",
            "messageBody": "* Partial Implement StatisticsCommand\r\n\r\n* Implement basic stats feature\r\n\r\n* Test Basic Statistics Feature\r\n\r\n* Add StatsCompareCommand functionality\r\n\r\n* Merge Ryo changes\r\n\r\n* Merge Zi Kang\u0027s code\r\n\r\n* Merge Anqi\u0027s code\r\n\r\n* Fix errors on github pull request\r\n",
            "insertions": 849,
            "deletions": 30
          }
        ]
      },
      {
        "insertions": 269,
        "deletions": 287,
        "date": "2019-10-19",
        "commitResults": [
          {
            "hash": "80ff4e35499e4b0a8a15a4bd4d19b3eb9788c2a3",
            "messageTitle": "Rename category package",
            "messageBody": "",
            "insertions": 236,
            "deletions": 254
          },
          {
            "hash": "545f6b125e4f1af99ae9ca45bb5605226f0aba79",
            "messageTitle": "Rename Tag prefix into Category prefix",
            "messageBody": "",
            "insertions": 33,
            "deletions": 33
          }
        ]
      },
      {
        "insertions": 205,
        "deletions": 355,
        "date": "2019-10-21",
        "commitResults": [
          {
            "hash": "9e42ad69206168c22ee323127ecdc4a5efac4bd6",
            "messageTitle": "Refactor Expense to accept exactly one category",
            "messageBody": "",
            "insertions": 205,
            "deletions": 355
          }
        ]
      },
      {
        "insertions": 774,
        "deletions": 618,
        "date": "2019-10-22",
        "commitResults": [
          {
            "hash": "872eecf22777b864eab8aaa2d75fbd0317258f5c",
            "messageTitle": "Add PieCharts to BasicStats",
            "messageBody": "",
            "insertions": 352,
            "deletions": 30
          },
          {
            "hash": "69a233e32c91307b091d10c2013eb8a09cb605de",
            "messageTitle": "Refactor Expense to accept exactly 1 Category",
            "messageBody": "* Rename category package\r\n\r\n* Rename Tag prefix into Category prefix\r\n\r\n* Refactor Expense to accept exactly one category\r\n\r\n* Clean up traces of tags in tests and command messages\r\n",
            "insertions": 422,
            "deletions": 588
          }
        ]
      },
      {
        "insertions": 13,
        "deletions": 7,
        "date": "2019-10-23",
        "commitResults": [
          {
            "hash": "509f6352be2368e9738cd3d5c84d3f853323df69",
            "messageTitle": "Merge all code",
            "messageBody": "",
            "insertions": 13,
            "deletions": 7
          }
        ]
      },
      {
        "insertions": 258,
        "deletions": 12,
        "date": "2019-10-24",
        "commitResults": [
          {
            "hash": "b0c4666f38acaeadcb6dd43f2515a6f6dfae140f",
            "messageTitle": "Update DG for Statistics component (#115)",
            "messageBody": "",
            "insertions": 253,
            "deletions": 7
          },
          {
            "hash": "4ff6b2957fdb8bc6b7b2b2e07d6a053d92496a4d",
            "messageTitle": "Update README.adoc",
            "messageBody": "",
            "insertions": 3,
            "deletions": 3
          },
          {
            "hash": "69d0c425bbb3c5f3e3ff468de94c7b1669adbd33",
            "messageTitle": "Update README.adoc",
            "messageBody": "",
            "insertions": 2,
            "deletions": 2
          }
        ]
      }
    ],
    "anqichen9856": [
      {
        "insertions": 4,
        "deletions": 4,
        "date": "2019-09-24",
        "commitResults": [
          {
            "hash": "692e1ff4a9fdcb980e8ed788678ee8a70aa46b1a",
            "messageTitle": "Updating documentation to match our team\u0027s fork",
            "messageBody": "Configure the site-wide documentation settings in build.gradle, such as the site-name, to suit the team\u0027s project - \"Expense Tracker\".\nReplace the URL in the attribute repoURL in DeveloperGuide.adoc and UserGuide.adoc with the URL of team\u0027s fork.\n",
            "insertions": 4,
            "deletions": 4
          }
        ]
      },
      {
        "insertions": 428,
        "deletions": 108,
        "date": "2019-10-02",
        "commitResults": [
          {
            "hash": "92671c80aacd865549992c861f426fc9ff3d2d1a",
            "messageTitle": "Update About Us page",
            "messageBody": "",
            "insertions": 18,
            "deletions": 17
          },
          {
            "hash": "db7169e75b08abe7f19b262f98dd718cc62ff687",
            "messageTitle": "Update Contact Us page",
            "messageBody": "",
            "insertions": 2,
            "deletions": 2
          },
          {
            "hash": "40c76134581723bea700f9470a772dec2e7f396f",
            "messageTitle": "Update README.adoc",
            "messageBody": "",
            "insertions": 7,
            "deletions": 9
          },
          {
            "hash": "9c123d30ccabfde0485413b731392c44ccb78c5e",
            "messageTitle": "Update the UG",
            "messageBody": "",
            "insertions": 265,
            "deletions": 71
          },
          {
            "hash": "d7d602c510b2de9852dd104669c08bec6b0e88db",
            "messageTitle": "Update the DG",
            "messageBody": "Modify Target user profile, value proposition, and user stories\nAdd use cases for budgeting feature\n",
            "insertions": 136,
            "deletions": 9
          }
        ]
      },
      {
        "insertions": 42,
        "deletions": 59,
        "date": "2019-10-03",
        "commitResults": [
          {
            "hash": "df4a110f97a09baecb1a14e2f9af1ad7013d45b6",
            "messageTitle": "Fix formatting issues in DG \u0026 UG, update github links in AboutUs",
            "messageBody": "",
            "insertions": 14,
            "deletions": 13
          },
          {
            "hash": "9bb250802d02dc0d9a29d4da4789c8e8414a000c",
            "messageTitle": "Update image filenames to match developers\u0027 github usernames",
            "messageBody": "",
            "insertions": 5,
            "deletions": 5
          },
          {
            "hash": "c6045e586f20e11d6265e0832fa4cf5150d8ec0a",
            "messageTitle": "Update DG: NFR",
            "messageBody": "Add NFRs related to internet connection, project scope and respond time\n",
            "insertions": 10,
            "deletions": 34
          },
          {
            "hash": "b5d93b012acabf11560be80d6d0df59d6a7973c1",
            "messageTitle": "Update DG: formatting in Value Proposition section",
            "messageBody": "",
            "insertions": 7,
            "deletions": 7
          },
          {
            "hash": "fd429278d64497b9ee77be6f6d771213cc377174",
            "messageTitle": "Update Introduction section of DG",
            "messageBody": "",
            "insertions": 6,
            "deletions": 0
          }
        ]
      },
      {
        "insertions": 596,
        "deletions": 26,
        "date": "2019-10-09",
        "commitResults": [
          {
            "hash": "bc4a7027d3fc53b8bc349b5ada260d53a829ab55",
            "messageTitle": "Add Budget class",
            "messageBody": "",
            "insertions": 101,
            "deletions": 0
          },
          {
            "hash": "1c8f133ade2630c8de309278410d981a0a7d6687",
            "messageTitle": "Add BudgetCommand class",
            "messageBody": "",
            "insertions": 57,
            "deletions": 0
          },
          {
            "hash": "3e937d0645bdc2f84e9f3bc1d993e2ffa81efea1",
            "messageTitle": "Integrate Budget into Model and related classes",
            "messageBody": "",
            "insertions": 127,
            "deletions": 0
          },
          {
            "hash": "e8fb717ad551cf3733f7f60cc9386782fa91e005",
            "messageTitle": "Implement Parser for BudgetCommand",
            "messageBody": "",
            "insertions": 92,
            "deletions": 0
          },
          {
            "hash": "3344016b07e1786e73bb6037aeba384ad878c118",
            "messageTitle": "Fix checkstyle errors",
            "messageBody": "",
            "insertions": 73,
            "deletions": 11
          },
          {
            "hash": "9ba1aa8bf871b412e6460880d011c75d50aaea74",
            "messageTitle": "Fix checkstyle error (reorder import statements)",
            "messageBody": "",
            "insertions": 1,
            "deletions": 1
          },
          {
            "hash": "b6c0027c7dd740d5636ac650f7b743043a457bae",
            "messageTitle": "Fix tests involving Budget",
            "messageBody": "",
            "insertions": 18,
            "deletions": 0
          },
          {
            "hash": "131448321a1b688a38bc29950cf9c55a7d638415",
            "messageTitle": "Add isPrimary flag, isExceeded() method and an \"expense list\" field to Budget class",
            "messageBody": "",
            "insertions": 38,
            "deletions": 1
          },
          {
            "hash": "d8cfacace7433e842415f6e4f984c8b0f7a04fe2",
            "messageTitle": "Add Date field to Expense for checking whether an expense is within a budget\u0027s period",
            "messageBody": "",
            "insertions": 7,
            "deletions": 0
          },
          {
            "hash": "da5e70cbcdd165a1019a273efe3131feccfada3b",
            "messageTitle": "Add getAsDouble method to Price for calculating whether a budget is exceeded",
            "messageBody": "",
            "insertions": 4,
            "deletions": 0
          },
          {
            "hash": "d67100f838eb0e8a2c93d8d277ff86072fde5b77",
            "messageTitle": "Implement the feature to set a budget as primary",
            "messageBody": "",
            "insertions": 55,
            "deletions": 1
          },
          {
            "hash": "9dd12347f4b3506303d646a3f83b549b9ab613f2",
            "messageTitle": "Resolve test failure due to merge conflicts",
            "messageBody": "",
            "insertions": 3,
            "deletions": 0
          },
          {
            "hash": "58c61d765c20c92871f59b25fd21129ef9c0a4a8",
            "messageTitle": "Fix checkstyle errors",
            "messageBody": "",
            "insertions": 1,
            "deletions": 1
          },
          {
            "hash": "97e527da9860170d93e0538483b137de8f6830f2",
            "messageTitle": "Fix missing Javadoc",
            "messageBody": "",
            "insertions": 5,
            "deletions": 1
          },
          {
            "hash": "2b2de4b10d2536b4dc24d474747084bbc47a756e",
            "messageTitle": "Fix trailing whitespace",
            "messageBody": "",
            "insertions": 1,
            "deletions": 1
          },
          {
            "hash": "ff48fe7cd05235f5eb74587e349d2d941f0c6815",
            "messageTitle": "Update time format to dd-MM and add static string for exception message",
            "messageBody": "",
            "insertions": 13,
            "deletions": 9
          }
        ]
      },
      {
        "insertions": 13,
        "deletions": 7,
        "date": "2019-10-10",
        "commitResults": [
          {
            "hash": "08ae5aae25f4bdc4e60c52a281a7376af210a7eb",
            "messageTitle": "Change input date format to dd-MM[-yyyy]",
            "messageBody": "",
            "insertions": 13,
            "deletions": 7
          }
        ]
      },
      {
        "insertions": 224,
        "deletions": 12,
        "date": "2019-10-14",
        "commitResults": [
          {
            "hash": "2e0fdb5ad9811a43cd3f04f2c8a9dbea2d95c096",
            "messageTitle": "Add JsonAdaptedBudget",
            "messageBody": "",
            "insertions": 122,
            "deletions": 0
          },
          {
            "hash": "b7ff90ad3faa24fb6f79eed207496d83694d63f2",
            "messageTitle": "Change the time format example given in Budget sample command message to a less ambiguous one",
            "messageBody": "",
            "insertions": 1,
            "deletions": 1
          },
          {
            "hash": "6550be77caff0d2183432abe5d2865451be11834",
            "messageTitle": "Fix missing import statement in CommandException that causes an error in Javadoc comments",
            "messageBody": "",
            "insertions": 2,
            "deletions": 0
          },
          {
            "hash": "26d1efcb9b98a1c4b160b6662b5118f0a95f4178",
            "messageTitle": "Fix typos in Javadoc comments in UniqueIdentifier",
            "messageBody": "",
            "insertions": 1,
            "deletions": 1
          },
          {
            "hash": "2396aa2f09f3e0a2e9a891f8163babcfb1e0d496",
            "messageTitle": "Add functionality to refresh budget, create default budget upon launching, and check if a budget is near to limit / exceeded",
            "messageBody": "",
            "insertions": 98,
            "deletions": 10
          }
        ]
      },
      {
        "insertions": 248,
        "deletions": 82,
        "date": "2019-10-16",
        "commitResults": [
          {
            "hash": "2d539ae85b017049d8cbd4474478cd90f0417cd4",
            "messageTitle": "Integrate Budget to JsonSerializableAddressBook",
            "messageBody": "",
            "insertions": 17,
            "deletions": 1
          },
          {
            "hash": "88c4866d9b3276c2dafbc86426f5d28322beca30",
            "messageTitle": "Improve Budget Storage: Fix Timestamp parser errors",
            "messageBody": "",
            "insertions": 57,
            "deletions": 16
          },
          {
            "hash": "f6855c5239792f9408838fe3cef00c03aca240d8",
            "messageTitle": "Fix default budget being created twice when adding a new budget",
            "messageBody": "",
            "insertions": 22,
            "deletions": 11
          },
          {
            "hash": "9c99d45deb88ab7f699b40e8a08164099d033878",
            "messageTitle": "Add isPrimary field to JsonAdaptedBudget to fix error of primary budgets being lost when relaunching app",
            "messageBody": "",
            "insertions": 11,
            "deletions": 2
          },
          {
            "hash": "97d8346aea2c4d7ceebfbc91c498732a49f8737f",
            "messageTitle": "Further integrate date field of Expense",
            "messageBody": "",
            "insertions": 39,
            "deletions": 8
          },
          {
            "hash": "2093912de2d180b3e578670f231fb2b1ac1c29c3",
            "messageTitle": "Fix Parser error caused by change of default budget period",
            "messageBody": "",
            "insertions": 2,
            "deletions": 2
          },
          {
            "hash": "3cf0723d013fc1076899367eb56e73c7ffa1b848",
            "messageTitle": "Fix error of expense not deleted in budget",
            "messageBody": "",
            "insertions": 24,
            "deletions": 13
          },
          {
            "hash": "625a5f28869728cca2104441c7a26271542f1609",
            "messageTitle": "Fix error of expense not being updated in budget",
            "messageBody": "",
            "insertions": 10,
            "deletions": 0
          },
          {
            "hash": "216191f8149d3ef424836a8bb1cd42a929a723df",
            "messageTitle": "Fix checkstyle errors",
            "messageBody": "",
            "insertions": 47,
            "deletions": 12
          },
          {
            "hash": "34ca9bca266db147fd7600488334038645caa262",
            "messageTitle": "Fix checkstyle errors",
            "messageBody": "",
            "insertions": 5,
            "deletions": 3
          },
          {
            "hash": "a22546cb097c62ecbf75d0904e5e8933581851fd",
            "messageTitle": "Change BudgetCommand to AddBudgetCommand for more systematic naming of Commands",
            "messageBody": "",
            "insertions": 14,
            "deletions": 14
          }
        ]
      },
      {
        "insertions": 218,
        "deletions": 33,
        "date": "2019-10-17",
        "commitResults": [
          {
            "hash": "9b840bda3a129735812fc62082c7d39e1d3f50ba",
            "messageTitle": "Add SwitchBudgetCommand class",
            "messageBody": "",
            "insertions": 61,
            "deletions": 0
          },
          {
            "hash": "bc02b4011ca48e2be2b80daaaeb56812fb401085",
            "messageTitle": "Update related classes to support SwitchBudgetCommand\u0027s validate and execute methods",
            "messageBody": "Updated classes:\nAddressBook, Model, ModelManager, UniqueBudgetList, Budget\n",
            "insertions": 65,
            "deletions": 7
          },
          {
            "hash": "6abb781b886fdb9be6567c79661babd1ee8dd4e9",
            "messageTitle": "Reimplement SwitchBudgetCommand to accept a Description instead of Budget",
            "messageBody": "",
            "insertions": 11,
            "deletions": 11
          },
          {
            "hash": "271112f75ad5c659a2effbafebf41e4c5b732827",
            "messageTitle": "Update relevant classes following changes to SwitchBudgetCommand",
            "messageBody": "Updated classes:\nModel, ModelManager, AddressBook, UniqueBudgetList\n",
            "insertions": 31,
            "deletions": 14
          },
          {
            "hash": "e118833aeb1c8bc98150212a3c2fd1e0d0ab762a",
            "messageTitle": "Add Parser for SwitchBudgetCommand",
            "messageBody": "",
            "insertions": 49,
            "deletions": 0
          },
          {
            "hash": "ae9731e5151c7efa1591bfb7e7a0a561c1789682",
            "messageTitle": "Update AddBudgetCommand to extend UndoableCommand",
            "messageBody": "",
            "insertions": 1,
            "deletions": 1
          }
        ]
      },
      {
        "insertions": 37,
        "deletions": 9,
        "date": "2019-10-18",
        "commitResults": [
          {
            "hash": "49fbf043aa0e71b32370f98e01dd782dc6ed8067",
            "messageTitle": "Fix checkstyle errors",
            "messageBody": "",
            "insertions": 37,
            "deletions": 9
          }
        ]
      },
      {
        "insertions": 3176,
        "deletions": 172,
        "date": "2019-10-23",
        "commitResults": [
          {
            "hash": "98705c64334b0bf4c79b366e51442a153be54116",
            "messageTitle": "Budget developments for mid-v1.3 (#103)",
            "messageBody": "* Add unit tests for Budget class\r\n\r\n* Add unit tests for Percentage class\r\n\r\n* Add unit tests for Percentage class (supplement to previous commit)\r\n\r\n* Add unit tests for AddBudgetCommand\r\n\r\n* Add unit tests for AddBudgetCommandParser\r\n\r\n* Add unit tests for UniqueBudgetList\r\n\r\n* Add unit tests for JsonAdaptedBudget\r\n\r\n* Add unit tests for SwitchBudgetCommand\r\n\r\n* Add unit tests for SwitchBudgetCommandParser\r\n\r\n* Update UniqueBudgetList to automatically set newly added budget as primary\r\n\r\n* Add Budget field to Expense\r\n\r\n* Update AddExpense method in AddressBook to suit the new Expense with a Budget field\r\n\r\nSpecifically,\r\nstep 1: check primary budget - if null, add default and set primary, if yes - do nothing\r\nstep 2: check expense\u0027s budget - if null, add to primary budget, if yes - add to corresponding budget\r\nstep 3: add expense to expenses list\r\n\r\n* Cosmetic changes: Remove extra whitespace\r\n\r\n* Check null parameters in JsonAdaptedBudget constructor\r\n\r\n* Update EditCommand following the changes to Expense class (new budgetName field)\r\n\r\n* Add method to check which expenses are within current budget period\r\n\r\nOther changes:\r\n- add method to update the proportion used\r\n- check for duplicate expense before adding\r\n- change expired condition to include end date\r\n- increase default budget limit\r\n- cosmetic changes to make code more concise\r\n\r\n* Change Expense\u0027s budgetName field type from String to Description\r\n\r\n* Update tests following the addition of budgetName field to Expense class\r\n\r\n* Fix checkstyle errors in Main and Test\r\n\r\n* Update Percentage class such that percentage larger than 1 will be treated as 1 instead of throwing an exception\r\n\r\n* Fix unit test failures due to addition of Category field to Expense\r\n\r\n* Fix checkstyle errors in Main and Test\r\n",
            "insertions": 1588,
            "deletions": 86
          },
          {
            "hash": "4313fc0acff5c74884508c363b0832479ba37a08",
            "messageTitle": "Budget developments for mid-v1.3 (#103)",
            "messageBody": "* Add unit tests for Budget class\r\n\r\n* Add unit tests for Percentage class\r\n\r\n* Add unit tests for Percentage class (supplement to previous commit)\r\n\r\n* Add unit tests for AddBudgetCommand\r\n\r\n* Add unit tests for AddBudgetCommandParser\r\n\r\n* Add unit tests for UniqueBudgetList\r\n\r\n* Add unit tests for JsonAdaptedBudget\r\n\r\n* Add unit tests for SwitchBudgetCommand\r\n\r\n* Add unit tests for SwitchBudgetCommandParser\r\n\r\n* Update UniqueBudgetList to automatically set newly added budget as primary\r\n\r\n* Add Budget field to Expense\r\n\r\n* Update AddExpense method in AddressBook to suit the new Expense with a Budget field\r\n\r\nSpecifically,\r\nstep 1: check primary budget - if null, add default and set primary, if yes - do nothing\r\nstep 2: check expense\u0027s budget - if null, add to primary budget, if yes - add to corresponding budget\r\nstep 3: add expense to expenses list\r\n\r\n* Cosmetic changes: Remove extra whitespace\r\n\r\n* Check null parameters in JsonAdaptedBudget constructor\r\n\r\n* Update EditCommand following the changes to Expense class (new budgetName field)\r\n\r\n* Add method to check which expenses are within current budget period\r\n\r\nOther changes:\r\n- add method to update the proportion used\r\n- check for duplicate expense before adding\r\n- change expired condition to include end date\r\n- increase default budget limit\r\n- cosmetic changes to make code more concise\r\n\r\n* Change Expense\u0027s budgetName field type from String to Description\r\n\r\n* Update tests following the addition of budgetName field to Expense class\r\n\r\n* Fix checkstyle errors in Main and Test\r\n\r\n* Update Percentage class such that percentage larger than 1 will be treated as 1 instead of throwing an exception\r\n\r\n* Fix unit test failures due to addition of Category field to Expense\r\n\r\n* Fix checkstyle errors in Main and Test\r\n",
            "insertions": 1588,
            "deletions": 86
          }
        ]
      },
      {
        "insertions": 322,
        "deletions": 65,
        "date": "2019-10-24",
        "commitResults": [
          {
            "hash": "fc7cd89b2b0270a9244aea72cf5cc103921765d8",
            "messageTitle": "Update DG: Budget feature  (#109)",
            "messageBody": "* Add unit tests for Budget class\r\n\r\n* Add unit tests for Percentage class\r\n\r\n* Add unit tests for Percentage class (supplement to previous commit)\r\n\r\n* Add unit tests for AddBudgetCommand\r\n\r\n* Add unit tests for AddBudgetCommandParser\r\n\r\n* Add unit tests for UniqueBudgetList\r\n\r\n* Add unit tests for JsonAdaptedBudget\r\n\r\n* Add unit tests for SwitchBudgetCommand\r\n\r\n* Add unit tests for SwitchBudgetCommandParser\r\n\r\n* Update UniqueBudgetList to automatically set newly added budget as primary\r\n\r\n* Add Budget field to Expense\r\n\r\n* Update AddExpense method in AddressBook to suit the new Expense with a Budget field\r\n\r\nSpecifically,\r\nstep 1: check primary budget - if null, add default and set primary, if yes - do nothing\r\nstep 2: check expense\u0027s budget - if null, add to primary budget, if yes - add to corresponding budget\r\nstep 3: add expense to expenses list\r\n\r\n* Cosmetic changes: Remove extra whitespace\r\n\r\n* Check null parameters in JsonAdaptedBudget constructor\r\n\r\n* Update EditCommand following the changes to Expense class (new budgetName field)\r\n\r\n* Add method to check which expenses are within current budget period\r\n\r\nOther changes:\r\n- add method to update the proportion used\r\n- check for duplicate expense before adding\r\n- change expired condition to include end date\r\n- increase default budget limit\r\n- cosmetic changes to make code more concise\r\n\r\n* Change Expense\u0027s budgetName field type from String to Description\r\n\r\n* Update tests following the addition of budgetName field to Expense class\r\n\r\n* Fix checkstyle errors in Main and Test\r\n\r\n* Update Percentage class such that percentage larger than 1 will be treated as 1 instead of throwing an exception\r\n\r\n* Fix unit test failures due to addition of Category field to Expense\r\n\r\n* Fix checkstyle errors in Main and Test\r\n\r\n* Update DG: Budget feature (with class, sequence, activity diagrams)\r\n\r\n* Fix checkstyle errors\r\n\r\n* Cosmetic changes\r\n\r\n* Fix minor GUI bug\r\n",
            "insertions": 279,
            "deletions": 38
          },
          {
            "hash": "5fe90968ae13163d7edeca19ea0eda19af3e329e",
            "messageTitle": "Update version number for release (#114)",
            "messageBody": "* Add unit tests for Budget class\r\n\r\n* Add unit tests for Percentage class\r\n\r\n* Add unit tests for Percentage class (supplement to previous commit)\r\n\r\n* Add unit tests for AddBudgetCommand\r\n\r\n* Add unit tests for AddBudgetCommandParser\r\n\r\n* Add unit tests for UniqueBudgetList\r\n\r\n* Add unit tests for JsonAdaptedBudget\r\n\r\n* Add unit tests for SwitchBudgetCommand\r\n\r\n* Add unit tests for SwitchBudgetCommandParser\r\n\r\n* Update UniqueBudgetList to automatically set newly added budget as primary\r\n\r\n* Add Budget field to Expense\r\n\r\n* Update AddExpense method in AddressBook to suit the new Expense with a Budget field\r\n\r\nSpecifically,\r\nstep 1: check primary budget - if null, add default and set primary, if yes - do nothing\r\nstep 2: check expense\u0027s budget - if null, add to primary budget, if yes - add to corresponding budget\r\nstep 3: add expense to expenses list\r\n\r\n* Cosmetic changes: Remove extra whitespace\r\n\r\n* Check null parameters in JsonAdaptedBudget constructor\r\n\r\n* Update EditCommand following the changes to Expense class (new budgetName field)\r\n\r\n* Add method to check which expenses are within current budget period\r\n\r\nOther changes:\r\n- add method to update the proportion used\r\n- check for duplicate expense before adding\r\n- change expired condition to include end date\r\n- increase default budget limit\r\n- cosmetic changes to make code more concise\r\n\r\n* Change Expense\u0027s budgetName field type from String to Description\r\n\r\n* Update tests following the addition of budgetName field to Expense class\r\n\r\n* Fix checkstyle errors in Main and Test\r\n\r\n* Update Percentage class such that percentage larger than 1 will be treated as 1 instead of throwing an exception\r\n\r\n* Fix unit test failures due to addition of Category field to Expense\r\n\r\n* Fix checkstyle errors in Main and Test\r\n\r\n* Update DG: Budget feature (with class, sequence, activity diagrams)\r\n\r\n* Fix checkstyle errors\r\n\r\n* Cosmetic changes\r\n\r\n* Fix minor GUI bug\r\n\r\n* Update version number for release\r\n",
            "insertions": 1,
            "deletions": 1
          },
          {
            "hash": "3301624e7b264031afe706e0832759759f7f52c2",
            "messageTitle": "Update DG: Budget (#116)",
            "messageBody": "* Add unit tests for Budget class\r\n\r\n* Add unit tests for Percentage class\r\n\r\n* Add unit tests for Percentage class (supplement to previous commit)\r\n\r\n* Add unit tests for AddBudgetCommand\r\n\r\n* Add unit tests for AddBudgetCommandParser\r\n\r\n* Add unit tests for UniqueBudgetList\r\n\r\n* Add unit tests for JsonAdaptedBudget\r\n\r\n* Add unit tests for SwitchBudgetCommand\r\n\r\n* Add unit tests for SwitchBudgetCommandParser\r\n\r\n* Update UniqueBudgetList to automatically set newly added budget as primary\r\n\r\n* Add Budget field to Expense\r\n\r\n* Update AddExpense method in AddressBook to suit the new Expense with a Budget field\r\n\r\nSpecifically,\r\nstep 1: check primary budget - if null, add default and set primary, if yes - do nothing\r\nstep 2: check expense\u0027s budget - if null, add to primary budget, if yes - add to corresponding budget\r\nstep 3: add expense to expenses list\r\n\r\n* Cosmetic changes: Remove extra whitespace\r\n\r\n* Check null parameters in JsonAdaptedBudget constructor\r\n\r\n* Update EditCommand following the changes to Expense class (new budgetName field)\r\n\r\n* Add method to check which expenses are within current budget period\r\n\r\nOther changes:\r\n- add method to update the proportion used\r\n- check for duplicate expense before adding\r\n- change expired condition to include end date\r\n- increase default budget limit\r\n- cosmetic changes to make code more concise\r\n\r\n* Change Expense\u0027s budgetName field type from String to Description\r\n\r\n* Update tests following the addition of budgetName field to Expense class\r\n\r\n* Fix checkstyle errors in Main and Test\r\n\r\n* Update Percentage class such that percentage larger than 1 will be treated as 1 instead of throwing an exception\r\n\r\n* Fix unit test failures due to addition of Category field to Expense\r\n\r\n* Fix checkstyle errors in Main and Test\r\n\r\n* Update DG: Budget feature (with class, sequence, activity diagrams)\r\n\r\n* Fix checkstyle errors\r\n\r\n* Cosmetic changes\r\n\r\n* Fix minor GUI bug\r\n\r\n* Update version number for release\r\n\r\n* Improve DG:Budget formatting\r\n\r\n* Update DG:Budget and UML diagrams\r\n",
            "insertions": 42,
            "deletions": 26
          }
        ]
      }
    ],
    "ryoarmanda": [
      {
        "insertions": 402,
        "deletions": 34,
        "date": "2019-10-10",
        "commitResults": [
          {
            "hash": "0ad89e11bf3b475d775247f5455799c4cab0f1c3",
            "messageTitle": "Implement undo/redo functionalities with model history",
            "messageBody": "",
            "insertions": 402,
            "deletions": 34
          }
        ]
      },
      {
        "insertions": 92,
        "deletions": 92,
        "date": "2019-10-11",
        "commitResults": [
          {
            "hash": "21a6108691e4ae6b66b4088eff67b7ce5c9fc616",
            "messageTitle": "Change CRLF to LF ending in ModelHistory",
            "messageBody": "",
            "insertions": 92,
            "deletions": 92
          }
        ]
      },
      {
        "insertions": 3,
        "deletions": 3,
        "date": "2019-10-12",
        "commitResults": [
          {
            "hash": "fb3a4ed5f4bfb7f5edc4c06b58ca5d3c3c0188b3",
            "messageTitle": "Fix checkstyle errors",
            "messageBody": "",
            "insertions": 3,
            "deletions": 3
          }
        ]
      },
      {
        "insertions": 127,
        "deletions": 48,
        "date": "2019-10-15",
        "commitResults": [
          {
            "hash": "58c755edbbe100c22063640da830623a75aff79c",
            "messageTitle": "Separate command validation from execution",
            "messageBody": "",
            "insertions": 127,
            "deletions": 48
          }
        ]
      },
      {
        "insertions": 585,
        "deletions": 106,
        "date": "2019-10-16",
        "commitResults": [
          {
            "hash": "ad2966aff1a28ae9a8603a7d4233eb9ca19dde6a",
            "messageTitle": "Improve functionality and add tests",
            "messageBody": "",
            "insertions": 583,
            "deletions": 104
          },
          {
            "hash": "393768953568e018c57d79982fe1b1def56748c6",
            "messageTitle": "Fix checkstyle error",
            "messageBody": "",
            "insertions": 1,
            "deletions": 1
          },
          {
            "hash": "30f5916a588bbcda20261bd9908e4d353874b2d1",
            "messageTitle": "Edit undo part in UG",
            "messageBody": "",
            "insertions": 1,
            "deletions": 1
          }
        ]
      },
      {
        "insertions": 128,
        "deletions": 109,
        "date": "2019-10-23",
        "commitResults": [
          {
            "hash": "be2acc5f1fdcd84447e023b64e5185f21f27d20d",
            "messageTitle": "Update DG on Undo/Redo Functionality",
            "messageBody": "",
            "insertions": 128,
            "deletions": 109
          }
        ]
      }
    ]
  },
  "authorFinalContributionMap": {
    "czkay": 1372,
    "briyanii": 5234,
    "qweiping31415": 1711,
    "anqichen9856": 3305,
    "ryoarmanda": 1128
  },
  "authorFileTypeContributionMap": {
    "czkay": {
      "docs": 54,
      "tests": 183,
      "functional": 1135
    },
    "briyanii": {
      "docs": 53,
      "tests": 1948,
      "functional": 3230,
      "other": 3
    },
    "qweiping31415": {
      "docs": 159,
      "tests": 230,
      "functional": 1155,
      "other": 167
    },
    "anqichen9856": {
      "docs": 548,
      "tests": 1386,
      "functional": 1192,
      "other": 179
    },
    "ryoarmanda": {
      "docs": 30,
      "tests": 482,
      "functional": 520,
      "other": 96
    }
  },
  "authorContributionVariance": {
    "czkay": 41955.598,
    "briyanii": 2300121.8,
    "qweiping31415": 63796.68,
    "anqichen9856": 236053.69,
    "ryoarmanda": 14841.917
  },
  "authorDisplayNameMap": {
    "czkay": "CS2103T-T11-1 CHONG ...  KANG",
    "briyanii": "CS2103T-T11-1 FUNG  ... EI-EN",
    "qweiping31415": "CS2103T-T11-1 QUEK  ...  PING",
    "anqichen9856": "CS2103T-T11-1 CHEN  ...  ANQI",
    "ryoarmanda": "CS2103T-T11-1 RYO C ... MANDA"
  }
}
