{
  "authorDailyContributionsMap": {
    "Q-gabe": [
      {
        "insertions": 3,
        "deletions": 3,
        "date": "2019-09-26",
        "commitResults": [
          {
            "hash": "b6a35189aaca7383d5d942af8aa12add90709ad1",
            "messageTitle": "Update site-wide documentation settings.",
            "messageBody": "",
            "insertions": 3,
            "deletions": 3
          }
        ]
      },
      {
        "insertions": 98,
        "deletions": 64,
        "date": "2019-10-03",
        "commitResults": [
          {
            "hash": "99d192ecfa4f1ba2e49e069b68e104e17b29c1c6",
            "messageTitle": "docs: update AboutUs.adoc to show current member details",
            "messageBody": "",
            "insertions": 36,
            "deletions": 28
          },
          {
            "hash": "1fe3021c3c6e1e40971c0f48b22c368c322ccbe7",
            "messageTitle": "docs: update ContactUs.adoc (team e-mail and issue tracker)",
            "messageBody": "",
            "insertions": 3,
            "deletions": 3
          },
          {
            "hash": "2d5db11ac8cbfdda51f87289b85d7bb84e4a478d",
            "messageTitle": "docs: fix breaklines and formatting in AboutUs.adoc",
            "messageBody": "",
            "insertions": 7,
            "deletions": 7
          },
          {
            "hash": "1ba11559c006d99a2cd7da45d98258259278b2b3",
            "messageTitle": "docs: update UG and add `profile` command to UG",
            "messageBody": "",
            "insertions": 46,
            "deletions": 20
          },
          {
            "hash": "1c57201cd834719c21dc9e7de2769626fcc3c19e",
            "messageTitle": "fix: change developer picture names to fit requirement",
            "messageBody": "",
            "insertions": 6,
            "deletions": 6
          }
        ]
      },
      {
        "insertions": 98,
        "deletions": 40,
        "date": "2019-10-07",
        "commitResults": [
          {
            "hash": "3daa1e4efd2c5c0ac63274c3189625c67466fc18",
            "messageTitle": "docs: update new README.adoc to reflect branding change",
            "messageBody": "",
            "insertions": 73,
            "deletions": 16
          },
          {
            "hash": "f7f222e010f185043c19eaa70f33720a69fb5300",
            "messageTitle": "fix: fix broken links in top nav and syntax highlight for instructions",
            "messageBody": "",
            "insertions": 18,
            "deletions": 17
          },
          {
            "hash": "1584f8415166c88c97b68f0b9056ac916b1baba1",
            "messageTitle": "fix: fix break lines in Key Feature list and syntax highlighting",
            "messageBody": "",
            "insertions": 6,
            "deletions": 6
          },
          {
            "hash": "b73b68e19d108f773548df5cbdebf54b2390072b",
            "messageTitle": "fix: remove trailing whitespace",
            "messageBody": "",
            "insertions": 1,
            "deletions": 1
          }
        ]
      },
      {
        "insertions": 115,
        "deletions": 2,
        "date": "2019-10-10",
        "commitResults": [
          {
            "hash": "5846c607d37967467bf4abca69d7efb426d57a65",
            "messageTitle": "feat: add recognition for `profile [INDEX]` command",
            "messageBody": "",
            "insertions": 114,
            "deletions": 1
          },
          {
            "hash": "d1f637d7603e1523dd1822d73630be7a469e2359",
            "messageTitle": "fix: update ProfileCommand.java",
            "messageBody": "Removed Debug prefix.",
            "insertions": 1,
            "deletions": 1
          }
        ]
      },
      {
        "insertions": 511,
        "deletions": 75,
        "date": "2019-10-14",
        "commitResults": [
          {
            "hash": "34f603dd3d308b48078683a5ee390723373483c0",
            "messageTitle": "feat: add profile panel handler and fxml",
            "messageBody": "",
            "insertions": 374,
            "deletions": 0
          },
          {
            "hash": "3418c1b2ae0be69a642bf8de53fa499034d83739",
            "messageTitle": "feat: add `profile` command functionality to open profile panel",
            "messageBody": "",
            "insertions": 45,
            "deletions": 23
          },
          {
            "hash": "efe398028dee09b336858f4e09eceea0c5989690",
            "messageTitle": "chore: update command tests to reflect new CommandResult constructor changes",
            "messageBody": "",
            "insertions": 4,
            "deletions": 4
          },
          {
            "hash": "8ab27fb447fb827b519bd81781c18fc8333cf006",
            "messageTitle": "feat: support profilePanel feature from the main window",
            "messageBody": "",
            "insertions": 21,
            "deletions": 0
          },
          {
            "hash": "3691cd9ce7c805a22c9d2310bdc306e924ab3b2e",
            "messageTitle": "chore: updated DarkTheme.css for new classes used in ProfilePanel",
            "messageBody": "",
            "insertions": 14,
            "deletions": 0
          },
          {
            "hash": "e617bc95f20a891fd736a0e032461eb5bccbc815",
            "messageTitle": "style(forms): add css support for VisitRecordForm and compatibility with sceneBuilder",
            "messageBody": "",
            "insertions": 53,
            "deletions": 48
          }
        ]
      },
      {
        "insertions": 204,
        "deletions": 152,
        "date": "2019-10-21",
        "commitResults": [
          {
            "hash": "52ea3b5b998335145170cb5bf05f0cbc3dfb5490",
            "messageTitle": "docs: update UG to reflect changes in v1.2",
            "messageBody": "",
            "insertions": 173,
            "deletions": 122
          },
          {
            "hash": "defa1bac436a4e3c8c3d83ceccc39b7b222e23de",
            "messageTitle": "docs: update use of captions in UG and rephrase reminder and follow-up tips for tone",
            "messageBody": "",
            "insertions": 7,
            "deletions": 6
          },
          {
            "hash": "1b9a00888ef885796e070e11efa172199bc81d13",
            "messageTitle": "fix (docs): standardise all commands to lowercase; visitation \"record\" revised to \"report\" for all instances",
            "messageBody": "",
            "insertions": 24,
            "deletions": 24
          }
        ]
      },
      {
        "insertions": 7,
        "deletions": 6,
        "date": "2019-10-22",
        "commitResults": [
          {
            "hash": "1ccb1195bcbeaa26ac8fead0a25b695ccf094edd",
            "messageTitle": "fix: fix repo docsite title for mainpage",
            "messageBody": "",
            "insertions": 5,
            "deletions": 2
          },
          {
            "hash": "a931d88d8a374e049e557da193945da4404c4f29",
            "messageTitle": "docs: update navbar layout and icon and default site title",
            "messageBody": "",
            "insertions": 2,
            "deletions": 2
          },
          {
            "hash": "52ed44baba0f2b943b07e06bb05f5bf59a11857d",
            "messageTitle": "fix: remove title for README.adoc due to GitHub ignoring `:notitle:`",
            "messageBody": "",
            "insertions": 0,
            "deletions": 2
          }
        ]
      },
      {
        "insertions": 42,
        "deletions": 63,
        "date": "2019-10-23",
        "commitResults": [
          {
            "hash": "5fbb761f5c86da2f4fdc7eba1e234274405e99e6",
            "messageTitle": "docs: update miscellaneous docs to remove AB3 references",
            "messageBody": "",
            "insertions": 19,
            "deletions": 25
          },
          {
            "hash": "aac22bb62c3134725df68284e73974de09b0b05f",
            "messageTitle": "docs: fix broken links and general housekeeping of DeveloperGuide.adoc",
            "messageBody": "",
            "insertions": 23,
            "deletions": 38
          }
        ]
      },
      {
        "insertions": 54,
        "deletions": 3,
        "date": "2019-10-24",
        "commitResults": [
          {
            "hash": "6d9aff65c7bbe415aa1351757d993e31cb691bcf",
            "messageTitle": "docs: updated DG to include `profile` component",
            "messageBody": "",
            "insertions": 54,
            "deletions": 3
          }
        ]
      },
      {
        "insertions": 150,
        "deletions": 0,
        "date": "2019-10-30",
        "commitResults": [
          {
            "hash": "f97f794d05c4048c39f4ad9eff307cbc28a7bfb2",
            "messageTitle": "docs: add DG UML files for `profile` command",
            "messageBody": "",
            "insertions": 150,
            "deletions": 0
          }
        ]
      },
      {
        "insertions": 446,
        "deletions": 194,
        "date": "2019-10-31",
        "commitResults": [
          {
            "hash": "970d17b4ba50c7fd98af8c5dbc1646efc24b22d9",
            "messageTitle": "chore: update java doc comments for ProfileWindow.java",
            "messageBody": "",
            "insertions": 10,
            "deletions": 15
          },
          {
            "hash": "fe4c942f5c3a419f288125d244152fcabe3ee4fc",
            "messageTitle": "docs: update DG for `profile` section",
            "messageBody": "",
            "insertions": 2,
            "deletions": 5
          },
          {
            "hash": "b82e5dc5d45ede1d9203b5b240552ed6e647680c",
            "messageTitle": "docs: update UG to fix format errors",
            "messageBody": "",
            "insertions": 52,
            "deletions": 63
          },
          {
            "hash": "2c7910825cf294729563f8f1d634a555d85c039d",
            "messageTitle": "feat: add new button for profile generation",
            "messageBody": "",
            "insertions": 123,
            "deletions": 92
          },
          {
            "hash": "8ae742304ecca79aeb777a7b677e471225319f28",
            "messageTitle": "feat: add functionality to print Patient Profile from Profile Window",
            "messageBody": "",
            "insertions": 220,
            "deletions": 10
          },
          {
            "hash": "18eb3c478a4fe3e02ce41f4628f4a836d14c1207",
            "messageTitle": "chore: change final build jar filename to match UG",
            "messageBody": "",
            "insertions": 1,
            "deletions": 1
          },
          {
            "hash": "581a9d82c996cf796df16a12f3ba41dab8b01a84",
            "messageTitle": "feat(ui): enhance appointment panel on MainWindow",
            "messageBody": "",
            "insertions": 38,
            "deletions": 8
          }
        ]
      },
      {
        "insertions": 76,
        "deletions": 24,
        "date": "2019-11-02",
        "commitResults": [
          {
            "hash": "06d09129164e4645440b729798b8a8443ee402b0",
            "messageTitle": "feat: change `profile` window TextArea to dark theme",
            "messageBody": "",
            "insertions": 19,
            "deletions": 7
          },
          {
            "hash": "a4c9b80fc47054b8e22f40e33443d36f881e36f0",
            "messageTitle": "fix: minor java style issue",
            "messageBody": "",
            "insertions": 1,
            "deletions": 2
          },
          {
            "hash": "c8dc10399e2e14a8c24565e0310594b9b56e0ff0",
            "messageTitle": "feat: change `find` command to allow substring search",
            "messageBody": "",
            "insertions": 36,
            "deletions": 6
          },
          {
            "hash": "833c6d07ffc92409a9c8363b6201448d88b73c45",
            "messageTitle": "feat: additional handlers for \u0027p\u0027 and \u0027q\u0027 key press",
            "messageBody": "",
            "insertions": 10,
            "deletions": 0
          },
          {
            "hash": "4f3668f7f796d3ee970811d962a21eed8c9f3be4",
            "messageTitle": "fix (docs): update UG to new `find` behavior",
            "messageBody": "",
            "insertions": 6,
            "deletions": 7
          },
          {
            "hash": "330bec0038e737f9271e3cc812b6c6a685ac24f0",
            "messageTitle": "docs: update UG to implemented `profile` behaviour",
            "messageBody": "",
            "insertions": 4,
            "deletions": 2
          }
        ]
      },
      {
        "insertions": 496,
        "deletions": 204,
        "date": "2019-11-03",
        "commitResults": [
          {
            "hash": "ec5591d41421d1e8fe4495aafada7f98351318f0",
            "messageTitle": "fix: fix VisitRecordForm not centering in tabbed view",
            "messageBody": "",
            "insertions": 6,
            "deletions": 4
          },
          {
            "hash": "5540306824ea1a71798dda3141810613729e01d8",
            "messageTitle": "fix: fix `profile` not updating by making closing ProfileWindow mandatory",
            "messageBody": "",
            "insertions": 2,
            "deletions": 0
          },
          {
            "hash": "645c14a10d296b4025eec31e480894e2d38191ab",
            "messageTitle": "fix: fix checkstyle in ProfileWindow.java",
            "messageBody": "",
            "insertions": 4,
            "deletions": 5
          },
          {
            "hash": "00b58e60642fa88595d9f0d72ea78e44900ae411",
            "messageTitle": "test: re-edited `find` related tests to fit new behaviour",
            "messageBody": "",
            "insertions": 39,
            "deletions": 49
          },
          {
            "hash": "c32a391ec2fb857e44b98f2eebd5ed176453afd0",
            "messageTitle": "docs: update README.adoc",
            "messageBody": "",
            "insertions": 19,
            "deletions": 11
          },
          {
            "hash": "d0b151ef33a922e7388e5919139db779a02f6bf7",
            "messageTitle": "docs(fix): add missing emoji",
            "messageBody": "",
            "insertions": 1,
            "deletions": 1
          },
          {
            "hash": "a94de8c1f1999205e26a7cb286414f418ea634fa",
            "messageTitle": "feat: display Profile Visit as ListView",
            "messageBody": "",
            "insertions": 416,
            "deletions": 130
          },
          {
            "hash": "fb269f2f591e6027cb3b503c09cfb27b41907aba",
            "messageTitle": "fix: fix checkstyle violations",
            "messageBody": "",
            "insertions": 9,
            "deletions": 4
          }
        ]
      },
      {
        "insertions": 69,
        "deletions": 30,
        "date": "2019-11-08",
        "commitResults": [
          {
            "hash": "afdaf5168bcb570f731e0e1a97c6653d44c73a49",
            "messageTitle": "fix(ui): fix font not displaying on MacOS",
            "messageBody": "",
            "insertions": 65,
            "deletions": 29
          },
          {
            "hash": "4a776e825c780fa172a91f408bb767b04130f282",
            "messageTitle": "fix(ui): add box for Visits in Profile Panel",
            "messageBody": "",
            "insertions": 4,
            "deletions": 1
          }
        ]
      },
      {
        "insertions": 701,
        "deletions": 200,
        "date": "2019-11-10",
        "commitResults": [
          {
            "hash": "d615ea79cd8a3f41681fd144a92afbcf94a88684",
            "messageTitle": "refactor!: refactor `Profile` component to abide coding standards",
            "messageBody": "",
            "insertions": 286,
            "deletions": 170
          },
          {
            "hash": "84f1988d761a62edfecc2d507b97d0ef066b59ef",
            "messageTitle": "test: add uni tests for ProfileCommand, GenerateProfileCommand, StringUtil, ProfileUtil",
            "messageBody": "",
            "insertions": 331,
            "deletions": 0
          },
          {
            "hash": "6189adac9a372de04f3f79b3b10422719052118b",
            "messageTitle": "chore(docs): update README.adoc",
            "messageBody": "",
            "insertions": 2,
            "deletions": 2
          },
          {
            "hash": "5cbfd8d87d43c7d43b1fc4de25745703fa5206ce",
            "messageTitle": "chore(docs): update UG for `profile` component for v1.4",
            "messageBody": "",
            "insertions": 82,
            "deletions": 28
          }
        ]
      },
      {
        "insertions": 359,
        "deletions": 148,
        "date": "2019-11-11",
        "commitResults": [
          {
            "hash": "f1bde3f3cbec4f2b128161f1ec78d8fefe3ffab7",
            "messageTitle": "docs: add PPP for q-gabe and edit responsibilities on AboutUs.adoc",
            "messageBody": "",
            "insertions": 79,
            "deletions": 2
          },
          {
            "hash": "5aee02413d6a5693e3a712d4475d085ce35b361c",
            "messageTitle": "docs: update UG formatting for `profile`",
            "messageBody": "",
            "insertions": 21,
            "deletions": 20
          },
          {
            "hash": "60525775f1735266cc4ec197612f803a997d5ab8",
            "messageTitle": "docs: update DG `profile` section for v1.4",
            "messageBody": "",
            "insertions": 111,
            "deletions": 108
          },
          {
            "hash": "f71365d447e768a9509d98242a148606115038de",
            "messageTitle": "fix: adjust PPP for page limit",
            "messageBody": "",
            "insertions": 148,
            "deletions": 18
          }
        ]
      }
    ],
    "ReignOfComputer": [
      {
        "insertions": 250,
        "deletions": 3,
        "date": "2019-10-03",
        "commitResults": [
          {
            "hash": "a940a1e8e44ab7cac5e873a3f4567888dd40564b",
            "messageTitle": "docs: add `followup` and `reminder` commands to UG",
            "messageBody": "",
            "insertions": 27,
            "deletions": 0
          },
          {
            "hash": "226656c169173f237a28274493430d0d755aac24",
            "messageTitle": "docs: update DG",
            "messageBody": "",
            "insertions": 223,
            "deletions": 3
          }
        ]
      },
      {
        "insertions": 176,
        "deletions": 0,
        "date": "2019-10-10",
        "commitResults": [
          {
            "hash": "b2942856d8107f931aa78b95146f5ea32198a1ea",
            "messageTitle": "feat: reminder command 1.2-alpha",
            "messageBody": "- Reminder command is now usable\n- Logic to store and load pending\n\nfix: checkstyle\n\nfix: checkstyle\n",
            "insertions": 176,
            "deletions": 0
          }
        ]
      },
      {
        "insertions": 216,
        "deletions": 30,
        "date": "2019-10-17",
        "commitResults": [
          {
            "hash": "194e80c556b0a3a312a1faa1bcaa5b06388cb918",
            "messageTitle": "fix: documentation updates",
            "messageBody": "",
            "insertions": 10,
            "deletions": 10
          },
          {
            "hash": "7de62d97837ac5cffbf090e71c1519eabbf66153",
            "messageTitle": "fix: documentation absolute links",
            "messageBody": "",
            "insertions": 5,
            "deletions": 5
          },
          {
            "hash": "1e4e45baf916c45ea8992f1d5c7e7be275d95499",
            "messageTitle": "feat: reminder command 1.2 + motd",
            "messageBody": "",
            "insertions": 201,
            "deletions": 15
          }
        ]
      },
      {
        "insertions": 376,
        "deletions": 89,
        "date": "2019-10-24",
        "commitResults": [
          {
            "hash": "0b80d1543c1296cea98b6b05084244812f9ec77f",
            "messageTitle": "docs: follow-up and reminders update",
            "messageBody": "",
            "insertions": 115,
            "deletions": 7
          },
          {
            "hash": "e6db45bc09d56e9f179c1bf20ec9c39050baa458",
            "messageTitle": "fix: reminder model declarations",
            "messageBody": "",
            "insertions": 25,
            "deletions": 0
          },
          {
            "hash": "b64095cab4688de5ba1e74f0fd28c8533e995b43",
            "messageTitle": "feat: follow-up command stub",
            "messageBody": "",
            "insertions": 80,
            "deletions": 1
          },
          {
            "hash": "7c38be87e12d33607cf9368904dceb1882dfc6e0",
            "messageTitle": "feat: follow-up and reminder refactor",
            "messageBody": "",
            "insertions": 154,
            "deletions": 81
          },
          {
            "hash": "91bccc30d69298445db774b12db4427654e9c5d8",
            "messageTitle": "fix: unstick Travis",
            "messageBody": "",
            "insertions": 2,
            "deletions": 0
          }
        ]
      },
      {
        "insertions": 72,
        "deletions": 40,
        "date": "2019-10-25",
        "commitResults": [
          {
            "hash": "b15253c7ceff736753dcc83faf63e01ff55d856b",
            "messageTitle": "fix: Travis Time Travel",
            "messageBody": "",
            "insertions": 0,
            "deletions": 27
          },
          {
            "hash": "2c90529118586050d46650512605e982628e827d",
            "messageTitle": "feat: preliminary support for persistant reminders",
            "messageBody": "",
            "insertions": 57,
            "deletions": 11
          },
          {
            "hash": "e6a4ba3b737fd0d3f5eed02b57bc819c38ea7e95",
            "messageTitle": "feat: LocalDate Storage",
            "messageBody": "",
            "insertions": 15,
            "deletions": 2
          }
        ]
      },
      {
        "insertions": 41,
        "deletions": 3,
        "date": "2019-10-26",
        "commitResults": [
          {
            "hash": "2ad7f4dc7967023ffec8e30c572351e2951c337f",
            "messageTitle": "feat: update days remaining for Reminders the next day",
            "messageBody": "",
            "insertions": 41,
            "deletions": 3
          }
        ]
      },
      {
        "insertions": 5,
        "deletions": 7,
        "date": "2019-10-27",
        "commitResults": [
          {
            "hash": "06a5469bda29eb22bc70aac7cea3ea6c9da1851f",
            "messageTitle": "feat: reminders and follow-up 1.3 gold",
            "messageBody": "",
            "insertions": 5,
            "deletions": 6
          },
          {
            "hash": "71983fbffb77ff32a1d6a99713e2e0ca7e26edba",
            "messageTitle": "fix: checkstyle",
            "messageBody": "",
            "insertions": 0,
            "deletions": 1
          }
        ]
      },
      {
        "insertions": 556,
        "deletions": 279,
        "date": "2019-10-31",
        "commitResults": [
          {
            "hash": "9aecab9a490ce17b48c5aaa35d475c906594d4bb",
            "messageTitle": "fix: disallow blank reminders",
            "messageBody": "Closes https://github.com/AY1920S1-CS2103T-F12-2/main/issues/91\n",
            "insertions": 5,
            "deletions": 0
          },
          {
            "hash": "7f66197ce73da0601761fec0bc0d02e463025439",
            "messageTitle": "chore: refactor Reminders to AppointmentTable",
            "messageBody": "",
            "insertions": 125,
            "deletions": 118
          },
          {
            "hash": "8f0f4bc51362523b29132df94eb46137a5ba263d",
            "messageTitle": "feat: hook into Main Window",
            "messageBody": "Closes https://github.com/AY1920S1-CS2103T-F12-2/main/issues/103\n",
            "insertions": 83,
            "deletions": 82
          },
          {
            "hash": "02395f5449b119735bd91c55d78bc43a24b1d0d2",
            "messageTitle": "docs: update Developer Guide for Appointments System",
            "messageBody": "",
            "insertions": 9,
            "deletions": 9
          },
          {
            "hash": "abce80252d344daa7cdbae577f457b47ce80b240",
            "messageTitle": "fix: restored nulled tests",
            "messageBody": "",
            "insertions": 18,
            "deletions": 20
          },
          {
            "hash": "f6f51aa6a0a717793852c1983f7d7c1a3755d64a",
            "messageTitle": "feat: anti-duplicate check",
            "messageBody": "",
            "insertions": 33,
            "deletions": 7
          },
          {
            "hash": "7aea098d5b71e362925caadd2453da77c100dca3",
            "messageTitle": "fix: logic error resulting in repeated appointments",
            "messageBody": "",
            "insertions": 21,
            "deletions": 31
          },
          {
            "hash": "abbcc1f54c4663626b7bde624e8a97a439eddd30",
            "messageTitle": "feat: delete appointment stub",
            "messageBody": "",
            "insertions": 35,
            "deletions": 0
          },
          {
            "hash": "d091bc99625b275f350230adc089dc30d8f0cfad",
            "messageTitle": "feat: delete appointment command",
            "messageBody": "",
            "insertions": 112,
            "deletions": 1
          },
          {
            "hash": "692de134a8e91129bbb112fdc40913ff602add27",
            "messageTitle": "feat: sorting command for appointments",
            "messageBody": "",
            "insertions": 82,
            "deletions": 4
          },
          {
            "hash": "2623588f5cd974fb1057b05c284c6b05bf89175f",
            "messageTitle": "fix: checkstyle",
            "messageBody": "",
            "insertions": 33,
            "deletions": 7
          }
        ]
      },
      {
        "insertions": 1495,
        "deletions": 280,
        "date": "2019-11-01",
        "commitResults": [
          {
            "hash": "87f4cd20fc4df9d10e7ac05b21aa4d0fb6d42584",
            "messageTitle": "fix: appointment system parallel updates",
            "messageBody": "",
            "insertions": 330,
            "deletions": 134
          },
          {
            "hash": "a2e1b7a446cb6c795bb3482e9232a0d2967cba6a",
            "messageTitle": "chore: major appointment system refactoring",
            "messageBody": "",
            "insertions": 113,
            "deletions": 72
          },
          {
            "hash": "2293e507acb9ec72772ddabf0f972898f96c7944",
            "messageTitle": "chore: additional appointment system refactoring",
            "messageBody": "",
            "insertions": 7,
            "deletions": 8
          },
          {
            "hash": "bf8b545783b0af7ee928eb517a3f0de843e9630b",
            "messageTitle": "chore: appointments test v1",
            "messageBody": "",
            "insertions": 791,
            "deletions": 0
          },
          {
            "hash": "834d00ff3b5041b1781f77a15b5ea3a200f3124c",
            "messageTitle": "docs: update UG for appointments",
            "messageBody": "",
            "insertions": 36,
            "deletions": 12
          },
          {
            "hash": "0c1aec5cdf55301c8858f9e109074d781ec04e42",
            "messageTitle": "docs: update DG for appointments",
            "messageBody": "",
            "insertions": 147,
            "deletions": 47
          },
          {
            "hash": "a43326d595158590296b2f00f48248362541e25c",
            "messageTitle": "fix: checkstyle",
            "messageBody": "",
            "insertions": 0,
            "deletions": 3
          },
          {
            "hash": "dd9a7326b8e86a603775be5a3da85cd62ffe279d",
            "messageTitle": "fix: restrict invalid days for appointments (#118)",
            "messageBody": "",
            "insertions": 11,
            "deletions": 0
          },
          {
            "hash": "ca18f1be6a3b4aca2daf14e0700684e5275334a5",
            "messageTitle": "chore: detect collisions on AppointmentList for sync with AppointmentTable",
            "messageBody": "",
            "insertions": 53,
            "deletions": 4
          },
          {
            "hash": "58033544be90e80cb377a761a668f0d0e602d8af",
            "messageTitle": "feat: sort appointments on app launch",
            "messageBody": "",
            "insertions": 7,
            "deletions": 0
          }
        ]
      },
      {
        "insertions": 230,
        "deletions": 28,
        "date": "2019-11-02",
        "commitResults": [
          {
            "hash": "bd15055339214fd7ecdbad3ac0f10087c67d690a",
            "messageTitle": "chore: handle invalid input above max int",
            "messageBody": "Closes https://github.com/AY1920S1-CS2103T-F12-2/main/issues/131, closes https://github.com/AY1920S1-CS2103T-F12-2/main/issues/132.\n",
            "insertions": 14,
            "deletions": 6
          },
          {
            "hash": "0f506dde7a1d56648924fc2564ac5458cf287328",
            "messageTitle": "fix: checkstyle",
            "messageBody": "",
            "insertions": 2,
            "deletions": 1
          },
          {
            "hash": "df92b3a012b88e64f74beb009e858b4ff6a2536b",
            "messageTitle": "feat: clear command now clears appointments",
            "messageBody": "",
            "insertions": 62,
            "deletions": 0
          },
          {
            "hash": "533e34f25a03fe04b1ec35f91037dee084775a5e",
            "messageTitle": "fix: removeappt required params",
            "messageBody": "Closes https://github.com/AY1920S1-CS2103T-F12-2/main/issues/177.\n",
            "insertions": 7,
            "deletions": 2
          },
          {
            "hash": "a92801db40f62697e0c1975c9d3feea5d81dbbe7",
            "messageTitle": "chore: hard-lock arguments",
            "messageBody": "Closes https://github.com/AY1920S1-CS2103T-F12-2/main/issues/163.\n",
            "insertions": 39,
            "deletions": 5
          },
          {
            "hash": "34e6671d10c2124184c112f3b6dce5fa7c08e574",
            "messageTitle": "tests: 20191102 checkpoint",
            "messageBody": "",
            "insertions": 97,
            "deletions": 8
          },
          {
            "hash": "fbbea10cc1196e1a374658678b1648e266f50837",
            "messageTitle": "fix: checkstyle",
            "messageBody": "",
            "insertions": 9,
            "deletions": 6
          }
        ]
      },
      {
        "insertions": 660,
        "deletions": 75,
        "date": "2019-11-03",
        "commitResults": [
          {
            "hash": "45828920cfb061c4bda3af6d4f3392ed2deabadc",
            "messageTitle": "tests: 20191103 checkpoint",
            "messageBody": "",
            "insertions": 370,
            "deletions": 0
          },
          {
            "hash": "4d63b2f49c67ec54bf31216ab9c702be0c0cc466",
            "messageTitle": "docs: update UG",
            "messageBody": "",
            "insertions": 24,
            "deletions": 8
          },
          {
            "hash": "e589555023b2fbba0881fad74c279f9e24f8cd07",
            "messageTitle": "docs: update DG",
            "messageBody": "",
            "insertions": 265,
            "deletions": 66
          },
          {
            "hash": "c0c6c5c6be6b355e1559183cb5095f497b455ea5",
            "messageTitle": "fix: newline",
            "messageBody": "",
            "insertions": 1,
            "deletions": 1
          }
        ]
      },
      {
        "insertions": 237,
        "deletions": 3,
        "date": "2019-11-04",
        "commitResults": [
          {
            "hash": "2ffd45eb753a6327187e05d952f8f7879473e44e",
            "messageTitle": "chore: ppp",
            "messageBody": "",
            "insertions": 115,
            "deletions": 0
          },
          {
            "hash": "168f3218f34f47a871d9e63d16f5f72223747728",
            "messageTitle": "fix: newline",
            "messageBody": "",
            "insertions": 1,
            "deletions": 1
          },
          {
            "hash": "b9c5d2715919fe6ee2e19a2b031cb30dda24b472",
            "messageTitle": "fix: asciidocs includes",
            "messageBody": "GitHub does not support asciidocs includes\n",
            "insertions": 119,
            "deletions": 2
          },
          {
            "hash": "22084673aab2eb0443fe9672c675da0105ae8285",
            "messageTitle": "chore: longer ppp",
            "messageBody": "",
            "insertions": 2,
            "deletions": 0
          }
        ]
      },
      {
        "insertions": 2096,
        "deletions": 2081,
        "date": "2019-11-07",
        "commitResults": [
          {
            "hash": "5b921d60abae9f7b8add8c2afe4201c3f23dc80e",
            "messageTitle": "chore: branding refactor",
            "messageBody": "",
            "insertions": 2086,
            "deletions": 2071
          },
          {
            "hash": "838bbe1669b02cd99b24a1da7f55970b642c1b72",
            "messageTitle": "fix: docs regression from refactoring",
            "messageBody": "",
            "insertions": 10,
            "deletions": 10
          }
        ]
      },
      {
        "insertions": 99,
        "deletions": 36,
        "date": "2019-11-09",
        "commitResults": [
          {
            "hash": "81cc4056cc07bd6451dd8c72b2bdba9ad70bdb9b",
            "messageTitle": "chore: center images and captions on docs",
            "messageBody": "",
            "insertions": 1,
            "deletions": 1
          },
          {
            "hash": "9f47eec44d8efdd7368d305e46c6c2868ba04fae",
            "messageTitle": "docs: formatting and cleanup",
            "messageBody": "",
            "insertions": 59,
            "deletions": 24
          },
          {
            "hash": "19c658b08f5e5aaddb1140dd451f276ee7e99d82",
            "messageTitle": "chore: optimized ppp",
            "messageBody": "",
            "insertions": 38,
            "deletions": 10
          },
          {
            "hash": "5f0c99acd5d45d1802e41ccf15494f67fb34c0aa",
            "messageTitle": "fix: newline",
            "messageBody": "",
            "insertions": 1,
            "deletions": 1
          }
        ]
      },
      {
        "insertions": 16,
        "deletions": 4,
        "date": "2019-11-10",
        "commitResults": [
          {
            "hash": "15f19bfbb64628a58317f14381b87da75623ea43",
            "messageTitle": "chore: enum appointments",
            "messageBody": "",
            "insertions": 16,
            "deletions": 4
          }
        ]
      },
      {
        "insertions": 4,
        "deletions": 4,
        "date": "2019-11-11",
        "commitResults": [
          {
            "hash": "1a3bdb05bd27dccc152cb4d5a2e5cc7d56a073cf",
            "messageTitle": "fix: refactoring artifacts",
            "messageBody": "Oops!\n",
            "insertions": 3,
            "deletions": 3
          },
          {
            "hash": "67fc0be7a3c8de5fcc8dbf8cf2c694c99315201c",
            "messageTitle": "fix: json root name",
            "messageBody": "",
            "insertions": 1,
            "deletions": 1
          }
        ]
      }
    ],
    "Wingedevil": [
      {
        "insertions": 27,
        "deletions": 0,
        "date": "2019-10-03",
        "commitResults": [
          {
            "hash": "e78308d03b176b688396093944fd2a2640a1322a",
            "messageTitle": "docs: update user guide with alias functions",
            "messageBody": "",
            "insertions": 27,
            "deletions": 0
          }
        ]
      },
      {
        "insertions": 198,
        "deletions": 4,
        "date": "2019-10-10",
        "commitResults": [
          {
            "hash": "1274cfd2a8db621c1051119a719b7329887eb796",
            "messageTitle": "feat: add alias command",
            "messageBody": "",
            "insertions": 186,
            "deletions": 4
          },
          {
            "hash": "2a0c0a9af781fd309fecc552e07274b14c451c02",
            "messageTitle": "fix: fix broken tests",
            "messageBody": "",
            "insertions": 12,
            "deletions": 0
          }
        ]
      },
      {
        "insertions": 16,
        "deletions": 7,
        "date": "2019-10-14",
        "commitResults": [
          {
            "hash": "bdcdfd614886952eeb3fbd1fb6b38f2597ec75e9",
            "messageTitle": "fix: fix alias shadowing existing commands",
            "messageBody": "",
            "insertions": 16,
            "deletions": 7
          }
        ]
      },
      {
        "insertions": 95,
        "deletions": 0,
        "date": "2019-10-15",
        "commitResults": [
          {
            "hash": "333cf1126e0bc51ed3c729fd660e9dc63f78bb5c",
            "messageTitle": "feat: add `unalias` command",
            "messageBody": "",
            "insertions": 95,
            "deletions": 0
          }
        ]
      },
      {
        "insertions": 293,
        "deletions": 0,
        "date": "2019-10-16",
        "commitResults": [
          {
            "hash": "b68b0efc1c9d0b350e15cb4147ad560bf8c39268",
            "messageTitle": "test: add test for alias and unalias command",
            "messageBody": "",
            "insertions": 293,
            "deletions": 0
          }
        ]
      },
      {
        "insertions": 100,
        "deletions": 22,
        "date": "2019-10-23",
        "commitResults": [
          {
            "hash": "3d070511af1cd56f6bb664916720b285ea7fb58e",
            "messageTitle": "feat: remove required flag for unalias",
            "messageBody": "",
            "insertions": 9,
            "deletions": 10
          },
          {
            "hash": "3755d66472c38002ad033832b8069bc55d809ff9",
            "messageTitle": "docs: update ug with new commands",
            "messageBody": "",
            "insertions": 17,
            "deletions": 7
          },
          {
            "hash": "410f46997b6aca5ceaf5cfa341c3ae6fcab76088",
            "messageTitle": "refactor: refactor alias table accessors and mutators",
            "messageBody": "",
            "insertions": 35,
            "deletions": 3
          },
          {
            "hash": "0d733d0b1c899913bce3a962569a1d5c18537a23",
            "messageTitle": "docs: edit use cases for alias",
            "messageBody": "",
            "insertions": 20,
            "deletions": 1
          },
          {
            "hash": "c69376efccf6555c8e3b4a7ec619bcb707e38d79",
            "messageTitle": "refactor: refactor apply alias",
            "messageBody": "",
            "insertions": 19,
            "deletions": 1
          }
        ]
      },
      {
        "insertions": 236,
        "deletions": 2,
        "date": "2019-10-24",
        "commitResults": [
          {
            "hash": "a4dc5ec4942a5dbf1914d2b7c0a005df090c4e72",
            "messageTitle": "docs: add implementation of alias into DG",
            "messageBody": "",
            "insertions": 179,
            "deletions": 0
          },
          {
            "hash": "35f6d864f9c8ca26c47b965fddbdd2c16ba72571",
            "messageTitle": "fix: fix tests",
            "messageBody": "",
            "insertions": 57,
            "deletions": 2
          }
        ]
      },
      {
        "insertions": 279,
        "deletions": 5,
        "date": "2019-10-28",
        "commitResults": [
          {
            "hash": "15db8bca05ab3f1c034f0aca4076a42f29ab0b53",
            "messageTitle": "feat: add command to show all existing aliases",
            "messageBody": "",
            "insertions": 278,
            "deletions": 4
          },
          {
            "hash": "5516657c3e85b9edbc4e9476bd694db5f645c085",
            "messageTitle": "fix: fix trailing whitespace on line 143 of UserPrefs.java",
            "messageBody": "",
            "insertions": 1,
            "deletions": 1
          }
        ]
      },
      {
        "insertions": 71,
        "deletions": 5,
        "date": "2019-10-30",
        "commitResults": [
          {
            "hash": "fe7b6ef7bcc5badf914b92b4fda46674d61625e6",
            "messageTitle": "docs: updated user guide",
            "messageBody": "",
            "insertions": 5,
            "deletions": 5
          },
          {
            "hash": "4b98f2b0b671a1f587e932804a35a767df5aed90",
            "messageTitle": "test: add more test for alias feature",
            "messageBody": "",
            "insertions": 66,
            "deletions": 0
          }
        ]
      },
      {
        "insertions": 10,
        "deletions": 10,
        "date": "2019-10-31",
        "commitResults": [
          {
            "hash": "11982f14a61e2604094c9bb251619d034668e90b",
            "messageTitle": "docs: update activity diagram",
            "messageBody": "",
            "insertions": 9,
            "deletions": 9
          },
          {
            "hash": "a2f8851d54435b8a4514a562ad9872bc2ccee539",
            "messageTitle": "doc: add missing new line",
            "messageBody": "",
            "insertions": 1,
            "deletions": 1
          }
        ]
      },
      {
        "insertions": 10,
        "deletions": 12,
        "date": "2019-11-02",
        "commitResults": [
          {
            "hash": "2c54ca911b02ef593cfaa3d8fc833beafa29d31a",
            "messageTitle": "fix: fix alias being applied multiple times",
            "messageBody": "#159\n",
            "insertions": 1,
            "deletions": 1
          },
          {
            "hash": "4dc62560848876d2863e9628f262b798bdd4291f",
            "messageTitle": "fix: fix easter egg",
            "messageBody": " #146, #126\n",
            "insertions": 1,
            "deletions": 3
          },
          {
            "hash": "3e666ad5415485ba2ced1b52060ab5d44740cf7c",
            "messageTitle": "fix: aliaslist title not shown in full",
            "messageBody": "#126\n",
            "insertions": 4,
            "deletions": 4
          },
          {
            "hash": "0add71c7e9555a0a49fdbdfd573cf4e2a7cc6ced",
            "messageTitle": "fix: docs: fix ug having an incorrect command as an example",
            "messageBody": "#147\n",
            "insertions": 4,
            "deletions": 4
          }
        ]
      },
      {
        "insertions": 18,
        "deletions": 8,
        "date": "2019-11-03",
        "commitResults": [
          {
            "hash": "4b39d6adfd411a691d0e9c0c9d52f8dbcd3b3b0b",
            "messageTitle": "fix: fix aliases not being case insensitive",
            "messageBody": "",
            "insertions": 18,
            "deletions": 8
          }
        ]
      },
      {
        "insertions": 290,
        "deletions": 93,
        "date": "2019-11-10",
        "commitResults": [
          {
            "hash": "e13aba7c3ddce8e1af519261a1b9f2541b9b4c8e",
            "messageTitle": "fix: fix alias only matching fully",
            "messageBody": "",
            "insertions": 30,
            "deletions": 11
          },
          {
            "hash": "571be924a902aba5267b74e87207e183ca0d0d23",
            "messageTitle": "docs: update UG and DG",
            "messageBody": "",
            "insertions": 187,
            "deletions": 3
          },
          {
            "hash": "f107c8d6aeebd9befdae3c45d2d7f4e94084ccdb",
            "messageTitle": "chore: update logger of aliaslist window",
            "messageBody": "",
            "insertions": 5,
            "deletions": 0
          },
          {
            "hash": "bcff3e9b0a0c5628aa766aefe7b20aaccde320ca",
            "messageTitle": "docs: add PPP and update UG",
            "messageBody": "",
            "insertions": 65,
            "deletions": 76
          },
          {
            "hash": "757890c20541db957e8b98fe8e801c246bc22120",
            "messageTitle": "fix: fix build",
            "messageBody": "",
            "insertions": 1,
            "deletions": 1
          },
          {
            "hash": "c8aceef71805a6ae74cd792edaed72967b437b82",
            "messageTitle": "fix: import orderof aliaswindow",
            "messageBody": "",
            "insertions": 2,
            "deletions": 2
          }
        ]
      }
    ],
    "SQwQ": [
      {
        "insertions": 457,
        "deletions": 32,
        "date": "2019-09-20",
        "commitResults": [
          {
            "hash": "66afc6eacbf35c1ec7a0d91601d0801389184afe",
            "messageTitle": "tutorial-removing-field",
            "messageBody": "",
            "insertions": 457,
            "deletions": 32
          }
        ]
      },
      {
        "insertions": 25,
        "deletions": 18,
        "date": "2019-09-30",
        "commitResults": [
          {
            "hash": "5d629f0568417fe1242dc5d0d2cb4328c15b6f77",
            "messageTitle": "tutorial-adding-command",
            "messageBody": "",
            "insertions": 5,
            "deletions": 0
          },
          {
            "hash": "d191cd7ecab1dbdb88c67d4187076edf7782c80b",
            "messageTitle": "tutorial-adding-command",
            "messageBody": "",
            "insertions": 5,
            "deletions": 0
          },
          {
            "hash": "b34828694418d448a44afbd12458e01d25b267b3",
            "messageTitle": "tutorial-adding-command",
            "messageBody": "",
            "insertions": 5,
            "deletions": 15
          },
          {
            "hash": "ac14f94b46b43d7a60c4758e58df63b840e3924c",
            "messageTitle": "tutorial-adding-command",
            "messageBody": "",
            "insertions": 1,
            "deletions": 2
          },
          {
            "hash": "7112d02770a73a1e1cae780b25da5d1deb0235e0",
            "messageTitle": "tutorial-adding-command",
            "messageBody": "",
            "insertions": 9,
            "deletions": 1
          }
        ]
      },
      {
        "insertions": 1,
        "deletions": 0,
        "date": "2019-10-01",
        "commitResults": [
          {
            "hash": "d94861eb69c934c51349e9530d5cfad01ed45283",
            "messageTitle": "passed-tests",
            "messageBody": "",
            "insertions": 1,
            "deletions": 0
          }
        ]
      },
      {
        "insertions": 40,
        "deletions": 0,
        "date": "2019-10-03",
        "commitResults": [
          {
            "hash": "5415e57dabeadacf496ff5ed8a88b7f7e49547e7",
            "messageTitle": "Updated part from UG Commits",
            "messageBody": "",
            "insertions": 40,
            "deletions": 0
          }
        ]
      },
      {
        "insertions": 529,
        "deletions": 422,
        "date": "2019-10-06",
        "commitResults": [
          {
            "hash": "e20c4dc8bbd0e36dd99233ec11cb9fc6122aa5be",
            "messageTitle": "refactored Remark to AddVisit",
            "messageBody": "",
            "insertions": 56,
            "deletions": 56
          },
          {
            "hash": "831d1b98776437102ed4dd7b0e28c5b9496f46fc",
            "messageTitle": "refactored Remark field in Person to VisitationRecord",
            "messageBody": "",
            "insertions": 141,
            "deletions": 149
          },
          {
            "hash": "d5698ea8b85cc85df74286e0c7b2b87d1cfcbd03",
            "messageTitle": "refactor: change VisitationRecord field in Person to VisitList and RemarkCommandParser to AddVisitCommandParser",
            "messageBody": "improvement: add JsonAdaptedVisit.java\n",
            "insertions": 225,
            "deletions": 180
          },
          {
            "hash": "6f2a30faa36c347e7557ba60ee3210762206dfdc",
            "messageTitle": "feat(VisitList): add ability to add a VisitList for each person",
            "messageBody": "",
            "insertions": 107,
            "deletions": 37
          }
        ]
      },
      {
        "insertions": 1461,
        "deletions": 333,
        "date": "2019-10-08",
        "commitResults": [
          {
            "hash": "00979107a704b2114debc04eea58f6ea2263199f",
            "messageTitle": "feat(AddVisit): add pop up form for user to key in details of report and save them in the json file",
            "messageBody": "",
            "insertions": 455,
            "deletions": 26
          },
          {
            "hash": "c474d975bc3d87aae456ab18f7393251bb2e7b7a",
            "messageTitle": "feat(deleteVisit): add pop up list for user to see list of visits for chosen patient when user uses deleteVisit command only specifying index of patient",
            "messageBody": "feat(deleteVisit): add deleteVisit command to delete visit record by index when user uses deleteVisit command with both index of patient and index of report to be deleted\n",
            "insertions": 458,
            "deletions": 80
          },
          {
            "hash": "163cf3e14a980ed99c38aa47ea96cd66559094a4",
            "messageTitle": "test: created tests for new commands",
            "messageBody": "docs: checkstyle compliance\n",
            "insertions": 544,
            "deletions": 224
          },
          {
            "hash": "f31d880b84ad3a22a98b778642400ac6da728813",
            "messageTitle": "checkstyle compliance",
            "messageBody": "",
            "insertions": 1,
            "deletions": 1
          },
          {
            "hash": "03cdf733ed0753dd63ee03f0ac5be3f178c77d0f",
            "messageTitle": "test compliance",
            "messageBody": "",
            "insertions": 1,
            "deletions": 1
          },
          {
            "hash": "1b078abb6bf31f5620e4a4492503b08959379fcb",
            "messageTitle": "test compliance",
            "messageBody": "",
            "insertions": 2,
            "deletions": 1
          }
        ]
      },
      {
        "insertions": 112,
        "deletions": 19,
        "date": "2019-10-11",
        "commitResults": [
          {
            "hash": "0f94939ffe1d073f2557ed06772a07a81b401a7f",
            "messageTitle": "feat: all commands are now non-case sensitive fix: change message displayed when deletevisit command has no report index",
            "messageBody": "",
            "insertions": 96,
            "deletions": 5
          },
          {
            "hash": "f8c77ccf3cc94a953958831ab3170e9cd0bad764",
            "messageTitle": "fix: checkStyleTest",
            "messageBody": "",
            "insertions": 16,
            "deletions": 14
          }
        ]
      },
      {
        "insertions": 29,
        "deletions": 7,
        "date": "2019-10-14",
        "commitResults": [
          {
            "hash": "580a13b4d86c03bbd09a99038c7f762c2161c700",
            "messageTitle": "fix: addvisit command now correctly handles invalid inputs #52",
            "messageBody": "",
            "insertions": 29,
            "deletions": 7
          }
        ]
      },
      {
        "insertions": 340,
        "deletions": 80,
        "date": "2019-10-19",
        "commitResults": [
          {
            "hash": "d725903b3ebacd1f6640a36435ddadc3dbe597fb",
            "messageTitle": "feat: editvisit command implemented",
            "messageBody": "",
            "insertions": 236,
            "deletions": 31
          },
          {
            "hash": "9413e8c3a6ce4805ef813ff3d7b9ce29f44015d5",
            "messageTitle": "feat: visitlist is now ordered (latest report will be at the front of the list) refactor: methods shared by DeleteVisitCommand and EditVisitCommand and AddVisitCommand are renamed in MainWindow.java",
            "messageBody": "",
            "insertions": 36,
            "deletions": 15
          },
          {
            "hash": "ac4c98bd43397549b8f55334e09b4b77e91b0fd5",
            "messageTitle": "UI: VisitList panel now follows DarkTheme UI: VisitList panel will no longer hide behind main window when user clicks on main window to re-enter command fix: checkstyle",
            "messageBody": "",
            "insertions": 56,
            "deletions": 32
          },
          {
            "hash": "565578952415f0c51cc00246a17aee443c70cce2",
            "messageTitle": "fix: fixed broken test",
            "messageBody": "",
            "insertions": 12,
            "deletions": 1
          },
          {
            "hash": "90ef1a48d84e8bd968a283849a35334ea2e2b3f0",
            "messageTitle": "fix: checkStyle compliance",
            "messageBody": "",
            "insertions": 0,
            "deletions": 1
          }
        ]
      },
      {
        "insertions": 137,
        "deletions": 35,
        "date": "2019-10-22",
        "commitResults": [
          {
            "hash": "a85cc59384bf02558785f22eda9951aac6b843b8",
            "messageTitle": "docs: updated dev guide",
            "messageBody": "",
            "insertions": 135,
            "deletions": 31
          },
          {
            "hash": "43700d9e4f401cdfd4447078e67911502a23f45d",
            "messageTitle": "fix: checkstyle",
            "messageBody": "",
            "insertions": 2,
            "deletions": 4
          }
        ]
      },
      {
        "insertions": 1,
        "deletions": 1,
        "date": "2019-10-23",
        "commitResults": [
          {
            "hash": "a0f7110e60f130f75f16c567a0bbc123e65fd1cd",
            "messageTitle": "docs: fixed headings for Design considerations",
            "messageBody": "",
            "insertions": 1,
            "deletions": 1
          }
        ]
      },
      {
        "insertions": 173,
        "deletions": 22,
        "date": "2019-10-27",
        "commitResults": [
          {
            "hash": "db4a9a2fda681edf89a259349e7fcf392ab45025",
            "messageTitle": "Docs and bug fixes (#89)",
            "messageBody": "* fix: fixed bug #86\r\nUI: Changed display text for VisitList\r\n\r\n* fix: fixed bug where medicine/diagnosis/prescription fields are reset to null everytime add/edit/deletevisit is run after VISIT restarts\r\n\r\n* fix: SaveVisitCommand\u0027s success message displays correctly\r\nUI: Changed display message for addvisit/deletevisit/savevisit commands\r\nUI: VisitListPanel of reports closes before form pop ups for edit.\r\n\r\n* docs: updated UML diagrams for DG\r\n",
            "insertions": 173,
            "deletions": 22
          }
        ]
      },
      {
        "insertions": 175,
        "deletions": 20,
        "date": "2019-10-29",
        "commitResults": [
          {
            "hash": "0cee696aec1bb00a417e106c083c03b56a053792",
            "messageTitle": "docs: fixed some copy-pasted comments feat: List Empty prompt similar to HelpWindow is shown instead of empty VisitListPanel when chosen person for edit/deletevisit has no past records chore: changed no index prompt messages for edit/deletevisit",
            "messageBody": "",
            "insertions": 175,
            "deletions": 20
          }
        ]
      },
      {
        "insertions": 56,
        "deletions": 25,
        "date": "2019-10-30",
        "commitResults": [
          {
            "hash": "b5c3d06da7b914a1feb26d2b1a183279de13667c",
            "messageTitle": "docs: UG",
            "messageBody": "",
            "insertions": 52,
            "deletions": 22
          },
          {
            "hash": "0ef2498e655eb7329e43947e9e88ca3f09e0cae4",
            "messageTitle": "docs: UG fix: checkstyle",
            "messageBody": "",
            "insertions": 0,
            "deletions": 2
          },
          {
            "hash": "ffe35d9c5d019e043ab24172f78d48de2703f582",
            "messageTitle": "fix: checkstyle",
            "messageBody": "",
            "insertions": 1,
            "deletions": 1
          },
          {
            "hash": "ab889864ab9e926731c1fe4f8de5ecd6aca567fd",
            "messageTitle": "fix: visit list panel will now hide when visit form shows",
            "messageBody": "",
            "insertions": 3,
            "deletions": 0
          }
        ]
      },
      {
        "insertions": 36,
        "deletions": 15,
        "date": "2019-10-31",
        "commitResults": [
          {
            "hash": "72579763fef43b970638b3a9beb01a21991b15a3",
            "messageTitle": "docs: Updated UG images",
            "messageBody": "",
            "insertions": 36,
            "deletions": 15
          }
        ]
      },
      {
        "insertions": 27,
        "deletions": 11,
        "date": "2019-11-02",
        "commitResults": [
          {
            "hash": "9501294fac3c27a986e97467244f96b67c58cb7b",
            "messageTitle": "fix: #122 #123 #138 #140 #142",
            "messageBody": "",
            "insertions": 15,
            "deletions": 4
          },
          {
            "hash": "cdd7ca3cc3ce05622de2d5aaf1ea11bd4e7641cc",
            "messageTitle": "fix: closes #141 #152 #153 #154 fixed bug which shows up when the app initialises without a Json file",
            "messageBody": "",
            "insertions": 12,
            "deletions": 7
          }
        ]
      },
      {
        "insertions": 348,
        "deletions": 124,
        "date": "2019-11-05",
        "commitResults": [
          {
            "hash": "51a662ec5c6a264c1b645d65d8664a178b7bb8f1",
            "messageTitle": "fix: closes #127 Updated error message and years 19xx are accepted too, #175 Exit using esc key, #188 docs: Updated UG,DG and PPP tests: added and edited tests refactor: refactor boolean variable names in CommandResult to comply with coding standards",
            "messageBody": "",
            "insertions": 328,
            "deletions": 107
          },
          {
            "hash": "54a3b3bee954720103b042af5d71357d74ebda57",
            "messageTitle": "fix:checkstyle",
            "messageBody": "",
            "insertions": 18,
            "deletions": 15
          },
          {
            "hash": "25f0a0957e888938b239877320fe83d5d279cc85",
            "messageTitle": "chore:changed back to f2",
            "messageBody": "",
            "insertions": 2,
            "deletions": 2
          }
        ]
      },
      {
        "insertions": 23,
        "deletions": 23,
        "date": "2019-11-06",
        "commitResults": [
          {
            "hash": "da2f0865969be12fc038fa12ebf4c883b4d390fb",
            "messageTitle": "fix: checkstyle",
            "messageBody": "",
            "insertions": 1,
            "deletions": 1
          },
          {
            "hash": "dd711a56bc86110d353e4b699a3db6bb0c231445",
            "messageTitle": "fix: exit",
            "messageBody": "",
            "insertions": 22,
            "deletions": 22
          }
        ]
      },
      {
        "insertions": 1,
        "deletions": 1,
        "date": "2019-11-08",
        "commitResults": [
          {
            "hash": "0bd977b3001f4d131d3f1202532f5dc04d01b3f9",
            "messageTitle": "chore: changed PPP name",
            "messageBody": "",
            "insertions": 0,
            "deletions": 0
          },
          {
            "hash": "af8e2223d759e47bc917f679c75437e7629c3e73",
            "messageTitle": "fix: fixe broken PPP link",
            "messageBody": "",
            "insertions": 1,
            "deletions": 1
          }
        ]
      },
      {
        "insertions": 42,
        "deletions": 13,
        "date": "2019-11-10",
        "commitResults": [
          {
            "hash": "5be46dced71c7ac7354087e036665ef292ecb79a",
            "messageTitle": "refactor: changed magic numbers fix: fixed bug where editvisit 1 i/-1 will not throw error fix: fixed the same bug for deletevisit",
            "messageBody": "",
            "insertions": 31,
            "deletions": 5
          },
          {
            "hash": "78e4f0cb698ffaf171f8054bcad7ad62b190dc64",
            "messageTitle": "chore: checkstyle compliance docs:updated UG of new behavior for deletevisit and editvisit command",
            "messageBody": "",
            "insertions": 11,
            "deletions": 8
          }
        ]
      }
    ],
    "gachia": [
      {
        "insertions": 1,
        "deletions": 1,
        "date": "2019-09-17",
        "commitResults": [
          {
            "hash": "e00027858dbf9b8d3c73ed1f7371c040b2a95bd8",
            "messageTitle": "For Pull Request",
            "messageBody": "Made change so that it\u0027s possible to do a PR to original repo\n",
            "insertions": 1,
            "deletions": 1
          }
        ]
      },
      {
        "insertions": 31,
        "deletions": 16,
        "date": "2019-10-03",
        "commitResults": [
          {
            "hash": "63a2658e190d332a13103370b09a9c5078f248de",
            "messageTitle": "Updated Readme (#10)",
            "messageBody": "* Adjusted Readme\r\n\r\ndocs: Changed Readme to fit our product description\r\ndocs: change UI image to our mockup UI image of our product\r\n\r\n* Fixed Readme\r\n\r\nfix: Fix wrong UI link\r\n\r\n* Updated Readme\r\n\r\ndocs: adjusted UI image to have wider width\r\n",
            "insertions": 13,
            "deletions": 16
          },
          {
            "hash": "6640d63495c28291d467368c61dcf2c87a02e448",
            "messageTitle": "Updated User Guide",
            "messageBody": "docs: added v2.0 features for the UG\n",
            "insertions": 18,
            "deletions": 0
          }
        ]
      },
      {
        "insertions": 17,
        "deletions": 24,
        "date": "2019-10-10",
        "commitResults": [
          {
            "hash": "e00b21218deed7c32d8d44316f2322c52c186e7f",
            "messageTitle": "Fixed README",
            "messageBody": "fix: updated sitemap links to point to the correct files\n",
            "insertions": 5,
            "deletions": 5
          },
          {
            "hash": "5c489d2034aabeadda5c4b53c7aff52ce2660d0a",
            "messageTitle": "Updated Ui elements (#43)",
            "messageBody": "chore: updated Ui concept with finalised version\r\nchore: remove Status Placeholder from Ui\r\nchore: updated Help page link to user guide\r\nchore: adjusted positioning of Ui elements",
            "insertions": 12,
            "deletions": 19
          }
        ]
      },
      {
        "insertions": 60,
        "deletions": 13,
        "date": "2019-10-16",
        "commitResults": [
          {
            "hash": "0d2c483f1faa44e5d1f4e647d25802f9d45b62bc",
            "messageTitle": "Updated GUI to the UI concept design (#55)",
            "messageBody": "* Updated GUI to the UI concept\r\n\r\nadd: Used Icons from docs to create 32x32 pixels icons for Application usage in resources folder\r\nchore: Moved UI elements to follow UI design\r\nchore: Added Send button for mouse click\r\nchore: Added Title labels for main Appointment and Patient addressbook\r\nchore: Updated App Icon with product icon and added Icon to menu bar\r\n\r\n* Replaced Squished Icons with 1:1 aspect ratio\r\n\r\nfix: Replaced badly cropped icons with proper 1:1 icons with help from @Q-gabe\r\n",
            "insertions": 60,
            "deletions": 13
          }
        ]
      },
      {
        "insertions": 60,
        "deletions": 50,
        "date": "2019-10-17",
        "commitResults": [
          {
            "hash": "e67a1db5c17730f816faf52569badf806875b94d",
            "messageTitle": "Changed Font and Color Scheme of UI (#68)",
            "messageBody": "* Change Font and Color Scheme of UI\r\n\r\nchore: changed font to Gill Sans MT, following the UI design\r\nchore: changed color palette of app to follow UI design\r\nfeat: add \u003e to the Command Box for better clarity of where to type\r\n",
            "insertions": 60,
            "deletions": 50
          }
        ]
      },
      {
        "insertions": 115,
        "deletions": 13,
        "date": "2019-10-24",
        "commitResults": [
          {
            "hash": "b5ae0e731abf0809f91077b7fb4ff17537a617b0",
            "messageTitle": "Updated DevGuide for UI redesign (#78)",
            "messageBody": "docs: added GUI redesign part in Implementation section of DevGuide\r\ndocs: added Ui Redesign Class Diagram PlantUML file and image\r\ncleanup: Rename ProfilePanel to ProfileWindow to follow naming structure\r\ncleanup: added fxid to ReminderPanel for future use",
            "insertions": 115,
            "deletions": 13
          }
        ]
      },
      {
        "insertions": 81,
        "deletions": 31,
        "date": "2019-10-25",
        "commitResults": [
          {
            "hash": "6cb4b2b8d7ed58ef5c80c61ac63f97cdbdfc79ca",
            "messageTitle": "Updated Visit forms and Profile to fit UI redesign (#85)",
            "messageBody": "* Updated Visit forms and Profile to fit UI redesign\r\n\r\nchore: VisitRecordForm and VisitListPanel follow Ui design\r\ncleanup: Added Label to VisitListPanel for improved clarity\r\ncleanup: after discussing, changed ProfileWindow to not use pop-up style\r\ncleanup: fix formatting issues with MainWindow\r\nchore: updated CSS for the forms\r\n\r\n* cleanup: remove unused import statments\r\n\r\n* cleanup: fix checkstyle in css file\r\n",
            "insertions": 81,
            "deletions": 31
          }
        ]
      },
      {
        "insertions": 283,
        "deletions": 7,
        "date": "2019-10-29",
        "commitResults": [
          {
            "hash": "fd16cf68e4e898f022a2feba5b0573baebd61b6f",
            "messageTitle": "Added Reminder UI to the MainWindow (#93)",
            "messageBody": "* Added Reminder UI to the MainWindow\r\n\r\nchore: added the ReminderCard and ReminderList for the MainWindow to display\r\nchore: added ReminderStub object for use\r\nchore: added test arraylist to test functionality in MainWindow in Reminder (suggest changing Reminder to Reminders or something similar)\r\nnote: Obtaining Reminder list goes through same flow as Person list. This is through Logic -\u003e Model.\r\n\r\n* fix checkstyle\r\n\r\n* temp fix: Remove failing test check temporarily\r\n\r\nRemove failing test check get the commit out. @ReignOfComputer will improve code logic to ensure the test case passes.\r\n\r\n* fix checkstyle.........again\r\n",
            "insertions": 283,
            "deletions": 7
          }
        ]
      },
      {
        "insertions": 154,
        "deletions": 71,
        "date": "2019-10-30",
        "commitResults": [
          {
            "hash": "4dce0b97246b720ed084f5039f474f75fcb180f7",
            "messageTitle": "More UI updates (#94)",
            "messageBody": "* More UI updates\r\n\r\nchore: Increase window size for increased visual space\r\nchore: Increase resultDisplay to fit 4 lines\r\nchore: Added header text to fields of PersonCard and VisitCard\r\nchore: Added header for null/empty fields for VisitCard\r\nchore: updated AliasList design\r\nchore: Removed selected effect and added hover effect in CSS\r\nchore: updated UI design in VisitListPanel\r\nchore: updated window titles in VisitListPanel and Alias List\r\n\r\n* fix checkstyle\r\n",
            "insertions": 88,
            "deletions": 47
          },
          {
            "hash": "a32ae4b49431c35cf2b81ebcd9eeed768364b800",
            "messageTitle": "More, More UI changes (#97)",
            "messageBody": "* More UI updates\r\n\r\nchore: added 2 icons to the MainWindow for more visual appeal\r\nchore: added list of quick commands to HelpWindow for users\r\nchore: updated CSS for HelpWindow\r\ndocs: updated help command to reflect changes in HelpWindow in User Guide\r\n\r\n* fix checkstyle\r\n\r\nchore: removed hover over list cell to prevent unintended interaction\r\n",
            "insertions": 66,
            "deletions": 24
          }
        ]
      },
      {
        "insertions": 208,
        "deletions": 19,
        "date": "2019-10-31",
        "commitResults": [
          {
            "hash": "5630435d9dc004375108de386f910ea330257c68",
            "messageTitle": "Fixed Reminders GUI not updating (#113)",
            "messageBody": "* Fixed Reminders GUI not updating\r\n\r\nfix (dirty): Created a AppointmentList class to handle data for GUI usage, while Appointment Table still stores the data in jsonfile. Both run in parallel, which means data is added in both objects when using Reminder Command.\r\nfix: some renaming for better clarity and format\r\ntemp: disabled delete and sort reminder command as they are not ready for v1.3\r\n@ReignOfComputer will continue refactoring this.\r\n\r\n* Removed DeleteReminder command test\r\n\r\nbecause command is currently disabled\r\n",
            "insertions": 208,
            "deletions": 19
          }
        ]
      },
      {
        "insertions": 58,
        "deletions": 34,
        "date": "2019-11-02",
        "commitResults": [
          {
            "hash": "5cf55c607de59b6d72ffad8b7e12d9feebea01e2",
            "messageTitle": "fix: #182, #178, #165, #130 (#187)",
            "messageBody": "Fixed these issues.\r\nfix: #182\r\nfix: #178\r\nfix: #165\r\nfix: #130\r\n\r\nTags will always be in lower-case and will not have duplicates\r\nLong input fixed in ResultDisplay. It will now wrap text.\r\nLong input in CommandBox is now visible and not blocked by the Send button\r\nAll commands are now available in the help window. The user will still be required to see the User Guide for more detailed information.",
            "insertions": 58,
            "deletions": 34
          }
        ]
      },
      {
        "insertions": 60,
        "deletions": 14,
        "date": "2019-11-04",
        "commitResults": [
          {
            "hash": "ffe9ab7a4020b5e99e8d9e2f99be55692c2eed3f",
            "messageTitle": "More UI fixes (#196)",
            "messageBody": "fix: Fix minor newline error in Help and added Date format example.\r\nfix: Motd window now follows CSS style\r\nfix: Added new icons for the titles, replacing them with unicode characters that change based on platform.\r\nfix: Added package font so that it remains consistent throughout all platforms. Required @Q-gabe to test.\r\n",
            "insertions": 60,
            "deletions": 14
          }
        ]
      },
      {
        "insertions": 249,
        "deletions": 64,
        "date": "2019-11-08",
        "commitResults": [
          {
            "hash": "51dd5b0e3ade16b7ba0d2cb8da49874a8a91c096",
            "messageTitle": "Fixed UI and updated UGDG (#199)",
            "messageBody": "* Fixed UI and updated UGDG\r\n\r\nfix: Save Button in VisitRecordWindow now shows the corresponding button to save\r\nremoved: F2 shortcut is removed for Message of the Day since there is already a command to display it.\r\ndocs: updated Readme to current implementation\r\ndocs: updated AB3 portions of UG to fit current implementation\r\ndocs: updated Logic, Model, Storage diagrams and expanded on GUI redesign section in DG\r\n\r\n* fix checkstyle\r\n",
            "insertions": 248,
            "deletions": 60
          },
          {
            "hash": "66a4fd159fdb80fc25d01e77641c6607184562a3",
            "messageTitle": "fix: Packaged Font loaded properly in MainWindow (#204)",
            "messageBody": "* fix: Packaged font loaded correctly in MainWindow\r\n",
            "insertions": 1,
            "deletions": 4
          }
        ]
      },
      {
        "insertions": 222,
        "deletions": 13,
        "date": "2019-11-09",
        "commitResults": [
          {
            "hash": "c8a989b841e311d3be490dcc0e48ccda4f1fc029",
            "messageTitle": "PPP submission (#205)",
            "messageBody": "* Updated PPP\r\n\r\ndocs: Wrote personal PPP and added previous Ui Concept design for it.\r\ndocs: Updated AboutUs page to reflect new PPP.\r\n",
            "insertions": 210,
            "deletions": 2
          },
          {
            "hash": "b2d9fe3aeee73566bb5cb79c44ab6a16ac9b9381",
            "messageTitle": "docs: aligned images in PPP to center (#207)",
            "messageBody": "* docs: updated PPP to align images to center\r\n",
            "insertions": 12,
            "deletions": 11
          }
        ]
      },
      {
        "insertions": 199,
        "deletions": 34,
        "date": "2019-11-11",
        "commitResults": [
          {
            "hash": "678f5a3a16031550b8edc281e8ea42d2b877d138",
            "messageTitle": "Final Updates to UGDG (#215)",
            "messageBody": "* Final Updates to UGDG\r\n\r\ndocs: fix @Wingedevil link to PPP in About Us\r\ndocs: Added Manual Testing Appendix to DG\r\ndocs: Updated Ui image to reflect latest build\r\ndocs: Standardised image sizes in UG\r\nsmall fix: made label focus untraversable in CommandBox\r\n",
            "insertions": 199,
            "deletions": 34
          }
        ]
      }
    ]
  },
  "authorFinalContributionMap": {
    "Q-gabe": 2512,
    "ReignOfComputer": 5720,
    "Wingedevil": 1356,
    "SQwQ": 2511,
    "gachia": 1307
  },
  "authorFileTypeContributionMap": {
    "Q-gabe": {
      "docs": 643,
      "tests": 362,
      "functional": 1304,
      "other": 203
    },
    "ReignOfComputer": {
      "docs": 756,
      "tests": 2740,
      "functional": 1972,
      "other": 252
    },
    "Wingedevil": {
      "docs": 216,
      "tests": 427,
      "functional": 569,
      "other": 144
    },
    "SQwQ": {
      "docs": 239,
      "tests": 601,
      "functional": 1496,
      "other": 175
    },
    "gachia": {
      "docs": 478,
      "tests": 24,
      "functional": 556,
      "other": 249
    }
  },
  "authorContributionVariance": {
    "Q-gabe": 33334.58,
    "ReignOfComputer": 313733.47,
    "Wingedevil": 5883.493,
    "SQwQ": 67144.445,
    "gachia": 5754.594
  },
  "authorDisplayNameMap": {
    "Q-gabe": "CS2103T-F12-2 GABRI ... N XIN",
    "ReignOfComputer": "CS2103T-F12-2 JASON ... G KAY",
    "Wingedevil": "CS2103T-F12-2 JERRO ... YU YI",
    "SQwQ": "CS2103T-F12-2 ZHENG ... IQIAO",
    "gachia": "CS2103T-F12-2 GABRI ... ENHAO"
  }
}
