{
  "authorDailyContributionsMap": {
    "Q-gabe": [
      {
        "insertions": 3,
        "deletions": 3,
        "date": "2019-09-26",
        "commitResults": [
          {
            "hash": "b6a35189aaca7383d5d942af8aa12add90709ad1",
            "messageTitle": "Update site-wide documentation settings.",
            "messageBody": "",
            "insertions": 3,
            "deletions": 3
          }
        ]
      },
      {
        "insertions": 98,
        "deletions": 64,
        "date": "2019-10-03",
        "commitResults": [
          {
            "hash": "99d192ecfa4f1ba2e49e069b68e104e17b29c1c6",
            "messageTitle": "docs: update AboutUs.adoc to show current member details",
            "messageBody": "",
            "insertions": 36,
            "deletions": 28
          },
          {
            "hash": "1fe3021c3c6e1e40971c0f48b22c368c322ccbe7",
            "messageTitle": "docs: update ContactUs.adoc (team e-mail and issue tracker)",
            "messageBody": "",
            "insertions": 3,
            "deletions": 3
          },
          {
            "hash": "2d5db11ac8cbfdda51f87289b85d7bb84e4a478d",
            "messageTitle": "docs: fix breaklines and formatting in AboutUs.adoc",
            "messageBody": "",
            "insertions": 7,
            "deletions": 7
          },
          {
            "hash": "1ba11559c006d99a2cd7da45d98258259278b2b3",
            "messageTitle": "docs: update UG and add `profile` command to UG",
            "messageBody": "",
            "insertions": 46,
            "deletions": 20
          },
          {
            "hash": "1c57201cd834719c21dc9e7de2769626fcc3c19e",
            "messageTitle": "fix: change developer picture names to fit requirement",
            "messageBody": "",
            "insertions": 6,
            "deletions": 6
          }
        ]
      },
      {
        "insertions": 98,
        "deletions": 40,
        "date": "2019-10-07",
        "commitResults": [
          {
            "hash": "3daa1e4efd2c5c0ac63274c3189625c67466fc18",
            "messageTitle": "docs: update new README.adoc to reflect branding change",
            "messageBody": "",
            "insertions": 73,
            "deletions": 16
          },
          {
            "hash": "f7f222e010f185043c19eaa70f33720a69fb5300",
            "messageTitle": "fix: fix broken links in top nav and syntax highlight for instructions",
            "messageBody": "",
            "insertions": 18,
            "deletions": 17
          },
          {
            "hash": "1584f8415166c88c97b68f0b9056ac916b1baba1",
            "messageTitle": "fix: fix break lines in Key Feature list and syntax highlighting",
            "messageBody": "",
            "insertions": 6,
            "deletions": 6
          },
          {
            "hash": "b73b68e19d108f773548df5cbdebf54b2390072b",
            "messageTitle": "fix: remove trailing whitespace",
            "messageBody": "",
            "insertions": 1,
            "deletions": 1
          }
        ]
      },
      {
        "insertions": 115,
        "deletions": 2,
        "date": "2019-10-10",
        "commitResults": [
          {
            "hash": "5846c607d37967467bf4abca69d7efb426d57a65",
            "messageTitle": "feat: add recognition for `profile [INDEX]` command",
            "messageBody": "",
            "insertions": 114,
            "deletions": 1
          },
          {
            "hash": "d1f637d7603e1523dd1822d73630be7a469e2359",
            "messageTitle": "fix: update ProfileCommand.java",
            "messageBody": "Removed Debug prefix.",
            "insertions": 1,
            "deletions": 1
          }
        ]
      },
      {
        "insertions": 511,
        "deletions": 75,
        "date": "2019-10-14",
        "commitResults": [
          {
            "hash": "34f603dd3d308b48078683a5ee390723373483c0",
            "messageTitle": "feat: add profile panel handler and fxml",
            "messageBody": "",
            "insertions": 374,
            "deletions": 0
          },
          {
            "hash": "3418c1b2ae0be69a642bf8de53fa499034d83739",
            "messageTitle": "feat: add `profile` command functionality to open profile panel",
            "messageBody": "",
            "insertions": 45,
            "deletions": 23
          },
          {
            "hash": "efe398028dee09b336858f4e09eceea0c5989690",
            "messageTitle": "chore: update command tests to reflect new CommandResult constructor changes",
            "messageBody": "",
            "insertions": 4,
            "deletions": 4
          },
          {
            "hash": "8ab27fb447fb827b519bd81781c18fc8333cf006",
            "messageTitle": "feat: support profilePanel feature from the main window",
            "messageBody": "",
            "insertions": 21,
            "deletions": 0
          },
          {
            "hash": "3691cd9ce7c805a22c9d2310bdc306e924ab3b2e",
            "messageTitle": "chore: updated DarkTheme.css for new classes used in ProfilePanel",
            "messageBody": "",
            "insertions": 14,
            "deletions": 0
          },
          {
            "hash": "e617bc95f20a891fd736a0e032461eb5bccbc815",
            "messageTitle": "style(forms): add css support for VisitRecordForm and compatibility with sceneBuilder",
            "messageBody": "",
            "insertions": 53,
            "deletions": 48
          }
        ]
      },
      {
        "insertions": 204,
        "deletions": 152,
        "date": "2019-10-21",
        "commitResults": [
          {
            "hash": "52ea3b5b998335145170cb5bf05f0cbc3dfb5490",
            "messageTitle": "docs: update UG to reflect changes in v1.2",
            "messageBody": "",
            "insertions": 173,
            "deletions": 122
          },
          {
            "hash": "defa1bac436a4e3c8c3d83ceccc39b7b222e23de",
            "messageTitle": "docs: update use of captions in UG and rephrase reminder and follow-up tips for tone",
            "messageBody": "",
            "insertions": 7,
            "deletions": 6
          },
          {
            "hash": "1b9a00888ef885796e070e11efa172199bc81d13",
            "messageTitle": "fix (docs): standardise all commands to lowercase; visitation \"record\" revised to \"report\" for all instances",
            "messageBody": "",
            "insertions": 24,
            "deletions": 24
          }
        ]
      },
      {
        "insertions": 7,
        "deletions": 6,
        "date": "2019-10-22",
        "commitResults": [
          {
            "hash": "1ccb1195bcbeaa26ac8fead0a25b695ccf094edd",
            "messageTitle": "fix: fix repo docsite title for mainpage",
            "messageBody": "",
            "insertions": 5,
            "deletions": 2
          },
          {
            "hash": "a931d88d8a374e049e557da193945da4404c4f29",
            "messageTitle": "docs: update navbar layout and icon and default site title",
            "messageBody": "",
            "insertions": 2,
            "deletions": 2
          },
          {
            "hash": "52ed44baba0f2b943b07e06bb05f5bf59a11857d",
            "messageTitle": "fix: remove title for README.adoc due to GitHub ignoring `:notitle:`",
            "messageBody": "",
            "insertions": 0,
            "deletions": 2
          }
        ]
      },
      {
        "insertions": 42,
        "deletions": 63,
        "date": "2019-10-23",
        "commitResults": [
          {
            "hash": "5fbb761f5c86da2f4fdc7eba1e234274405e99e6",
            "messageTitle": "docs: update miscellaneous docs to remove AB3 references",
            "messageBody": "",
            "insertions": 19,
            "deletions": 25
          },
          {
            "hash": "aac22bb62c3134725df68284e73974de09b0b05f",
            "messageTitle": "docs: fix broken links and general housekeeping of DeveloperGuide.adoc",
            "messageBody": "",
            "insertions": 23,
            "deletions": 38
          }
        ]
      },
      {
        "insertions": 54,
        "deletions": 3,
        "date": "2019-10-24",
        "commitResults": [
          {
            "hash": "6d9aff65c7bbe415aa1351757d993e31cb691bcf",
            "messageTitle": "docs: updated DG to include `profile` component",
            "messageBody": "",
            "insertions": 54,
            "deletions": 3
          }
        ]
      }
    ],
    "ReignOfComputer": [
      {
        "insertions": 250,
        "deletions": 3,
        "date": "2019-10-03",
        "commitResults": [
          {
            "hash": "a940a1e8e44ab7cac5e873a3f4567888dd40564b",
            "messageTitle": "docs: add `followup` and `reminder` commands to UG",
            "messageBody": "",
            "insertions": 27,
            "deletions": 0
          },
          {
            "hash": "226656c169173f237a28274493430d0d755aac24",
            "messageTitle": "docs: update DG",
            "messageBody": "",
            "insertions": 223,
            "deletions": 3
          }
        ]
      },
      {
        "insertions": 176,
        "deletions": 0,
        "date": "2019-10-10",
        "commitResults": [
          {
            "hash": "b2942856d8107f931aa78b95146f5ea32198a1ea",
            "messageTitle": "feat: reminder command 1.2-alpha",
            "messageBody": "- Reminder command is now usable\n- Logic to store and load pending\n\nfix: checkstyle\n\nfix: checkstyle\n",
            "insertions": 176,
            "deletions": 0
          }
        ]
      },
      {
        "insertions": 216,
        "deletions": 30,
        "date": "2019-10-17",
        "commitResults": [
          {
            "hash": "194e80c556b0a3a312a1faa1bcaa5b06388cb918",
            "messageTitle": "fix: documentation updates",
            "messageBody": "",
            "insertions": 10,
            "deletions": 10
          },
          {
            "hash": "7de62d97837ac5cffbf090e71c1519eabbf66153",
            "messageTitle": "fix: documentation absolute links",
            "messageBody": "",
            "insertions": 5,
            "deletions": 5
          },
          {
            "hash": "1e4e45baf916c45ea8992f1d5c7e7be275d95499",
            "messageTitle": "feat: reminder command 1.2 + motd",
            "messageBody": "",
            "insertions": 201,
            "deletions": 15
          }
        ]
      },
      {
        "insertions": 376,
        "deletions": 89,
        "date": "2019-10-24",
        "commitResults": [
          {
            "hash": "0b80d1543c1296cea98b6b05084244812f9ec77f",
            "messageTitle": "docs: follow-up and reminders update",
            "messageBody": "",
            "insertions": 115,
            "deletions": 7
          },
          {
            "hash": "e6db45bc09d56e9f179c1bf20ec9c39050baa458",
            "messageTitle": "fix: reminder model declarations",
            "messageBody": "",
            "insertions": 25,
            "deletions": 0
          },
          {
            "hash": "b64095cab4688de5ba1e74f0fd28c8533e995b43",
            "messageTitle": "feat: follow-up command stub",
            "messageBody": "",
            "insertions": 80,
            "deletions": 1
          },
          {
            "hash": "7c38be87e12d33607cf9368904dceb1882dfc6e0",
            "messageTitle": "feat: follow-up and reminder refactor",
            "messageBody": "",
            "insertions": 154,
            "deletions": 81
          },
          {
            "hash": "91bccc30d69298445db774b12db4427654e9c5d8",
            "messageTitle": "fix: unstick Travis",
            "messageBody": "",
            "insertions": 2,
            "deletions": 0
          }
        ]
      },
      {
        "insertions": 72,
        "deletions": 40,
        "date": "2019-10-25",
        "commitResults": [
          {
            "hash": "b15253c7ceff736753dcc83faf63e01ff55d856b",
            "messageTitle": "fix: Travis Time Travel",
            "messageBody": "",
            "insertions": 0,
            "deletions": 27
          },
          {
            "hash": "2c90529118586050d46650512605e982628e827d",
            "messageTitle": "feat: preliminary support for persistant reminders",
            "messageBody": "",
            "insertions": 57,
            "deletions": 11
          },
          {
            "hash": "e6a4ba3b737fd0d3f5eed02b57bc819c38ea7e95",
            "messageTitle": "feat: LocalDate Storage",
            "messageBody": "",
            "insertions": 15,
            "deletions": 2
          }
        ]
      },
      {
        "insertions": 41,
        "deletions": 3,
        "date": "2019-10-26",
        "commitResults": [
          {
            "hash": "2ad7f4dc7967023ffec8e30c572351e2951c337f",
            "messageTitle": "feat: update days remaining for Reminders the next day",
            "messageBody": "",
            "insertions": 41,
            "deletions": 3
          }
        ]
      },
      {
        "insertions": 5,
        "deletions": 7,
        "date": "2019-10-27",
        "commitResults": [
          {
            "hash": "06a5469bda29eb22bc70aac7cea3ea6c9da1851f",
            "messageTitle": "feat: reminders and follow-up 1.3 gold",
            "messageBody": "",
            "insertions": 5,
            "deletions": 6
          },
          {
            "hash": "71983fbffb77ff32a1d6a99713e2e0ca7e26edba",
            "messageTitle": "fix: checkstyle",
            "messageBody": "",
            "insertions": 0,
            "deletions": 1
          }
        ]
      }
    ],
    "Wingedevil": [
      {
        "insertions": 27,
        "deletions": 0,
        "date": "2019-10-03",
        "commitResults": [
          {
            "hash": "e78308d03b176b688396093944fd2a2640a1322a",
            "messageTitle": "docs: update user guide with alias functions",
            "messageBody": "",
            "insertions": 27,
            "deletions": 0
          }
        ]
      },
      {
        "insertions": 198,
        "deletions": 4,
        "date": "2019-10-10",
        "commitResults": [
          {
            "hash": "1274cfd2a8db621c1051119a719b7329887eb796",
            "messageTitle": "feat: add alias command",
            "messageBody": "",
            "insertions": 186,
            "deletions": 4
          },
          {
            "hash": "2a0c0a9af781fd309fecc552e07274b14c451c02",
            "messageTitle": "fix: fix broken tests",
            "messageBody": "",
            "insertions": 12,
            "deletions": 0
          }
        ]
      },
      {
        "insertions": 16,
        "deletions": 7,
        "date": "2019-10-14",
        "commitResults": [
          {
            "hash": "bdcdfd614886952eeb3fbd1fb6b38f2597ec75e9",
            "messageTitle": "fix: fix alias shadowing existing commands",
            "messageBody": "",
            "insertions": 16,
            "deletions": 7
          }
        ]
      },
      {
        "insertions": 95,
        "deletions": 0,
        "date": "2019-10-15",
        "commitResults": [
          {
            "hash": "333cf1126e0bc51ed3c729fd660e9dc63f78bb5c",
            "messageTitle": "feat: add `unalias` command",
            "messageBody": "",
            "insertions": 95,
            "deletions": 0
          }
        ]
      },
      {
        "insertions": 293,
        "deletions": 0,
        "date": "2019-10-16",
        "commitResults": [
          {
            "hash": "b68b0efc1c9d0b350e15cb4147ad560bf8c39268",
            "messageTitle": "test: add test for alias and unalias command",
            "messageBody": "",
            "insertions": 293,
            "deletions": 0
          }
        ]
      },
      {
        "insertions": 100,
        "deletions": 22,
        "date": "2019-10-23",
        "commitResults": [
          {
            "hash": "3d070511af1cd56f6bb664916720b285ea7fb58e",
            "messageTitle": "feat: remove required flag for unalias",
            "messageBody": "",
            "insertions": 9,
            "deletions": 10
          },
          {
            "hash": "3755d66472c38002ad033832b8069bc55d809ff9",
            "messageTitle": "docs: update ug with new commands",
            "messageBody": "",
            "insertions": 17,
            "deletions": 7
          },
          {
            "hash": "410f46997b6aca5ceaf5cfa341c3ae6fcab76088",
            "messageTitle": "refactor: refactor alias table accessors and mutators",
            "messageBody": "",
            "insertions": 35,
            "deletions": 3
          },
          {
            "hash": "0d733d0b1c899913bce3a962569a1d5c18537a23",
            "messageTitle": "docs: edit use cases for alias",
            "messageBody": "",
            "insertions": 20,
            "deletions": 1
          },
          {
            "hash": "c69376efccf6555c8e3b4a7ec619bcb707e38d79",
            "messageTitle": "refactor: refactor apply alias",
            "messageBody": "",
            "insertions": 19,
            "deletions": 1
          }
        ]
      },
      {
        "insertions": 236,
        "deletions": 2,
        "date": "2019-10-24",
        "commitResults": [
          {
            "hash": "a4dc5ec4942a5dbf1914d2b7c0a005df090c4e72",
            "messageTitle": "docs: add implementation of alias into DG",
            "messageBody": "",
            "insertions": 179,
            "deletions": 0
          },
          {
            "hash": "35f6d864f9c8ca26c47b965fddbdd2c16ba72571",
            "messageTitle": "fix: fix tests",
            "messageBody": "",
            "insertions": 57,
            "deletions": 2
          }
        ]
      },
      {
        "insertions": 279,
        "deletions": 5,
        "date": "2019-10-28",
        "commitResults": [
          {
            "hash": "15db8bca05ab3f1c034f0aca4076a42f29ab0b53",
            "messageTitle": "feat: add command to show all existing aliases",
            "messageBody": "",
            "insertions": 278,
            "deletions": 4
          },
          {
            "hash": "5516657c3e85b9edbc4e9476bd694db5f645c085",
            "messageTitle": "fix: fix trailing whitespace on line 143 of UserPrefs.java",
            "messageBody": "",
            "insertions": 1,
            "deletions": 1
          }
        ]
      }
    ],
    "SQwQ": [
      {
        "insertions": 457,
        "deletions": 32,
        "date": "2019-09-20",
        "commitResults": [
          {
            "hash": "66afc6eacbf35c1ec7a0d91601d0801389184afe",
            "messageTitle": "tutorial-removing-field",
            "messageBody": "",
            "insertions": 457,
            "deletions": 32
          }
        ]
      },
      {
        "insertions": 25,
        "deletions": 18,
        "date": "2019-09-30",
        "commitResults": [
          {
            "hash": "5d629f0568417fe1242dc5d0d2cb4328c15b6f77",
            "messageTitle": "tutorial-adding-command",
            "messageBody": "",
            "insertions": 5,
            "deletions": 0
          },
          {
            "hash": "d191cd7ecab1dbdb88c67d4187076edf7782c80b",
            "messageTitle": "tutorial-adding-command",
            "messageBody": "",
            "insertions": 5,
            "deletions": 0
          },
          {
            "hash": "b34828694418d448a44afbd12458e01d25b267b3",
            "messageTitle": "tutorial-adding-command",
            "messageBody": "",
            "insertions": 5,
            "deletions": 15
          },
          {
            "hash": "ac14f94b46b43d7a60c4758e58df63b840e3924c",
            "messageTitle": "tutorial-adding-command",
            "messageBody": "",
            "insertions": 1,
            "deletions": 2
          },
          {
            "hash": "7112d02770a73a1e1cae780b25da5d1deb0235e0",
            "messageTitle": "tutorial-adding-command",
            "messageBody": "",
            "insertions": 9,
            "deletions": 1
          }
        ]
      },
      {
        "insertions": 1,
        "deletions": 0,
        "date": "2019-10-01",
        "commitResults": [
          {
            "hash": "d94861eb69c934c51349e9530d5cfad01ed45283",
            "messageTitle": "passed-tests",
            "messageBody": "",
            "insertions": 1,
            "deletions": 0
          }
        ]
      },
      {
        "insertions": 40,
        "deletions": 0,
        "date": "2019-10-03",
        "commitResults": [
          {
            "hash": "5415e57dabeadacf496ff5ed8a88b7f7e49547e7",
            "messageTitle": "Updated part from UG Commits",
            "messageBody": "",
            "insertions": 40,
            "deletions": 0
          }
        ]
      },
      {
        "insertions": 529,
        "deletions": 422,
        "date": "2019-10-06",
        "commitResults": [
          {
            "hash": "e20c4dc8bbd0e36dd99233ec11cb9fc6122aa5be",
            "messageTitle": "refactored Remark to AddVisit",
            "messageBody": "",
            "insertions": 56,
            "deletions": 56
          },
          {
            "hash": "831d1b98776437102ed4dd7b0e28c5b9496f46fc",
            "messageTitle": "refactored Remark field in Person to VisitationRecord",
            "messageBody": "",
            "insertions": 141,
            "deletions": 149
          },
          {
            "hash": "d5698ea8b85cc85df74286e0c7b2b87d1cfcbd03",
            "messageTitle": "refactor: change VisitationRecord field in Person to VisitList and RemarkCommandParser to AddVisitCommandParser",
            "messageBody": "improvement: add JsonAdaptedVisit.java\n",
            "insertions": 225,
            "deletions": 180
          },
          {
            "hash": "6f2a30faa36c347e7557ba60ee3210762206dfdc",
            "messageTitle": "feat(VisitList): add ability to add a VisitList for each person",
            "messageBody": "",
            "insertions": 107,
            "deletions": 37
          }
        ]
      },
      {
        "insertions": 1461,
        "deletions": 333,
        "date": "2019-10-08",
        "commitResults": [
          {
            "hash": "00979107a704b2114debc04eea58f6ea2263199f",
            "messageTitle": "feat(AddVisit): add pop up form for user to key in details of report and save them in the json file",
            "messageBody": "",
            "insertions": 455,
            "deletions": 26
          },
          {
            "hash": "c474d975bc3d87aae456ab18f7393251bb2e7b7a",
            "messageTitle": "feat(deleteVisit): add pop up list for user to see list of visits for chosen patient when user uses deleteVisit command only specifying index of patient",
            "messageBody": "feat(deleteVisit): add deleteVisit command to delete visit record by index when user uses deleteVisit command with both index of patient and index of report to be deleted\n",
            "insertions": 458,
            "deletions": 80
          },
          {
            "hash": "163cf3e14a980ed99c38aa47ea96cd66559094a4",
            "messageTitle": "test: created tests for new commands",
            "messageBody": "docs: checkstyle compliance\n",
            "insertions": 544,
            "deletions": 224
          },
          {
            "hash": "f31d880b84ad3a22a98b778642400ac6da728813",
            "messageTitle": "checkstyle compliance",
            "messageBody": "",
            "insertions": 1,
            "deletions": 1
          },
          {
            "hash": "03cdf733ed0753dd63ee03f0ac5be3f178c77d0f",
            "messageTitle": "test compliance",
            "messageBody": "",
            "insertions": 1,
            "deletions": 1
          },
          {
            "hash": "1b078abb6bf31f5620e4a4492503b08959379fcb",
            "messageTitle": "test compliance",
            "messageBody": "",
            "insertions": 2,
            "deletions": 1
          }
        ]
      },
      {
        "insertions": 112,
        "deletions": 19,
        "date": "2019-10-11",
        "commitResults": [
          {
            "hash": "0f94939ffe1d073f2557ed06772a07a81b401a7f",
            "messageTitle": "feat: all commands are now non-case sensitive fix: change message displayed when deletevisit command has no report index",
            "messageBody": "",
            "insertions": 96,
            "deletions": 5
          },
          {
            "hash": "f8c77ccf3cc94a953958831ab3170e9cd0bad764",
            "messageTitle": "fix: checkStyleTest",
            "messageBody": "",
            "insertions": 16,
            "deletions": 14
          }
        ]
      },
      {
        "insertions": 29,
        "deletions": 7,
        "date": "2019-10-14",
        "commitResults": [
          {
            "hash": "580a13b4d86c03bbd09a99038c7f762c2161c700",
            "messageTitle": "fix: addvisit command now correctly handles invalid inputs #52",
            "messageBody": "",
            "insertions": 29,
            "deletions": 7
          }
        ]
      },
      {
        "insertions": 340,
        "deletions": 80,
        "date": "2019-10-19",
        "commitResults": [
          {
            "hash": "d725903b3ebacd1f6640a36435ddadc3dbe597fb",
            "messageTitle": "feat: editvisit command implemented",
            "messageBody": "",
            "insertions": 236,
            "deletions": 31
          },
          {
            "hash": "9413e8c3a6ce4805ef813ff3d7b9ce29f44015d5",
            "messageTitle": "feat: visitlist is now ordered (latest report will be at the front of the list) refactor: methods shared by DeleteVisitCommand and EditVisitCommand and AddVisitCommand are renamed in MainWindow.java",
            "messageBody": "",
            "insertions": 36,
            "deletions": 15
          },
          {
            "hash": "ac4c98bd43397549b8f55334e09b4b77e91b0fd5",
            "messageTitle": "UI: VisitList panel now follows DarkTheme UI: VisitList panel will no longer hide behind main window when user clicks on main window to re-enter command fix: checkstyle",
            "messageBody": "",
            "insertions": 56,
            "deletions": 32
          },
          {
            "hash": "565578952415f0c51cc00246a17aee443c70cce2",
            "messageTitle": "fix: fixed broken test",
            "messageBody": "",
            "insertions": 12,
            "deletions": 1
          },
          {
            "hash": "90ef1a48d84e8bd968a283849a35334ea2e2b3f0",
            "messageTitle": "fix: checkStyle compliance",
            "messageBody": "",
            "insertions": 0,
            "deletions": 1
          }
        ]
      },
      {
        "insertions": 137,
        "deletions": 35,
        "date": "2019-10-22",
        "commitResults": [
          {
            "hash": "a85cc59384bf02558785f22eda9951aac6b843b8",
            "messageTitle": "docs: updated dev guide",
            "messageBody": "",
            "insertions": 135,
            "deletions": 31
          },
          {
            "hash": "43700d9e4f401cdfd4447078e67911502a23f45d",
            "messageTitle": "fix: checkstyle",
            "messageBody": "",
            "insertions": 2,
            "deletions": 4
          }
        ]
      },
      {
        "insertions": 1,
        "deletions": 1,
        "date": "2019-10-23",
        "commitResults": [
          {
            "hash": "a0f7110e60f130f75f16c567a0bbc123e65fd1cd",
            "messageTitle": "docs: fixed headings for Design considerations",
            "messageBody": "",
            "insertions": 1,
            "deletions": 1
          }
        ]
      },
      {
        "insertions": 173,
        "deletions": 22,
        "date": "2019-10-27",
        "commitResults": [
          {
            "hash": "db4a9a2fda681edf89a259349e7fcf392ab45025",
            "messageTitle": "Docs and bug fixes (#89)",
            "messageBody": "* fix: fixed bug #86\r\nUI: Changed display text for VisitList\r\n\r\n* fix: fixed bug where medicine/diagnosis/prescription fields are reset to null everytime add/edit/deletevisit is run after VISIT restarts\r\n\r\n* fix: SaveVisitCommand\u0027s success message displays correctly\r\nUI: Changed display message for addvisit/deletevisit/savevisit commands\r\nUI: VisitListPanel of reports closes before form pop ups for edit.\r\n\r\n* docs: updated UML diagrams for DG\r\n",
            "insertions": 173,
            "deletions": 22
          }
        ]
      }
    ],
    "gachia": [
      {
        "insertions": 1,
        "deletions": 1,
        "date": "2019-09-17",
        "commitResults": [
          {
            "hash": "e00027858dbf9b8d3c73ed1f7371c040b2a95bd8",
            "messageTitle": "For Pull Request",
            "messageBody": "Made change so that it\u0027s possible to do a PR to original repo\n",
            "insertions": 1,
            "deletions": 1
          }
        ]
      },
      {
        "insertions": 31,
        "deletions": 16,
        "date": "2019-10-03",
        "commitResults": [
          {
            "hash": "63a2658e190d332a13103370b09a9c5078f248de",
            "messageTitle": "Updated Readme (#10)",
            "messageBody": "* Adjusted Readme\r\n\r\ndocs: Changed Readme to fit our product description\r\ndocs: change UI image to our mockup UI image of our product\r\n\r\n* Fixed Readme\r\n\r\nfix: Fix wrong UI link\r\n\r\n* Updated Readme\r\n\r\ndocs: adjusted UI image to have wider width\r\n",
            "insertions": 13,
            "deletions": 16
          },
          {
            "hash": "6640d63495c28291d467368c61dcf2c87a02e448",
            "messageTitle": "Updated User Guide",
            "messageBody": "docs: added v2.0 features for the UG\n",
            "insertions": 18,
            "deletions": 0
          }
        ]
      },
      {
        "insertions": 17,
        "deletions": 24,
        "date": "2019-10-10",
        "commitResults": [
          {
            "hash": "e00b21218deed7c32d8d44316f2322c52c186e7f",
            "messageTitle": "Fixed README",
            "messageBody": "fix: updated sitemap links to point to the correct files\n",
            "insertions": 5,
            "deletions": 5
          },
          {
            "hash": "5c489d2034aabeadda5c4b53c7aff52ce2660d0a",
            "messageTitle": "Updated Ui elements (#43)",
            "messageBody": "chore: updated Ui concept with finalised version\r\nchore: remove Status Placeholder from Ui\r\nchore: updated Help page link to user guide\r\nchore: adjusted positioning of Ui elements",
            "insertions": 12,
            "deletions": 19
          }
        ]
      },
      {
        "insertions": 60,
        "deletions": 13,
        "date": "2019-10-16",
        "commitResults": [
          {
            "hash": "0d2c483f1faa44e5d1f4e647d25802f9d45b62bc",
            "messageTitle": "Updated GUI to the UI concept design (#55)",
            "messageBody": "* Updated GUI to the UI concept\r\n\r\nadd: Used Icons from docs to create 32x32 pixels icons for Application usage in resources folder\r\nchore: Moved UI elements to follow UI design\r\nchore: Added Send button for mouse click\r\nchore: Added Title labels for main Appointment and Patient addressbook\r\nchore: Updated App Icon with product icon and added Icon to menu bar\r\n\r\n* Replaced Squished Icons with 1:1 aspect ratio\r\n\r\nfix: Replaced badly cropped icons with proper 1:1 icons with help from @Q-gabe\r\n",
            "insertions": 60,
            "deletions": 13
          }
        ]
      },
      {
        "insertions": 60,
        "deletions": 50,
        "date": "2019-10-17",
        "commitResults": [
          {
            "hash": "e67a1db5c17730f816faf52569badf806875b94d",
            "messageTitle": "Changed Font and Color Scheme of UI (#68)",
            "messageBody": "* Change Font and Color Scheme of UI\r\n\r\nchore: changed font to Gill Sans MT, following the UI design\r\nchore: changed color palette of app to follow UI design\r\nfeat: add \u003e to the Command Box for better clarity of where to type\r\n",
            "insertions": 60,
            "deletions": 50
          }
        ]
      },
      {
        "insertions": 115,
        "deletions": 13,
        "date": "2019-10-24",
        "commitResults": [
          {
            "hash": "b5ae0e731abf0809f91077b7fb4ff17537a617b0",
            "messageTitle": "Updated DevGuide for UI redesign (#78)",
            "messageBody": "docs: added GUI redesign part in Implementation section of DevGuide\r\ndocs: added Ui Redesign Class Diagram PlantUML file and image\r\ncleanup: Rename ProfilePanel to ProfileWindow to follow naming structure\r\ncleanup: added fxid to ReminderPanel for future use",
            "insertions": 115,
            "deletions": 13
          }
        ]
      },
      {
        "insertions": 81,
        "deletions": 31,
        "date": "2019-10-25",
        "commitResults": [
          {
            "hash": "6cb4b2b8d7ed58ef5c80c61ac63f97cdbdfc79ca",
            "messageTitle": "Updated Visit forms and Profile to fit UI redesign (#85)",
            "messageBody": "* Updated Visit forms and Profile to fit UI redesign\r\n\r\nchore: VisitRecordForm and VisitListPanel follow Ui design\r\ncleanup: Added Label to VisitListPanel for improved clarity\r\ncleanup: after discussing, changed ProfileWindow to not use pop-up style\r\ncleanup: fix formatting issues with MainWindow\r\nchore: updated CSS for the forms\r\n\r\n* cleanup: remove unused import statments\r\n\r\n* cleanup: fix checkstyle in css file\r\n",
            "insertions": 81,
            "deletions": 31
          }
        ]
      },
      {
        "insertions": 283,
        "deletions": 7,
        "date": "2019-10-29",
        "commitResults": [
          {
            "hash": "fd16cf68e4e898f022a2feba5b0573baebd61b6f",
            "messageTitle": "Added Reminder UI to the MainWindow (#93)",
            "messageBody": "* Added Reminder UI to the MainWindow\r\n\r\nchore: added the ReminderCard and ReminderList for the MainWindow to display\r\nchore: added ReminderStub object for use\r\nchore: added test arraylist to test functionality in MainWindow in Reminder (suggest changing Reminder to Reminders or something similar)\r\nnote: Obtaining Reminder list goes through same flow as Person list. This is through Logic -\u003e Model.\r\n\r\n* fix checkstyle\r\n\r\n* temp fix: Remove failing test check temporarily\r\n\r\nRemove failing test check get the commit out. @ReignOfComputer will improve code logic to ensure the test case passes.\r\n\r\n* fix checkstyle.........again\r\n",
            "insertions": 283,
            "deletions": 7
          }
        ]
      }
    ]
  },
  "authorFinalContributionMap": {
    "Q-gabe": 966,
    "ReignOfComputer": 927,
    "Wingedevil": 1213,
    "SQwQ": 2355,
    "gachia": 587
  },
  "authorFileTypeContributionMap": {
    "Q-gabe": {
      "docs": 401,
      "tests": 0,
      "functional": 561,
      "other": 4
    },
    "ReignOfComputer": {
      "docs": 259,
      "tests": 17,
      "functional": 587,
      "other": 64
    },
    "Wingedevil": {
      "docs": 91,
      "tests": 365,
      "functional": 613,
      "other": 144
    },
    "SQwQ": {
      "docs": 123,
      "tests": 636,
      "functional": 1425,
      "other": 171
    },
    "gachia": {
      "docs": 39,
      "tests": 39,
      "functional": 434,
      "other": 75
    }
  },
  "authorContributionVariance": {
    "Q-gabe": 9253.14,
    "ReignOfComputer": 6567.9136,
    "Wingedevil": 4788.6904,
    "SQwQ": 79437.03,
    "gachia": 2266.8535
  },
  "authorDisplayNameMap": {
    "Q-gabe": "CS2103T-F12-2 GABRI ... N XIN",
    "ReignOfComputer": "CS2103T-F12-2 JASON ... G KAY",
    "Wingedevil": "CS2103T-F12-2 JERRO ... YU YI",
    "SQwQ": "CS2103T-F12-2 ZHENG ... IQIAO",
    "gachia": "CS2103T-F12-2 GABRI ... ENHAO"
  }
}
