{
  "authorDailyContributionsMap": {
    "gabrielchao": [
      {
        "insertions": 59,
        "deletions": 51,
        "date": "2019-09-30",
        "commitResults": [
          {
            "hash": "9c8ab16fbed5002c058c5f28b5f4d243ab0a003f",
            "messageTitle": "User Guide changes",
            "messageBody": "",
            "insertions": 59,
            "deletions": 51
          }
        ]
      },
      {
        "insertions": 3,
        "deletions": 1,
        "date": "2019-10-01",
        "commitResults": [
          {
            "hash": "3897fdba8284a59409d2eabb4ae414b1310429bf",
            "messageTitle": "Add example for UG 4.4 \u0027medcon add\u0027",
            "messageBody": "",
            "insertions": 3,
            "deletions": 1
          }
        ]
      },
      {
        "insertions": 79,
        "deletions": 0,
        "date": "2019-10-09",
        "commitResults": [
          {
            "hash": "ee5b088a9fe971589faf73eb4602302234c099ee",
            "messageTitle": "Add CopyUtil to do deep copying",
            "messageBody": "",
            "insertions": 79,
            "deletions": 0
          }
        ]
      },
      {
        "insertions": 13,
        "deletions": 4,
        "date": "2019-10-10",
        "commitResults": [
          {
            "hash": "b7ac1a53aba702c2d0e5a3d925c5a4a18bec8184",
            "messageTitle": "Add MutatorCommand",
            "messageBody": "",
            "insertions": 13,
            "deletions": 4
          }
        ]
      },
      {
        "insertions": 584,
        "deletions": 75,
        "date": "2019-10-16",
        "commitResults": [
          {
            "hash": "6149b85489a812574c9743b5bfc6c79929285ce3",
            "messageTitle": "Add minimal version of HistoryCommand",
            "messageBody": "",
            "insertions": 441,
            "deletions": 75
          },
          {
            "hash": "f9db167026e5121d422a5610ba59caa68bcf14a6",
            "messageTitle": "Add some AddressBook and HistoryManager tests",
            "messageBody": "",
            "insertions": 142,
            "deletions": 0
          },
          {
            "hash": "af5233224840dcb32e273b38db7b38437c8da279",
            "messageTitle": "Add \"history\" to AutoCompleteWordHandler",
            "messageBody": "",
            "insertions": 1,
            "deletions": 0
          }
        ]
      },
      {
        "insertions": 176,
        "deletions": 43,
        "date": "2019-10-17",
        "commitResults": [
          {
            "hash": "0901c6cf2efb5e28fc16446662a50f62d3def3cd",
            "messageTitle": "Move deepCopyOfObservableList to CopyUtil, add deepCopySerializable, add tests",
            "messageBody": "",
            "insertions": 125,
            "deletions": 27
          },
          {
            "hash": "3213a25734a9a80ca06d4295b4a56b308405ba83",
            "messageTitle": "Add more tests",
            "messageBody": "",
            "insertions": 51,
            "deletions": 16
          }
        ]
      },
      {
        "insertions": 163,
        "deletions": 15,
        "date": "2019-10-18",
        "commitResults": [
          {
            "hash": "090c9186abe25b608993b861fc51ab644ba8a5d9",
            "messageTitle": "Add UndoCommand",
            "messageBody": "",
            "insertions": 39,
            "deletions": 0
          },
          {
            "hash": "42b2aa958942e9cb7d160b3abd974226b2c17cad",
            "messageTitle": "Enhance UndoCommand to revert multiple, HistoryCommand to show indexes",
            "messageBody": "",
            "insertions": 106,
            "deletions": 12
          },
          {
            "hash": "07d0811ee63456e13c9a620519c8eb5598793a0f",
            "messageTitle": "Add UndoCommand exception handling and feedback",
            "messageBody": "",
            "insertions": 18,
            "deletions": 3
          }
        ]
      },
      {
        "insertions": 11,
        "deletions": 2,
        "date": "2019-10-22",
        "commitResults": [
          {
            "hash": "6e2d91fc8781a3fb1ff0fa2ccf2f57edf4e25012",
            "messageTitle": "Add AddressBook hashCode() test",
            "messageBody": "",
            "insertions": 7,
            "deletions": 1
          },
          {
            "hash": "43ce7a8aa829dadfea4e67c16c4cefc266a2ee44",
            "messageTitle": "Wrap test in assertDoesNotThrow",
            "messageBody": "",
            "insertions": 4,
            "deletions": 1
          }
        ]
      },
      {
        "insertions": 171,
        "deletions": 21,
        "date": "2019-10-24",
        "commitResults": [
          {
            "hash": "f32d487a73dd48fffb885e2d9f061d781d42d648",
            "messageTitle": "Add RedoCommand, UndoCommandTest",
            "messageBody": "",
            "insertions": 171,
            "deletions": 21
          }
        ]
      },
      {
        "insertions": 53,
        "deletions": 86,
        "date": "2019-10-25",
        "commitResults": [
          {
            "hash": "3a10c287ac4f615ac8ed12c77eee99f40bcbe486",
            "messageTitle": "Change usage of refreshStagedPersons() to refreshStagedData()",
            "messageBody": "",
            "insertions": 1,
            "deletions": 1
          },
          {
            "hash": "449330dd25adbf091ac2c5e8253ded2a14ca07d8",
            "messageTitle": "Add DG section; fix minor readability/clarity issues",
            "messageBody": "",
            "insertions": 52,
            "deletions": 85
          }
        ]
      },
      {
        "insertions": 349,
        "deletions": 135,
        "date": "2019-10-31",
        "commitResults": [
          {
            "hash": "a28af9affc3c0e588a8eed7332e42016851860dd",
            "messageTitle": "Update build.gradle mainClassName",
            "messageBody": "",
            "insertions": 1,
            "deletions": 1
          },
          {
            "hash": "a88a91166eda3a16f78cbb5049cc07793f2e56de",
            "messageTitle": "Add HistoryPanel to UI",
            "messageBody": "",
            "insertions": 215,
            "deletions": 60
          },
          {
            "hash": "39102cb4ad3803eeb322ca5b08c66b637ea4d394",
            "messageTitle": "Modify HistoryPanel to display user input String for each Command",
            "messageBody": "",
            "insertions": 99,
            "deletions": 53
          },
          {
            "hash": "47bbdc9f1ac9e2568ba366041607b85b0e20863a",
            "messageTitle": "Increase default windowWidth",
            "messageBody": "",
            "insertions": 1,
            "deletions": 1
          },
          {
            "hash": "510ae47d6ea7785aee49b647e9f390dec15db960",
            "messageTitle": "Add newline to end of file",
            "messageBody": "",
            "insertions": 1,
            "deletions": 1
          },
          {
            "hash": "fb6b3608b79314d203578393951993c884a6db5c",
            "messageTitle": "Modify HistoryPanel to show indexes, undo \u0026 redo to show commandText",
            "messageBody": "",
            "insertions": 30,
            "deletions": 16
          },
          {
            "hash": "de3b0e803cc05401a2f0b8791589af76a62fd473",
            "messageTitle": "Change \u0027implements\u0027 MutatorCommand to \u0027extends\u0027",
            "messageBody": "",
            "insertions": 2,
            "deletions": 3
          }
        ]
      },
      {
        "insertions": 100,
        "deletions": 26,
        "date": "2019-11-01",
        "commitResults": [
          {
            "hash": "1a3317a5535677a649a5627c087750cd63821dd7",
            "messageTitle": "Update UG",
            "messageBody": "",
            "insertions": 76,
            "deletions": 13
          },
          {
            "hash": "891e22fef9b5825472931c3b14e5aee74c5d829a",
            "messageTitle": "Update DG with latest info",
            "messageBody": "",
            "insertions": 9,
            "deletions": 9
          },
          {
            "hash": "ac4024c45c10e9acefa3f19e7e3b607ffff08349",
            "messageTitle": "Fix GUI components not filling screen",
            "messageBody": "",
            "insertions": 2,
            "deletions": 2
          },
          {
            "hash": "bad2b00ad09769f1641e2ddca276d8fb002666ec",
            "messageTitle": "Minor refinements to UG",
            "messageBody": "",
            "insertions": 13,
            "deletions": 2
          }
        ]
      },
      {
        "insertions": 149,
        "deletions": 35,
        "date": "2019-11-04",
        "commitResults": [
          {
            "hash": "399271fff2be945d2167d4d4a43cf0b4f297479b",
            "messageTitle": "Update DG UI and Model design considerations",
            "messageBody": "",
            "insertions": 70,
            "deletions": 5
          },
          {
            "hash": "7a48a34d2cab0080fcb522004391a01263399011",
            "messageTitle": "Add newline to end of file",
            "messageBody": "",
            "insertions": 1,
            "deletions": 1
          },
          {
            "hash": "f000c6ad642a5b6a84e060ef1eb91eebb53dd912",
            "messageTitle": "Add deep copy infobox",
            "messageBody": "",
            "insertions": 78,
            "deletions": 29
          }
        ]
      },
      {
        "insertions": 270,
        "deletions": 31,
        "date": "2019-11-06",
        "commitResults": [
          {
            "hash": "3e133be2f5556934b2594d142bee11a03ada0553",
            "messageTitle": "Add RedoCommandTest, LogicManagerIntegrationTest",
            "messageBody": "",
            "insertions": 123,
            "deletions": 0
          },
          {
            "hash": "491b2559b6e046ab1f296394f9b086a85b7060d9",
            "messageTitle": "Add more RedoCommand and HistoryManager tests",
            "messageBody": "",
            "insertions": 64,
            "deletions": 2
          },
          {
            "hash": "079647559e1ec8f289b76ee3c7ee96c0cb8f1fa4",
            "messageTitle": "Add case sensitive Name.isSameName(), UG patient identity infobox",
            "messageBody": "",
            "insertions": 27,
            "deletions": 4
          },
          {
            "hash": "26d1e8272105dcacda1e41dac5512d0366059f35",
            "messageTitle": "Add more sections to UndoRedoHistory.adoc",
            "messageBody": "",
            "insertions": 47,
            "deletions": 16
          },
          {
            "hash": "a877d7915a35909958c4ecad146c8c02464a6021",
            "messageTitle": "Add newline to end of file",
            "messageBody": "",
            "insertions": 1,
            "deletions": 1
          },
          {
            "hash": "ac56fac699cf07db6a01924947032c046c48b62f",
            "messageTitle": "Refactor name of PatientBookParser to AppParser",
            "messageBody": "",
            "insertions": 0,
            "deletions": 0
          },
          {
            "hash": "e9f3525164029571d28eaabb3b95e7262492be31",
            "messageTitle": "Commit unstaged changes",
            "messageBody": "",
            "insertions": 8,
            "deletions": 8
          }
        ]
      },
      {
        "insertions": 44,
        "deletions": 37,
        "date": "2019-11-08",
        "commitResults": [
          {
            "hash": "7853633a93edafbf2820c4c62bbaff6de7680978",
            "messageTitle": "Update PPP",
            "messageBody": "",
            "insertions": 44,
            "deletions": 37
          }
        ]
      }
    ],
    "cheongsiuhong": [
      {
        "insertions": 18,
        "deletions": 12,
        "date": "2019-09-29",
        "commitResults": [
          {
            "hash": "dc7e0a37fc6e9fa252bf7b15be5830a502cccb38",
            "messageTitle": "update ui.png, travis badge in README",
            "messageBody": "",
            "insertions": 2,
            "deletions": 4
          },
          {
            "hash": "426b3d55b7b6cbb2964349f315b6a3009debf07e",
            "messageTitle": "update README",
            "messageBody": "",
            "insertions": 16,
            "deletions": 8
          }
        ]
      },
      {
        "insertions": 25,
        "deletions": 10,
        "date": "2019-10-09",
        "commitResults": [
          {
            "hash": "3602e8a64025c911bb73ef1b29208e3f0297e2ae",
            "messageTitle": "add basic parser support for export.",
            "messageBody": "",
            "insertions": 23,
            "deletions": 9
          },
          {
            "hash": "4f2acd7854c5c1720eac00daf97c107ed3df5a42",
            "messageTitle": "add jackson .csv dataformat module to gradle",
            "messageBody": "",
            "insertions": 1,
            "deletions": 0
          },
          {
            "hash": "252825b6f9740323400460a3bf2f3260a0596c6d",
            "messageTitle": "fix jackson .csv dataformat module in gradle",
            "messageBody": "",
            "insertions": 1,
            "deletions": 1
          }
        ]
      },
      {
        "insertions": 169,
        "deletions": 8,
        "date": "2019-10-10",
        "commitResults": [
          {
            "hash": "a72e7d6ef5f07499100fe81767786babbbda4869",
            "messageTitle": "fix jackson .csv dataformat module in gradle",
            "messageBody": "",
            "insertions": 11,
            "deletions": 1
          },
          {
            "hash": "a8181036e0617d1c8fe1ad0967784305a716271c",
            "messageTitle": "add javadoc for ExportCommand",
            "messageBody": "",
            "insertions": 6,
            "deletions": 0
          },
          {
            "hash": "d14ae63dd400aa67bf088399537de7c35e57c0e8",
            "messageTitle": "fix unused import",
            "messageBody": "",
            "insertions": 1,
            "deletions": 1
          },
          {
            "hash": "917d7ad8b5fa3cbd1b43405188e777664bdf11b4",
            "messageTitle": "fix checkstyle violations",
            "messageBody": "",
            "insertions": 1,
            "deletions": 3
          },
          {
            "hash": "f1c835a6b9b61b62ea975083e41cedbaf4c29ca1",
            "messageTitle": "Update JsonAdaptedPerson.java",
            "messageBody": "",
            "insertions": 1,
            "deletions": 1
          },
          {
            "hash": "77cff82c23b59459f47b24587a7a24e3bef322f3",
            "messageTitle": "implement bare bones export functionality",
            "messageBody": "",
            "insertions": 149,
            "deletions": 2
          }
        ]
      },
      {
        "insertions": 2,
        "deletions": 1,
        "date": "2019-10-11",
        "commitResults": [
          {
            "hash": "e9e8aee06c9a590dbda3e1473eb75a4042ec54ae",
            "messageTitle": "revert changes to travis.yml",
            "messageBody": "",
            "insertions": 1,
            "deletions": 0
          },
          {
            "hash": "a8d4c6360293431c71a6394ee8e283476a3b21a4",
            "messageTitle": "downgrade jackson dataformat-csv to 2.7.0",
            "messageBody": "",
            "insertions": 1,
            "deletions": 1
          }
        ]
      },
      {
        "insertions": 32,
        "deletions": 27,
        "date": "2019-10-15",
        "commitResults": [
          {
            "hash": "a581211918ce1f6bc4a54d0642b2647094085719",
            "messageTitle": "changed minor csv parsing properties",
            "messageBody": "",
            "insertions": 14,
            "deletions": 13
          },
          {
            "hash": "c0c869e5e56cf9d83281191da7e1ecb5b95c10fa",
            "messageTitle": "fix checkstyle violations",
            "messageBody": "",
            "insertions": 6,
            "deletions": 2
          },
          {
            "hash": "d65049698ad8a1faf03c162f98e92c1369e14d9a",
            "messageTitle": "Revert \"changed minor csv parsing properties\"",
            "messageBody": "This reverts commit a581211918ce1f6bc4a54d0642b2647094085719.\n",
            "insertions": 12,
            "deletions": 12
          }
        ]
      },
      {
        "insertions": 163,
        "deletions": 92,
        "date": "2019-10-17",
        "commitResults": [
          {
            "hash": "604701874a2fa3579df4c1ae3940f6fa9b077a8d",
            "messageTitle": "Revert \"changed minor csv parsing properties\"",
            "messageBody": "This reverts commit a581211918ce1f6bc4a54d0642b2647094085719.\n",
            "insertions": 37,
            "deletions": 11
          },
          {
            "hash": "f1259daf5662e7a2448189cf6af62984c19c8d71",
            "messageTitle": "implement basic import-replace command. rename export to export-all. delete CsvAdaptedPersons.java. modify CsvUtil to use existing JsonAdapted{Class} files. add Jackson annotation MixIns for csv parsing exceptions.",
            "messageBody": "",
            "insertions": 103,
            "deletions": 79
          },
          {
            "hash": "68e2b74f01b4dc197433eb1c0c699def70a2f342",
            "messageTitle": "add PersonMixIn class which I accidentally missed out.",
            "messageBody": "",
            "insertions": 21,
            "deletions": 0
          },
          {
            "hash": "a3f93ff5356ec3d6f2b93184ab01f0328678ea4a",
            "messageTitle": "fix import command exception messages",
            "messageBody": "",
            "insertions": 2,
            "deletions": 2
          }
        ]
      },
      {
        "insertions": 25,
        "deletions": 7,
        "date": "2019-10-18",
        "commitResults": [
          {
            "hash": "378f4411075830faf062e584ae944ff71641f30a",
            "messageTitle": "implement some SLAP",
            "messageBody": "",
            "insertions": 23,
            "deletions": 6
          },
          {
            "hash": "c88736db6a6b7c0965d819efed8c6d70731ab896",
            "messageTitle": "add import-replace and export-all to autocomplete words",
            "messageBody": "",
            "insertions": 2,
            "deletions": 1
          }
        ]
      },
      {
        "insertions": 281,
        "deletions": 95,
        "date": "2019-10-23",
        "commitResults": [
          {
            "hash": "8a64765be283f902796102a65f5bd0da125e38ab",
            "messageTitle": "implement selective export functionality. merge export all and selective export into one command. implement parser for export commands. rename export folder to importexport. extend export to support visittodos.",
            "messageBody": "",
            "insertions": 176,
            "deletions": 49
          },
          {
            "hash": "9ce356c7912d72e84dc13d5369591b7dd2b205aa",
            "messageTitle": "implement export file naming functionality. temporarily mute autocomplete logging messages",
            "messageBody": "",
            "insertions": 60,
            "deletions": 20
          },
          {
            "hash": "b0af54998ee1c177ac98bf76423fff5b9c6a3cee",
            "messageTitle": "comply with checkstyle.",
            "messageBody": "",
            "insertions": 38,
            "deletions": 26
          },
          {
            "hash": "3ca4167c54dca74566d933f0fb40c60c2b0daea8",
            "messageTitle": "fix missing method in modelstub",
            "messageBody": "",
            "insertions": 7,
            "deletions": 0
          }
        ]
      },
      {
        "insertions": 40,
        "deletions": 8,
        "date": "2019-10-24",
        "commitResults": [
          {
            "hash": "dba955a852a384bc780e8a111678f5be2b45f3e7",
            "messageTitle": "add getPersonByIndex to model and address book. refactor other functions to use the new function. change export file name prefix to n/.",
            "messageBody": "",
            "insertions": 39,
            "deletions": 7
          },
          {
            "hash": "7f0bca6143c40afdb7065671f67b87912528b787",
            "messageTitle": "added a comment i accidentally deleted.",
            "messageBody": "",
            "insertions": 1,
            "deletions": 1
          }
        ]
      },
      {
        "insertions": 226,
        "deletions": 11,
        "date": "2019-10-25",
        "commitResults": [
          {
            "hash": "7d16086bfa64eac88ccb8240784eae320891df05",
            "messageTitle": "update export dg.",
            "messageBody": "",
            "insertions": 164,
            "deletions": 3
          },
          {
            "hash": "7d7f602773d615b2b2d5322176cc0d23be4f0707",
            "messageTitle": "update export dg.",
            "messageBody": "",
            "insertions": 1,
            "deletions": 1
          },
          {
            "hash": "34a8c2485c04dcda9ad78b1dfc9bcf0d40a927c6",
            "messageTitle": "update export dg.",
            "messageBody": "",
            "insertions": 1,
            "deletions": 1
          },
          {
            "hash": "bb9f518a48175cb29b1a44a37d5e84d7d477d5f6",
            "messageTitle": "update import dg",
            "messageBody": "",
            "insertions": 59,
            "deletions": 3
          },
          {
            "hash": "d46c681989a55e6f650f1542686fafbcdf304a4d",
            "messageTitle": "comply with checkstyle",
            "messageBody": "",
            "insertions": 1,
            "deletions": 1
          },
          {
            "hash": "4e1157e2e424dcf54cbf304733b9628a8c6b2f0f",
            "messageTitle": "checkstyle",
            "messageBody": "",
            "insertions": 0,
            "deletions": 2
          }
        ]
      },
      {
        "insertions": 181,
        "deletions": 21,
        "date": "2019-10-27",
        "commitResults": [
          {
            "hash": "1e5b3a47d00eb7ff1a8fc585d2c3b3656ab44b47",
            "messageTitle": "implement file naming for import-replace. add some error handling for importing.",
            "messageBody": "",
            "insertions": 97,
            "deletions": 14
          },
          {
            "hash": "99aca7c5fce73dbaab0016ff0378c45eedd7f597",
            "messageTitle": "checkstyle fixes",
            "messageBody": "",
            "insertions": 11,
            "deletions": 4
          },
          {
            "hash": "bfc1ee99c21ad911a96823291775236be377966c",
            "messageTitle": "begin adding import merge",
            "messageBody": "",
            "insertions": 73,
            "deletions": 3
          }
        ]
      },
      {
        "insertions": 187,
        "deletions": 69,
        "date": "2019-10-29",
        "commitResults": [
          {
            "hash": "eb0cfeca5d25ef0dd8d614bc50c8d81516e3af98",
            "messageTitle": "implement app-import-merge. update dg.",
            "messageBody": "",
            "insertions": 187,
            "deletions": 69
          }
        ]
      },
      {
        "insertions": 99,
        "deletions": 23,
        "date": "2019-10-30",
        "commitResults": [
          {
            "hash": "cad0d8128e4fdb9b1d3f352fa415defecbb8e8e0",
            "messageTitle": "fix some tests",
            "messageBody": "",
            "insertions": 10,
            "deletions": 0
          },
          {
            "hash": "b17903985d8d73caf1c9bc02a4875830af44cf1e",
            "messageTitle": "update ug for import export",
            "messageBody": "",
            "insertions": 89,
            "deletions": 23
          }
        ]
      },
      {
        "insertions": 4,
        "deletions": 4,
        "date": "2019-10-31",
        "commitResults": [
          {
            "hash": "6a166440634f56a86210126115cfa51c963cf5fa",
            "messageTitle": "update ug for import export again",
            "messageBody": "",
            "insertions": 4,
            "deletions": 4
          }
        ]
      },
      {
        "insertions": 34,
        "deletions": 10,
        "date": "2019-11-04",
        "commitResults": [
          {
            "hash": "e789f24e7982f6581e3560ea38f62796b1ac1fc8",
            "messageTitle": "fix ug bugs for import export. throw error for empty files in import. phone numbers now limited to 8 digits. update error for phone numbers that are too long.",
            "messageBody": "",
            "insertions": 29,
            "deletions": 6
          },
          {
            "hash": "6f5e0809303f18e8883b540b2433bf81452ca5b9",
            "messageTitle": "f checkstyle",
            "messageBody": "",
            "insertions": 2,
            "deletions": 2
          },
          {
            "hash": "db00a72e8c1caf7eb902144d6605ee8b52afe491",
            "messageTitle": "fix phone numbers test case",
            "messageBody": "",
            "insertions": 3,
            "deletions": 2
          }
        ]
      },
      {
        "insertions": 302,
        "deletions": 26,
        "date": "2019-11-05",
        "commitResults": [
          {
            "hash": "33a06f642f73766de4f66011af2da0ed5e575800",
            "messageTitle": "add csvUtil tests add export command tests add sample csv file in ./imports refactor import, export and csvUtil to manage paths differently.",
            "messageBody": "",
            "insertions": 302,
            "deletions": 26
          }
        ]
      },
      {
        "insertions": 533,
        "deletions": 165,
        "date": "2019-11-06",
        "commitResults": [
          {
            "hash": "6ad1250a9f748adcef8a84d59fc2b34526c1da80",
            "messageTitle": "add import merge command test. phone numbers now up to 50 digits.",
            "messageBody": "",
            "insertions": 102,
            "deletions": 18
          },
          {
            "hash": "37e6abed05c26ce130823fdff043fb57802f4eee",
            "messageTitle": "add import replace command test. revert phone limit to 8 digits.",
            "messageBody": "",
            "insertions": 84,
            "deletions": 5
          },
          {
            "hash": "430e951284048aa86243f420c8113cd1ed88e137",
            "messageTitle": "add export command parser tests.",
            "messageBody": "",
            "insertions": 82,
            "deletions": 3
          },
          {
            "hash": "6015407bc942119ec2c7874755bacf88db46351a",
            "messageTitle": "add import command parser tests. add file name validation.",
            "messageBody": "",
            "insertions": 94,
            "deletions": 4
          },
          {
            "hash": "1286560b275b211ee05e8916ac4c6c13e5afed5e",
            "messageTitle": "update info message for a few commands. update sample util data. update tag to allow spaces.",
            "messageBody": "",
            "insertions": 32,
            "deletions": 28
          },
          {
            "hash": "0d9f1d408247dcf2504a902039fe5fe9c5eee748",
            "messageTitle": "update import export user guide",
            "messageBody": "",
            "insertions": 13,
            "deletions": 8
          },
          {
            "hash": "466fbdc9c3cf0f40a2179951633b8fdd6f502f8d",
            "messageTitle": "update ug for readability",
            "messageBody": "",
            "insertions": 13,
            "deletions": 11
          },
          {
            "hash": "b39dd748563f5e5f812861ec19a4e88f95dba5ee",
            "messageTitle": "update ug csv example.",
            "messageBody": "",
            "insertions": 2,
            "deletions": 2
          },
          {
            "hash": "94357f693cefcabb2e5130d2d03b14dcfefec076",
            "messageTitle": "some dg changes",
            "messageBody": "",
            "insertions": 10,
            "deletions": 8
          },
          {
            "hash": "a56cbacd562fb388c7cb5dd0312f66d8d8810bd9",
            "messageTitle": "fix export command equals",
            "messageBody": "",
            "insertions": 11,
            "deletions": 31
          },
          {
            "hash": "2d1a5c2559926b3b909aa48a7acffb09c3e40f1c",
            "messageTitle": "add seq diagrams",
            "messageBody": "",
            "insertions": 90,
            "deletions": 46
          },
          {
            "hash": "61913fff040042c599cfec840d078c5f2e72344b",
            "messageTitle": "remove unused import",
            "messageBody": "",
            "insertions": 0,
            "deletions": 1
          }
        ]
      },
      {
        "insertions": 883,
        "deletions": 1104,
        "date": "2019-11-07",
        "commitResults": [
          {
            "hash": "284cb8a98435bd8021da59e282a15de7c009fb8c",
            "messageTitle": "fix ug links",
            "messageBody": "",
            "insertions": 1,
            "deletions": 1
          },
          {
            "hash": "4e57670affda457db562316e9ed5fb39f54d87a9",
            "messageTitle": "edit siuhong PPP. purge learning outcomes and other unneeded adocs. sanitize dev guide section 2.1. sanitize dev guide Setting Up section.",
            "messageBody": "",
            "insertions": 35,
            "deletions": 1036
          },
          {
            "hash": "bac90edc1bb899584fdee0529dcced44bc1cc662",
            "messageTitle": "added an accidentally deleted file(UsingCheckstyle.adoc)",
            "messageBody": "",
            "insertions": 40,
            "deletions": 0
          },
          {
            "hash": "12bb570cc001c3fbec2c866a2f51f0f147276e62",
            "messageTitle": "sigh",
            "messageBody": "",
            "insertions": 666,
            "deletions": 0
          },
          {
            "hash": "fa31d0211d7006a06ed0a9d0ecf7fe91457af437",
            "messageTitle": "update ppp, dg and ug.",
            "messageBody": "",
            "insertions": 112,
            "deletions": 45
          },
          {
            "hash": "510bf4cb48d2e51c2d8369029f45b2472c658ca8",
            "messageTitle": "some sanitizing",
            "messageBody": "",
            "insertions": 7,
            "deletions": 7
          },
          {
            "hash": "e42d18368ba663ca6f1b800a0efe944a1b9cf5b1",
            "messageTitle": "update ui sample pic",
            "messageBody": "",
            "insertions": 2,
            "deletions": 2
          },
          {
            "hash": "b80d2bb5fb2f063a223accc9a5873f94717184fa",
            "messageTitle": "update diagrams",
            "messageBody": "",
            "insertions": 11,
            "deletions": 10
          },
          {
            "hash": "72b8882370d102e758ae467465bc28b19f9ed71b",
            "messageTitle": " update diagram widths",
            "messageBody": "",
            "insertions": 3,
            "deletions": 3
          },
          {
            "hash": "a90c193f3b4910db435d197de5abe1390d2a7c33",
            "messageTitle": "correct diagrams",
            "messageBody": "",
            "insertions": 6,
            "deletions": 0
          }
        ]
      }
    ],
    "sandydays": [
      {
        "insertions": 362,
        "deletions": 66,
        "date": "2019-09-29",
        "commitResults": [
          {
            "hash": "f469783254b22ccfba99c939bd349ec22162aa95",
            "messageTitle": "Update ContactUs and AboutUs pages",
            "messageBody": "",
            "insertions": 315,
            "deletions": 28
          },
          {
            "hash": "234dda444d9f09b1ee74369447923c7e25da20e5",
            "messageTitle": "Update project name. Fixes pr #38.",
            "messageBody": "",
            "insertions": 1,
            "deletions": 1
          },
          {
            "hash": "20d37cb641562d2465e5d1695b69a68b5ea10f55",
            "messageTitle": "Changes to ug",
            "messageBody": "",
            "insertions": 46,
            "deletions": 37
          }
        ]
      },
      {
        "insertions": 232,
        "deletions": 43,
        "date": "2019-10-17",
        "commitResults": [
          {
            "hash": "c039954791d7c1690d2fd60e71c61c70537e2b05",
            "messageTitle": "Add appointment to model",
            "messageBody": "",
            "insertions": 183,
            "deletions": 16
          },
          {
            "hash": "39367b4d4fafbd61e609449e2d57f2ff291ede10",
            "messageTitle": "Fix failing tests",
            "messageBody": "",
            "insertions": 2,
            "deletions": 2
          },
          {
            "hash": "1e9f6fa05b097de780ddfb3ed7833d460af3b193",
            "messageTitle": "Fix checkstyle errors",
            "messageBody": "",
            "insertions": 15,
            "deletions": 11
          },
          {
            "hash": "a3435d999ee7bc422125504af22a4b4799567263",
            "messageTitle": "Fix failing tests due to changes to LocalDateTime",
            "messageBody": "",
            "insertions": 12,
            "deletions": 5
          },
          {
            "hash": "5d1f4c52734f06f6764908473b9ba0eec40c00b0",
            "messageTitle": "Fix checkstyle errors for unused imports",
            "messageBody": "",
            "insertions": 0,
            "deletions": 2
          },
          {
            "hash": "fa0620570144119f1fb7e00a8c571ceb822da610",
            "messageTitle": "Add tests to increase coverage. Made some changes based on review comments to PR.",
            "messageBody": "",
            "insertions": 20,
            "deletions": 7
          }
        ]
      },
      {
        "insertions": 195,
        "deletions": 31,
        "date": "2019-10-18",
        "commitResults": [
          {
            "hash": "377931cc0070124405d92036989eddfeb3a38308",
            "messageTitle": "Add appointment to storage",
            "messageBody": "",
            "insertions": 195,
            "deletions": 28
          },
          {
            "hash": "45876fe3f4376f54c97310ac8bc5feaba5f963d1",
            "messageTitle": "Fix checkstyle errors",
            "messageBody": "",
            "insertions": 0,
            "deletions": 3
          }
        ]
      },
      {
        "insertions": 1105,
        "deletions": 53,
        "date": "2019-10-25",
        "commitResults": [
          {
            "hash": "b744a8eb58fe043fc98cedc3c8d2cf7aa29663f4",
            "messageTitle": "Add basic commands for appointments. Create appointment book to manage appointment list operations.",
            "messageBody": "",
            "insertions": 1055,
            "deletions": 4
          },
          {
            "hash": "e26838ad2e63fdb527442abd43921a5d3dca85e1",
            "messageTitle": "Update dg for appointment management.",
            "messageBody": "",
            "insertions": 40,
            "deletions": 0
          },
          {
            "hash": "280d191a5ad91a999cc8a14b8bc96f771a86bd0d",
            "messageTitle": "Include appointment management in dev guide.",
            "messageBody": "",
            "insertions": 4,
            "deletions": 1
          },
          {
            "hash": "89ea7c6ede25c3e840e2c17a4e425118c792260f",
            "messageTitle": "Fix checkstyle errors",
            "messageBody": "",
            "insertions": 4,
            "deletions": 48
          },
          {
            "hash": "d75f90f6d1766ec55d24348bbca00409a5545fa3",
            "messageTitle": "Debugging",
            "messageBody": "",
            "insertions": 2,
            "deletions": 0
          }
        ]
      },
      {
        "insertions": 476,
        "deletions": 65,
        "date": "2019-10-26",
        "commitResults": [
          {
            "hash": "00f29843d6aa0b228374a11f10578c3fb28d46c9",
            "messageTitle": "Add parser classes for appointment commands.",
            "messageBody": "",
            "insertions": 474,
            "deletions": 41
          },
          {
            "hash": "41adcf42b44c7b5d30e7daf8a367212453f637e3",
            "messageTitle": "Fix checkstyle errors.",
            "messageBody": "",
            "insertions": 1,
            "deletions": 22
          },
          {
            "hash": "e2e149131a0e6b2a799735e9238e66bf1012e8f0",
            "messageTitle": "Fix checkystle",
            "messageBody": "",
            "insertions": 0,
            "deletions": 1
          },
          {
            "hash": "a230c011ae71faf53502b8de7dca7aed855139b5",
            "messageTitle": "Improve on codacy suggestions.",
            "messageBody": "",
            "insertions": 1,
            "deletions": 1
          }
        ]
      },
      {
        "insertions": 391,
        "deletions": 22,
        "date": "2019-10-27",
        "commitResults": [
          {
            "hash": "e1225c94de6465d80844eea277a66e6f1ea83e01",
            "messageTitle": "Add find command.",
            "messageBody": "",
            "insertions": 122,
            "deletions": 1
          },
          {
            "hash": "d008e836ca2dc4ef2322d70b79f258748e047016",
            "messageTitle": "Fix checkstyle errors.",
            "messageBody": "",
            "insertions": 0,
            "deletions": 3
          },
          {
            "hash": "470bf695071ff97e71bb5bdd1279858382d2b9a5",
            "messageTitle": "Make appointments tab visible.",
            "messageBody": "",
            "insertions": 244,
            "deletions": 4
          },
          {
            "hash": "d4194ca8e279806fe4b53498bf5b3365fc9927af",
            "messageTitle": "Improve SLAP and javadoc comments. Fix some codacy check issues.",
            "messageBody": "",
            "insertions": 21,
            "deletions": 11
          },
          {
            "hash": "9ed900c5d06da66a37e8b109b2b1acbc04e8b5a7",
            "messageTitle": "Fix checkstyle errors.",
            "messageBody": "",
            "insertions": 3,
            "deletions": 2
          },
          {
            "hash": "d7a91dd929d96a9635741d2516416d2ee0c612ad",
            "messageTitle": "Fix checkstyle",
            "messageBody": "",
            "insertions": 1,
            "deletions": 1
          }
        ]
      },
      {
        "insertions": 1,
        "deletions": 1,
        "date": "2019-10-30",
        "commitResults": [
          {
            "hash": "c43db8f3fd486345b902b185716db09d2ad1e888",
            "messageTitle": "Fix entry point of application in gradlew",
            "messageBody": "",
            "insertions": 1,
            "deletions": 1
          }
        ]
      },
      {
        "insertions": 52,
        "deletions": 68,
        "date": "2019-11-01",
        "commitResults": [
          {
            "hash": "25a21a03bd52f59589981ce8720d4e5740c998c9",
            "messageTitle": "Fix issue with appointment add command.",
            "messageBody": "",
            "insertions": 45,
            "deletions": 32
          },
          {
            "hash": "5513171777bf6d71869e191b40ea0a64c1ad52c0",
            "messageTitle": "Fix checkstlye issues.",
            "messageBody": "",
            "insertions": 0,
            "deletions": 2
          },
          {
            "hash": "0d9253e0f159bbc778e2bbc213a9dd534548fc98",
            "messageTitle": "Fix appt-find",
            "messageBody": "",
            "insertions": 3,
            "deletions": 1
          },
          {
            "hash": "dcf7ec9a14c52fd52090ff9b94ef255d8d55479c",
            "messageTitle": "Fix checkstyle errors.",
            "messageBody": "",
            "insertions": 0,
            "deletions": 1
          },
          {
            "hash": "946c389ad978b382863fbaec55e646a005de10af",
            "messageTitle": "Update ug",
            "messageBody": "",
            "insertions": 4,
            "deletions": 32
          }
        ]
      }
    ],
    "crazoter": [
      {
        "insertions": 0,
        "deletions": 2,
        "date": "2019-09-11",
        "commitResults": [
          {
            "hash": "a602f9d96a30475d3679af6b764ade6b58652d76",
            "messageTitle": "Remove Codacy badge from README",
            "messageBody": "",
            "insertions": 0,
            "deletions": 2
          }
        ]
      },
      {
        "insertions": 1289,
        "deletions": 118,
        "date": "2019-09-27",
        "commitResults": [
          {
            "hash": "13b7b1b9b8d00308ac0510d2d173cc9241e09d74",
            "messageTitle": "Update User Guide",
            "messageBody": "",
            "insertions": 1251,
            "deletions": 80
          },
          {
            "hash": "c4881f7422d81baa372b8086b0b82a60ff972f58",
            "messageTitle": "Update User Guide to make it suitable for checkstyle.",
            "messageBody": "",
            "insertions": 38,
            "deletions": 38
          }
        ]
      },
      {
        "insertions": 1099,
        "deletions": 51,
        "date": "2019-10-09",
        "commitResults": [
          {
            "hash": "7fa0f834cf3d209e46dd8e347205aa3882d5122d",
            "messageTitle": "Add Visit, VisitTodo and VisitTodoItem classes into Model and Storage",
            "messageBody": "Adding the base classes for data manipulation\n",
            "insertions": 1099,
            "deletions": 51
          }
        ]
      },
      {
        "insertions": 101,
        "deletions": 92,
        "date": "2019-10-10",
        "commitResults": [
          {
            "hash": "b613125c8150266ca3b7118eeb837d4332b54c7f",
            "messageTitle": "Clean unused imports",
            "messageBody": "",
            "insertions": 20,
            "deletions": 27
          },
          {
            "hash": "043bee3088f30db14b8f26aea026f0a8e9a11754",
            "messageTitle": "Modify relative to absolute indexing for Person list, find and edit",
            "messageBody": "Added Model.refreshFilteredPersonList (See ModelManager.refreshFilteredPersonList) in order to refresh the display after a DeleteCommand\n",
            "insertions": 53,
            "deletions": 42
          },
          {
            "hash": "6567c01a2be1eba705a22b95077b4f28236f4820",
            "messageTitle": "Fix checkstyle errors",
            "messageBody": "",
            "insertions": 6,
            "deletions": 2
          },
          {
            "hash": "f8938c3ff17e7171c9f912b80198a6c169e076b9",
            "messageTitle": "Fix checkstyle errors",
            "messageBody": "",
            "insertions": 22,
            "deletions": 21
          }
        ]
      },
      {
        "insertions": 1091,
        "deletions": 738,
        "date": "2019-10-11",
        "commitResults": [
          {
            "hash": "4e895f50afdf90737e4d553a2249d1bdd1bfb221",
            "messageTitle": "Refactor VisitTodoItem to VisitTask, Add a few Visit Commands",
            "messageBody": "",
            "insertions": 368,
            "deletions": 95
          },
          {
            "hash": "6298b657a63be649ce6cfcbb752bfec44db6d8c6",
            "messageTitle": "Fix comment to remove unnecessary throw exception warning",
            "messageBody": "",
            "insertions": 0,
            "deletions": 1
          },
          {
            "hash": "44df896c4dde77a68110b6a620c64720d822e9de",
            "messageTitle": "Add VisitTodos to Person",
            "messageBody": "Testcases partially implemented.\n",
            "insertions": 324,
            "deletions": 379
          },
          {
            "hash": "bfad0433e209f3195cb27f9fc9eb3eaf2f258f98",
            "messageTitle": "Change refreshFilteredPersonList to be private",
            "messageBody": "",
            "insertions": 7,
            "deletions": 14
          },
          {
            "hash": "c2e0a8d82fa47ccef2a72cdc6a19aaea8cf9a5ef",
            "messageTitle": "Add Checkstyle fixes",
            "messageBody": "",
            "insertions": 84,
            "deletions": 25
          },
          {
            "hash": "58cc655951ab23e1f08a6bcd56ad747ba0b3eb34",
            "messageTitle": "Fix Checkstyle errors",
            "messageBody": "",
            "insertions": 30,
            "deletions": 9
          },
          {
            "hash": "cfa771231af442fe781120355fdc4563fda73c5f",
            "messageTitle": "Add Visit to Person",
            "messageBody": "Person now has a list of their visits (previous and ongoing visits)\n",
            "insertions": 278,
            "deletions": 215
          }
        ]
      },
      {
        "insertions": 476,
        "deletions": 267,
        "date": "2019-10-12",
        "commitResults": [
          {
            "hash": "397edbcd90e1f36cb79063f4e6fe21d0517364a4",
            "messageTitle": "Add tests for Json Visit Components",
            "messageBody": "",
            "insertions": 296,
            "deletions": 205
          },
          {
            "hash": "31ed39ea3f7f264236c220c9660a9ae12b7958ce",
            "messageTitle": "Fix Checkstyle errors",
            "messageBody": "",
            "insertions": 2,
            "deletions": 2
          },
          {
            "hash": "aa9f3b5c7148d408e4c9bd9c563771bf95a86b80",
            "messageTitle": "Add Pair\u003cInteger, Integer\u003e into AddressBook to keep track of currentPatient and currentVisit",
            "messageBody": "This is saved together with the Json so that in the event of a unexpected termination the user can continue where he left off and information is not lost\n",
            "insertions": 126,
            "deletions": 9
          },
          {
            "hash": "50efaa590ae3e360bcb42f9f4da8b6338aaa1afe",
            "messageTitle": "Fix checkstyle errors",
            "messageBody": "",
            "insertions": 4,
            "deletions": 4
          },
          {
            "hash": "0592bea089ec062d6ae24e124066f04b2b4c09a2",
            "messageTitle": "Reset docs that may have been unintentionally modified",
            "messageBody": "",
            "insertions": 48,
            "deletions": 47
          }
        ]
      },
      {
        "insertions": 40,
        "deletions": 41,
        "date": "2019-10-13",
        "commitResults": [
          {
            "hash": "99d7a082b5e67c13c6dea53bf58d6e53c9169fd5",
            "messageTitle": "Update Javadocs, Add CollectionUtil.checkEqual for abstraction purposes",
            "messageBody": "",
            "insertions": 40,
            "deletions": 41
          }
        ]
      },
      {
        "insertions": 1362,
        "deletions": 300,
        "date": "2019-10-17",
        "commitResults": [
          {
            "hash": "746087c61388022d8b4cb8b3bbaf63865579b453",
            "messageTitle": "Add BeginVisitCmd, FinCurrVisitCmd, ShowCurrVisitCmd",
            "messageBody": "Note: To account for the alt case that the Person is deleted while the visit is still ongoing\n",
            "insertions": 335,
            "deletions": 39
          },
          {
            "hash": "5fe9eab8c2479c59b88a426950feaf00f5370ceb",
            "messageTitle": "Account for deletion of Persons in the context of tracking ongoing Visit and related Person",
            "messageBody": "",
            "insertions": 62,
            "deletions": 12
          },
          {
            "hash": "29777d991e9d678d38d2348cffc72b40efd98d9a",
            "messageTitle": "Add Stub Command",
            "messageBody": "",
            "insertions": 5,
            "deletions": 0
          },
          {
            "hash": "eeb9b1ac3a2e39d38d62488661cf73285ff545af",
            "messageTitle": "Add tabs for data panels and also changed CSS to make it look more pristine",
            "messageBody": "",
            "insertions": 132,
            "deletions": 20
          },
          {
            "hash": "1db2d31dd710c397d127bd8c30e68e648f304049",
            "messageTitle": "Modify Visit such that it contains a reference to its Person",
            "messageBody": "The reference is not stored in Json and Csv files.\nIt is also not checked in Visit.equals() to avoid circular references\nTo test and ensure that editing Person does not break this reference.\n",
            "insertions": 443,
            "deletions": 155
          },
          {
            "hash": "4f0d9d00541fff620d924a6fe24307278f9abfcf",
            "messageTitle": "Add Show Ongoing Visit",
            "messageBody": "",
            "insertions": 385,
            "deletions": 74
          }
        ]
      },
      {
        "insertions": 1047,
        "deletions": 677,
        "date": "2019-10-18",
        "commitResults": [
          {
            "hash": "2232af44137c5d706da0db7cfa450d0a5096e032",
            "messageTitle": "Add (incomplete) implementation on update ongoing visit",
            "messageBody": "",
            "insertions": 533,
            "deletions": 309
          },
          {
            "hash": "3d1985ae8991cd550a62b41a47c42c7aff616b43",
            "messageTitle": "Add implementation to properly update visit (WIP)",
            "messageBody": "",
            "insertions": 28,
            "deletions": 3
          },
          {
            "hash": "6677a4379d569c9bb7907109d809b44bf9b2547c",
            "messageTitle": "Add indexToInt in updateVisitCmd",
            "messageBody": "",
            "insertions": 15,
            "deletions": 7
          },
          {
            "hash": "9d7c9812efc17c8a7fa62274f18d881798266db0",
            "messageTitle": "Refactor branch-ongoing-visits",
            "messageBody": "",
            "insertions": 452,
            "deletions": 350
          },
          {
            "hash": "8f8c8c5ddfd678473e1c4fd365d09c4700e26242",
            "messageTitle": "Clarify change to toModelType",
            "messageBody": "",
            "insertions": 2,
            "deletions": 0
          },
          {
            "hash": "0f460162fe51b845a3f324fae2a5dde04fb1679f",
            "messageTitle": "Fix Checkstyle and Merge errors",
            "messageBody": "",
            "insertions": 17,
            "deletions": 8
          }
        ]
      },
      {
        "insertions": 82,
        "deletions": 66,
        "date": "2019-10-21",
        "commitResults": [
          {
            "hash": "300be18ce605aefebcfafe50d9eb1e4dee456f1a",
            "messageTitle": "Update docs headers and general data",
            "messageBody": "",
            "insertions": 20,
            "deletions": 16
          },
          {
            "hash": "72ae24b8edaf6f711dc1ddefa006ef7f5ace0d0f",
            "messageTitle": "Update tutorials",
            "messageBody": "",
            "insertions": 15,
            "deletions": 5
          },
          {
            "hash": "460ca8d3073ea6d79e5c995b8a281d64d0325046",
            "messageTitle": "Add Codacy badge",
            "messageBody": "",
            "insertions": 11,
            "deletions": 20
          },
          {
            "hash": "f1211a17d0bf3296192e9c730818fb11d9a1b7eb",
            "messageTitle": "WIP on portfolio",
            "messageBody": "",
            "insertions": 5,
            "deletions": 8
          },
          {
            "hash": "1120b3d3897dfabc135ee184a4d895c9e4e55b20",
            "messageTitle": "Fix codacy warnings",
            "messageBody": "",
            "insertions": 23,
            "deletions": 11
          },
          {
            "hash": "afbbba8ae67716e9fd7bfe7de76975f6e96c87a0",
            "messageTitle": "Refactor getOngoingVisitIfExists",
            "messageBody": "",
            "insertions": 8,
            "deletions": 6
          }
        ]
      },
      {
        "insertions": 1816,
        "deletions": 2078,
        "date": "2019-10-22",
        "commitResults": [
          {
            "hash": "7b47f12ee98704cbbe0896316f9863ad4b16b577",
            "messageTitle": "Modify Portfolio",
            "messageBody": "",
            "insertions": 13,
            "deletions": 6
          },
          {
            "hash": "3c0998b1775863b1d23ee54327e7dbfe3c0d438f",
            "messageTitle": "Split User Guide into multiple files",
            "messageBody": "UserGuide.adoc now imports multiple .adoc files from userguide. Should make it easier for parallel modification in the future\n",
            "insertions": 1313,
            "deletions": 1305
          },
          {
            "hash": "6a6e01425ebb16ad17556730597077b960921a37",
            "messageTitle": "Remove unused UG elements",
            "messageBody": "",
            "insertions": 162,
            "deletions": 503
          },
          {
            "hash": "cfa2f09143e20946d712206b2df833d28aab354b",
            "messageTitle": "Modify and remove unused planned features",
            "messageBody": "Set aside planned features for other team members to update if they want\n",
            "insertions": 25,
            "deletions": 25
          },
          {
            "hash": "d639c0aaa29fd79ac2f0f5c84233a1dc29d124ea",
            "messageTitle": "Edit Patient and Visit User Guide",
            "messageBody": "",
            "insertions": 69,
            "deletions": 136
          },
          {
            "hash": "9f65fb3cf6f1e795d2bdc4eb79c7f537d52e868a",
            "messageTitle": "Remove reference to patient in visit.hashCode",
            "messageBody": "",
            "insertions": 1,
            "deletions": 1
          },
          {
            "hash": "ddf3d4f40bc2c047fa6a2e70416fe110e5f464ec",
            "messageTitle": "Update Visit and Patient",
            "messageBody": "",
            "insertions": 104,
            "deletions": 42
          },
          {
            "hash": "97534dfe4daaa9d52a7851bafafca02cbe136de0",
            "messageTitle": "Map UG to portfolio",
            "messageBody": "",
            "insertions": 15,
            "deletions": 3
          },
          {
            "hash": "d067aaa5e3768e5ce834bf17580def74d41ff62f",
            "messageTitle": "Fix checkstyle",
            "messageBody": "",
            "insertions": 6,
            "deletions": 6
          },
          {
            "hash": "b3f900e5f1191f9824bf8fca96f67febc523e78a",
            "messageTitle": "Update tab information",
            "messageBody": "",
            "insertions": 4,
            "deletions": 4
          },
          {
            "hash": "b1f985f207f6303dd45f508ebfdcd0a4956217be",
            "messageTitle": "Add CancelOngoingVisit and fix visit-finish bugs",
            "messageBody": "",
            "insertions": 83,
            "deletions": 2
          },
          {
            "hash": "ae809aec65fa3665a5af650424830e33dfaef6bc",
            "messageTitle": "Fix Checkstyle",
            "messageBody": "",
            "insertions": 5,
            "deletions": 0
          },
          {
            "hash": "2bf27e6c6a73a1a9c0cb2bb85f5485bd25911e52",
            "messageTitle": "Remove unused ShowOngoingVisitCommand",
            "messageBody": "",
            "insertions": 0,
            "deletions": 36
          },
          {
            "hash": "c08a74a920bbf95bc006a7ba608ddcd4691d1914",
            "messageTitle": "Add documentation for visit-cancel",
            "messageBody": "",
            "insertions": 14,
            "deletions": 5
          },
          {
            "hash": "00e181a337007c151db103850b0eb7fbc3230a97",
            "messageTitle": "Fix codacy",
            "messageBody": "",
            "insertions": 2,
            "deletions": 4
          }
        ]
      },
      {
        "insertions": 577,
        "deletions": 115,
        "date": "2019-10-23",
        "commitResults": [
          {
            "hash": "c23feaaece0735c5827f7390458fc3a73c777238",
            "messageTitle": "Add TitledPane and List placeholders",
            "messageBody": "",
            "insertions": 47,
            "deletions": 7
          },
          {
            "hash": "bda184a8209269d2907674ef127ed2f5e4bc94b5",
            "messageTitle": "Keep visits pane minimized by default",
            "messageBody": "",
            "insertions": 5,
            "deletions": 4
          },
          {
            "hash": "8718614c8a0df4b7836e2dab70911182518eb6c7",
            "messageTitle": "Update documentation linkages",
            "messageBody": "",
            "insertions": 12,
            "deletions": 7
          },
          {
            "hash": "22cefa51701c54ac19b909934a132fc1019602c6",
            "messageTitle": "Clean up linkages",
            "messageBody": "",
            "insertions": 0,
            "deletions": 5
          },
          {
            "hash": "96d58cebac027cf2e7316beafb066ea5f8d6a7ee",
            "messageTitle": "Update Developer Guide",
            "messageBody": "",
            "insertions": 123,
            "deletions": 8
          },
          {
            "hash": "09df5aed879fda1b1fad4faaa11f69721169b3d5",
            "messageTitle": "Include visit in requireAllNonNull",
            "messageBody": "",
            "insertions": 1,
            "deletions": 1
          },
          {
            "hash": "74f5ae84ce514414b295f3b577687bde926d91ac",
            "messageTitle": "Add DateTime tests, refactor EndDateTime.isValidEndDateTime",
            "messageBody": "",
            "insertions": 262,
            "deletions": 3
          },
          {
            "hash": "92fab67068f47d2c1cd1bfd280f717cf05b72c0b",
            "messageTitle": "Add Visit tests (WIP), remove duplicates in TypicalVisitTodos",
            "messageBody": "",
            "insertions": 127,
            "deletions": 80
          }
        ]
      },
      {
        "insertions": 432,
        "deletions": 101,
        "date": "2019-10-24",
        "commitResults": [
          {
            "hash": "3760558e928e0a99b06e06b5a37cd04c4f528193",
            "messageTitle": "Update EditCommandTest",
            "messageBody": "",
            "insertions": 5,
            "deletions": 2
          },
          {
            "hash": "17e447e13afd0b77d4e98e5ebfc149b47df6942a",
            "messageTitle": "Update VisitTodoTest",
            "messageBody": "",
            "insertions": 6,
            "deletions": 8
          },
          {
            "hash": "5fd9e74da8acf30f5476548c3c6d9e931cdf9ec0",
            "messageTitle": "Implement BeginVisit tests",
            "messageBody": "",
            "insertions": 115,
            "deletions": 2
          },
          {
            "hash": "4afef5a749894046fae9016cf9baffcce5d0a066",
            "messageTitle": "Add BeginVisitCommandTest",
            "messageBody": "",
            "insertions": 63,
            "deletions": 12
          },
          {
            "hash": "9aa79a4b4eb65817084eff564cf6dbf7296fe147",
            "messageTitle": "Add CancelFinishVisit Tests and Fix CollectionUtil",
            "messageBody": "",
            "insertions": 83,
            "deletions": 6
          },
          {
            "hash": "e42ae053f3ae2e9e14916e7b58bc62ca24606c7a",
            "messageTitle": "Add more defensive programming in Person.removeVisit",
            "messageBody": "",
            "insertions": 101,
            "deletions": 6
          },
          {
            "hash": "e652d6a9a96cd225d17f6f78455979cd83f52785",
            "messageTitle": "Update for codacy and checkstyle",
            "messageBody": "",
            "insertions": 28,
            "deletions": 48
          },
          {
            "hash": "b17dafe7b46a7caf3a416c968584712636951333",
            "messageTitle": "Add updateOngoingVisitList",
            "messageBody": "",
            "insertions": 13,
            "deletions": 3
          },
          {
            "hash": "93d9b9fd5cf9eb17f3020a6ce6c9afddc033d973",
            "messageTitle": "Fix undo/redo and visit integration",
            "messageBody": "",
            "insertions": 12,
            "deletions": 8
          },
          {
            "hash": "b00b5a137c67fc2d50d616b6920dbd54720189c6",
            "messageTitle": "Prepare for v1.2.1 release",
            "messageBody": "",
            "insertions": 6,
            "deletions": 6
          }
        ]
      },
      {
        "insertions": 5219,
        "deletions": 5141,
        "date": "2019-10-27",
        "commitResults": [
          {
            "hash": "5f013287b22c1f6e89c0b6f4b04fbb6cb99f6533",
            "messageTitle": "Refactor package name, Person to Patient, AddrBk to PatientBk",
            "messageBody": "",
            "insertions": 5198,
            "deletions": 5121
          },
          {
            "hash": "82de0eaa783f786439f39b839446e4e074de2e21",
            "messageTitle": "Rename commands",
            "messageBody": "",
            "insertions": 18,
            "deletions": 18
          },
          {
            "hash": "f6a452f201dc51a7af614eb63e88b67d9200a59b",
            "messageTitle": "Fix GUI window not filling screen",
            "messageBody": "",
            "insertions": 1,
            "deletions": 1
          },
          {
            "hash": "9e462704cf892f10766f92fba909346a17513d31",
            "messageTitle": "Fix test case",
            "messageBody": "",
            "insertions": 2,
            "deletions": 1
          }
        ]
      },
      {
        "insertions": 256,
        "deletions": 196,
        "date": "2019-10-28",
        "commitResults": [
          {
            "hash": "17e8bae6ef5115edd4ce51e4aefed989765a863c",
            "messageTitle": "Change Clisyntax to static import",
            "messageBody": "",
            "insertions": 175,
            "deletions": 129
          },
          {
            "hash": "9279ab2a5fe5b03e775414ee2b146816c8838d46",
            "messageTitle": "Refactor Messages to use static imports",
            "messageBody": "",
            "insertions": 81,
            "deletions": 67
          }
        ]
      },
      {
        "insertions": 592,
        "deletions": 174,
        "date": "2019-10-31",
        "commitResults": [
          {
            "hash": "61beacb54de328750bfeb6f96050caacfb6b6d32",
            "messageTitle": "Enhance Ongoing Visit UI",
            "messageBody": "",
            "insertions": 135,
            "deletions": 25
          },
          {
            "hash": "0ca6593f814002155124d2c4144f42b4ecc2d541",
            "messageTitle": "Fix css bugs from selection",
            "messageBody": "",
            "insertions": 25,
            "deletions": 26
          },
          {
            "hash": "86748c3ac619d3eedac526d6ed69c128801ac8ea",
            "messageTitle": "Implement Visit viewing on pat-list",
            "messageBody": "",
            "insertions": 269,
            "deletions": 79
          },
          {
            "hash": "ea491f46823e6dc23f4427cbdad08f36a84d92ec",
            "messageTitle": "Update autocomplete",
            "messageBody": "",
            "insertions": 22,
            "deletions": 31
          },
          {
            "hash": "5f999670fe1b9d0cf3a3c0827377c70597e08f36",
            "messageTitle": "Fix css",
            "messageBody": "",
            "insertions": 9,
            "deletions": 1
          },
          {
            "hash": "53fc8ca7eea9448c94418935224ccc03b37b77b2",
            "messageTitle": "Update HelpWindow URL",
            "messageBody": "",
            "insertions": 1,
            "deletions": 1
          },
          {
            "hash": "5f42eea0754642dc117c5d391942bc8c7fccfc7a",
            "messageTitle": "Update DG",
            "messageBody": "",
            "insertions": 108,
            "deletions": 5
          },
          {
            "hash": "25655fa6f54c132e78065d757cee6d5f58314f2d",
            "messageTitle": "Update DG images",
            "messageBody": "",
            "insertions": 13,
            "deletions": 0
          },
          {
            "hash": "cceab421c46114ba0234b1358b44a1f77e9a93bd",
            "messageTitle": "Update to change to Date and Time",
            "messageBody": "",
            "insertions": 4,
            "deletions": 4
          },
          {
            "hash": "58c9edd2699b43508216d9db036c8f1ddd324578",
            "messageTitle": "Added screenshots to UG",
            "messageBody": "",
            "insertions": 5,
            "deletions": 1
          },
          {
            "hash": "354d2e4bda4540fad2529910ddad1d811cdc1f5a",
            "messageTitle": "Update Ui.png",
            "messageBody": "",
            "insertions": 1,
            "deletions": 1
          }
        ]
      },
      {
        "insertions": 11,
        "deletions": 11,
        "date": "2019-11-01",
        "commitResults": [
          {
            "hash": "1c1836d06f5a03e549a1bd5c8d9f9c2d49cf0bc2",
            "messageTitle": "Fix MutatorCommand bug related to LocalDateTime",
            "messageBody": "",
            "insertions": 3,
            "deletions": 1
          },
          {
            "hash": "7521247f0ade8b73154071f69903ec0d7fe8944f",
            "messageTitle": "Fix isValidEndDateTime",
            "messageBody": "",
            "insertions": 2,
            "deletions": 1
          },
          {
            "hash": "03f6ba3e09a3354400ac74ca19e41928ab53603e",
            "messageTitle": "Update testcase",
            "messageBody": "",
            "insertions": 1,
            "deletions": 1
          },
          {
            "hash": "953a3604762dedba0e40a9dcf2702bce256982d3",
            "messageTitle": "Update visit images",
            "messageBody": "",
            "insertions": 1,
            "deletions": 4
          },
          {
            "hash": "c3538ab9e25d3362074b2d728445090872217000",
            "messageTitle": "Fix URL reference",
            "messageBody": "",
            "insertions": 2,
            "deletions": 2
          },
          {
            "hash": "4c3c170f8ec30baf497de3f63ba43f1a9865780f",
            "messageTitle": "Resize UG image",
            "messageBody": "",
            "insertions": 2,
            "deletions": 2
          }
        ]
      },
      {
        "insertions": 195,
        "deletions": 66,
        "date": "2019-11-04",
        "commitResults": [
          {
            "hash": "395cdc638bc7f9f22372984cf6eebe20e2149f0f",
            "messageTitle": "Fix Visit display bugs",
            "messageBody": "",
            "insertions": 18,
            "deletions": 13
          },
          {
            "hash": "aa5fb363a85549ffb93c98ece9264589d6348d28",
            "messageTitle": "Update UG to include tab information",
            "messageBody": "",
            "insertions": 14,
            "deletions": 0
          },
          {
            "hash": "d91e41bca02650c1ad4c25728dee9fb8602b6665",
            "messageTitle": "Fix single index error messages",
            "messageBody": "",
            "insertions": 73,
            "deletions": 25
          },
          {
            "hash": "b7a8fe67de45e74c9b6e6f6bf64a577fa513a267",
            "messageTitle": "Ensure ongoing visit error message comes first",
            "messageBody": "",
            "insertions": 82,
            "deletions": 21
          },
          {
            "hash": "b7043776a4ff5d80a53eeec76a26eb8033977acf",
            "messageTitle": "Fix checkstyle",
            "messageBody": "",
            "insertions": 8,
            "deletions": 7
          }
        ]
      },
      {
        "insertions": 33,
        "deletions": 74,
        "date": "2019-11-05",
        "commitResults": [
          {
            "hash": "cdc5fc85cd356d24cfd487ace2f0acc176c6d035",
            "messageTitle": "Refactor parseCommand",
            "messageBody": "",
            "insertions": 33,
            "deletions": 74
          }
        ]
      },
      {
        "insertions": 174,
        "deletions": 179,
        "date": "2019-11-06",
        "commitResults": [
          {
            "hash": "1cc577a375e4a008ae6590e842a71c55cf3c58e5",
            "messageTitle": "Revert \"Refactor parseCommand\"",
            "messageBody": "This reverts commit cdc5fc85cd356d24cfd487ace2f0acc176c6d035.\n",
            "insertions": 74,
            "deletions": 33
          },
          {
            "hash": "705f6ea393cd436d8bd63783868585032510e1da",
            "messageTitle": "Revert \"Fix checkstyle\"",
            "messageBody": "This reverts commit b7043776a4ff5d80a53eeec76a26eb8033977acf.\n",
            "insertions": 7,
            "deletions": 8
          },
          {
            "hash": "b42794e9e3aa5e26aef071a22fb39b229724473d",
            "messageTitle": "Revert \"Ensure ongoing visit error message comes first\"",
            "messageBody": "This reverts commit b7a8fe67de45e74c9b6e6f6bf64a577fa513a267.\n",
            "insertions": 21,
            "deletions": 82
          },
          {
            "hash": "2acb39e23ad467d3f88add04356300d07330bd6b",
            "messageTitle": "Fix padding for VisitTask",
            "messageBody": "",
            "insertions": 2,
            "deletions": 2
          },
          {
            "hash": "31cb2537a1b5cd0873c26e068c539363b138462c",
            "messageTitle": "Update DG",
            "messageBody": "",
            "insertions": 32,
            "deletions": 33
          },
          {
            "hash": "5ad66f7682e9b92c1fe1d3bae2b6982785626a99",
            "messageTitle": "Update documentation",
            "messageBody": "",
            "insertions": 31,
            "deletions": 20
          },
          {
            "hash": "8a9acedf5d2a385e4131410a51002da322648608",
            "messageTitle": "Update PPP",
            "messageBody": "",
            "insertions": 7,
            "deletions": 1
          }
        ]
      },
      {
        "insertions": 3,
        "deletions": 3,
        "date": "2019-11-07",
        "commitResults": [
          {
            "hash": "db82f2dc6b8273b13355572d7930046ba1bdf724",
            "messageTitle": "Remove trailing whitespace",
            "messageBody": "",
            "insertions": 1,
            "deletions": 1
          },
          {
            "hash": "cee24f3d8c80ee390884ab48ed75d1e912a86d43",
            "messageTitle": "Fix test case",
            "messageBody": "",
            "insertions": 2,
            "deletions": 2
          }
        ]
      }
    ],
    "francislow": [
      {
        "insertions": 0,
        "deletions": 0,
        "date": "2019-09-11",
        "commitResults": [
          {
            "hash": "a10b0fb8314cdd1b744b7bc0bb1c65f25f239c8d",
            "messageTitle": "Add testfile",
            "messageBody": "",
            "insertions": 0,
            "deletions": 0
          }
        ]
      },
      {
        "insertions": 0,
        "deletions": 0,
        "date": "2019-09-12",
        "commitResults": [
          {
            "hash": "915f8113684424e1ba76754be3c97503bfbd22f4",
            "messageTitle": "Add travis.yml",
            "messageBody": "",
            "insertions": 0,
            "deletions": 0
          }
        ]
      },
      {
        "insertions": 178,
        "deletions": 23,
        "date": "2019-10-01",
        "commitResults": [
          {
            "hash": "f37cc32facb1f331348a3c56d0fdb7cb28bbbac3",
            "messageTitle": "Update dg (appendix A-E)",
            "messageBody": "",
            "insertions": 178,
            "deletions": 23
          }
        ]
      },
      {
        "insertions": 1,
        "deletions": 1,
        "date": "2019-10-02",
        "commitResults": [
          {
            "hash": "23eb758a2fc985fb2896914ec169a04937b55c77",
            "messageTitle": "Update dg - fixed typo",
            "messageBody": "",
            "insertions": 1,
            "deletions": 1
          }
        ]
      },
      {
        "insertions": 362,
        "deletions": 47,
        "date": "2019-10-13",
        "commitResults": [
          {
            "hash": "43127f7fda7103b0b9d9630a1b06cc683c93fbca",
            "messageTitle": "Add first autocomplete feature v1.2",
            "messageBody": "",
            "insertions": 362,
            "deletions": 47
          }
        ]
      },
      {
        "insertions": 48,
        "deletions": 33,
        "date": "2019-10-14",
        "commitResults": [
          {
            "hash": "93adaa574c548d68ad832128fb7ab86a4eac432a",
            "messageTitle": "Fix checkstyle errors",
            "messageBody": "",
            "insertions": 48,
            "deletions": 33
          }
        ]
      },
      {
        "insertions": 81,
        "deletions": 65,
        "date": "2019-10-15",
        "commitResults": [
          {
            "hash": "a9ea7c90e8c6fb7c67769405b7ac8b738e32ff95",
            "messageTitle": "Delegate system message to logger",
            "messageBody": "",
            "insertions": 12,
            "deletions": 11
          },
          {
            "hash": "405ce1fa4b786796a3ac67a66b3d77d09958611d",
            "messageTitle": "Move onkeypress logic to commandbox class",
            "messageBody": "",
            "insertions": 68,
            "deletions": 53
          },
          {
            "hash": "10981fa31e0da861336ac27ef535771d3156bcd1",
            "messageTitle": "Change to concatenating suggested word",
            "messageBody": "",
            "insertions": 1,
            "deletions": 1
          }
        ]
      },
      {
        "insertions": 196,
        "deletions": 49,
        "date": "2019-10-16",
        "commitResults": [
          {
            "hash": "7a3670a44eac42b59045c107b1963e99e7595f3b",
            "messageTitle": "Disable press right key to autocomplete",
            "messageBody": "",
            "insertions": 10,
            "deletions": 3
          },
          {
            "hash": "558259167791c5d06b2cbc41ff60810301beb08f",
            "messageTitle": "Add auto change list of suggested words functionality",
            "messageBody": "",
            "insertions": 186,
            "deletions": 46
          }
        ]
      },
      {
        "insertions": 518,
        "deletions": 312,
        "date": "2019-10-22",
        "commitResults": [
          {
            "hash": "1bd2d0d0685a94b4a9880ee14b17259d95786eff",
            "messageTitle": "Implement handliers to change to different set of suggested words Implement filtering of irrelevant words in list Fixed wrong list being suggested Changed parsing method to accomodate \u0027-\u0027  in usercommand",
            "messageBody": "",
            "insertions": 314,
            "deletions": 88
          },
          {
            "hash": "2e9863ac431392696e7c7fd3343bded588b72fc9",
            "messageTitle": "Delete outdated class",
            "messageBody": "",
            "insertions": 0,
            "deletions": 70
          },
          {
            "hash": "26c1aec1ae0d808d5e574b0aa160fe928fd34475",
            "messageTitle": "Refine list update function",
            "messageBody": "",
            "insertions": 46,
            "deletions": 55
          },
          {
            "hash": "bd78cd9da2b07681dce2d5f94915e60cbe15c101",
            "messageTitle": "Add javadoc",
            "messageBody": "",
            "insertions": 114,
            "deletions": 59
          },
          {
            "hash": "9deb86889fd876112f554d806620062d8de557b5",
            "messageTitle": "Update design layout of command box, autocomplete panel and result display",
            "messageBody": "",
            "insertions": 35,
            "deletions": 25
          },
          {
            "hash": "a8e3e6f83b5a37c19d0378d2cf7cd158a587122a",
            "messageTitle": "Improve code quality for codacy check",
            "messageBody": "",
            "insertions": 9,
            "deletions": 15
          }
        ]
      },
      {
        "insertions": 3,
        "deletions": 2,
        "date": "2019-10-23",
        "commitResults": [
          {
            "hash": "9cf7ecc68b8a2511b50b5142ddbc7592d4682b0d",
            "messageTitle": "Fixed up and down key not scrolling to selected autocomplete card",
            "messageBody": "",
            "insertions": 3,
            "deletions": 2
          }
        ]
      },
      {
        "insertions": 37,
        "deletions": 39,
        "date": "2019-10-24",
        "commitResults": [
          {
            "hash": "8ad84ea789b331f4405ef377f1430c6e01c22f80",
            "messageTitle": "Remove AutoCompleteWord dependency from AutoCompleteCard",
            "messageBody": "",
            "insertions": 6,
            "deletions": 10
          },
          {
            "hash": "94c5825d754312c3a98356b32069e1132e9371f3",
            "messageTitle": "Improve dependency in CommandBox",
            "messageBody": "",
            "insertions": 11,
            "deletions": 14
          },
          {
            "hash": "bb60513e3f238ea5cbcc80340ed9694a453477e4",
            "messageTitle": "Add javadoc",
            "messageBody": "",
            "insertions": 3,
            "deletions": 0
          },
          {
            "hash": "338618d99e0e1fcf68e99faf3258efa01478de9d",
            "messageTitle": "Improve dependency in AutoCompletePanel",
            "messageBody": "",
            "insertions": 17,
            "deletions": 15
          }
        ]
      },
      {
        "insertions": 56,
        "deletions": 7,
        "date": "2019-10-25",
        "commitResults": [
          {
            "hash": "41123221515a1fd1c24288bc70a5060d94fb1b41",
            "messageTitle": "Fix checkstyle error",
            "messageBody": "",
            "insertions": 4,
            "deletions": 2
          },
          {
            "hash": "424971430380661d71b7088fcea9c0bf1414793a",
            "messageTitle": "Add autocomplete dg v1",
            "messageBody": "",
            "insertions": 43,
            "deletions": 0
          },
          {
            "hash": "0fd6583f61fc49dcbedbf763e69bd8113b8418f0",
            "messageTitle": "Fixed typos",
            "messageBody": "",
            "insertions": 5,
            "deletions": 5
          },
          {
            "hash": "5823ef6dde7e33ed6e1af1128ad706577296ff79",
            "messageTitle": "Add link to autocomplete dg in devguide",
            "messageBody": "",
            "insertions": 4,
            "deletions": 0
          }
        ]
      },
      {
        "insertions": 86,
        "deletions": 53,
        "date": "2019-10-26",
        "commitResults": [
          {
            "hash": "7f32720fddd88f0ef0aa2653bf2fee4cd7a44cf7",
            "messageTitle": "Improve documentation",
            "messageBody": "",
            "insertions": 29,
            "deletions": 17
          },
          {
            "hash": "7ea3ffb9e3737b8a77978187a93c77debb3c8cf4",
            "messageTitle": "Remove hardcoding some commands and object words",
            "messageBody": "",
            "insertions": 53,
            "deletions": 36
          },
          {
            "hash": "32698fce8f6be952ab35bea2eec97e4ee2017749",
            "messageTitle": "Add AutoCompleteHandler class",
            "messageBody": "",
            "insertions": 4,
            "deletions": 0
          }
        ]
      },
      {
        "insertions": 1,
        "deletions": 6,
        "date": "2019-10-27",
        "commitResults": [
          {
            "hash": "55a370effe7b5733819f0e1a6c5f4550e48a8aa0",
            "messageTitle": "Removed AutoCompleteHandler class and fix checkstyle issue",
            "messageBody": "",
            "insertions": 1,
            "deletions": 6
          }
        ]
      },
      {
        "insertions": 369,
        "deletions": 194,
        "date": "2019-10-31",
        "commitResults": [
          {
            "hash": "ac76fefc3612f8036c6862165f77a375770be1d6",
            "messageTitle": "Refactor some methods",
            "messageBody": "",
            "insertions": 2,
            "deletions": 2
          },
          {
            "hash": "aa63d8c0ce989a753f1787e52e95a3a55b1f7dcc",
            "messageTitle": "Updated commands prefix and object words",
            "messageBody": "",
            "insertions": 211,
            "deletions": 46
          },
          {
            "hash": "8267cbc5ad334f3f21d7ba5d0deb8e876b1445a8",
            "messageTitle": "Fixed duplicate command \"add\" bug",
            "messageBody": "",
            "insertions": 63,
            "deletions": 60
          },
          {
            "hash": "aa262ac816748d70eff0b07297979d1c2ca33a08",
            "messageTitle": "Combined ListUpdater and ListFilter class",
            "messageBody": "",
            "insertions": 32,
            "deletions": 43
          },
          {
            "hash": "19370f2e137d1af95cb3b2ac66ee71dddc0915cb",
            "messageTitle": "Add logic to indexword suggestion",
            "messageBody": "",
            "insertions": 37,
            "deletions": 22
          },
          {
            "hash": "91df4ffd8c40a98838ed586974744149827d2549",
            "messageTitle": "Update javadoc",
            "messageBody": "",
            "insertions": 11,
            "deletions": 9
          },
          {
            "hash": "9a3725948591b78a115df081b822eb20a7977322",
            "messageTitle": "Fix index suggestion not working for visit-start",
            "messageBody": "",
            "insertions": 3,
            "deletions": 3
          },
          {
            "hash": "646f5545ba4f5fdc5d9d836e0b3b877d3f52b21f",
            "messageTitle": "Fix checkstyle",
            "messageBody": "",
            "insertions": 10,
            "deletions": 9
          }
        ]
      },
      {
        "insertions": 567,
        "deletions": 260,
        "date": "2019-11-01",
        "commitResults": [
          {
            "hash": "051579e90bf00354e0bfd5ec1951817a138a6ea3",
            "messageTitle": "Add dash to displayed object word in autocomplete panel ui",
            "messageBody": "",
            "insertions": 19,
            "deletions": 1
          },
          {
            "hash": "bb0f8988b14c16d629fab4bac496f1c542a5b32e",
            "messageTitle": "Move choose initial list to list handler class",
            "messageBody": "",
            "insertions": 56,
            "deletions": 53
          },
          {
            "hash": "5707eed00d59b0551c774d430b054c8fb445acec",
            "messageTitle": "Abstract out updating matching words",
            "messageBody": "",
            "insertions": 168,
            "deletions": 135
          },
          {
            "hash": "02870fcd827b9cb2840260b90d2f30e570cf95c6",
            "messageTitle": "Fix codacy issues",
            "messageBody": "",
            "insertions": 7,
            "deletions": 8
          },
          {
            "hash": "4f2ee781fd27c39dd6757691c7588204c78d7bde",
            "messageTitle": "Add test classes",
            "messageBody": "",
            "insertions": 125,
            "deletions": 10
          },
          {
            "hash": "60c74657f298a24a452151fdfa85b4e9513d74c0",
            "messageTitle": "Fix codacy issue 1",
            "messageBody": "",
            "insertions": 8,
            "deletions": 33
          },
          {
            "hash": "f678fc15084916b1e2a30c797a6643ab6d81f64f",
            "messageTitle": "First update of userdoc for autocomplete",
            "messageBody": "",
            "insertions": 26,
            "deletions": 0
          },
          {
            "hash": "b2a40a2111d7cae5eed4c9aff2336f510cd0efad",
            "messageTitle": "Fix codecy issue 2",
            "messageBody": "",
            "insertions": 2,
            "deletions": 2
          },
          {
            "hash": "70b024207a64912b20c023e4b758b54aee375443",
            "messageTitle": "Updated ug",
            "messageBody": "",
            "insertions": 5,
            "deletions": 2
          },
          {
            "hash": "59e94d468bc1a2d91a75e7dc3692687835fdc1ea",
            "messageTitle": "Update pat-add prefix",
            "messageBody": "",
            "insertions": 6,
            "deletions": 0
          },
          {
            "hash": "92652f2fd9848ff1f9e3a42f6a976873f2637a5f",
            "messageTitle": "Add f/ prefix for visit-now-update",
            "messageBody": "",
            "insertions": 3,
            "deletions": 0
          },
          {
            "hash": "fd1466feed6dbd4fead65da3e9d92421f9755f4a",
            "messageTitle": "Fix after list not showing after command is entered and accepted",
            "messageBody": "",
            "insertions": 4,
            "deletions": 1
          },
          {
            "hash": "2e1d742f1a2f2e3f7d67f14df57572d3ab20d741",
            "messageTitle": "Change AutoCompleteWord to abstract class",
            "messageBody": "",
            "insertions": 18,
            "deletions": 5
          },
          {
            "hash": "d286b832d06a0b0e7e3de11ff058a39e3e96a4b7",
            "messageTitle": "Change argument and method names",
            "messageBody": "",
            "insertions": 10,
            "deletions": 10
          },
          {
            "hash": "b394e991d094077dde76ac01064c9bdf8f7cd0ec",
            "messageTitle": "Modified test classes",
            "messageBody": "",
            "insertions": 10,
            "deletions": 0
          },
          {
            "hash": "cd862576e26c9a5be77041033e28ebfa4129a0ea",
            "messageTitle": "Add test classes",
            "messageBody": "",
            "insertions": 100,
            "deletions": 0
          }
        ]
      },
      {
        "insertions": 438,
        "deletions": 235,
        "date": "2019-11-02",
        "commitResults": [
          {
            "hash": "b18c31f41acc17a62b4c637b390b926ceb0acfc9",
            "messageTitle": "Add observer pattern Add function let user know what each autocomplete word does",
            "messageBody": "",
            "insertions": 438,
            "deletions": 235
          }
        ]
      },
      {
        "insertions": 441,
        "deletions": 254,
        "date": "2019-11-03",
        "commitResults": [
          {
            "hash": "7c50e24ae4979de889bb0759c57b2989988f71f2",
            "messageTitle": "Add auto-activation suggestion word guide function",
            "messageBody": "",
            "insertions": 32,
            "deletions": 31
          },
          {
            "hash": "2f55c4da0733d53db0f4db4d335c982bffe31731",
            "messageTitle": "Add javadoc and fix checkstyle",
            "messageBody": "",
            "insertions": 147,
            "deletions": 90
          },
          {
            "hash": "297fcde39a9df52b720d37e55bdb69fbbaa64c6c",
            "messageTitle": "Update test cases",
            "messageBody": "",
            "insertions": 23,
            "deletions": 6
          },
          {
            "hash": "aa9efe0b2b3ebaf7b37d729ee0afced3047b8021",
            "messageTitle": "Add javadoc to interfaces",
            "messageBody": "",
            "insertions": 14,
            "deletions": 3
          },
          {
            "hash": "61cc10d88978a9866c24057b103f7faa0be227fe",
            "messageTitle": "Add exit autocomplete word",
            "messageBody": "",
            "insertions": 7,
            "deletions": 0
          },
          {
            "hash": "15b69c183bf95cf8f9b84a2d489e4c196259a3bb",
            "messageTitle": "Edit javadocs",
            "messageBody": "",
            "insertions": 3,
            "deletions": 2
          },
          {
            "hash": "87cef79f218cd498846bfe18c272679ad36820a1",
            "messageTitle": "Add test class for handler",
            "messageBody": "",
            "insertions": 84,
            "deletions": 0
          },
          {
            "hash": "aaa83b1846c765d6bb78a84252503b1f68b3784a",
            "messageTitle": "Update userguide",
            "messageBody": "",
            "insertions": 8,
            "deletions": 5
          },
          {
            "hash": "c4e1fab69e9303e704ed62e2604e680face4849d",
            "messageTitle": "Update ug",
            "messageBody": "",
            "insertions": 15,
            "deletions": 9
          },
          {
            "hash": "f65092716b96a5b60252d3f186c26a65234d76e9",
            "messageTitle": "Add new line at the end",
            "messageBody": "",
            "insertions": 2,
            "deletions": 2
          },
          {
            "hash": "8f98bfa62f221d242bcf151adfd075fc686dfadb",
            "messageTitle": "Fix codacy issues 1",
            "messageBody": "",
            "insertions": 101,
            "deletions": 101
          },
          {
            "hash": "68b4fb3382da13c4768580501ccce683519c1758",
            "messageTitle": "Update docs/userguide/AutoComplete.adoc",
            "messageBody": "Co-Authored-By: gabrielchao \u003c42672580+gabrielchao@users.noreply.github.com\u003e",
            "insertions": 1,
            "deletions": 1
          },
          {
            "hash": "0cab829567811e3e7e3d60044503131faa420122",
            "messageTitle": "Update docs/userguide/AutoComplete.adoc",
            "messageBody": "Co-Authored-By: gabrielchao \u003c42672580+gabrielchao@users.noreply.github.com\u003e",
            "insertions": 1,
            "deletions": 1
          },
          {
            "hash": "eb347374d986ca81119c3bd0f6fa0778814e39a4",
            "messageTitle": "Update docs/userguide/AutoComplete.adoc",
            "messageBody": "Co-Authored-By: gabrielchao \u003c42672580+gabrielchao@users.noreply.github.com\u003e",
            "insertions": 1,
            "deletions": 1
          },
          {
            "hash": "c90edf12359c6a51c4141dac3998e4d55c926864",
            "messageTitle": "Update docs/userguide/AutoComplete.adoc",
            "messageBody": "Co-Authored-By: gabrielchao \u003c42672580+gabrielchao@users.noreply.github.com\u003e",
            "insertions": 1,
            "deletions": 1
          },
          {
            "hash": "cc78e8cc56f5a95aabc40a6e74c3aff31c7264e1",
            "messageTitle": "Update docs/userguide/AutoComplete.adoc",
            "messageBody": "Co-Authored-By: gabrielchao \u003c42672580+gabrielchao@users.noreply.github.com\u003e",
            "insertions": 1,
            "deletions": 1
          }
        ]
      },
      {
        "insertions": 16,
        "deletions": 16,
        "date": "2019-11-06",
        "commitResults": [
          {
            "hash": "d9fbc7e28059dd20a254c1f42e0f70a10649b9ed",
            "messageTitle": "Change select key to RIGHT",
            "messageBody": "",
            "insertions": 3,
            "deletions": 3
          },
          {
            "hash": "78121340564de7174c903b0b195fe5a414d9855d",
            "messageTitle": "Change class name",
            "messageBody": "",
            "insertions": 10,
            "deletions": 10
          },
          {
            "hash": "fc011fc099a258ce6200e1a310cf349e9f61a56c",
            "messageTitle": "Update ug",
            "messageBody": "",
            "insertions": 3,
            "deletions": 3
          }
        ]
      },
      {
        "insertions": 22,
        "deletions": 38,
        "date": "2019-11-08",
        "commitResults": [
          {
            "hash": "23d555b3fa66d3985c2967598b6ca44a3133abf3",
            "messageTitle": "Draft PPP",
            "messageBody": "",
            "insertions": 20,
            "deletions": 35
          },
          {
            "hash": "28edde092c29f9443229106f9d09a00f48674681",
            "messageTitle": "Update PPP",
            "messageBody": "",
            "insertions": 2,
            "deletions": 3
          }
        ]
      }
    ]
  },
  "authorFinalContributionMap": {
    "gabrielchao": 1594,
    "cheongsiuhong": 1733,
    "sandydays": 1874,
    "crazoter": 9822,
    "francislow": 1910
  },
  "authorFileTypeContributionMap": {
    "gabrielchao": {
      "docs": 324,
      "tests": 410,
      "functional": 829,
      "other": 31
    },
    "cheongsiuhong": {
      "docs": 346,
      "tests": 536,
      "functional": 704,
      "other": 147
    },
    "sandydays": {
      "docs": 73,
      "tests": 59,
      "functional": 1739,
      "other": 3
    },
    "crazoter": {
      "docs": 1097,
      "tests": 3714,
      "functional": 4855,
      "other": 156
    },
    "francislow": {
      "docs": 271,
      "tests": 308,
      "functional": 1331
    }
  },
  "authorContributionVariance": {
    "gabrielchao": 13262.475,
    "cheongsiuhong": 71786.34,
    "sandydays": 30815.332,
    "crazoter": 1974585.4,
    "francislow": 39937.434
  },
  "authorDisplayNameMap": {
    "gabrielchao": "CS2103-F10-1 CHAO  ... BRIEL",
    "cheongsiuhong": "CS2103-F10-1 CHEON ...  HONG",
    "sandydays": "CS2103-F10-1 RAMAC ... NDHYA",
    "crazoter": "CS2103-F10-1 LEE W ... TTHEW",
    "francislow": "CS2103-F10-1 LOW S ... ANCIS"
  }
}
