{
  "authorDailyContributionsMap": {
    "Oscar-B-Liang": [
      {
        "insertions": 0,
        "deletions": 1,
        "date": "2019-09-17",
        "commitResults": [
          {
            "hash": "26b1d24a30dbd7aad4f77e8d1c13aaeddda6aecc",
            "messageTitle": "Removed codacy badge",
            "messageBody": "",
            "insertions": 0,
            "deletions": 1
          }
        ]
      },
      {
        "insertions": 196,
        "deletions": 8,
        "date": "2019-09-25",
        "commitResults": [
          {
            "hash": "9b215195fe02c93bdd8001db22ac2bf0c72354dd",
            "messageTitle": "FlashCard id score and timelimit incremented.",
            "messageBody": "",
            "insertions": 158,
            "deletions": 0
          },
          {
            "hash": "f76e0089fdda83ea058f079ab2fca26eeb23591b",
            "messageTitle": "Style fixed",
            "messageBody": "",
            "insertions": 17,
            "deletions": 8
          },
          {
            "hash": "af2675e79e7c3074d5bb0f7eba53df7230cfac04",
            "messageTitle": "Test Added",
            "messageBody": "",
            "insertions": 21,
            "deletions": 0
          }
        ]
      },
      {
        "insertions": 432,
        "deletions": 228,
        "date": "2019-09-26",
        "commitResults": [
          {
            "hash": "1fd7f1ce3d2c653afa0591fdeb6da68493808eb1",
            "messageTitle": "Ready to merge FlashCardList",
            "messageBody": "",
            "insertions": 141,
            "deletions": 96
          },
          {
            "hash": "803a377a56ff9473cb6c3651acabf5ae09fcc1bf",
            "messageTitle": "Flashcard and Tag style fixed, compile with each other",
            "messageBody": "",
            "insertions": 110,
            "deletions": 46
          },
          {
            "hash": "9384e750e5e243a0934d63290aac03d2da350871",
            "messageTitle": "Compile fixed, style updated, ready to launch test",
            "messageBody": "",
            "insertions": 181,
            "deletions": 86
          }
        ]
      },
      {
        "insertions": 247,
        "deletions": 148,
        "date": "2019-09-27",
        "commitResults": [
          {
            "hash": "a792e4c52c694742a4158d6cc05969feecacbb33",
            "messageTitle": "Style fixed, ready for travis test, more test needs to be updated.",
            "messageBody": "",
            "insertions": 247,
            "deletions": 148
          }
        ]
      },
      {
        "insertions": 19,
        "deletions": 28,
        "date": "2019-10-01",
        "commitResults": [
          {
            "hash": "e0c117b32690afbc1b3fff0f870f72a7df3b7663",
            "messageTitle": "AboutUs.md updated, lost Zhi Wei\u0027s Photo.",
            "messageBody": "",
            "insertions": 18,
            "deletions": 27
          },
          {
            "hash": "b9a56c8e37780affd8d0fb9818ef60af8daaedb1",
            "messageTitle": "AboutMe.md updated",
            "messageBody": "",
            "insertions": 1,
            "deletions": 1
          }
        ]
      },
      {
        "insertions": 85,
        "deletions": 84,
        "date": "2019-10-02",
        "commitResults": [
          {
            "hash": "2c3031e94aacc1eef938eb849c67513900f98b63",
            "messageTitle": "UserGuide, ContactUs, AboutUs, README Updated",
            "messageBody": "",
            "insertions": 85,
            "deletions": 84
          }
        ]
      },
      {
        "insertions": 226,
        "deletions": 22,
        "date": "2019-10-05",
        "commitResults": [
          {
            "hash": "dd2386cf12e27ae3849cfcb666729abcdc27c9ce",
            "messageTitle": "Week 8 pull team_repo",
            "messageBody": "",
            "insertions": 4,
            "deletions": 4
          },
          {
            "hash": "cb71b6cb6ac9ecacb586f1a706a63a57ee8620fe",
            "messageTitle": "DG updated",
            "messageBody": "",
            "insertions": 222,
            "deletions": 18
          }
        ]
      },
      {
        "insertions": 24,
        "deletions": 56,
        "date": "2019-10-08",
        "commitResults": [
          {
            "hash": "11859334e99c6c90f5f136c62ffc001730ee41f8",
            "messageTitle": "DG good to go",
            "messageBody": "",
            "insertions": 2,
            "deletions": 2
          },
          {
            "hash": "8274801d7d3f0962dcea4a2ba95dbcbefea4b499",
            "messageTitle": "DG updated 08/10/2019",
            "messageBody": "",
            "insertions": 22,
            "deletions": 54
          }
        ]
      },
      {
        "insertions": 679,
        "deletions": 351,
        "date": "2019-10-12",
        "commitResults": [
          {
            "hash": "b13f6ca987b80db83aa7f84d086a2fce6a440847",
            "messageTitle": "Master Liang is back with a desktop, start to reformat the project structure",
            "messageBody": "",
            "insertions": 255,
            "deletions": 132
          },
          {
            "hash": "a009fa8dff5ef5b4f24818150aefe43973ea04d6",
            "messageTitle": "Command structure improved, improving parser structure",
            "messageBody": "",
            "insertions": 361,
            "deletions": 215
          },
          {
            "hash": "fb8dfe3919acdcf6963f62a12382fb9161861144",
            "messageTitle": "FlashCardListParser has no compilation error now",
            "messageBody": "",
            "insertions": 34,
            "deletions": 4
          },
          {
            "hash": "0d0b882bda232be44af8e92d1979ec75b7cc1597",
            "messageTitle": "ExitCommand, Find Command, HelpCommand Structure",
            "messageBody": "",
            "insertions": 20,
            "deletions": 0
          },
          {
            "hash": "cf26f65798fb5ad1774708534b02b9b508dab012",
            "messageTitle": "FlipCommand think about it",
            "messageBody": "",
            "insertions": 9,
            "deletions": 0
          }
        ]
      },
      {
        "insertions": 406,
        "deletions": 29,
        "date": "2019-10-13",
        "commitResults": [
          {
            "hash": "f730306de86ffc35bfd06aa5f7a60eff3dae668a",
            "messageTitle": "Parser structure updated.",
            "messageBody": "",
            "insertions": 38,
            "deletions": 0
          },
          {
            "hash": "635a6a5fbd10bf415f05af0d964a475cefca36d6",
            "messageTitle": "Fixing style",
            "messageBody": "",
            "insertions": 65,
            "deletions": 13
          },
          {
            "hash": "05807006271dbba5535c5fc94e57c423f0445284",
            "messageTitle": "Style fixed, ready to push",
            "messageBody": "",
            "insertions": 24,
            "deletions": 10
          },
          {
            "hash": "44a97573fa75a64dd01c6a54b17b760c1bd1eda2",
            "messageTitle": "Test style fixed",
            "messageBody": "",
            "insertions": 5,
            "deletions": 4
          },
          {
            "hash": "91d787f6d02bcc2d341dc9a8fd7a1c6ac32f2f9e",
            "messageTitle": "Start structing the GUI",
            "messageBody": "",
            "insertions": 103,
            "deletions": 0
          },
          {
            "hash": "6bfb322c5d42db5e6b5c494dc2a6809827cc6a19",
            "messageTitle": "Interfaces added, Ready to structure out the whole program Main Logic.",
            "messageBody": "",
            "insertions": 171,
            "deletions": 2
          }
        ]
      },
      {
        "insertions": 3310,
        "deletions": 1663,
        "date": "2019-10-14",
        "commitResults": [
          {
            "hash": "23813bc88c26cc1c059f31d44575c4a571e12d38",
            "messageTitle": "UI building in progress, first use vocabulary card as an example",
            "messageBody": "",
            "insertions": 789,
            "deletions": 743
          },
          {
            "hash": "322061fbcc1f62067816c61978c2d3ae8357fbe9",
            "messageTitle": "Ready for merge",
            "messageBody": "",
            "insertions": 466,
            "deletions": 246
          },
          {
            "hash": "10b28ca338db51ba70dac6dcf25bcc5f06adaab2",
            "messageTitle": "model and logic finish structuring, now go on to structure storage and UI",
            "messageBody": "",
            "insertions": 796,
            "deletions": 666
          },
          {
            "hash": "02d8703a1ba606f903a1aebdabcfe1699c9bf37a",
            "messageTitle": "Finished structuring storage",
            "messageBody": "",
            "insertions": 594,
            "deletions": 1
          },
          {
            "hash": "7202382b2700a256eb3bc3f3144ea08c9acb25a4",
            "messageTitle": "Ui structured, modify files",
            "messageBody": "",
            "insertions": 665,
            "deletions": 7
          }
        ]
      },
      {
        "insertions": 858,
        "deletions": 475,
        "date": "2019-10-15",
        "commitResults": [
          {
            "hash": "60a61c91a75e30080c6684ed32e8c4ce9be94a52",
            "messageTitle": "Start adjusting serialization directories",
            "messageBody": "",
            "insertions": 422,
            "deletions": 16
          },
          {
            "hash": "ef9e6069c6d715dbd8d89d224d8f8d8443c889a3",
            "messageTitle": "Serialization adjusted, start refactoring FXML",
            "messageBody": "",
            "insertions": 2,
            "deletions": 2
          },
          {
            "hash": "b031e64cd4a8618bbad3bff951cbcef632744257",
            "messageTitle": "FXML refactored",
            "messageBody": "",
            "insertions": 4,
            "deletions": 4
          },
          {
            "hash": "49c59a0ac51d2cc86f0135f0301054859d18606e",
            "messageTitle": "ListByTagCommand updated",
            "messageBody": "",
            "insertions": 113,
            "deletions": 5
          },
          {
            "hash": "de8b39eda857f9a55a5ded05cf1a50dd4e1fe844",
            "messageTitle": "Style fixed",
            "messageBody": "",
            "insertions": 251,
            "deletions": 169
          },
          {
            "hash": "7f017ecb4f9a05cdf1bcdf94fe1f5489344de323",
            "messageTitle": "list tag command added",
            "messageBody": "",
            "insertions": 66,
            "deletions": 278
          },
          {
            "hash": "e330fad6d97b15d69f5903df80ccdc86fa3bc726",
            "messageTitle": "Style fix",
            "messageBody": "",
            "insertions": 0,
            "deletions": 1
          }
        ]
      },
      {
        "insertions": 398,
        "deletions": 497,
        "date": "2019-10-16",
        "commitResults": [
          {
            "hash": "3d15700bcd771ac844d4ef006bd8eacd0fcd3789",
            "messageTitle": "The choice class now exists, Travis should pass",
            "messageBody": "",
            "insertions": 1,
            "deletions": 278
          },
          {
            "hash": "40684a07c5510b29b262658db55934a35f217d95",
            "messageTitle": "Style fixed, All conflicts resolved.",
            "messageBody": "",
            "insertions": 98,
            "deletions": 187
          },
          {
            "hash": "4c98f8505e612cd30adac18aa9f061fd16b70a95",
            "messageTitle": "Answer class implemented, can edit choice and answer now",
            "messageBody": "",
            "insertions": 59,
            "deletions": 27
          },
          {
            "hash": "e035c76c2db022c484c7326c4b46622fad60e25d",
            "messageTitle": "Stop being a bitch",
            "messageBody": "",
            "insertions": 148,
            "deletions": 3
          },
          {
            "hash": "da8eb3acc8200bf65a548071aced3c99a407b512",
            "messageTitle": "Ready to pull",
            "messageBody": "",
            "insertions": 1,
            "deletions": 1
          },
          {
            "hash": "82dcfb9c49fb73672c92b6244c31b628673eae13",
            "messageTitle": "supports view command now, although very rough",
            "messageBody": "",
            "insertions": 91,
            "deletions": 1
          }
        ]
      },
      {
        "insertions": 169,
        "deletions": 36,
        "date": "2019-10-20",
        "commitResults": [
          {
            "hash": "8f794478684cd707a7b4684e2ecf050e38aeb551",
            "messageTitle": "Ready to get Answer ready",
            "messageBody": "",
            "insertions": 126,
            "deletions": 16
          },
          {
            "hash": "be16f272abe93cff047ce606041b52c8526adb77",
            "messageTitle": "Choices can choose not to add now, start to see if can make definition and tag not to add",
            "messageBody": "",
            "insertions": 26,
            "deletions": 8
          },
          {
            "hash": "8645ea58192d4bb1f5cd356b0020b061ce122b9d",
            "messageTitle": "View flashcard is now a lot nicer, but still does not know how to represent as a flashcard. cards can now be added without tag or choicecs, short answer flashcard supposrted.",
            "messageBody": "",
            "insertions": 13,
            "deletions": 9
          },
          {
            "hash": "6bba376f738546286d9373fb7c3233b4e3871f12",
            "messageTitle": "add command updated, deletetag command now works",
            "messageBody": "",
            "insertions": 4,
            "deletions": 3
          }
        ]
      },
      {
        "insertions": 263,
        "deletions": 3,
        "date": "2019-10-23",
        "commitResults": [
          {
            "hash": "3b1073bc1c46f772ad7f5323fc45a24ebe122dba",
            "messageTitle": "Ready to merge",
            "messageBody": "",
            "insertions": 263,
            "deletions": 3
          }
        ]
      },
      {
        "insertions": 10,
        "deletions": 185,
        "date": "2019-10-24",
        "commitResults": [
          {
            "hash": "b7e6243280bdca4f6a4f3aeeb6ce755f02000237",
            "messageTitle": "Still trying to update the graph",
            "messageBody": "",
            "insertions": 10,
            "deletions": 185
          }
        ]
      },
      {
        "insertions": 4,
        "deletions": 0,
        "date": "2019-10-25",
        "commitResults": [
          {
            "hash": "5543c276d52406d2ea1b9d70992d040343f93272",
            "messageTitle": "Flashcard scores can now be saved and reloaded",
            "messageBody": "",
            "insertions": 4,
            "deletions": 0
          }
        ]
      },
      {
        "insertions": 114,
        "deletions": 110,
        "date": "2019-10-26",
        "commitResults": [
          {
            "hash": "2b109e0f4e1f6923b3acbcaa30034cae76f5bbb4",
            "messageTitle": "Updated User Guide",
            "messageBody": "",
            "insertions": 68,
            "deletions": 69
          },
          {
            "hash": "3a7ed7be3e88702031243aba697e5ccd0cc74c87",
            "messageTitle": "find command can now seardch in definitions and answers",
            "messageBody": "",
            "insertions": 40,
            "deletions": 35
          },
          {
            "hash": "c7ae37e5e4be941890a7b1e005046689a4ca1bc6",
            "messageTitle": "Updated Readme, change to our correct name",
            "messageBody": "",
            "insertions": 1,
            "deletions": 1
          },
          {
            "hash": "5a582f107795b9a882c23cceccb0faa01b40af9d",
            "messageTitle": "Updated Read me",
            "messageBody": "",
            "insertions": 3,
            "deletions": 3
          },
          {
            "hash": "94a440b0c00b7f1f846de47eac7ff1eb3a31d27a",
            "messageTitle": "URL updated, the help window now links to the correct user guide",
            "messageBody": "",
            "insertions": 2,
            "deletions": 2
          }
        ]
      },
      {
        "insertions": 105,
        "deletions": 88,
        "date": "2019-10-27",
        "commitResults": [
          {
            "hash": "541952e36f09bb232a9abeee687ae343b3b09fd4",
            "messageTitle": "Updating DG diagrams",
            "messageBody": "",
            "insertions": 60,
            "deletions": 57
          },
          {
            "hash": "684ef9e5453d27d0117d61176113cb55a304f196",
            "messageTitle": "A bug in Mcq flashcard fixed. Working on DG diagrams",
            "messageBody": "",
            "insertions": 40,
            "deletions": 15
          },
          {
            "hash": "c612ff89ff590fd95966d9b01f8124d8089c17c9",
            "messageTitle": "Another bug fixed in EditCommandParser",
            "messageBody": "",
            "insertions": 5,
            "deletions": 16
          }
        ]
      },
      {
        "insertions": 284,
        "deletions": 162,
        "date": "2019-10-28",
        "commitResults": [
          {
            "hash": "986b8fbd93ba4b487436a845ad3e94a884072eab",
            "messageTitle": "Updated all UML diagrams in DG, start to make new diagrams for new commands",
            "messageBody": "",
            "insertions": 58,
            "deletions": 53
          },
          {
            "hash": "5c702636e2bd95010a5818d1e3f176b5a4f09da8",
            "messageTitle": "DG words updated",
            "messageBody": "",
            "insertions": 16,
            "deletions": 16
          },
          {
            "hash": "609c8884fa63f4b47430e43e30f7f87bcd484424",
            "messageTitle": "Added Quiz and Flip command sequence diagram, working on stats command diagram",
            "messageBody": "",
            "insertions": 94,
            "deletions": 0
          },
          {
            "hash": "1bb311bc1131c2c9f4554d18e658e453ad901529",
            "messageTitle": "Stats command sequence diagram updated",
            "messageBody": "",
            "insertions": 77,
            "deletions": 1
          },
          {
            "hash": "b3d5417fb4f44dcd79905fcecc7f37f32029598b",
            "messageTitle": "updated diagrams",
            "messageBody": "",
            "insertions": 5,
            "deletions": 2
          },
          {
            "hash": "43064caceb41c4f261d88d36338cbe07abf74d04",
            "messageTitle": "Cleaned up redundant parts",
            "messageBody": "",
            "insertions": 0,
            "deletions": 73
          },
          {
            "hash": "3604be12fdbbd4988af242236c5ca3e6ddf95489",
            "messageTitle": "Made statistics window bigger",
            "messageBody": "",
            "insertions": 7,
            "deletions": 14
          },
          {
            "hash": "7a0aa0ba3651583b495556da6f6a43212b4ea1d8",
            "messageTitle": "Make the statistic bar graph look nicer",
            "messageBody": "",
            "insertions": 25,
            "deletions": 2
          },
          {
            "hash": "49f745cb1b970d0afe058e153a3eaf9507d6868a",
            "messageTitle": "Fixed style",
            "messageBody": "",
            "insertions": 2,
            "deletions": 1
          }
        ]
      },
      {
        "insertions": 29,
        "deletions": 21,
        "date": "2019-10-30",
        "commitResults": [
          {
            "hash": "039b15cbcf7678e6f2e5b5e8234685836e413746",
            "messageTitle": "Fixed a bug in quiz mode",
            "messageBody": "",
            "insertions": 8,
            "deletions": 2
          },
          {
            "hash": "fd5941c0d82b04397bed3d68ebbc7519d2be5ec4",
            "messageTitle": "readme updated",
            "messageBody": "",
            "insertions": 1,
            "deletions": 1
          },
          {
            "hash": "1a8e782945498c55501f9931ea3b8e678908b438",
            "messageTitle": "Ready for v1.3 release",
            "messageBody": "",
            "insertions": 6,
            "deletions": 8
          },
          {
            "hash": "1570421f6bffc17d7b189760af32770595806de1",
            "messageTitle": "flashcard list can not scroll",
            "messageBody": "",
            "insertions": 11,
            "deletions": 7
          },
          {
            "hash": "71cdf7ae7c75269cf2c22cafb39aae2f176f26b2",
            "messageTitle": "Modified docs a little bit",
            "messageBody": "",
            "insertions": 3,
            "deletions": 3
          }
        ]
      },
      {
        "insertions": 684,
        "deletions": 80,
        "date": "2019-11-02",
        "commitResults": [
          {
            "hash": "ed790057c78bf4bcc56fa649e17e95766a9965bb",
            "messageTitle": "Check for travis",
            "messageBody": "",
            "insertions": 1,
            "deletions": 0
          },
          {
            "hash": "5b9effd5fc12e35d507d653d39da85573b8a7344",
            "messageTitle": "Trigger Travis",
            "messageBody": "",
            "insertions": 0,
            "deletions": 1
          },
          {
            "hash": "eacd67cf29c8711e0a5b2f774912687f32d4b597",
            "messageTitle": "Trigger travis",
            "messageBody": "",
            "insertions": 0,
            "deletions": 1
          },
          {
            "hash": "b18f6c1345ca1b3c164dba5b943d2b539bdd68c4",
            "messageTitle": "Updated ui.png",
            "messageBody": "",
            "insertions": 1,
            "deletions": 1
          },
          {
            "hash": "e3a553a125ba93b6559326b8efcd7c8bbf582cce",
            "messageTitle": "Resizing Ui in process",
            "messageBody": "",
            "insertions": 15,
            "deletions": 15
          },
          {
            "hash": "3b485dfdf49d88026ac2b3de0885d3f41f0f30df",
            "messageTitle": "ui test addded",
            "messageBody": "",
            "insertions": 154,
            "deletions": 17
          },
          {
            "hash": "ffad5a59ab952275dea3dcd5c84ce6901d59e160",
            "messageTitle": "Added Ui Test, preparing storage test",
            "messageBody": "",
            "insertions": 384,
            "deletions": 0
          },
          {
            "hash": "e63481798ae219bac8bc03e0af15b6310e5fbfae",
            "messageTitle": "Style fixed",
            "messageBody": "",
            "insertions": 41,
            "deletions": 35
          },
          {
            "hash": "b97143f47f85659b555c7c28c194a914f7c671de",
            "messageTitle": "Trying to add tests, resolved some issues reported by bot",
            "messageBody": "",
            "insertions": 85,
            "deletions": 7
          },
          {
            "hash": "238d5fb4e0f413b54595fd4999418c6f12310b65",
            "messageTitle": "Fix travis",
            "messageBody": "",
            "insertions": 3,
            "deletions": 3
          }
        ]
      },
      {
        "insertions": 200,
        "deletions": 5,
        "date": "2019-11-03",
        "commitResults": [
          {
            "hash": "a5e3a596c9daa356825ee06a1b4bf3297004c2aa",
            "messageTitle": "draft PPP, resolved issues in Add help message",
            "messageBody": "",
            "insertions": 8,
            "deletions": 5
          },
          {
            "hash": "05dbb222e5305a0e7085eb4912339596ddefebce",
            "messageTitle": "Adoc format",
            "messageBody": "",
            "insertions": 192,
            "deletions": 0
          }
        ]
      },
      {
        "insertions": 1,
        "deletions": 1,
        "date": "2019-11-05",
        "commitResults": [
          {
            "hash": "7ed43d0141d6f843486735ef1e44751f32fd6dc3",
            "messageTitle": "See if Ui now shows",
            "messageBody": "",
            "insertions": 1,
            "deletions": 1
          }
        ]
      },
      {
        "insertions": 8,
        "deletions": 8,
        "date": "2019-11-06",
        "commitResults": [
          {
            "hash": "63b10d428d56044f2178285eb43b216a668280fb",
            "messageTitle": "Fixed URL links inside UG and DG, they should all point to the correct page now",
            "messageBody": "",
            "insertions": 4,
            "deletions": 5
          },
          {
            "hash": "6c35b1de8de0482e5988abc2e531aa94fa6247b7",
            "messageTitle": "Remove all address book related issues in our website",
            "messageBody": "",
            "insertions": 2,
            "deletions": 2
          },
          {
            "hash": "99b4e261c880dec17c19f8514f2c17e80b736eb6",
            "messageTitle": "remove view on github",
            "messageBody": "",
            "insertions": 1,
            "deletions": 1
          },
          {
            "hash": "3ea1835ae2e4256eae5188cd9432b2f2a5f70aa7",
            "messageTitle": "View on github added in a new way",
            "messageBody": "",
            "insertions": 1,
            "deletions": 0
          }
        ]
      }
    ],
    "lzw12345": [
      {
        "insertions": 191,
        "deletions": 0,
        "date": "2019-09-26",
        "commitResults": [
          {
            "hash": "b22b2bb439ee7f9e62da5b5787184d41fd71bb9d",
            "messageTitle": "Added FlashcardList and Statistics classes . slightly edited flashcard to add setMethods",
            "messageBody": "",
            "insertions": 191,
            "deletions": 0
          }
        ]
      },
      {
        "insertions": 42,
        "deletions": 92,
        "date": "2019-10-02",
        "commitResults": [
          {
            "hash": "7cace51284bd022febd995f06f7cda93e28297f9",
            "messageTitle": "-Updated readme file -Updated User Guide",
            "messageBody": "",
            "insertions": 42,
            "deletions": 92
          }
        ]
      },
      {
        "insertions": 49,
        "deletions": 0,
        "date": "2019-10-06",
        "commitResults": [
          {
            "hash": "47ac997529a39118e4918da0b5815ead071ff5e5",
            "messageTitle": "-Added some use cases",
            "messageBody": "",
            "insertions": 49,
            "deletions": 0
          }
        ]
      },
      {
        "insertions": 5000,
        "deletions": 0,
        "date": "2019-10-09",
        "commitResults": [
          {
            "hash": "5433057a1949fc972e1a7206d5d778c00e07bf65",
            "messageTitle": "- Added skeleton code for v1.2 features",
            "messageBody": "",
            "insertions": 5000,
            "deletions": 0
          }
        ]
      },
      {
        "insertions": 77,
        "deletions": 48,
        "date": "2019-10-10",
        "commitResults": [
          {
            "hash": "92bcad8f205749e24da7bc2b098b6bfaab6c285d",
            "messageTitle": "-Updated code to match checkstyl requirements",
            "messageBody": "",
            "insertions": 77,
            "deletions": 48
          }
        ]
      },
      {
        "insertions": 201,
        "deletions": 10,
        "date": "2019-10-14",
        "commitResults": [
          {
            "hash": "20f953112ff500b3e33fd2590241a0197adf2e28",
            "messageTitle": "Added parser and command and test for tag and progress",
            "messageBody": "",
            "insertions": 201,
            "deletions": 10
          }
        ]
      },
      {
        "insertions": 241,
        "deletions": 16,
        "date": "2019-10-16",
        "commitResults": [
          {
            "hash": "06acd5d4c75dc3b0ac1e8c1b7db760804e5334e4",
            "messageTitle": "Added ability to add choices for an mcq flashcard",
            "messageBody": "",
            "insertions": 241,
            "deletions": 16
          }
        ]
      },
      {
        "insertions": 556,
        "deletions": 144,
        "date": "2019-10-21",
        "commitResults": [
          {
            "hash": "2c1e3527e32554961dbdb25a6b7b0d3246b3c804",
            "messageTitle": "Added Stats classes",
            "messageBody": "",
            "insertions": 49,
            "deletions": 0
          },
          {
            "hash": "53388c5e01be993c69c3be8ab4924bb049b6d6a9",
            "messageTitle": "Updated existing classes to support stats",
            "messageBody": "",
            "insertions": 165,
            "deletions": 1
          },
          {
            "hash": "ca548fb6b3f2cb58d09b6b4c3f537263eb264347",
            "messageTitle": "-Updated classes to fix errors -Added a basic gui",
            "messageBody": "",
            "insertions": 342,
            "deletions": 143
          }
        ]
      },
      {
        "insertions": 1,
        "deletions": 51,
        "date": "2019-10-22",
        "commitResults": [
          {
            "hash": "725ade20b55a08e0a478d228bf50cb8be48cb5c9",
            "messageTitle": "-Removed modena",
            "messageBody": "",
            "insertions": 1,
            "deletions": 51
          }
        ]
      },
      {
        "insertions": 32,
        "deletions": 38,
        "date": "2019-10-23",
        "commitResults": [
          {
            "hash": "7b307124cab55b50469e64be5b90bb074965cda4",
            "messageTitle": "-Updated DG and UG",
            "messageBody": "",
            "insertions": 29,
            "deletions": 36
          },
          {
            "hash": "cc897cb4f194d329fc29347ffcf8efb719783132",
            "messageTitle": "-Fixed Checkstyle",
            "messageBody": "",
            "insertions": 3,
            "deletions": 2
          }
        ]
      },
      {
        "insertions": 125,
        "deletions": 39,
        "date": "2019-10-30",
        "commitResults": [
          {
            "hash": "256f4f2f8105bbd6cf86abe4b83a0522a72637ae",
            "messageTitle": "-Update stats feature to create a new window",
            "messageBody": "",
            "insertions": 125,
            "deletions": 39
          }
        ]
      },
      {
        "insertions": 125,
        "deletions": 68,
        "date": "2019-11-03",
        "commitResults": [
          {
            "hash": "34a831c2242e58379262922d4a5251f83e06018e",
            "messageTitle": "-Fixed UI resizing issues -Fixed leftover screens",
            "messageBody": "",
            "insertions": 124,
            "deletions": 63
          },
          {
            "hash": "96f05ace834a9778eb19de54f3b78f7557896341",
            "messageTitle": "Fixed Checkstyle issues",
            "messageBody": "",
            "insertions": 0,
            "deletions": 4
          },
          {
            "hash": "61963c8bd3cab467d401174ad4c42ac262e65a6b",
            "messageTitle": "fixed minor issue with scrollpane",
            "messageBody": "",
            "insertions": 1,
            "deletions": 1
          }
        ]
      }
    ],
    "Akimatsu98": [
      {
        "insertions": 4,
        "deletions": 4,
        "date": "2019-09-23",
        "commitResults": [
          {
            "hash": "2886c92b03369605594c7ff841cefc937f67348f",
            "messageTitle": "trying out push",
            "messageBody": "",
            "insertions": 4,
            "deletions": 0
          },
          {
            "hash": "ae60a0d3c4f903dede6d0ca8f9d5fdbe32ad35ab",
            "messageTitle": "successfully pushed",
            "messageBody": "",
            "insertions": 0,
            "deletions": 4
          }
        ]
      },
      {
        "insertions": 179,
        "deletions": 36,
        "date": "2019-09-25",
        "commitResults": [
          {
            "hash": "28873caac9b8dc1da776619cceede54f64f5efac",
            "messageTitle": "Added Tag and TagManager",
            "messageBody": "",
            "insertions": 179,
            "deletions": 36
          }
        ]
      },
      {
        "insertions": 96,
        "deletions": 16,
        "date": "2019-09-26",
        "commitResults": [
          {
            "hash": "7fbdf252d11d5cdf331f2e16188add9c4f428456",
            "messageTitle": "Refactored code and added javadoc",
            "messageBody": "",
            "insertions": 96,
            "deletions": 16
          }
        ]
      },
      {
        "insertions": 15,
        "deletions": 17,
        "date": "2019-10-02",
        "commitResults": [
          {
            "hash": "f4d4402d0eefa93d2793ab95aeee8c725a69824d",
            "messageTitle": "Updated Mock UI image and User Guide: add, delete, help",
            "messageBody": "",
            "insertions": 15,
            "deletions": 17
          }
        ]
      },
      {
        "insertions": 116,
        "deletions": 14,
        "date": "2019-10-06",
        "commitResults": [
          {
            "hash": "cd6b626710d9295b07bad2c4927f5b1e4a15d299",
            "messageTitle": "More use cases and NFRs added to DG.",
            "messageBody": "",
            "insertions": 116,
            "deletions": 14
          }
        ]
      },
      {
        "insertions": 374,
        "deletions": 74,
        "date": "2019-10-13",
        "commitResults": [
          {
            "hash": "bb83e67d14afb98d2bfa40231fe78be1c7e83aeb",
            "messageTitle": "Added add command, delete command flip command, as their respective command parsers and tests",
            "messageBody": "",
            "insertions": 342,
            "deletions": 49
          },
          {
            "hash": "8ba9e8b094f937bb1eef4e7679b337999021e9a0",
            "messageTitle": "Fixed checkstyle for tests",
            "messageBody": "",
            "insertions": 13,
            "deletions": 12
          },
          {
            "hash": "5c4a930e285a860a2b59fc1435ac426b657850ae",
            "messageTitle": "Fixed travis test issues",
            "messageBody": "",
            "insertions": 18,
            "deletions": 12
          },
          {
            "hash": "fdc4c4cb706c1f0dd1c31b65b017f0834bf85d18",
            "messageTitle": "Fixed travis tests",
            "messageBody": "",
            "insertions": 1,
            "deletions": 1
          }
        ]
      },
      {
        "insertions": 78,
        "deletions": 59,
        "date": "2019-10-20",
        "commitResults": [
          {
            "hash": "4b1d8d2041c2dd9d1ec51003723344b1e04cb66a",
            "messageTitle": "Improved GUI",
            "messageBody": "",
            "insertions": 78,
            "deletions": 59
          }
        ]
      },
      {
        "insertions": 1,
        "deletions": 1,
        "date": "2019-10-27",
        "commitResults": [
          {
            "hash": "0a5281eee1455b603019078e2cb5dfbaf5500664",
            "messageTitle": "Made window resizable",
            "messageBody": "",
            "insertions": 1,
            "deletions": 1
          }
        ]
      },
      {
        "insertions": 488,
        "deletions": 36,
        "date": "2019-11-01",
        "commitResults": [
          {
            "hash": "6fddb801bdf3e6b5c90da70f3f6d194b6edf8ff2",
            "messageTitle": "Added undo/redo feature",
            "messageBody": "",
            "insertions": 485,
            "deletions": 36
          },
          {
            "hash": "ff4b482dc2737275a8ed354134127bd323992996",
            "messageTitle": "Undo/Redo now works for deletetag as well",
            "messageBody": "",
            "insertions": 3,
            "deletions": 0
          }
        ]
      }
    ],
    "jolynnn8D": [
      {
        "insertions": 179,
        "deletions": 0,
        "date": "2019-09-26",
        "commitResults": [
          {
            "hash": "afcd71fd97292411f29f4dc939b6b2bee7fc662e",
            "messageTitle": "Implement various Flashcard classes, along with the Question and Answer classes.",
            "messageBody": "",
            "insertions": 179,
            "deletions": 0
          }
        ]
      },
      {
        "insertions": 38,
        "deletions": 21,
        "date": "2019-10-02",
        "commitResults": [
          {
            "hash": "454cd6ec7547b9da11de7f6ff392986a0edea9fe",
            "messageTitle": "Update ContactUs and headers for DG, UG and Documentation",
            "messageBody": "",
            "insertions": 10,
            "deletions": 5
          },
          {
            "hash": "69caca8be451be56b7a2ca29e80e127751c511a7",
            "messageTitle": "Update UG for edit and list",
            "messageBody": "",
            "insertions": 22,
            "deletions": 12
          },
          {
            "hash": "3690961814ed14e9a82ae129aab34ddb1bbe32f4",
            "messageTitle": "Update emails for ContactUs",
            "messageBody": "",
            "insertions": 6,
            "deletions": 4
          }
        ]
      },
      {
        "insertions": 534,
        "deletions": 8,
        "date": "2019-10-14",
        "commitResults": [
          {
            "hash": "7a04e0bf31f9d79f0ccd353f97d605d01bf384c8",
            "messageTitle": "Implement edit/list functions",
            "messageBody": "",
            "insertions": 534,
            "deletions": 8
          }
        ]
      },
      {
        "insertions": 168,
        "deletions": 3,
        "date": "2019-10-19",
        "commitResults": [
          {
            "hash": "d8f919126cce523343ba0a7da3484bcc190016e8",
            "messageTitle": "Basic flip command out - currently flip command works on last viewed flashcard",
            "messageBody": "",
            "insertions": 91,
            "deletions": 0
          },
          {
            "hash": "63a6ef8922ef4763972994a9a2f29b9744002394",
            "messageTitle": "Implement score class and integrated into flip command",
            "messageBody": "",
            "insertions": 60,
            "deletions": 1
          },
          {
            "hash": "681d4902981120916dd3c6e08d304a8f654f9c8a",
            "messageTitle": "Set lastViewedFlashcard to null after every command except for view",
            "messageBody": "",
            "insertions": 4,
            "deletions": 0
          },
          {
            "hash": "829460d31b98e0bf2a4f8f5d8a8a53e7339d68bc",
            "messageTitle": "Added Javadoc comments for Travis",
            "messageBody": "",
            "insertions": 13,
            "deletions": 2
          }
        ]
      },
      {
        "insertions": 400,
        "deletions": 212,
        "date": "2019-10-22",
        "commitResults": [
          {
            "hash": "972bcb42efd194db63bb078d0cbb6fe4fd0f57f0",
            "messageTitle": "Refactor Word class to Question class",
            "messageBody": "",
            "insertions": 96,
            "deletions": 96
          },
          {
            "hash": "a45ad1ed1a81eb0934d008fdde282c4c8aa056af",
            "messageTitle": "Change fullview to view and view to quiz, and ensures answer is one of the choices",
            "messageBody": "",
            "insertions": 49,
            "deletions": 40
          },
          {
            "hash": "60860d4147679d7c3315a971d21b37d6f3f993ae",
            "messageTitle": "Ensure answers are lower-cased before checking",
            "messageBody": "",
            "insertions": 1,
            "deletions": 1
          },
          {
            "hash": "dc9c4fc453befc486926f68da0f00c4f3c732a5b",
            "messageTitle": "Update commands and storage to accommodate ShortAnswerFlashcard and McqFlashcard",
            "messageBody": "",
            "insertions": 254,
            "deletions": 75
          }
        ]
      },
      {
        "insertions": 222,
        "deletions": 229,
        "date": "2019-10-23",
        "commitResults": [
          {
            "hash": "f2518ca78cc10ba72f9eec715bab89a232df5a47",
            "messageTitle": "Edit JSON storage to take in a type field",
            "messageBody": "",
            "insertions": 62,
            "deletions": 141
          },
          {
            "hash": "f2052f583f74c9f594a0a23a4b12652636a09ace",
            "messageTitle": "Update Choice set to Choice list",
            "messageBody": "",
            "insertions": 34,
            "deletions": 27
          },
          {
            "hash": "114c1ee2844eb72366fd7b2c3f809bc1e3443c12",
            "messageTitle": "Modified flip command to work with MCQ indexes",
            "messageBody": "",
            "insertions": 74,
            "deletions": 22
          },
          {
            "hash": "04d2ed9ea3ae82827506c9f4ca6011cccecae1b6",
            "messageTitle": "Able to add symbols to Question, fixed some Storage issue",
            "messageBody": "",
            "insertions": 6,
            "deletions": 6
          },
          {
            "hash": "9d76f24922cd11ef3be1748adc7ba5bf7d7eba8d",
            "messageTitle": "Resolve Travis conflicts",
            "messageBody": "",
            "insertions": 3,
            "deletions": 3
          },
          {
            "hash": "7c97ff30aa28a93144e69ff183af7b50edfd513a",
            "messageTitle": "Fix minor storage error",
            "messageBody": "",
            "insertions": 6,
            "deletions": 4
          },
          {
            "hash": "c7d4ec8323a3e40c647ccacc9f3c88fca34256a4",
            "messageTitle": "Update files to adhere to checkstyle",
            "messageBody": "",
            "insertions": 37,
            "deletions": 26
          }
        ]
      },
      {
        "insertions": 30,
        "deletions": 30,
        "date": "2019-10-24",
        "commitResults": [
          {
            "hash": "4eb97f71829e9c8b531f9350fa63162b54e396df",
            "messageTitle": "Update UML diagrams",
            "messageBody": "",
            "insertions": 16,
            "deletions": 16
          },
          {
            "hash": "83ae0687919ab19965272e41a3a6a2978b745c7a",
            "messageTitle": "Update help messages for all commands",
            "messageBody": "",
            "insertions": 14,
            "deletions": 14
          }
        ]
      },
      {
        "insertions": 66,
        "deletions": 13,
        "date": "2019-10-25",
        "commitResults": [
          {
            "hash": "6a738230ed72266015f07ad12cf7889d323b0386",
            "messageTitle": "Update to pass Travis checks",
            "messageBody": "",
            "insertions": 4,
            "deletions": 2
          },
          {
            "hash": "cbae03aeaaf04f40e54c3db18c47cae27d35e6d9",
            "messageTitle": "Implemented quiz mode",
            "messageBody": "",
            "insertions": 34,
            "deletions": 10
          },
          {
            "hash": "b865128912c89632f622b742d47666d89d3b0a29",
            "messageTitle": "Implement end command",
            "messageBody": "",
            "insertions": 28,
            "deletions": 1
          }
        ]
      },
      {
        "insertions": 107,
        "deletions": 0,
        "date": "2019-10-28",
        "commitResults": [
          {
            "hash": "d65dae739f107c57ed3bd9ad5d66aa385d22a295",
            "messageTitle": "Attempt to implement quiz tag - DOES NOT WORK",
            "messageBody": "",
            "insertions": 107,
            "deletions": 0
          }
        ]
      },
      {
        "insertions": 421,
        "deletions": 124,
        "date": "2019-10-30",
        "commitResults": [
          {
            "hash": "70bd3b46204699452fc800c2d0b1e56329623076",
            "messageTitle": "Implement quiz tag primitively",
            "messageBody": "",
            "insertions": 193,
            "deletions": 24
          },
          {
            "hash": "053bf46bea2a60a850cd741d313bc0a50dc9c895",
            "messageTitle": "Fix checkstyle",
            "messageBody": "",
            "insertions": 71,
            "deletions": 90
          },
          {
            "hash": "20f3994cd7e609328b41955a8fda8eb9dede938c",
            "messageTitle": "Separated flashcard into different stackpane",
            "messageBody": "",
            "insertions": 102,
            "deletions": 7
          },
          {
            "hash": "d06bdd4e0038334247c6e44d674d1df2db085719",
            "messageTitle": "Update UG for quiztag, quiz, flip and end",
            "messageBody": "",
            "insertions": 54,
            "deletions": 2
          },
          {
            "hash": "eb33a95e0f7feaf6c882d8a2abcc60de884780a2",
            "messageTitle": "Added new UI image",
            "messageBody": "",
            "insertions": 1,
            "deletions": 1
          }
        ]
      }
    ]
  },
  "authorFinalContributionMap": {
    "Oscar-B-Liang": 6431,
    "lzw12345": 5681,
    "Akimatsu98": 680,
    "jolynnn8D": 1063
  },
  "authorFileTypeContributionMap": {
    "Oscar-B-Liang": {
      "docs": 585,
      "tests": 607,
      "functional": 4967,
      "other": 272
    },
    "lzw12345": {
      "docs": 33,
      "tests": 3,
      "functional": 784,
      "other": 4861
    },
    "Akimatsu98": {
      "docs": 95,
      "tests": 0,
      "functional": 585
    },
    "jolynnn8D": {
      "docs": 55,
      "tests": 2,
      "functional": 1006
    }
  },
  "authorContributionVariance": {
    "Oscar-B-Liang": 445382.7,
    "lzw12345": 401953.8,
    "Akimatsu98": 8533.963,
    "jolynnn8D": 18191.674
  },
  "authorDisplayNameMap": {
    "Oscar-B-Liang": "CS2103-T14-3 LIANG ... OYUAN",
    "lzw12345": "CS2103-T14-3 LING  ... I WEI",
    "Akimatsu98": "CS2103-T14-3 HE SO ... NGCHI",
    "jolynnn8D": "CS2103-T14-3 JOLYN ... SI QI"
  }
}
