{
  "authorDailyContributionsMap": {
    "evelynejuliet": [
      {
        "insertions": 49,
        "deletions": 5,
        "date": "2019-10-01",
        "commitResults": [
          {
            "hash": "526c1274715b555a967764c717449443450b077c",
            "messageTitle": "Update acknowledgement, website heading, and user guide",
            "messageBody": "",
            "insertions": 49,
            "deletions": 5
          }
        ]
      },
      {
        "insertions": 21,
        "deletions": 7,
        "date": "2019-10-03",
        "commitResults": [
          {
            "hash": "f480831334bb0a40f7ddbbbbf914cedb472e0190",
            "messageTitle": "Update user stories, use case",
            "messageBody": "",
            "insertions": 21,
            "deletions": 7
          }
        ]
      },
      {
        "insertions": 58,
        "deletions": 371,
        "date": "2019-10-11",
        "commitResults": [
          {
            "hash": "38333675342009632d8d2b42db4aaaa08772d684",
            "messageTitle": "Remove phone field",
            "messageBody": "",
            "insertions": 58,
            "deletions": 369
          },
          {
            "hash": "59f5b27c3660425d50c53753082b7149e0f55fe7",
            "messageTitle": "Fix checkstyleTest",
            "messageBody": "",
            "insertions": 0,
            "deletions": 2
          }
        ]
      },
      {
        "insertions": 237,
        "deletions": 121,
        "date": "2019-10-14",
        "commitResults": [
          {
            "hash": "a19df5e0a12c7933c08038da9e01c81489904dda",
            "messageTitle": "Reminder attempt 1",
            "messageBody": "",
            "insertions": 109,
            "deletions": 4
          },
          {
            "hash": "adb35cf2154583418bf9a23191df2917ab5f3ff6",
            "messageTitle": "Reminder attempt 2",
            "messageBody": "",
            "insertions": 105,
            "deletions": 105
          },
          {
            "hash": "1e0198917603978d881a6ee011d09df7a2b19c75",
            "messageTitle": "Fix checkstyle issues",
            "messageBody": "",
            "insertions": 23,
            "deletions": 12
          }
        ]
      },
      {
        "insertions": 292,
        "deletions": 14,
        "date": "2019-10-15",
        "commitResults": [
          {
            "hash": "4b0a40004f20c93b76727ad70eb178ccd80adb08",
            "messageTitle": "Finish Reminder Command and Attempt iFridge Settings #1",
            "messageBody": "",
            "insertions": 158,
            "deletions": 3
          },
          {
            "hash": "e2bfec8dd18914de8e48ff2db3a060def9a49517",
            "messageTitle": "Attempt iFridge Settings #2",
            "messageBody": "",
            "insertions": 134,
            "deletions": 11
          }
        ]
      },
      {
        "insertions": 287,
        "deletions": 127,
        "date": "2019-10-16",
        "commitResults": [
          {
            "hash": "f2a0776a08e4c3e15a091e3f56fa168aa8da2a58",
            "messageTitle": "Attempt iFridge Settings #3 and add reminder default command",
            "messageBody": "",
            "insertions": 87,
            "deletions": 60
          },
          {
            "hash": "337ae6ea9b52bc428ea663968bd62feade20e34d",
            "messageTitle": "Attempt iFridge Settings #4 and add sort default and list default command",
            "messageBody": "",
            "insertions": 178,
            "deletions": 67
          },
          {
            "hash": "47b6f4d40cee66dcc074fbef4a22828d83a6bfd0",
            "messageTitle": "Fix checkstyle issues",
            "messageBody": "",
            "insertions": 22,
            "deletions": 0
          }
        ]
      },
      {
        "insertions": 56,
        "deletions": 38,
        "date": "2019-10-17",
        "commitResults": [
          {
            "hash": "e67c273f8504315fa681ecd203f64ef0c34afe34",
            "messageTitle": "Finish reminder settings",
            "messageBody": "",
            "insertions": 46,
            "deletions": 31
          },
          {
            "hash": "b9ff2af6d79833a45879d02eebe9c48206878ebd",
            "messageTitle": "Fix reminder command",
            "messageBody": "",
            "insertions": 6,
            "deletions": 6
          },
          {
            "hash": "cc883a0a95f6a6c7385a2af6b25b2ee47c08b9ae",
            "messageTitle": "Fix checkstyle issues",
            "messageBody": "",
            "insertions": 4,
            "deletions": 1
          }
        ]
      },
      {
        "insertions": 558,
        "deletions": 120,
        "date": "2019-10-18",
        "commitResults": [
          {
            "hash": "b81ea2846b97fb3dae6079388c6bc625f698801e",
            "messageTitle": "Attempt UI tabs #2",
            "messageBody": "",
            "insertions": 97,
            "deletions": 62
          },
          {
            "hash": "bf10bcf050f828abdb079b6327b41f071d2d2fb0",
            "messageTitle": "Integrate templateList and shoppingList logic with UI tabpane",
            "messageBody": "",
            "insertions": 28,
            "deletions": 10
          },
          {
            "hash": "7916f946ddf4f1db484eccfad4b45f2cd78f1522",
            "messageTitle": "Modify UI #1",
            "messageBody": "",
            "insertions": 1,
            "deletions": 1
          },
          {
            "hash": "e59befabf3119a3404e804d1390d31ec0aceef67",
            "messageTitle": "Update background color",
            "messageBody": "",
            "insertions": 31,
            "deletions": 32
          },
          {
            "hash": "3a382f2699a792562de2b27bee08fb1c4b8eb535",
            "messageTitle": "Colour code grocery items based on expiry dates",
            "messageBody": "",
            "insertions": 400,
            "deletions": 14
          },
          {
            "hash": "ab3f6a5fda3bbedf0f208d7afa714e9c03760b1c",
            "messageTitle": "Fix travis issue",
            "messageBody": "",
            "insertions": 1,
            "deletions": 1
          }
        ]
      },
      {
        "insertions": 33,
        "deletions": 13,
        "date": "2019-10-19",
        "commitResults": [
          {
            "hash": "0732d611ed7caf26875c803cc474bd9611be9868",
            "messageTitle": "Add Template Item UI",
            "messageBody": "",
            "insertions": 33,
            "deletions": 13
          }
        ]
      },
      {
        "insertions": 111,
        "deletions": 18,
        "date": "2019-10-25",
        "commitResults": [
          {
            "hash": "154178b6214b053084402fe99685598a12badd20",
            "messageTitle": "Fix more ui",
            "messageBody": "",
            "insertions": 111,
            "deletions": 18
          }
        ]
      }
    ],
    "ManasVegi": [
      {
        "insertions": 33,
        "deletions": 17,
        "date": "2019-10-03",
        "commitResults": [
          {
            "hash": "38e3e1a481de459dfba7035127229d669ecd3f1b",
            "messageTitle": "Update README to describe iFridge",
            "messageBody": "",
            "insertions": 6,
            "deletions": 4
          },
          {
            "hash": "a11746434c35219c257ab25d68b976b37f537547",
            "messageTitle": "Update user guide to include user stories and use cases",
            "messageBody": "",
            "insertions": 27,
            "deletions": 13
          }
        ]
      },
      {
        "insertions": 49,
        "deletions": 261,
        "date": "2019-10-04",
        "commitResults": [
          {
            "hash": "c0d1e3bd8c883bfc8258706fd51c8c3900c0d5e7",
            "messageTitle": "Update User Guide",
            "messageBody": "",
            "insertions": 49,
            "deletions": 261
          }
        ]
      },
      {
        "insertions": 116,
        "deletions": 440,
        "date": "2019-10-11",
        "commitResults": [
          {
            "hash": "90230a14c3a49c31e41c81fea683ed17a7b4000e",
            "messageTitle": "Merge branch \u0027ManasVegi-wk8-removeEmail\u0027",
            "messageBody": "",
            "insertions": 109,
            "deletions": 368
          },
          {
            "hash": "bacdce47b5ab39ee04f9355a429cc98ebae21187",
            "messageTitle": "Fix residual Merge Conflicts",
            "messageBody": "",
            "insertions": 5,
            "deletions": 71
          },
          {
            "hash": "eeffed228d87075bd3dc53d1196bff1c01319819",
            "messageTitle": "Adhere to checkstyle",
            "messageBody": "",
            "insertions": 2,
            "deletions": 1
          }
        ]
      },
      {
        "insertions": 2,
        "deletions": 0,
        "date": "2019-10-13",
        "commitResults": [
          {
            "hash": "424773a98e64ac994734e96f74758d6b8b79d56c",
            "messageTitle": "Update UG to include pdf feature (low priority)",
            "messageBody": "",
            "insertions": 2,
            "deletions": 0
          }
        ]
      },
      {
        "insertions": 113,
        "deletions": 59,
        "date": "2019-10-14",
        "commitResults": [
          {
            "hash": "732f665e34ec05d2775f48b5bb0a1267ae6eea6a",
            "messageTitle": "Remove tags from the parent Food class",
            "messageBody": "",
            "insertions": 14,
            "deletions": 17
          },
          {
            "hash": "eb6ab167def871ad5fc5eab20497b3c79e84c1ce",
            "messageTitle": "Removing tags from Food dependencies",
            "messageBody": "",
            "insertions": 26,
            "deletions": 20
          },
          {
            "hash": "327a40a212c88c719392e0d35a6901ae251bc9a2",
            "messageTitle": "Remove obsolete imports in Food class",
            "messageBody": "",
            "insertions": 0,
            "deletions": 5
          },
          {
            "hash": "531aa26f0f690733c0b64bf4dfdf3de80d55aea9",
            "messageTitle": "Adhere to checkstyle",
            "messageBody": "",
            "insertions": 4,
            "deletions": 4
          },
          {
            "hash": "3ac4d40067518a49c76ae4efa8fd75168fca110d",
            "messageTitle": "Fix some more checkstyle issues",
            "messageBody": "",
            "insertions": 11,
            "deletions": 13
          },
          {
            "hash": "27301faccf131780ac55dc8aaec8c509b9d030db",
            "messageTitle": "Implement ShoppingItem class",
            "messageBody": "",
            "insertions": 58,
            "deletions": 0
          }
        ]
      },
      {
        "insertions": 1390,
        "deletions": 73,
        "date": "2019-10-16",
        "commitResults": [
          {
            "hash": "c0733ae1388eadd46bf6d6b722dc9a7f1abc340e",
            "messageTitle": "Change ShoppingItem class for better functionality",
            "messageBody": "",
            "insertions": 36,
            "deletions": 7
          },
          {
            "hash": "5cc959351b70f08e8fcaffb1f94cb45f1f178d35",
            "messageTitle": "Implement all Shopping Command classes",
            "messageBody": "",
            "insertions": 455,
            "deletions": 0
          },
          {
            "hash": "7512f7bbca5aa6ade0d78cf13adf0c1b0d9c5f8b",
            "messageTitle": "Implement Shopping Parser classes",
            "messageBody": "",
            "insertions": 189,
            "deletions": 0
          },
          {
            "hash": "847e375abba1ab05143be930d3e88b74ef0a5780",
            "messageTitle": "Implement Shopping Item Exceptions",
            "messageBody": "",
            "insertions": 21,
            "deletions": 0
          },
          {
            "hash": "60de99966df117e999ab7d3697cc909d28a39aea",
            "messageTitle": "Implement ReadOnlyShoppingList, ShoppingList, and UniqueShoppingList",
            "messageBody": "",
            "insertions": 274,
            "deletions": 0
          },
          {
            "hash": "6b32847cae733b5269885c99473fdaebc6dd2b76",
            "messageTitle": "Provide storage functionality for shopping Items in iFridge",
            "messageBody": "",
            "insertions": 268,
            "deletions": 0
          },
          {
            "hash": "2ff2f042546beeddb2fd4a9d68f48e1f80cf9753",
            "messageTitle": "Change package names to adhere to checkstyle",
            "messageBody": "",
            "insertions": 21,
            "deletions": 40
          },
          {
            "hash": "681f13b33cad6924694a41fb83e6e2d28e906a63",
            "messageTitle": "Make AddShoppingCommand and BoughtShoppingCommand adhere to checkstyle",
            "messageBody": "",
            "insertions": 8,
            "deletions": 5
          },
          {
            "hash": "9db6bac758fc41ca99653af961213b021625f808",
            "messageTitle": "Make EditShoppingCommand adhere to checkstyle",
            "messageBody": "",
            "insertions": 4,
            "deletions": 2
          },
          {
            "hash": "d8be39fe3569a110a7aa8f2ab4c8703b0521f68f",
            "messageTitle": "Make sure all files end with newline",
            "messageBody": "",
            "insertions": 3,
            "deletions": 3
          },
          {
            "hash": "4787392cd8906411ffe97dfc2ce4a2ac783b2798",
            "messageTitle": "Fix all checkstyle issues",
            "messageBody": "",
            "insertions": 30,
            "deletions": 16
          },
          {
            "hash": "ccc9bd2f4e523ade3353f020338f8b51d6378a6b",
            "messageTitle": "Implement ShoppingListParser",
            "messageBody": "",
            "insertions": 81,
            "deletions": 0
          }
        ]
      },
      {
        "insertions": 871,
        "deletions": 80,
        "date": "2019-10-17",
        "commitResults": [
          {
            "hash": "01b0c84588a5bc41c9b1c65900c1eacfd9f5155c",
            "messageTitle": "Integrate Shopping List into Model",
            "messageBody": "",
            "insertions": 132,
            "deletions": 2
          },
          {
            "hash": "abb3af0223c03caad96689a9b3c6ceddce45f62a",
            "messageTitle": "Add ShoppingListParser to IFridgeParser",
            "messageBody": "",
            "insertions": 3,
            "deletions": 0
          },
          {
            "hash": "7c9bfcab26182a814cd770f66273351426b8572d",
            "messageTitle": "Integrate ShoppingItem into Logic",
            "messageBody": "",
            "insertions": 34,
            "deletions": 0
          },
          {
            "hash": "2ab1e55323b090d224947622ffc66dcd636c35ce",
            "messageTitle": "Make ShoppingCommands work with new model",
            "messageBody": "",
            "insertions": 54,
            "deletions": 42
          },
          {
            "hash": "76933ca2e1a34c4cdfdb45250fc913146e126381",
            "messageTitle": "Integrate ShoppingItem into Storage",
            "messageBody": "",
            "insertions": 105,
            "deletions": 4
          },
          {
            "hash": "967a8cbbd907f4657d0746c305d57ed68f97cc91",
            "messageTitle": "Integrate ShoppingItem into UI",
            "messageBody": "",
            "insertions": 184,
            "deletions": 2
          },
          {
            "hash": "34a47dc92e0d8b58b6040e9ec00e936dd921d102",
            "messageTitle": "Integrate ShoppingItems into Test",
            "messageBody": "",
            "insertions": 348,
            "deletions": 20
          },
          {
            "hash": "02d434c9d2a0daf90f03a29962bd18a3c542d36d",
            "messageTitle": "Fix bug in storage",
            "messageBody": "",
            "insertions": 11,
            "deletions": 10
          }
        ]
      },
      {
        "insertions": 516,
        "deletions": 139,
        "date": "2019-10-22",
        "commitResults": [
          {
            "hash": "2ede40cb86fcd7617069691d0eed72fd91cd96a8",
            "messageTitle": "Refine ShoppingItem class for merge functionality",
            "messageBody": "",
            "insertions": 20,
            "deletions": 23
          },
          {
            "hash": "53e489c89685bae1dd58d80a5ffad7a8de895d5f",
            "messageTitle": "Implement Bought command and parser classes properly",
            "messageBody": "",
            "insertions": 27,
            "deletions": 72
          },
          {
            "hash": "ae25db649d67b1694e8585d3ecb1d302669402ed",
            "messageTitle": "Integrate a boughtList into Model",
            "messageBody": "",
            "insertions": 143,
            "deletions": 4
          },
          {
            "hash": "032bac866dd2c15ba73af127dbac00a2545719fe",
            "messageTitle": "Make Edit and Add commands and parsers to work with new ShoppingItem",
            "messageBody": "",
            "insertions": 7,
            "deletions": 26
          },
          {
            "hash": "76f6ad9f446b99c2bda85acf065640230a7bdd95",
            "messageTitle": "Create merge functionality and integrate with Model",
            "messageBody": "",
            "insertions": 16,
            "deletions": 8
          },
          {
            "hash": "449beb547385a71db55b28920028b0d670ede869",
            "messageTitle": "Modify ShoppingListParser to check for Merging Bought items",
            "messageBody": "",
            "insertions": 3,
            "deletions": 0
          },
          {
            "hash": "c936823620f3ab67e03d0cc8954edc175b698a15",
            "messageTitle": "Create Json Storage files for the BoughtList",
            "messageBody": "",
            "insertions": 196,
            "deletions": 2
          },
          {
            "hash": "812a3a00ce5e9576b6f44b941f33b16d4769d63d",
            "messageTitle": "Integrate Json BoughtList into Storage classes",
            "messageBody": "",
            "insertions": 44,
            "deletions": 2
          },
          {
            "hash": "9e1d47d91d37e1eb5429de8d6f177d4624f29920",
            "messageTitle": "Add sample data for bought list and Implement BoughtList into Logic classes",
            "messageBody": "",
            "insertions": 46,
            "deletions": 0
          },
          {
            "hash": "aaff60f150e8f267e6c872eacbfaa154528cafe7",
            "messageTitle": "Make MainApp work with new storage mechanism",
            "messageBody": "",
            "insertions": 14,
            "deletions": 2
          }
        ]
      },
      {
        "insertions": 311,
        "deletions": 86,
        "date": "2019-10-23",
        "commitResults": [
          {
            "hash": "47ee819afe5f400d32445781a0af7570c8fee46e",
            "messageTitle": "Make the merge feature accept more or less quantity",
            "messageBody": "",
            "insertions": 79,
            "deletions": 10
          },
          {
            "hash": "85e95c3c0e6a271c5af764be59e41bd5bf3b9b7d",
            "messageTitle": "Clean up some code",
            "messageBody": "",
            "insertions": 1,
            "deletions": 7
          },
          {
            "hash": "543c050c1061bea41db83b720499c30d1ff28435",
            "messageTitle": "Remove some unnecessary code",
            "messageBody": "",
            "insertions": 7,
            "deletions": 3
          },
          {
            "hash": "9e3f0c3cee8f2bf1cf2cd465536aba6ec47d269b",
            "messageTitle": "Fix checkstyle issues",
            "messageBody": "",
            "insertions": 32,
            "deletions": 45
          },
          {
            "hash": "98ec2ce5a51a3ebbd2b0f5e2b95362d382353ce6",
            "messageTitle": "Integrate bought List into the test classes",
            "messageBody": "",
            "insertions": 191,
            "deletions": 21
          },
          {
            "hash": "ed6a0b9522650fe6923729baa4c50c44b9dffc3a",
            "messageTitle": "Add expiryDate field in GroceryItemBuilder",
            "messageBody": "",
            "insertions": 1,
            "deletions": 0
          }
        ]
      },
      {
        "insertions": 524,
        "deletions": 460,
        "date": "2019-10-24",
        "commitResults": [
          {
            "hash": "7aec5e0d85c39a2404dfa3caa588d44310c96d32",
            "messageTitle": "Refactor AddressBook as GroceryList",
            "messageBody": "",
            "insertions": 501,
            "deletions": 436
          },
          {
            "hash": "048575e4c3b93e1fd413af06834080b4cbbd7a5b",
            "messageTitle": "Fix an issue in testing due to new json file name",
            "messageBody": "",
            "insertions": 1,
            "deletions": 1
          },
          {
            "hash": "a9b105bdf345e803b8936a154ff808c39776eaa4",
            "messageTitle": "Fix some residual issues with refactoring",
            "messageBody": "",
            "insertions": 21,
            "deletions": 22
          },
          {
            "hash": "02d3f9d34a52f659af9692b4ee0e92f3c71b542f",
            "messageTitle": "Fix test issue",
            "messageBody": "",
            "insertions": 1,
            "deletions": 1
          }
        ]
      }
    ],
    "teika97": [
      {
        "insertions": 192,
        "deletions": 51,
        "date": "2019-10-03",
        "commitResults": [
          {
            "hash": "68e9fa0458b0c026d0b8105d6680fb65537cdbef",
            "messageTitle": "Update ContactUs, ABoutUs, DeveloperGuide, UserGuide",
            "messageBody": "",
            "insertions": 58,
            "deletions": 40
          },
          {
            "hash": "65b6c6c9cb63b1b4182fcdd5ea72e500af79fa3b",
            "messageTitle": "Update UserGuide with template list management",
            "messageBody": "",
            "insertions": 123,
            "deletions": 0
          },
          {
            "hash": "6683813c292d734f7aea5c9e3e638588e1e0c4d0",
            "messageTitle": "Add new line at EOF",
            "messageBody": "",
            "insertions": 4,
            "deletions": 4
          },
          {
            "hash": "83ca5497f95c5323993029631284992ebb46f7e9",
            "messageTitle": "Update DeveloperGuide with use case for delete person",
            "messageBody": "",
            "insertions": 7,
            "deletions": 7
          }
        ]
      },
      {
        "insertions": 163,
        "deletions": 11,
        "date": "2019-10-10",
        "commitResults": [
          {
            "hash": "481cb89bc26d1335220935ded259e91095f95bff",
            "messageTitle": "Add Amount class, AmountTest class, Amount prefix",
            "messageBody": "",
            "insertions": 152,
            "deletions": 0
          },
          {
            "hash": "f90a21213febe31b572acc3f6f2483a0e2ce3280",
            "messageTitle": "Edit to fix checkStyle errors",
            "messageBody": "",
            "insertions": 11,
            "deletions": 11
          }
        ]
      },
      {
        "insertions": 4881,
        "deletions": 149,
        "date": "2019-10-16",
        "commitResults": [
          {
            "hash": "dd0b50a46b25ecba0f9a3068e1b9ea2392ffee1e",
            "messageTitle": "Edit to include Template and TemplateList, tests not covered, not integrated",
            "messageBody": "",
            "insertions": 4178,
            "deletions": 30
          },
          {
            "hash": "a9c4d2024bba647df7e332443f9a494a0308be49",
            "messageTitle": "Integrate TemplateList into master",
            "messageBody": "",
            "insertions": 586,
            "deletions": 103
          },
          {
            "hash": "2f32488e79788662c0ab76ac6a382009b6c20945",
            "messageTitle": "Edit EditTemplateListCommand to include the list of TemplateItems inside the toBeEdited template",
            "messageBody": "",
            "insertions": 34,
            "deletions": 10
          },
          {
            "hash": "a4f11a89cdd800ab8c5a9a8e9de6e6387e7df99b",
            "messageTitle": "Replace JsonAdaptedTemplate class with JsonSerializableTemplate which also saves the template items in the templates into Json format as compared to only the name",
            "messageBody": "",
            "insertions": 83,
            "deletions": 6
          }
        ]
      },
      {
        "insertions": 350,
        "deletions": 184,
        "date": "2019-10-17",
        "commitResults": [
          {
            "hash": "ee08ce09fa52f238c4120475d7d85f0ed9e9068d",
            "messageTitle": "Integrate templateItem commands partially",
            "messageBody": "",
            "insertions": 255,
            "deletions": 80
          },
          {
            "hash": "09c78da91126e39ca61a4e85b7b6a9107ea2b46c",
            "messageTitle": "Edit for Checkstyle violations",
            "messageBody": "",
            "insertions": 92,
            "deletions": 101
          },
          {
            "hash": "4042567680412eff9e3e6de88d015792644612eb",
            "messageTitle": "Resolve checkStyle violations",
            "messageBody": "",
            "insertions": 1,
            "deletions": 1
          },
          {
            "hash": "7884d998e2672c543e3d6753bac6021382f3bc3c",
            "messageTitle": "Resolve checkStyle violations",
            "messageBody": "",
            "insertions": 2,
            "deletions": 2
          }
        ]
      },
      {
        "insertions": 24,
        "deletions": 24,
        "date": "2019-10-18",
        "commitResults": [
          {
            "hash": "63118cd54680298f7f274813ef55ea0b41535fd0",
            "messageTitle": "Edit logic to support individual template management",
            "messageBody": "",
            "insertions": 15,
            "deletions": 9
          },
          {
            "hash": "4dd81931871e17f169adaf05b0ae4c6db647d1d6",
            "messageTitle": "Edit logic to support individual template commands",
            "messageBody": "",
            "insertions": 9,
            "deletions": 15
          }
        ]
      },
      {
        "insertions": 353,
        "deletions": 155,
        "date": "2019-10-19",
        "commitResults": [
          {
            "hash": "938bbb36d70cdea3636d12fab4c86a16941abed6",
            "messageTitle": "Edit User Guide to new command formats",
            "messageBody": "",
            "insertions": 25,
            "deletions": 25
          },
          {
            "hash": "55883421029225dc6abeaab4b7c337e15bb87095",
            "messageTitle": "Full integration of template management into Logic and UI",
            "messageBody": "",
            "insertions": 141,
            "deletions": 37
          },
          {
            "hash": "f64551bb98a280ce6e4c7f200ef4488fe19f81d9",
            "messageTitle": "Edit template list and template command messages to reflect changes",
            "messageBody": "",
            "insertions": 48,
            "deletions": 35
          },
          {
            "hash": "d2104f368c67cec20eb857b386bbe82ba6885243",
            "messageTitle": "Edit UI to support adding of template name",
            "messageBody": "",
            "insertions": 27,
            "deletions": 21
          },
          {
            "hash": "c438cc4c1dbc778f03e574d77fdebfa7cbe60ed2",
            "messageTitle": "Resolve checkStyle violations",
            "messageBody": "",
            "insertions": 105,
            "deletions": 27
          },
          {
            "hash": "8d3d73b7794a425d55a54d55e37918a8ff1eb6df",
            "messageTitle": "Resolve merge conflicts",
            "messageBody": "",
            "insertions": 7,
            "deletions": 10
          }
        ]
      },
      {
        "insertions": 302,
        "deletions": 100,
        "date": "2019-10-24",
        "commitResults": [
          {
            "hash": "1e825f9b43eaf6020fe5a0529c7e01c6d4d9f1ae",
            "messageTitle": "Edit tests partially",
            "messageBody": "",
            "insertions": 170,
            "deletions": 94
          },
          {
            "hash": "507791c0a3c51637453c7bc7a78e37bd2bdf0791",
            "messageTitle": "Add automatic sort functionality",
            "messageBody": "",
            "insertions": 29,
            "deletions": 6
          },
          {
            "hash": "eef100751c33abda4cf91e95c36bbe8102e5dfce",
            "messageTitle": "Add Sequence Diagram for EditTemplateItemCommand",
            "messageBody": "",
            "insertions": 103,
            "deletions": 0
          }
        ]
      },
      {
        "insertions": 355,
        "deletions": 33,
        "date": "2019-10-25",
        "commitResults": [
          {
            "hash": "98952e352d4948f7338638e1eccfcb594c10cec3",
            "messageTitle": "Add diagrams for DG",
            "messageBody": "",
            "insertions": 206,
            "deletions": 4
          },
          {
            "hash": "966477375ced3ab345a38553ed78afe91020afe2",
            "messageTitle": "Edit TemplateItemCommands - missing setTemplate method to update the model.TemplateList",
            "messageBody": "",
            "insertions": 22,
            "deletions": 8
          },
          {
            "hash": "6ff35c250ebca72067845c78dc5fe1772d883653",
            "messageTitle": "Edit DG to include Edit Template Item feature",
            "messageBody": "",
            "insertions": 66,
            "deletions": 0
          },
          {
            "hash": "52c2bc8df2955fb8146952eb43813ba58a88fcea",
            "messageTitle": "Resolve CheckStyle violations",
            "messageBody": "",
            "insertions": 1,
            "deletions": 1
          },
          {
            "hash": "40177bfae5e2296adebd26d62db5af3921d0c4a5",
            "messageTitle": "Edit sequence diagram",
            "messageBody": "",
            "insertions": 34,
            "deletions": 1
          },
          {
            "hash": "2a5699da7a446c863f671c69066cd2ec0315633c",
            "messageTitle": "Add EOF",
            "messageBody": "",
            "insertions": 1,
            "deletions": 1
          },
          {
            "hash": "71e745b8e568bde0c1def5b153991cea72ad8f86",
            "messageTitle": "Add EOF",
            "messageBody": "",
            "insertions": 1,
            "deletions": 1
          },
          {
            "hash": "a596e62e1739fa7f9f351f041cb8435c8072abda",
            "messageTitle": "Rename IFridgeParser",
            "messageBody": "",
            "insertions": 4,
            "deletions": 4
          },
          {
            "hash": "13124c28de5c7610cee2761450a9a20ff2cd22f5",
            "messageTitle": "Comment out modelManager constructor in Test",
            "messageBody": "",
            "insertions": 4,
            "deletions": 3
          },
          {
            "hash": "003247cf6f1414d693e228e3de5b17d67890e357",
            "messageTitle": "Resolve CheckStyle violations",
            "messageBody": "",
            "insertions": 16,
            "deletions": 10
          }
        ]
      }
    ],
    "kelvinnharris": [
      {
        "insertions": 1,
        "deletions": 1,
        "date": "2019-09-27",
        "commitResults": [
          {
            "hash": "d506aab1c5a0fc031fa18d17eeaffda34f4d1859",
            "messageTitle": "Remove codacy badge from README",
            "messageBody": "",
            "insertions": 1,
            "deletions": 1
          }
        ]
      },
      {
        "insertions": 75,
        "deletions": 5,
        "date": "2019-10-01",
        "commitResults": [
          {
            "hash": "d38191d73f8995426efe8b53be943b756b6ae1bb",
            "messageTitle": "Update status badges",
            "messageBody": "",
            "insertions": 1,
            "deletions": 5
          },
          {
            "hash": "2f82d4c9eefa9e68213cb96fbe985119d886e7a6",
            "messageTitle": "Update user guide",
            "messageBody": "",
            "insertions": 74,
            "deletions": 0
          }
        ]
      },
      {
        "insertions": 20,
        "deletions": 8,
        "date": "2019-10-03",
        "commitResults": [
          {
            "hash": "e580d67f5c1f81dbf5480c8c3419926656e70bff",
            "messageTitle": "Update user guide and use case",
            "messageBody": "",
            "insertions": 20,
            "deletions": 8
          }
        ]
      },
      {
        "insertions": 57,
        "deletions": 29,
        "date": "2019-10-09",
        "commitResults": [
          {
            "hash": "3ba14d93e513deb64739db93374af27e40bf92fd",
            "messageTitle": "UserGuide: Remove redundant grocery list features",
            "messageBody": "",
            "insertions": 57,
            "deletions": 29
          }
        ]
      },
      {
        "insertions": 114,
        "deletions": 0,
        "date": "2019-10-12",
        "commitResults": [
          {
            "hash": "6a20a220dff6bbc0b3f96d3118ca32a5c142a55f",
            "messageTitle": "Add ExpiryDate class, ExpiryDateTest class and ExpiryDate prefix",
            "messageBody": "",
            "insertions": 114,
            "deletions": 0
          }
        ]
      },
      {
        "insertions": 817,
        "deletions": 785,
        "date": "2019-10-13",
        "commitResults": [
          {
            "hash": "c6ff9588025d8ea533f777c89802cb5d55487e13",
            "messageTitle": "Implement Food class and GroceryItem class, ignore failing test cases",
            "messageBody": "",
            "insertions": 817,
            "deletions": 785
          }
        ]
      },
      {
        "insertions": 662,
        "deletions": 83,
        "date": "2019-10-14",
        "commitResults": [
          {
            "hash": "600813b3ee7430f8001baeffea82fdb7c19406e7",
            "messageTitle": "Add commands.grocerylist package",
            "messageBody": "",
            "insertions": 662,
            "deletions": 83
          }
        ]
      },
      {
        "insertions": 589,
        "deletions": 13,
        "date": "2019-10-15",
        "commitResults": [
          {
            "hash": "3985707ec9646e4d73da78758e955846ce9c412a",
            "messageTitle": "Implement IfridgeParser class and features (add, delete, edit and list) for GroceryList",
            "messageBody": "",
            "insertions": 589,
            "deletions": 13
          }
        ]
      },
      {
        "insertions": 141,
        "deletions": 476,
        "date": "2019-10-17",
        "commitResults": [
          {
            "hash": "d16ef3917daf7ca3575a88bdc767014e215d0eac",
            "messageTitle": "Add \u0027use\u0027 functionality for grocery list",
            "messageBody": "",
            "insertions": 120,
            "deletions": 407
          },
          {
            "hash": "ed7c36b40d5efed65822f95627e6cecdc45d3f4f",
            "messageTitle": "Modify UI to show attributes of grocery list",
            "messageBody": "",
            "insertions": 14,
            "deletions": 3
          },
          {
            "hash": "130ecb0a285143240f99f1efb4cdcad649aaffc3",
            "messageTitle": "Fix checkstyle issues",
            "messageBody": "",
            "insertions": 3,
            "deletions": 7
          },
          {
            "hash": "de3290164ba5b287f489905bbf926c44fb89fb62",
            "messageTitle": "Fix checkstyle issues 2",
            "messageBody": "",
            "insertions": 4,
            "deletions": 59
          }
        ]
      },
      {
        "insertions": 60,
        "deletions": 64,
        "date": "2019-10-18",
        "commitResults": [
          {
            "hash": "73192b85dafd7461c678cd9fa9d6c51dc315d291",
            "messageTitle": "Update user guide and sample data for grocery list",
            "messageBody": "",
            "insertions": 58,
            "deletions": 63
          },
          {
            "hash": "09f481aa266c4ad87700609315ec1411ea3203cd",
            "messageTitle": "Fix checkstyle issues",
            "messageBody": "",
            "insertions": 2,
            "deletions": 1
          }
        ]
      },
      {
        "insertions": 507,
        "deletions": 639,
        "date": "2019-10-19",
        "commitResults": [
          {
            "hash": "6043ca4ee985ef254417ece7bc8c77e1fc1fa990",
            "messageTitle": "Fix glist edit bugs, change date regex",
            "messageBody": "",
            "insertions": 29,
            "deletions": 29
          },
          {
            "hash": "ff3df33ee66b0e8984651850129a83c0be2b0e12",
            "messageTitle": "Refactor \"addressBook\" to \"groceryList\"",
            "messageBody": "",
            "insertions": 385,
            "deletions": 383
          },
          {
            "hash": "ff20cb39863dcf8fda0972847dda39ddd2016d0b",
            "messageTitle": "Ignore failing test cases",
            "messageBody": "",
            "insertions": 93,
            "deletions": 227
          }
        ]
      },
      {
        "insertions": 101,
        "deletions": 5,
        "date": "2019-10-25",
        "commitResults": [
          {
            "hash": "1259287a24ed14f7d022af3603e06544e4ffa400",
            "messageTitle": "Update developer guide",
            "messageBody": "",
            "insertions": 101,
            "deletions": 5
          }
        ]
      }
    ],
    "zhangxuan97": [
      {
        "insertions": 64,
        "deletions": 334,
        "date": "2019-09-30",
        "commitResults": [
          {
            "hash": "8f65ce094e553ef3bcd39e17c9f704f4a81ad16b",
            "messageTitle": "Tutorial 2: Complete Address refactoring",
            "messageBody": "",
            "insertions": 64,
            "deletions": 334
          }
        ]
      },
      {
        "insertions": 67,
        "deletions": 4,
        "date": "2019-10-01",
        "commitResults": [
          {
            "hash": "34f417f905746c9e23b111f3f28249f9e9ab73db",
            "messageTitle": "Update Ui mockup and user guide",
            "messageBody": "",
            "insertions": 67,
            "deletions": 4
          }
        ]
      },
      {
        "insertions": 84,
        "deletions": 126,
        "date": "2019-10-03",
        "commitResults": [
          {
            "hash": "e61aeee1f4754d6869ba0b370fc5b93cea245864",
            "messageTitle": "DeveloperGuide: Update user stories, use case UserGuide: Reformat Update Ui Mockup",
            "messageBody": "",
            "insertions": 76,
            "deletions": 124
          },
          {
            "hash": "94842d83207d3b026380be524f72bdc4d9a28272",
            "messageTitle": "Update UserGuide",
            "messageBody": "",
            "insertions": 2,
            "deletions": 2
          },
          {
            "hash": "7a5cb04908a7d685f291f63b54f13e801a57e70a",
            "messageTitle": "Update UserGuide: Add feature `wlist food`",
            "messageBody": "",
            "insertions": 6,
            "deletions": 0
          }
        ]
      },
      {
        "insertions": 3,
        "deletions": 3,
        "date": "2019-10-04",
        "commitResults": [
          {
            "hash": "0d01f15d2828cf15fe0a036b23ac2b349809ef82",
            "messageTitle": "Font change (attempt)",
            "messageBody": "",
            "insertions": 3,
            "deletions": 3
          }
        ]
      },
      {
        "insertions": 4,
        "deletions": 23,
        "date": "2019-10-10",
        "commitResults": [
          {
            "hash": "11b7214081061f5506edc0edf68cfaf5ced43b3e",
            "messageTitle": "Fix checkstyle test",
            "messageBody": "",
            "insertions": 1,
            "deletions": 4
          },
          {
            "hash": "90b51822dc8b5835f5b683d7e4b02012e005ff89",
            "messageTitle": "Fix test issues",
            "messageBody": "",
            "insertions": 3,
            "deletions": 19
          }
        ]
      },
      {
        "insertions": 895,
        "deletions": 48,
        "date": "2019-10-15",
        "commitResults": [
          {
            "hash": "09f627d7ce8846de34de11bba6084e4eb27444a3",
            "messageTitle": "Implement partial command and parser for waste list",
            "messageBody": "",
            "insertions": 468,
            "deletions": 2
          },
          {
            "hash": "f65c209b33af2226abf70ef1ff6f4a13c89e2324",
            "messageTitle": "Add ui classes for waste list",
            "messageBody": "",
            "insertions": 109,
            "deletions": 2
          },
          {
            "hash": "4158271b466907502b8387f1d5b5a07dcd5c12cc",
            "messageTitle": "Add natty support for waste month",
            "messageBody": "",
            "insertions": 69,
            "deletions": 12
          },
          {
            "hash": "062c8bc6e0d8ab4575ce562d5ae47752c61c53cc",
            "messageTitle": "Remove lines pertaining to waste list from model manager",
            "messageBody": "",
            "insertions": 1,
            "deletions": 4
          },
          {
            "hash": "da512d58d358b2ef1b449a72157a7ce9e3dc8dec",
            "messageTitle": "Included skeleton for command execute implementations.",
            "messageBody": "",
            "insertions": 61,
            "deletions": 3
          },
          {
            "hash": "d52e2f2450ed63daadd63ffa58f5d409a37c7d54",
            "messageTitle": "Fix checkstyle issues",
            "messageBody": "",
            "insertions": 50,
            "deletions": 20
          },
          {
            "hash": "633b86776f61ddc68ca519b6a5b48a6fc10e31e3",
            "messageTitle": "Minor changes to waste list storage",
            "messageBody": "",
            "insertions": 137,
            "deletions": 5
          }
        ]
      },
      {
        "insertions": 185,
        "deletions": 29,
        "date": "2019-10-16",
        "commitResults": [
          {
            "hash": "31b5413c9ad2e1109422bf16ab05a490c19a4529",
            "messageTitle": "Fix checkstyle",
            "messageBody": "",
            "insertions": 11,
            "deletions": 1
          },
          {
            "hash": "021019b20fe10b579e4f0483246f52ee7cf875c2",
            "messageTitle": "Add sample data for waste list",
            "messageBody": "",
            "insertions": 174,
            "deletions": 28
          }
        ]
      },
      {
        "insertions": 908,
        "deletions": 194,
        "date": "2019-10-17",
        "commitResults": [
          {
            "hash": "d62060d403aa59283e538052828e1868a18ca829",
            "messageTitle": "Integrated waste list. Storage not yet complete.",
            "messageBody": "",
            "insertions": 766,
            "deletions": 86
          },
          {
            "hash": "ab9f7e17d40fd8f293906473729b95cb368837fd",
            "messageTitle": "Fix checkstyle for both main and test",
            "messageBody": "",
            "insertions": 122,
            "deletions": 101
          },
          {
            "hash": "7033a19de79d560f92ac9c3084c50ca68fc8218d",
            "messageTitle": "Update GroceryItem fxml to display attributes in separate lines",
            "messageBody": "",
            "insertions": 3,
            "deletions": 3
          },
          {
            "hash": "2fbb19fa7eb9936f1960f143d2ccd58302fc0621",
            "messageTitle": "fix month parsing for waste list",
            "messageBody": "",
            "insertions": 10,
            "deletions": 4
          },
          {
            "hash": "ea671a352ee10ed3ffdf66b680ec920c77315065",
            "messageTitle": "Fix issue exit and help command issues",
            "messageBody": "",
            "insertions": 7,
            "deletions": 0
          }
        ]
      },
      {
        "insertions": 262,
        "deletions": 71,
        "date": "2019-10-18",
        "commitResults": [
          {
            "hash": "31f7265ee2648f01e15dfc68997971fb01e97f7d",
            "messageTitle": "Modify delete command to add deleted grocery item to waste list",
            "messageBody": "",
            "insertions": 86,
            "deletions": 21
          },
          {
            "hash": "847fae2e21805bda24b37d23e23667134232cfed",
            "messageTitle": "Modify delete command: only move to waste list if amount is not fully used",
            "messageBody": "",
            "insertions": 6,
            "deletions": 2
          },
          {
            "hash": "69b74730701558ed3302cad601fd4caf45741376",
            "messageTitle": "Minor update to waste list",
            "messageBody": "",
            "insertions": 4,
            "deletions": 2
          },
          {
            "hash": "dee83fcff9433502ae1053274065cf92409f5839",
            "messageTitle": "Implemented Waste List Storage classes. Not integrated.",
            "messageBody": "",
            "insertions": 107,
            "deletions": 14
          },
          {
            "hash": "80443352888a1dff9f67eba9d487e77852af8b5e",
            "messageTitle": "Update JsonWasteListStorage to read and save file correctly",
            "messageBody": "",
            "insertions": 25,
            "deletions": 22
          },
          {
            "hash": "cde80c09be16e8e4b28dcde5ff5febaf95d44755",
            "messageTitle": "Update classes to return correct waste list model",
            "messageBody": "",
            "insertions": 34,
            "deletions": 10
          }
        ]
      },
      {
        "insertions": 890,
        "deletions": 266,
        "date": "2019-10-19",
        "commitResults": [
          {
            "hash": "56ab865566f7fb8256d089f1759be4dad46f3e5a",
            "messageTitle": "Improve integration for waste archive",
            "messageBody": "",
            "insertions": 179,
            "deletions": 41
          },
          {
            "hash": "40008124e09f40ef3bd417b265baa232fcd0b89d",
            "messageTitle": "waste list can now read and write from json files",
            "messageBody": "",
            "insertions": 33,
            "deletions": 33
          },
          {
            "hash": "52f0161b532248e7e8da9d180c9598bbd10fe373",
            "messageTitle": "Fix checkstyle issues",
            "messageBody": "",
            "insertions": 32,
            "deletions": 17
          },
          {
            "hash": "9a81fad0e77785b073dd68763bec908fd63467ae",
            "messageTitle": "update SampleDataUtil",
            "messageBody": "",
            "insertions": 36,
            "deletions": 62
          },
          {
            "hash": "9a67d56b8238cb4ad0ee5eee00332f1631a0ef4a",
            "messageTitle": "Functional waste report command",
            "messageBody": "",
            "insertions": 404,
            "deletions": 21
          },
          {
            "hash": "40cd0e193c57d7c559d0fa2c0ceb7ab5409c4912",
            "messageTitle": "First version of waste report feature completed",
            "messageBody": "",
            "insertions": 41,
            "deletions": 30
          },
          {
            "hash": "ba608dbe9e803bd765a8f6b518151dace338b52d",
            "messageTitle": "Fix checkstyle violations",
            "messageBody": "",
            "insertions": 119,
            "deletions": 39
          },
          {
            "hash": "3d71419784c24807820b136142c3ace1df8decf9",
            "messageTitle": "Checkstyle fix",
            "messageBody": "",
            "insertions": 1,
            "deletions": 1
          },
          {
            "hash": "41741a13e3caae06796bda1bfcfe35416518cfd5",
            "messageTitle": "Feature command changes for waste list reflected in user guide",
            "messageBody": "",
            "insertions": 33,
            "deletions": 13
          },
          {
            "hash": "fa77727bb482125dd353c910fbe5e1b76846dd3e",
            "messageTitle": "Change background color of waste report graphs",
            "messageBody": "",
            "insertions": 12,
            "deletions": 9
          }
        ]
      },
      {
        "insertions": 73,
        "deletions": 25,
        "date": "2019-10-21",
        "commitResults": [
          {
            "hash": "4a098c28a81bb558b8ebc9055f69c467c6e9c516",
            "messageTitle": "Update WasteStatistic",
            "messageBody": "",
            "insertions": 8,
            "deletions": 7
          },
          {
            "hash": "63383a1f906fef951e8b608dcafa1c86d06dfe95",
            "messageTitle": "Update ReportWasteCommand and ReportWasteCommandParser: catch some corner cases.",
            "messageBody": "",
            "insertions": 65,
            "deletions": 18
          }
        ]
      },
      {
        "insertions": 1773,
        "deletions": 1591,
        "date": "2019-10-25",
        "commitResults": [
          {
            "hash": "19e83fd12e8f4ad73fe09c5205c0a5f6a31c35ea",
            "messageTitle": "Update dg: implementing waste report feature",
            "messageBody": "",
            "insertions": 182,
            "deletions": 0
          },
          {
            "hash": "adf1b9f0178dc2140bb2d235b08a0329a0054d35",
            "messageTitle": "Fix SampleUtilData#getSampleBoughtItems: wrong expiry date format",
            "messageBody": "",
            "insertions": 5,
            "deletions": 5
          },
          {
            "hash": "c9b0036187ca072f1c8b39abeba501d10522e454",
            "messageTitle": "update puml codes",
            "messageBody": "",
            "insertions": 2,
            "deletions": 2
          },
          {
            "hash": "8737761b81905b77d8a30b2363389558072bf8d1",
            "messageTitle": "Refactor attempt 2",
            "messageBody": "",
            "insertions": 1583,
            "deletions": 1583
          },
          {
            "hash": "0826e39358ac98cbb4e50fe8a901e604c178d11f",
            "messageTitle": "update main class name in build.gradle",
            "messageBody": "",
            "insertions": 1,
            "deletions": 1
          }
        ]
      }
    ]
  },
  "authorFinalContributionMap": {
    "evelynejuliet": 1154,
    "ManasVegi": 3004,
    "teika97": 5456,
    "kelvinnharris": 1885,
    "zhangxuan97": 4233
  },
  "authorFileTypeContributionMap": {
    "evelynejuliet": {
      "docs": 74,
      "tests": 51,
      "functional": 945,
      "other": 84
    },
    "ManasVegi": {
      "docs": 81,
      "tests": 684,
      "functional": 2239
    },
    "teika97": {
      "docs": 236,
      "tests": 2309,
      "functional": 2577,
      "other": 334
    },
    "kelvinnharris": {
      "docs": 163,
      "tests": 551,
      "functional": 1093,
      "other": 78
    },
    "zhangxuan97": {
      "docs": 173,
      "tests": 863,
      "functional": 3040,
      "other": 157
    }
  },
  "authorContributionVariance": {
    "evelynejuliet": 18791.76,
    "ManasVegi": 88463.05,
    "teika97": 503484.0,
    "kelvinnharris": 93607.21,
    "zhangxuan97": 277518.47
  },
  "authorDisplayNameMap": {
    "evelynejuliet": "CS2103-F10-2 EVELY ... ULIET",
    "ManasVegi": "CS2103-F10-2 VEGI  ... MANAS",
    "teika97": "CS2103-F10-2 TIE Y ... HLEEN",
    "kelvinnharris": "CS2103-F10-2 KELVI ... ARRIS",
    "zhangxuan97": "CS2103-F10-2 ZHANG ...  XUAN"
  }
}
