{
  "authorDailyContributionsMap": {
    "minpyaemoe": [
      {
        "insertions": 218,
        "deletions": 16,
        "date": "2019-09-27",
        "commitResults": [
          {
            "hash": "d67b6a417bab11530acc79813d480cf8188e1af8",
            "messageTitle": "updated use cases",
            "messageBody": "",
            "insertions": 203,
            "deletions": 7
          },
          {
            "hash": "837dbd93dd07348359805a12dd7cfef7d001d84c",
            "messageTitle": "fixed the indexing",
            "messageBody": "",
            "insertions": 12,
            "deletions": 6
          },
          {
            "hash": "09a045af8c3df652d79af5ef88eac6317ea5b2e2",
            "messageTitle": "changed budget goal to budget",
            "messageBody": "",
            "insertions": 3,
            "deletions": 3
          }
        ]
      },
      {
        "insertions": 62,
        "deletions": 0,
        "date": "2019-10-11",
        "commitResults": [
          {
            "hash": "8696ad41a08dedfd6fd65e2f9351ec70c149eefa",
            "messageTitle": " Added Reminder class",
            "messageBody": "",
            "insertions": 62,
            "deletions": 0
          }
        ]
      },
      {
        "insertions": 29,
        "deletions": 183,
        "date": "2019-10-16",
        "commitResults": [
          {
            "hash": "e7dfffdf0069fc542469e865fc32ec97fc56c4a7",
            "messageTitle": "updating help command which includes short cut",
            "messageBody": "",
            "insertions": 29,
            "deletions": 183
          }
        ]
      },
      {
        "insertions": 42,
        "deletions": 0,
        "date": "2019-10-18",
        "commitResults": [
          {
            "hash": "56504e6497c7eae9fb03f6d9adbd35f27fe89c80",
            "messageTitle": "Added functions for reminders",
            "messageBody": "",
            "insertions": 42,
            "deletions": 0
          }
        ]
      },
      {
        "insertions": 2329,
        "deletions": 1650,
        "date": "2019-10-20",
        "commitResults": [
          {
            "hash": "6cb860cc00e120d6d1ee5be4ecff8081906fe29e",
            "messageTitle": "add functionalities for reminder",
            "messageBody": "",
            "insertions": 2068,
            "deletions": 1560
          },
          {
            "hash": "88c0bb391bc0784e937bad50ac34a9d11ddd3cb1",
            "messageTitle": "added reminders with functionalities to store inside storage and test cases",
            "messageBody": "",
            "insertions": 143,
            "deletions": 70
          },
          {
            "hash": "20835df10edc2c273b4eba21712167d4d4478ecb",
            "messageTitle": "fixed check style error",
            "messageBody": "",
            "insertions": 5,
            "deletions": 5
          },
          {
            "hash": "16b9cd43b3e988ed329b61b0e042428d41a64af6",
            "messageTitle": "shifted comma to next line",
            "messageBody": "",
            "insertions": 2,
            "deletions": 2
          },
          {
            "hash": "16a50ffd8e41a6db5df0eee7f6bc2d002ebf9b16",
            "messageTitle": "fixed test case failure due to addition reminder field in jason",
            "messageBody": "",
            "insertions": 72,
            "deletions": 9
          },
          {
            "hash": "3c1a6eb77cb09a66478c5dae99cde00b7e248138",
            "messageTitle": "added storage related testcases for reminder",
            "messageBody": "",
            "insertions": 39,
            "deletions": 4
          }
        ]
      },
      {
        "insertions": 178,
        "deletions": 7,
        "date": "2019-10-21",
        "commitResults": [
          {
            "hash": "1032cb41ee6fbfc7d5092153faa0f1abe861a1da",
            "messageTitle": "added more test cases for code coverage",
            "messageBody": "",
            "insertions": 115,
            "deletions": 7
          },
          {
            "hash": "5edf51b99b54a75844bbc1d05c094260ab19b4f8",
            "messageTitle": "added parse test cases for maximum code coverage",
            "messageBody": "",
            "insertions": 30,
            "deletions": 0
          },
          {
            "hash": "886f4e56f55b14ee56cad0f71979c9f61fef4bf5",
            "messageTitle": "added has reminder method and test cases for add reminder and has reminder",
            "messageBody": "",
            "insertions": 33,
            "deletions": 0
          }
        ]
      },
      {
        "insertions": 214,
        "deletions": 45,
        "date": "2019-10-23",
        "commitResults": [
          {
            "hash": "4da1351507d70a2e5a89db6ca9cb7ef1eaf055ae",
            "messageTitle": "added commands for reminders in UG and amended DG for MoneyGoWhere",
            "messageBody": "",
            "insertions": 214,
            "deletions": 45
          }
        ]
      },
      {
        "insertions": 248,
        "deletions": 95,
        "date": "2019-10-24",
        "commitResults": [
          {
            "hash": "df0c3aa464e2b7e795667df93c56a8ff29d89216",
            "messageTitle": "fixed overlooked discrepencies in DG and added reminder feature implentation",
            "messageBody": "",
            "insertions": 175,
            "deletions": 26
          },
          {
            "hash": "7fe834b17fda333371460b69e919f13ed360ebee",
            "messageTitle": "added new line for two new activity diagram",
            "messageBody": "",
            "insertions": 2,
            "deletions": 2
          },
          {
            "hash": "ddd5af5cfed4a744ec090da929eed9443a50d05c",
            "messageTitle": "amended according to review and and shifts the reminde feature below the configuration",
            "messageBody": "",
            "insertions": 67,
            "deletions": 59
          },
          {
            "hash": "a475a91a681c8fae36c92dc9d38f7be264952f66",
            "messageTitle": "Amended figure caption",
            "messageBody": "",
            "insertions": 4,
            "deletions": 8
          }
        ]
      }
    ],
    "jonathantjendana": [
      {
        "insertions": 200,
        "deletions": 113,
        "date": "2019-09-27",
        "commitResults": [
          {
            "hash": "2a690693dcbc69802cd599c3c7a42f93f47d7182",
            "messageTitle": "Update user guide",
            "messageBody": "",
            "insertions": 189,
            "deletions": 101
          },
          {
            "hash": "0d57e79be5e804f539b0cfde6e4c1bc402c3ffaf",
            "messageTitle": "Address formatting issues",
            "messageBody": "",
            "insertions": 2,
            "deletions": 2
          },
          {
            "hash": "2323566ef403f99ce0d198dbcbeff12c391bfbd8",
            "messageTitle": "updated NFR and Glossary",
            "messageBody": "",
            "insertions": 6,
            "deletions": 7
          },
          {
            "hash": "862b74fef77243231c426ab13ade97ebb43356fa",
            "messageTitle": "added punctuation marks to DG",
            "messageBody": "",
            "insertions": 2,
            "deletions": 2
          },
          {
            "hash": "929d6693f10071afd13da11389ac124e6c53668f",
            "messageTitle": "added punctuation for Glossary",
            "messageBody": "",
            "insertions": 1,
            "deletions": 1
          }
        ]
      },
      {
        "insertions": 57,
        "deletions": 0,
        "date": "2019-10-10",
        "commitResults": [
          {
            "hash": "600f86ebc1651a0f43810384911a4993a5200db4",
            "messageTitle": "Added ImportCommand class",
            "messageBody": "",
            "insertions": 57,
            "deletions": 0
          }
        ]
      },
      {
        "insertions": 7,
        "deletions": 0,
        "date": "2019-10-11",
        "commitResults": [
          {
            "hash": "bd6f427189af14f6c4121347936dc39de9a4ba47",
            "messageTitle": "update tests for import command",
            "messageBody": "",
            "insertions": 7,
            "deletions": 0
          }
        ]
      },
      {
        "insertions": 277,
        "deletions": 377,
        "date": "2019-10-17",
        "commitResults": [
          {
            "hash": "fb0428c30ba09420eda0dcd8dd3b02aecf4fb7b2",
            "messageTitle": "Refactor Email to Remark",
            "messageBody": "",
            "insertions": 277,
            "deletions": 377
          }
        ]
      },
      {
        "insertions": 561,
        "deletions": 351,
        "date": "2019-10-22",
        "commitResults": [
          {
            "hash": "3f38383da640ad733280239b167d3c159c8530cb",
            "messageTitle": "Implemented import command and removed duplicate constraint",
            "messageBody": "",
            "insertions": 561,
            "deletions": 351
          }
        ]
      },
      {
        "insertions": 186,
        "deletions": 27,
        "date": "2019-10-24",
        "commitResults": [
          {
            "hash": "e1b6963ed3b7b42661832825d2c0580662521394",
            "messageTitle": "allow csv file to have a trailing whitespace",
            "messageBody": "",
            "insertions": 10,
            "deletions": 9
          },
          {
            "hash": "df1b0f20035b687b74e1cdeba3614fc8678d4c77",
            "messageTitle": "Update DG to include Import feature",
            "messageBody": "",
            "insertions": 170,
            "deletions": 0
          },
          {
            "hash": "b9193f5051ca21ad174a6ce89cc9fea29655d565",
            "messageTitle": "Fixed activity diagram",
            "messageBody": "",
            "insertions": 4,
            "deletions": 16
          },
          {
            "hash": "1adf492b4f2836fa373966cfd818463c989efd03",
            "messageTitle": "Fix import diagrams in DG",
            "messageBody": "",
            "insertions": 2,
            "deletions": 2
          }
        ]
      }
    ],
    "Nanosync": [
      {
        "insertions": 7,
        "deletions": 7,
        "date": "2019-09-07",
        "commitResults": [
          {
            "hash": "f286489f0d3a960869d34382d4bb16af5a5222f5",
            "messageTitle": "Test commit",
            "messageBody": "",
            "insertions": 1,
            "deletions": 0
          },
          {
            "hash": "1e663985a1ac73f22d3d6fb1a5f306eb1700dd51",
            "messageTitle": "Test commit for CI fix",
            "messageBody": "",
            "insertions": 1,
            "deletions": 1
          },
          {
            "hash": "c8f5150b6936d5d31043f07a177116d322a5dc2f",
            "messageTitle": "Updated README and removed test commit file",
            "messageBody": "",
            "insertions": 4,
            "deletions": 5
          },
          {
            "hash": "820a132c8112c965614055efc101103c9bad2ce4",
            "messageTitle": "Fixed appveyor badge",
            "messageBody": "",
            "insertions": 1,
            "deletions": 1
          }
        ]
      },
      {
        "insertions": 6,
        "deletions": 6,
        "date": "2019-09-17",
        "commitResults": [
          {
            "hash": "0b0d8d213d58e61ae64a96cf03d4c9bd70ab2d7f",
            "messageTitle": "Update site name, url and documentation",
            "messageBody": "",
            "insertions": 6,
            "deletions": 6
          }
        ]
      },
      {
        "insertions": 8,
        "deletions": 8,
        "date": "2019-09-24",
        "commitResults": [
          {
            "hash": "7e55f1bb23e97e445a36f7c8b9e7dc56a0d624d0",
            "messageTitle": "Implement codacy code coverage",
            "messageBody": "",
            "insertions": 7,
            "deletions": 0
          },
          {
            "hash": "ba3a1f7ea42dacbee680b983e89ad8dd119da3ed",
            "messageTitle": "Fix for coverage path",
            "messageBody": "",
            "insertions": 1,
            "deletions": 1
          },
          {
            "hash": "b259a8a72484405fa2d71ef105e1f5bb42e99b51",
            "messageTitle": "Remove broken codacy toolset",
            "messageBody": "",
            "insertions": 0,
            "deletions": 7
          }
        ]
      },
      {
        "insertions": 104,
        "deletions": 77,
        "date": "2019-09-27",
        "commitResults": [
          {
            "hash": "03b410f034ac43c093f90eefa710d4213e2b389b",
            "messageTitle": "Update gitignore to exclude IntelliJ project files",
            "messageBody": "",
            "insertions": 1,
            "deletions": 1
          },
          {
            "hash": "57b4e39d18624af0feb5cbea2a34c003156d2941",
            "messageTitle": "Update readme",
            "messageBody": "",
            "insertions": 8,
            "deletions": 5
          },
          {
            "hash": "5f5f176f8ccbe13a515676046b7521f900ae2538",
            "messageTitle": "Update Ui with mockup",
            "messageBody": "",
            "insertions": 0,
            "deletions": 0
          },
          {
            "hash": "c1cc99316e6f807de0512f47baff1073ec2aa80b",
            "messageTitle": "Update target user profile, value proposition and delete product survey",
            "messageBody": "",
            "insertions": 5,
            "deletions": 19
          },
          {
            "hash": "4ca4fc2553af2a03d80b58cff252b83d266fc3bb",
            "messageTitle": "Fix formatting warnings for use cases",
            "messageBody": "",
            "insertions": 12,
            "deletions": 12
          },
          {
            "hash": "8fead8e765141424b063f2a9c2a1286778fa1ce5",
            "messageTitle": "Fix use-case typo",
            "messageBody": "",
            "insertions": 1,
            "deletions": 1
          },
          {
            "hash": "61f1c18d1219596632e0b39bdbf37f6636b64cc2",
            "messageTitle": "Fix formatting consistency in Use Cases",
            "messageBody": "",
            "insertions": 26,
            "deletions": 28
          },
          {
            "hash": "c5cd3f51fd4e5ab7145635dfd1fec5f43257e8ec",
            "messageTitle": "Add reposense configuration",
            "messageBody": "",
            "insertions": 44,
            "deletions": 0
          },
          {
            "hash": "591c1736756fea31c63b82c0f8b2a06da2774cf4",
            "messageTitle": "Update product website and gradle config",
            "messageBody": "",
            "insertions": 4,
            "deletions": 7
          },
          {
            "hash": "5d845078fe4deb9de5edbda35413b70c8edd0fb8",
            "messageTitle": "Update responsibilities",
            "messageBody": "",
            "insertions": 2,
            "deletions": 2
          },
          {
            "hash": "8acaebdb679caa1ad3f2f9a0e746c871620bc223",
            "messageTitle": "Remove variable to adjust web navbar",
            "messageBody": "",
            "insertions": 1,
            "deletions": 2
          }
        ]
      },
      {
        "insertions": 7,
        "deletions": 13,
        "date": "2019-09-29",
        "commitResults": [
          {
            "hash": "104c9ff2237b88af1c99208fab201c40a91f8c0d",
            "messageTitle": "Update e-mail formatting",
            "messageBody": "",
            "insertions": 7,
            "deletions": 13
          }
        ]
      },
      {
        "insertions": 89,
        "deletions": 0,
        "date": "2019-10-11",
        "commitResults": [
          {
            "hash": "1587e5968b7f8964b651e655bbc875e9996f2a9e",
            "messageTitle": "Added base for NLP",
            "messageBody": "",
            "insertions": 89,
            "deletions": 0
          }
        ]
      },
      {
        "insertions": 455,
        "deletions": 348,
        "date": "2019-10-16",
        "commitResults": [
          {
            "hash": "05020b11c6d6835b7b8cfc48cdf5dcd53206dced",
            "messageTitle": "Fix regression in Spending",
            "messageBody": "",
            "insertions": 1,
            "deletions": 1
          },
          {
            "hash": "5deac5d744ddc6669456321e2544120869405f1b",
            "messageTitle": "Deprecate mm/dd/yyyy and support dd/mm/yyyy only",
            "messageBody": "",
            "insertions": 49,
            "deletions": 5
          },
          {
            "hash": "9d94cdf40e13ee9f8ad941fbde51861657c538ec",
            "messageTitle": "Updated DateUtil",
            "messageBody": "",
            "insertions": 37,
            "deletions": 9
          },
          {
            "hash": "3233b685a9b4c74149faebb1ccd5f2d7bae79859",
            "messageTitle": "Updated AddCommand to include date parsing, replace Phone to Date",
            "messageBody": "",
            "insertions": 323,
            "deletions": 317
          },
          {
            "hash": "3db3dc6fe1e53111e36a8122d6ac3b4a04eeef6a",
            "messageTitle": "Updated EditCommand message",
            "messageBody": "",
            "insertions": 1,
            "deletions": 1
          },
          {
            "hash": "d6907338d81985c779ed2f056c430712f7b98fe0",
            "messageTitle": "Changed UI elements",
            "messageBody": "",
            "insertions": 4,
            "deletions": 4
          },
          {
            "hash": "97cae650e24ba2564e8ac0ab6b163aa8005d3236",
            "messageTitle": "Address changes",
            "messageBody": "",
            "insertions": 5,
            "deletions": 5
          },
          {
            "hash": "8ae99bb6a9c75d3cb1f8b7e248f8eecb305c2ac7",
            "messageTitle": "Add attribution",
            "messageBody": "",
            "insertions": 3,
            "deletions": 0
          },
          {
            "hash": "922bfc300e5681298f573aee7558b040649a0c84",
            "messageTitle": "Removed redundant toString",
            "messageBody": "",
            "insertions": 1,
            "deletions": 1
          },
          {
            "hash": "b9763e64f6547a75bfed5e5d522114c12b9a7ffa",
            "messageTitle": "Fixed some edge cases",
            "messageBody": "",
            "insertions": 29,
            "deletions": 3
          },
          {
            "hash": "d4c8f4265d44dfa08e00ffd9415089be247afbd2",
            "messageTitle": "Fix variable name",
            "messageBody": "",
            "insertions": 1,
            "deletions": 1
          },
          {
            "hash": "1f322b3815cfdad64bd9bea2538487db32d42e5c",
            "messageTitle": "Fix variable name again",
            "messageBody": "",
            "insertions": 1,
            "deletions": 1
          }
        ]
      },
      {
        "insertions": 132,
        "deletions": 93,
        "date": "2019-10-17",
        "commitResults": [
          {
            "hash": "f18e0203ecf92768221544a91957e3f01b84f55e",
            "messageTitle": "Refactored date validation",
            "messageBody": "",
            "insertions": 22,
            "deletions": 8
          },
          {
            "hash": "a3dbe4e9ff4a45c22e84ba1b38bd7027e1ca2db2",
            "messageTitle": "Update tests to increase coverage",
            "messageBody": "",
            "insertions": 6,
            "deletions": 5
          },
          {
            "hash": "5b3ef0f30590248d18d7fb2f4709b7a1e0a4912e",
            "messageTitle": "Remove instances of Address Book",
            "messageBody": "",
            "insertions": 52,
            "deletions": 52
          },
          {
            "hash": "80700137b3e2b367da7bba85afdfe4170aa15fb3",
            "messageTitle": "Remove unneeded escape character",
            "messageBody": "",
            "insertions": 2,
            "deletions": 3
          },
          {
            "hash": "2bf20927e2eafb368ecd49f23566cc7160a73a57",
            "messageTitle": "Default user config change",
            "messageBody": "",
            "insertions": 2,
            "deletions": 2
          },
          {
            "hash": "f4c13507efe900e5e9baeac0881dccdd6127f44c",
            "messageTitle": "Update sample data",
            "messageBody": "",
            "insertions": 18,
            "deletions": 18
          },
          {
            "hash": "909d63360c5fb1bc1b2ee8d188f8097f91a8f9a2",
            "messageTitle": "Fix failing tests",
            "messageBody": "",
            "insertions": 3,
            "deletions": 3
          },
          {
            "hash": "a386c3c550739a50f8e2fc3da9e616bcd7dc880d",
            "messageTitle": "Add pretty format",
            "messageBody": "",
            "insertions": 20,
            "deletions": 2
          },
          {
            "hash": "9fa0b641ac9fe424c6c34b7e5d2d0c17a3129daf",
            "messageTitle": "Update tests",
            "messageBody": "",
            "insertions": 5,
            "deletions": 0
          },
          {
            "hash": "a860550156843281cd26b40c15278355667432fd",
            "messageTitle": "Update tests again",
            "messageBody": "",
            "insertions": 2,
            "deletions": 0
          }
        ]
      },
      {
        "insertions": 1308,
        "deletions": 1308,
        "date": "2019-10-18",
        "commitResults": [
          {
            "hash": "dc4ad5db856a74ad497d0764ad123ca76dc9103f",
            "messageTitle": "Fix person to spending",
            "messageBody": "",
            "insertions": 5,
            "deletions": 5
          },
          {
            "hash": "cfe1b683fd24fc9549783f61bb80e99c9eb9a67a",
            "messageTitle": "Changed AddressBook to SpendingBook",
            "messageBody": "",
            "insertions": 448,
            "deletions": 447
          },
          {
            "hash": "b7c0fe9387c2dfb9a11010f6542c6cc77f5fde0b",
            "messageTitle": "Changed tests",
            "messageBody": "",
            "insertions": 11,
            "deletions": 11
          },
          {
            "hash": "b145b83d67980dbf64a9ef091f7033744da31859",
            "messageTitle": "Refactored package name",
            "messageBody": "",
            "insertions": 826,
            "deletions": 827
          },
          {
            "hash": "dd94e5b518496099277f290d2655d315692941e1",
            "messageTitle": "Fixed merge conflict",
            "messageBody": "",
            "insertions": 9,
            "deletions": 9
          },
          {
            "hash": "7da9ea4f4ebc9d8f8fb781d1e9e8bf416336ece3",
            "messageTitle": "Fixed merge conflict again",
            "messageBody": "",
            "insertions": 9,
            "deletions": 9
          }
        ]
      },
      {
        "insertions": 133,
        "deletions": 51,
        "date": "2019-10-19",
        "commitResults": [
          {
            "hash": "4c4e8939fc7f3418d9fc26eb3ca5ebd20fe597f1",
            "messageTitle": "Extend DateUtil to support multiple dates",
            "messageBody": "",
            "insertions": 50,
            "deletions": 1
          },
          {
            "hash": "0d4d2360d08234662f442c0fa340cd14116d84f7",
            "messageTitle": "Add additional test cases",
            "messageBody": "",
            "insertions": 4,
            "deletions": 0
          },
          {
            "hash": "a2019d7bbcbf62aa0e94237842e5bf6b1fe9eb3b",
            "messageTitle": "Updated DateUtil to use LocalDate instead of Date (new API)",
            "messageBody": "",
            "insertions": 41,
            "deletions": 40
          },
          {
            "hash": "60ae2b3f2a06ed5fe1be993f2f1f4370113dba4c",
            "messageTitle": "Added parsed date field in Date",
            "messageBody": "",
            "insertions": 11,
            "deletions": 5
          },
          {
            "hash": "403dcbdb547812263eff5175b25580c361b0f30a",
            "messageTitle": "Correct Person to Spending in javadoc",
            "messageBody": "",
            "insertions": 2,
            "deletions": 2
          },
          {
            "hash": "957bd974df5c9efa873f5c4746c49a052561efaf",
            "messageTitle": "Remove exception thrown in parseRemark and added parseCosts",
            "messageBody": "",
            "insertions": 25,
            "deletions": 3
          }
        ]
      },
      {
        "insertions": 725,
        "deletions": 90,
        "date": "2019-10-20",
        "commitResults": [
          {
            "hash": "4c0a352a312e40a0dd8bcf5b3612d8f4e5049711",
            "messageTitle": "Cosmetic changes to Messages",
            "messageBody": "",
            "insertions": 1,
            "deletions": 1
          },
          {
            "hash": "e7949e888f1a7faf185b437fe9edac2ffffb24b0",
            "messageTitle": "Normalise cost values to 2 decimal places and fix comments",
            "messageBody": "",
            "insertions": 2,
            "deletions": 2
          },
          {
            "hash": "e35c821b29613e4aff0c8f6729e61b3631a79974",
            "messageTitle": "Add necessary predicates",
            "messageBody": "",
            "insertions": 370,
            "deletions": 5
          },
          {
            "hash": "56a382ffb816102f80377f744b7026993ee1a95e",
            "messageTitle": "Update Date syntax and added more tests",
            "messageBody": "",
            "insertions": 9,
            "deletions": 2
          },
          {
            "hash": "993dc6ecd1ff0eb9b9ecaa4d1d83f172a3c76e7b",
            "messageTitle": "Update costs and date parsing",
            "messageBody": "",
            "insertions": 41,
            "deletions": 2
          },
          {
            "hash": "b08a021405cfd2ea04c976fdfea16587d8b21695",
            "messageTitle": "Updated find command",
            "messageBody": "",
            "insertions": 184,
            "deletions": 25
          },
          {
            "hash": "ea1c63f7701726d7faadd523051cce58ad3e84f7",
            "messageTitle": "Address code quality and coverage issues",
            "messageBody": "",
            "insertions": 5,
            "deletions": 10
          },
          {
            "hash": "4e2d05b678c9f99b709fe556c1ca6914c1d0437e",
            "messageTitle": "Split views in UI",
            "messageBody": "",
            "insertions": 31,
            "deletions": 17
          },
          {
            "hash": "992be1fdc3bbcd805b923ca4f19693d91dc9ee4e",
            "messageTitle": "Fix logging error",
            "messageBody": "",
            "insertions": 1,
            "deletions": 0
          },
          {
            "hash": "7eeacb9115d35830983632575f34ef49eff98727",
            "messageTitle": "Update date tests",
            "messageBody": "",
            "insertions": 35,
            "deletions": 2
          },
          {
            "hash": "62dc7d644d12a6e48797398b03990497fe36c7c0",
            "messageTitle": "Add multiple tag support",
            "messageBody": "",
            "insertions": 31,
            "deletions": 14
          },
          {
            "hash": "e876a3926d332760691ec95c67d2d9d289aaf1e8",
            "messageTitle": "Add additional field to hash for Date",
            "messageBody": "",
            "insertions": 2,
            "deletions": 1
          },
          {
            "hash": "b8559a863b3b2ba319c4703ec7db895eb08e33ce",
            "messageTitle": "Update UG and DG for Find Command",
            "messageBody": "",
            "insertions": 11,
            "deletions": 7
          },
          {
            "hash": "d46385fc0921653c66b8886e463f570a0989a0ff",
            "messageTitle": "Tag can be repeated",
            "messageBody": "",
            "insertions": 2,
            "deletions": 2
          }
        ]
      },
      {
        "insertions": 892,
        "deletions": 63,
        "date": "2019-10-23",
        "commitResults": [
          {
            "hash": "09dc22750c5e3121fb6682906185d658e5205be5",
            "messageTitle": "Update list and find in user guide and fixed other UG problems",
            "messageBody": "",
            "insertions": 43,
            "deletions": 27
          },
          {
            "hash": "76eee67ae0a6e5b7ab44792697f8a93edc28cb0f",
            "messageTitle": "Fix cost invalid input bug",
            "messageBody": "",
            "insertions": 14,
            "deletions": 1
          },
          {
            "hash": "7fefa288a412c3184a443f943537c9b25b94bfac",
            "messageTitle": "Implement Comparable on fields",
            "messageBody": "",
            "insertions": 19,
            "deletions": 3
          },
          {
            "hash": "d354c9f4997af084b7365d0a6340bd0cc6787de5",
            "messageTitle": "Add sorting classes",
            "messageBody": "",
            "insertions": 70,
            "deletions": 0
          },
          {
            "hash": "dda7fd30bd4e2d31772135cfe7d700312535fa09",
            "messageTitle": "Correct a javadoc bug in ReminderBuilder",
            "messageBody": "",
            "insertions": 1,
            "deletions": 1
          },
          {
            "hash": "0dd648e06b7405f03fb4ecc4827c1cfd6b8a3263",
            "messageTitle": "Add sort command and update UG",
            "messageBody": "",
            "insertions": 594,
            "deletions": 6
          },
          {
            "hash": "7cb83e3a277fa1e47b9a9983fe2564a3707f5b73",
            "messageTitle": "Fix code quality issue",
            "messageBody": "",
            "insertions": 3,
            "deletions": 3
          },
          {
            "hash": "5d4e55d40947c1a232b35ca9ae73576bcc565379",
            "messageTitle": "Add find sequence diagram and correct UG bugs",
            "messageBody": "",
            "insertions": 148,
            "deletions": 22
          }
        ]
      },
      {
        "insertions": 891,
        "deletions": 293,
        "date": "2019-10-24",
        "commitResults": [
          {
            "hash": "9c1e2ea8a4de56ff672cdbadd8c75a8af9405ef0",
            "messageTitle": "Fix lifeline",
            "messageBody": "",
            "insertions": 2,
            "deletions": 0
          },
          {
            "hash": "84ea30f848e094190b3c0c0d0733a71130302718",
            "messageTitle": "Change implementation to search string manually",
            "messageBody": "",
            "insertions": 34,
            "deletions": 18
          },
          {
            "hash": "79628165da9a1f3d8935b4e873c8ef19f7226f0e",
            "messageTitle": "Add missing use case in DG for sort command",
            "messageBody": "",
            "insertions": 20,
            "deletions": 9
          },
          {
            "hash": "860cdbfebbfd38f394809bf7a4d59f0bb0c7348d",
            "messageTitle": "Update Find and add Sort feature to DG",
            "messageBody": "",
            "insertions": 170,
            "deletions": 3
          },
          {
            "hash": "6d5d448c6727471ecac595bdba5a44054ab95b67",
            "messageTitle": "Updated sort sequence diagram",
            "messageBody": "",
            "insertions": 11,
            "deletions": 0
          },
          {
            "hash": "287633e334ff500682ef5129790849b591642316",
            "messageTitle": "Replace else to a more obvious case",
            "messageBody": "",
            "insertions": 2,
            "deletions": 2
          },
          {
            "hash": "bb42d3ea3a0c296644da57292c304e7977df93eb",
            "messageTitle": "Add find sequence diagram and correct UG bugs",
            "messageBody": "",
            "insertions": 148,
            "deletions": 22
          },
          {
            "hash": "88c30918cfab8c17aa0e232ee816bebb5dfe8079",
            "messageTitle": "Fix lifeline",
            "messageBody": "",
            "insertions": 2,
            "deletions": 0
          },
          {
            "hash": "ede2e749105e4e2f273a67c727393c3a2005d02b",
            "messageTitle": "Add missing use case in DG for sort command",
            "messageBody": "",
            "insertions": 20,
            "deletions": 9
          },
          {
            "hash": "f917f5b99a0127a6d60157a2967e2879bb4f4980",
            "messageTitle": "Update Find and add Sort feature to DG",
            "messageBody": "",
            "insertions": 170,
            "deletions": 3
          },
          {
            "hash": "ef59f9108329752f8a4776ca3b9568ebe68b751a",
            "messageTitle": "Updated sort sequence diagram",
            "messageBody": "",
            "insertions": 11,
            "deletions": 0
          },
          {
            "hash": "3c35e58609b7576b83297edfe10066c6adf0a56b",
            "messageTitle": "Replace else to a more obvious case",
            "messageBody": "",
            "insertions": 2,
            "deletions": 2
          },
          {
            "hash": "aad0a81d400d80e4c191ef3a9b810ff6c3660edc",
            "messageTitle": "Update all diagrams in DG",
            "messageBody": "",
            "insertions": 118,
            "deletions": 93
          },
          {
            "hash": "1943246f03788edf03ec8a5d5d8045431f7be31f",
            "messageTitle": "Fix broken docs",
            "messageBody": "",
            "insertions": 0,
            "deletions": 0
          },
          {
            "hash": "ff41cf47b69503fbdccd6795de7cce9a79557ee6",
            "messageTitle": "Update help image",
            "messageBody": "",
            "insertions": 0,
            "deletions": 0
          },
          {
            "hash": "aeb8730cfe89dd1ac44524aad8bfe8dcf8b96a32",
            "messageTitle": "Change broken image",
            "messageBody": "",
            "insertions": 2,
            "deletions": 2
          },
          {
            "hash": "c6b14ba538f5e783f641071970ccd2290de9ee58",
            "messageTitle": "Address UG and DG changes and fix find and sort diagrams",
            "messageBody": "",
            "insertions": 170,
            "deletions": 128
          },
          {
            "hash": "451ced57d53b22fea2f36f0146c7f0592f6a3fd7",
            "messageTitle": "Correct a numbering issue",
            "messageBody": "",
            "insertions": 1,
            "deletions": 1
          },
          {
            "hash": "cbf5b95f288ad32757a61c762914a743fe2f25e0",
            "messageTitle": "Fix image problem and add preface to sections",
            "messageBody": "",
            "insertions": 7,
            "deletions": 0
          },
          {
            "hash": "04dec243c20cec58f3e7ce403699677549f8aaf2",
            "messageTitle": "Remove highlighting of invalid date",
            "messageBody": "",
            "insertions": 1,
            "deletions": 1
          }
        ]
      },
      {
        "insertions": 179,
        "deletions": 130,
        "date": "2019-10-25",
        "commitResults": [
          {
            "hash": "2f4d024d70032891f3bd0953e0636fbd7322e674",
            "messageTitle": "Address UG and DG changes and fix find and sort diagrams",
            "messageBody": "",
            "insertions": 170,
            "deletions": 128
          },
          {
            "hash": "08bcf5c31ac330b859c7c65b9ca47b6ac5c61e2f",
            "messageTitle": "Correct a numbering issue",
            "messageBody": "",
            "insertions": 1,
            "deletions": 1
          },
          {
            "hash": "947ffcb5163266a0fbd3ec77d0ac4030bf18cdda",
            "messageTitle": "Fix image problem and add preface to sections",
            "messageBody": "",
            "insertions": 7,
            "deletions": 0
          },
          {
            "hash": "3eeae46130063cfd3f32edf157a708b83215b29d",
            "messageTitle": "Remove highlighting of invalid date",
            "messageBody": "",
            "insertions": 1,
            "deletions": 1
          }
        ]
      }
    ],
    "choongyx": [
      {
        "insertions": 77,
        "deletions": 61,
        "date": "2019-09-27",
        "commitResults": [
          {
            "hash": "05a75749d16055100747d789411fb0e648694b33",
            "messageTitle": "Updated AboutUs and ContactUs",
            "messageBody": "",
            "insertions": 33,
            "deletions": 26
          },
          {
            "hash": "1237d9c1e4671f6ff72a8a14cdff85c873b03247",
            "messageTitle": "Delete unused photos, Add new line to documentations",
            "messageBody": "",
            "insertions": 11,
            "deletions": 11
          },
          {
            "hash": "e2aaa8f46649fe1980199722b6840bd7ef75d4c3",
            "messageTitle": "Update AboutUs, ContactUs formatting",
            "messageBody": "",
            "insertions": 20,
            "deletions": 16
          },
          {
            "hash": "57255f9611acbef3479458011c42ed9f05608fff",
            "messageTitle": "Add new line between roles",
            "messageBody": "",
            "insertions": 5,
            "deletions": 0
          },
          {
            "hash": "e93b19591d790db3f0885bc27ff8d29c641f7df1",
            "messageTitle": "Correct typo in link",
            "messageBody": "",
            "insertions": 1,
            "deletions": 1
          },
          {
            "hash": "aecb0fd906fffdab6e42a0649ba6f706114b288a",
            "messageTitle": "Update About Us and Contact Us formatting",
            "messageBody": "",
            "insertions": 6,
            "deletions": 6
          },
          {
            "hash": "45d2e9a22f70cc3c723d4a96395dfb67a64ee437",
            "messageTitle": "Update issue tracker link",
            "messageBody": "",
            "insertions": 1,
            "deletions": 1
          }
        ]
      },
      {
        "insertions": 98,
        "deletions": 51,
        "date": "2019-09-28",
        "commitResults": [
          {
            "hash": "eb5d3b0d92348f58194f758ee2db69b4ccbdbaaa",
            "messageTitle": "Update About Us, User Guide, Developer Guide",
            "messageBody": "",
            "insertions": 98,
            "deletions": 51
          }
        ]
      },
      {
        "insertions": 58,
        "deletions": 0,
        "date": "2019-10-10",
        "commitResults": [
          {
            "hash": "3c25cf18827c42cbf1646d28da444cee3892d34e",
            "messageTitle": "Add new StatsCommand class",
            "messageBody": "",
            "insertions": 20,
            "deletions": 0
          },
          {
            "hash": "cf97f27996277e18986a3695b418ea34e61737b4",
            "messageTitle": "Add tests for StatsCommand to increase coverage",
            "messageBody": "",
            "insertions": 35,
            "deletions": 0
          },
          {
            "hash": "005f5cc2ed63b87d8eafc093e647e159ab2c4ad4",
            "messageTitle": "Add comments to test",
            "messageBody": "",
            "insertions": 3,
            "deletions": 0
          }
        ]
      },
      {
        "insertions": 302,
        "deletions": 278,
        "date": "2019-10-16",
        "commitResults": [
          {
            "hash": "d87e9205285327a2a62950620e28b64b6d9d4b7b",
            "messageTitle": "Update StatsCommand Logic and Test to enable calculation of total cost",
            "messageBody": "",
            "insertions": 33,
            "deletions": 9
          },
          {
            "hash": "1c93db33b67a3f1ac116a624ce52c8f6b142369d",
            "messageTitle": "Fix Checkstyle errors",
            "messageBody": "",
            "insertions": 6,
            "deletions": 5
          },
          {
            "hash": "47933f79c86c1e87b86885f7a06a4ffc16063798",
            "messageTitle": "Refactor Address to Cost",
            "messageBody": "",
            "insertions": 243,
            "deletions": 244
          },
          {
            "hash": "5273f3db3070b4551b6b5e0708b587dcf0dd74d7",
            "messageTitle": "Update syntax",
            "messageBody": "",
            "insertions": 1,
            "deletions": 1
          },
          {
            "hash": "538bb8d41e5eac5d323e8f32d101de2e559bb6fe",
            "messageTitle": "Update changes based on reviews",
            "messageBody": "",
            "insertions": 13,
            "deletions": 13
          },
          {
            "hash": "8e8b5d27e55401c2267976fa1788a2e53721785b",
            "messageTitle": "Resolve some errors with refactoring",
            "messageBody": "",
            "insertions": 6,
            "deletions": 6
          }
        ]
      },
      {
        "insertions": 73,
        "deletions": 12,
        "date": "2019-10-17",
        "commitResults": [
          {
            "hash": "9a0632b28d62e86a7d09275c30836b805e46c3db",
            "messageTitle": "Add $ to Cost in SpendingCard",
            "messageBody": "",
            "insertions": 1,
            "deletions": 1
          },
          {
            "hash": "6421c172a4d4976870c9715ff66f572ae29a131f",
            "messageTitle": "Update Cost Constraint and tests",
            "messageBody": "",
            "insertions": 8,
            "deletions": 4
          },
          {
            "hash": "9966121d2ac104b9aa3b316260e720fa4dec626e",
            "messageTitle": "Update bug with regards to Cost",
            "messageBody": "",
            "insertions": 1,
            "deletions": 1
          },
          {
            "hash": "f214996345b53db7ff7aa200ff82d95624927524",
            "messageTitle": "Update StatsCommand and tests to include budget balance and status",
            "messageBody": "",
            "insertions": 59,
            "deletions": 3
          },
          {
            "hash": "df39a28654e873f9a4dc1d28872cf74e646e5c98",
            "messageTitle": "Fix checkstyle",
            "messageBody": "",
            "insertions": 2,
            "deletions": 2
          },
          {
            "hash": "a44465d36706893750afdc68981f4fb301ca93b0",
            "messageTitle": "Fix unused import",
            "messageBody": "",
            "insertions": 0,
            "deletions": 1
          },
          {
            "hash": "9668d9a40d87f048d7b1bd4ac44547437ad47c1c",
            "messageTitle": "Fix bug to ensure that resultsdisplay turns back to default after budget change from deficit to surplus",
            "messageBody": "",
            "insertions": 2,
            "deletions": 0
          }
        ]
      },
      {
        "insertions": 267,
        "deletions": 33,
        "date": "2019-10-18",
        "commitResults": [
          {
            "hash": "ccc5613fea74829fa729c8a3c857923446ed22b5",
            "messageTitle": "Update StatsCommand to include date range",
            "messageBody": "",
            "insertions": 236,
            "deletions": 18
          },
          {
            "hash": "a5e6fda5b247ee6d4af8917122632ee0f365d6bc",
            "messageTitle": "Update tests and fix checkstyle",
            "messageBody": "",
            "insertions": 31,
            "deletions": 15
          }
        ]
      },
      {
        "insertions": 126,
        "deletions": 16,
        "date": "2019-10-19",
        "commitResults": [
          {
            "hash": "ec76df4468d17cf6fa42f329b41af4ccd683ebd3",
            "messageTitle": "Update StatsCommand Logic to add display cost per tag feature",
            "messageBody": "",
            "insertions": 126,
            "deletions": 16
          }
        ]
      },
      {
        "insertions": 964,
        "deletions": 385,
        "date": "2019-10-20",
        "commitResults": [
          {
            "hash": "7014c9f680e7f9c117e9d3ee47c299a4c1b18403",
            "messageTitle": " Add GraphCommand which displays graph for all spending, update tests",
            "messageBody": "",
            "insertions": 513,
            "deletions": 199
          },
          {
            "hash": "61ae0b9e6cd6dd0ff89ba61d32db38188afe055b",
            "messageTitle": "Update tests, fix bug with regards to Date Comparison",
            "messageBody": "",
            "insertions": 114,
            "deletions": 36
          },
          {
            "hash": "0ade37366420e42e008addf8024c725a2efa9f84",
            "messageTitle": "Update GraphCommand to accept dates as inputs",
            "messageBody": "",
            "insertions": 220,
            "deletions": 12
          },
          {
            "hash": "7f6811236bdd8713646eafc981bdb3869226de48",
            "messageTitle": "Update GraphWindow to prevent maximising",
            "messageBody": "",
            "insertions": 13,
            "deletions": 9
          },
          {
            "hash": "5efa448acce613b778f96853a934f73913345800",
            "messageTitle": "Fix checkstyle",
            "messageBody": "",
            "insertions": 32,
            "deletions": 36
          },
          {
            "hash": "f0898361c37966a16ef048aa2077dccb2a79b03b",
            "messageTitle": "Fix checkstyle",
            "messageBody": "",
            "insertions": 0,
            "deletions": 1
          },
          {
            "hash": "08cb588529cb62ad10348c1b4387144164659c86",
            "messageTitle": "Code Cleanup",
            "messageBody": "",
            "insertions": 72,
            "deletions": 92
          }
        ]
      },
      {
        "insertions": 357,
        "deletions": 49,
        "date": "2019-10-21",
        "commitResults": [
          {
            "hash": "c899b6093f94fd7288f612f29b2eb2505bb836ed",
            "messageTitle": "Disable minimize window to prevent bug of window not reshowing after minimizing",
            "messageBody": "",
            "insertions": 2,
            "deletions": 0
          },
          {
            "hash": "a901fc07a616f0336518577b9e9d889413397b39",
            "messageTitle": "Update User Guide for stats and graph",
            "messageBody": "",
            "insertions": 18,
            "deletions": 3
          },
          {
            "hash": "6e8fee6fd6b12d702fc63d6142a5bffa8d673d88",
            "messageTitle": "PieChart for StatsCommand",
            "messageBody": "",
            "insertions": 232,
            "deletions": 15
          },
          {
            "hash": "16357da1f04e49c4d1e4d58415fd97cfd979dca1",
            "messageTitle": "Fix checkstyle, update tests",
            "messageBody": "",
            "insertions": 91,
            "deletions": 28
          },
          {
            "hash": "ba0b3d2c5a408bc9bff9803d6e27ab0dae5fa7e2",
            "messageTitle": "Fix checkstyle",
            "messageBody": "",
            "insertions": 0,
            "deletions": 3
          },
          {
            "hash": "4d2c546cdffc6fb69a7b2b5d25646e4f288b7388",
            "messageTitle": "Increase coverage of selected files that had drop in coverage from previous.",
            "messageBody": "",
            "insertions": 14,
            "deletions": 0
          }
        ]
      },
      {
        "insertions": 483,
        "deletions": 87,
        "date": "2019-10-24",
        "commitResults": [
          {
            "hash": "92e723300e1882323066f3e4f166d4379aab6990",
            "messageTitle": "Update UG and DG",
            "messageBody": "",
            "insertions": 263,
            "deletions": 86
          },
          {
            "hash": "482fc7f522752b68aec17c1bf66d48b7775ecda6",
            "messageTitle": "Update DG with Stats Implementation",
            "messageBody": "",
            "insertions": 219,
            "deletions": 0
          },
          {
            "hash": "6f58d51ac3a4ca0e016c887521e5d5c0ea799e48",
            "messageTitle": "Fix graph window unchecked error",
            "messageBody": "",
            "insertions": 1,
            "deletions": 1
          }
        ]
      },
      {
        "insertions": 92,
        "deletions": 89,
        "date": "2019-10-25",
        "commitResults": [
          {
            "hash": "56d4a5c26761c05e6c643265088cc9ae09fc073b",
            "messageTitle": "Update Sequence Diagrams",
            "messageBody": "",
            "insertions": 3,
            "deletions": 3
          },
          {
            "hash": "9f2d24c7abaa31dda437ee9fe6e9967b96e2bc37",
            "messageTitle": "Update Activity Diagram and Sequence Diagrams for Stats",
            "messageBody": "",
            "insertions": 2,
            "deletions": 7
          },
          {
            "hash": "9d56569b116bc9ca4bb85fba9607dd6c90e9e70f",
            "messageTitle": "Update Minor Mistakes in Diagrams",
            "messageBody": "",
            "insertions": 2,
            "deletions": 1
          },
          {
            "hash": "b2cc9d5f7746c919dc624bcc93a94dd37aa2b58b",
            "messageTitle": "Shift stats implementation down",
            "messageBody": "",
            "insertions": 73,
            "deletions": 71
          },
          {
            "hash": "9b6f3ba36c2abef795c511d8b8f898a94cf86a4b",
            "messageTitle": "Changes based on review",
            "messageBody": "",
            "insertions": 2,
            "deletions": 2
          },
          {
            "hash": "1fa1751b84e39ace63719dc455745023ef520d6a",
            "messageTitle": "Update DG based on reviews",
            "messageBody": "",
            "insertions": 10,
            "deletions": 5
          }
        ]
      }
    ],
    "austinsantoso": [
      {
        "insertions": 57,
        "deletions": 9,
        "date": "2019-09-27",
        "commitResults": [
          {
            "hash": "92064f49658be7376cf12ee2c3d1c9ea6a86ec6e",
            "messageTitle": "add Appendix B of developer guide",
            "messageBody": "add Appendix B user stories for developer guide",
            "insertions": 54,
            "deletions": 6
          },
          {
            "hash": "53da707457a4b115c6130b282de8f06d647f505f",
            "messageTitle": "change Appendix B Developer Guide",
            "messageBody": "fixed typos in Appendix B: User Story of Developer Guide",
            "insertions": 3,
            "deletions": 3
          }
        ]
      },
      {
        "insertions": 1218,
        "deletions": 1213,
        "date": "2019-10-11",
        "commitResults": [
          {
            "hash": "ecf44a406840a453c4757d1b0d13a57e61b7b0ef",
            "messageTitle": "Rename Person to Spending",
            "messageBody": "renamed person class to Spending class, along with tests and instances",
            "insertions": 1218,
            "deletions": 1213
          }
        ]
      },
      {
        "insertions": 482,
        "deletions": 14,
        "date": "2019-10-17",
        "commitResults": [
          {
            "hash": "5a840510001c6de6c1f467ec9bfe26eaf0eee7fb",
            "messageTitle": "add Budget class, budget and showbudget command",
            "messageBody": "add budget class, with save and load functionalities. added budget and show budget commands\nbudget code quality",
            "insertions": 455,
            "deletions": 9
          },
          {
            "hash": "1d83565ec3b9960eeb0a6c219a1ddb9ef5130e49",
            "messageTitle": "add test cases",
            "messageBody": "add test cases for budget",
            "insertions": 27,
            "deletions": 5
          }
        ]
      },
      {
        "insertions": 301,
        "deletions": 12,
        "date": "2019-10-24",
        "commitResults": [
          {
            "hash": "f6a0cf088ee5f414dcf2c4bb3cc37dd8c37eb15b",
            "messageTitle": "Add up and down button functionality (#93)",
            "messageBody": "Add up and down button to traverse commands",
            "insertions": 288,
            "deletions": 4
          },
          {
            "hash": "7214bc7affdd68142515a377f718b85460408723",
            "messageTitle": "add showbudget to userguide",
            "messageBody": "add showbudget to user guide, and remove prefix requirement m/ from budget requirement",
            "insertions": 12,
            "deletions": 7
          },
          {
            "hash": "f4692d63552e2a7cfd1f5cc54bd1d99a637b2d11",
            "messageTitle": "fix grammar",
            "messageBody": "fix from `the currently set monthly budget` to `current monthly budget`",
            "insertions": 1,
            "deletions": 1
          }
        ]
      },
      {
        "insertions": 158,
        "deletions": 15,
        "date": "2019-10-25",
        "commitResults": [
          {
            "hash": "99c67d83fb1fc74dc2c7421e0c61631681cb4320",
            "messageTitle": "initial developer guide for Budget",
            "messageBody": "give brief description of Budget in the Developer Guide",
            "insertions": 146,
            "deletions": 0
          },
          {
            "hash": "14a130128c222b9cf61d90c2aaf676ed50ba2382",
            "messageTitle": "improve sentence structure",
            "messageBody": "changed the sentence structure based on review",
            "insertions": 8,
            "deletions": 9
          },
          {
            "hash": "5fae69fcfcc7b8b51e7715c5f65cfe3884b2dd33",
            "messageTitle": "fix setbudget diagram",
            "messageBody": "fix set budget diagram",
            "insertions": 2,
            "deletions": 4
          },
          {
            "hash": "50d82a6812220c3db0b84bd2e9f6b1d3ac8ba8a8",
            "messageTitle": "remove trialing white space",
            "messageBody": "remove trailing white space line 569",
            "insertions": 2,
            "deletions": 2
          }
        ]
      }
    ]
  },
  "authorFinalContributionMap": {
    "minpyaemoe": 1572,
    "jonathantjendana": 1098,
    "Nanosync": 3535,
    "choongyx": 2061,
    "austinsantoso": 1477
  },
  "authorFileTypeContributionMap": {
    "minpyaemoe": {
      "docs": 272,
      "tests": 546,
      "functional": 553,
      "other": 201
    },
    "jonathantjendana": {
      "docs": 157,
      "tests": 436,
      "functional": 394,
      "other": 111
    },
    "Nanosync": {
      "docs": 321,
      "tests": 1388,
      "functional": 1460,
      "other": 366
    },
    "choongyx": {
      "docs": 408,
      "tests": 591,
      "functional": 919,
      "other": 143
    },
    "austinsantoso": {
      "docs": 109,
      "tests": 561,
      "functional": 719,
      "other": 88
    }
  },
  "authorContributionVariance": {
    "minpyaemoe": 311830.12,
    "jonathantjendana": 26262.588,
    "Nanosync": 191719.86,
    "choongyx": 50547.62,
    "austinsantoso": 120919.26
  },
  "authorDisplayNameMap": {
    "minpyaemoe": "MIN P ... E MOE",
    "jonathantjendana": "JONAT ... NDANA",
    "Nanosync": "BENED ... G JUN",
    "choongyx": "CHOON ... G XIN",
    "austinsantoso": "AUSTI ... NTOSO"
  }
}
