{
  "authorDailyContributionsMap": {
    "hua-lun": [
      {
        "insertions": 28,
        "deletions": 28,
        "date": "2019-09-26",
        "commitResults": [
          {
            "hash": "2963cefd649dc041ed9406592cced44d8913264e",
            "messageTitle": "Update About Us page",
            "messageBody": "",
            "insertions": 28,
            "deletions": 28
          }
        ]
      },
      {
        "insertions": 11,
        "deletions": 11,
        "date": "2019-09-30",
        "commitResults": [
          {
            "hash": "822e97f5b4690b9036a9f5c3fec13e8c03962cab",
            "messageTitle": "Add profile pic",
            "messageBody": "",
            "insertions": 11,
            "deletions": 11
          }
        ]
      },
      {
        "insertions": 6,
        "deletions": 14,
        "date": "2019-10-15",
        "commitResults": [
          {
            "hash": "90823856de4b4a1302f788ce0996423776ad5bd9",
            "messageTitle": "Update UserGuide.adoc",
            "messageBody": "",
            "insertions": 5,
            "deletions": 9
          },
          {
            "hash": "a57f32b7682c780dffeeda7e3357d2115981921f",
            "messageTitle": "Update UserGuide.adoc",
            "messageBody": "",
            "insertions": 1,
            "deletions": 5
          }
        ]
      },
      {
        "insertions": 46,
        "deletions": 18,
        "date": "2019-10-16",
        "commitResults": [
          {
            "hash": "76918611ef9ac3afe2cc0ec6b431f74513bb7d58",
            "messageTitle": "Update with statistics command",
            "messageBody": "",
            "insertions": 46,
            "deletions": 18
          }
        ]
      },
      {
        "insertions": 995,
        "deletions": 0,
        "date": "2019-10-19",
        "commitResults": [
          {
            "hash": "81153dd0c34f9cd0580d942f05e26d9d9a21e913",
            "messageTitle": "Add Dashboard Window",
            "messageBody": "",
            "insertions": 422,
            "deletions": 0
          },
          {
            "hash": "0d3e5e4f07bd52520b8b988192a2deabd3c62943",
            "messageTitle": "Add Dashboard todos exception",
            "messageBody": "",
            "insertions": 173,
            "deletions": 0
          },
          {
            "hash": "55cfe2b1919ee7e3758d7d731912ef6e14edccf6",
            "messageTitle": "Add components needed for dashboard",
            "messageBody": "",
            "insertions": 262,
            "deletions": 0
          },
          {
            "hash": "fa1287ab367c818b40d158e29898b528a9948f47",
            "messageTitle": "Add dashboard records",
            "messageBody": "",
            "insertions": 138,
            "deletions": 0
          }
        ]
      },
      {
        "insertions": 975,
        "deletions": 346,
        "date": "2019-10-20",
        "commitResults": [
          {
            "hash": "5b056ff00f9d3d86a3adada06f859110e777636d",
            "messageTitle": "Add dashboard components",
            "messageBody": "",
            "insertions": 198,
            "deletions": 199
          },
          {
            "hash": "99d47460efdcd18df79d7b7e9fb65c011a1f890d",
            "messageTitle": "Add fxml files for dashboard",
            "messageBody": "",
            "insertions": 50,
            "deletions": 37
          },
          {
            "hash": "062549cddb672ed68e7dc2e3604088815b109c91",
            "messageTitle": "Update Ui files to support dashboard Ui",
            "messageBody": "",
            "insertions": 17,
            "deletions": 9
          },
          {
            "hash": "4428a9f30ed3be6a2bb0f28c701111af58d7da1a",
            "messageTitle": "Add Ui files for dashboard",
            "messageBody": "",
            "insertions": 23,
            "deletions": 25
          },
          {
            "hash": "5a24a504173e967bfa4aaea1ded642e8d41e715c",
            "messageTitle": "Add storage files for dashboard",
            "messageBody": "",
            "insertions": 254,
            "deletions": 0
          },
          {
            "hash": "c40a4b94af4e43649b7b688e45080e29d6c4bcaf",
            "messageTitle": "Update storage files to support dashboard",
            "messageBody": "",
            "insertions": 48,
            "deletions": 2
          },
          {
            "hash": "0c5d198e4f012598fc7588110b67e34a523b6d12",
            "messageTitle": "Update logic files to support dashboard",
            "messageBody": "",
            "insertions": 35,
            "deletions": 0
          },
          {
            "hash": "bfc31344a609b57309971bc184eea6c01ca14c57",
            "messageTitle": "Add sample data util file for dashboard",
            "messageBody": "",
            "insertions": 34,
            "deletions": 0
          },
          {
            "hash": "4e5d187168af38e8c233127f7018f168a9de257b",
            "messageTitle": "Update model and MainApp.java files to support dashboard",
            "messageBody": "",
            "insertions": 255,
            "deletions": 13
          },
          {
            "hash": "33cc364e79aa68b93be68385bad3f6dc485800ed",
            "messageTitle": "Edit files to pass checkstyle tests",
            "messageBody": "",
            "insertions": 61,
            "deletions": 61
          }
        ]
      },
      {
        "insertions": 775,
        "deletions": 73,
        "date": "2019-10-21",
        "commitResults": [
          {
            "hash": "84aeb596771b40c1833cf47aa526eb1adac342fb",
            "messageTitle": "Add view command interface",
            "messageBody": "",
            "insertions": 4,
            "deletions": 0
          },
          {
            "hash": "be28cffe10710c1e88b4ffdb4d3e12f9d0a82fb0",
            "messageTitle": "Update dashboard to support date inputs",
            "messageBody": "",
            "insertions": 83,
            "deletions": 6
          },
          {
            "hash": "0b266aa3545e3a1edf84d8eb2f1e32dac40bde98",
            "messageTitle": "Modify inputs in sample file for dashboard",
            "messageBody": "",
            "insertions": 7,
            "deletions": 6
          },
          {
            "hash": "63d08250116a4d4fb9a05117193a36032d0a345d",
            "messageTitle": "Add JsonAdaptedTaskDate, modify related files",
            "messageBody": "",
            "insertions": 57,
            "deletions": 15
          },
          {
            "hash": "24a8cf60b8b25c5603826b7a6bd9aaeac5021049",
            "messageTitle": "Add dashboard prefix - taskname and taskdate",
            "messageBody": "",
            "insertions": 4,
            "deletions": 0
          },
          {
            "hash": "3822193c23479b0969b3b2bac0043e986caed282",
            "messageTitle": "Add AddTaskCommand for dashboard",
            "messageBody": "",
            "insertions": 53,
            "deletions": 0
          },
          {
            "hash": "b0b5208128c4f226c4d0018e943a34410f3d1350",
            "messageTitle": "Add invalid task message in file",
            "messageBody": "",
            "insertions": 2,
            "deletions": 0
          },
          {
            "hash": "9d54091ca872fd7169595d5d1133c29adb43854a",
            "messageTitle": "Add DeleteTaskCommand for dashboard",
            "messageBody": "",
            "insertions": 51,
            "deletions": 0
          },
          {
            "hash": "c2f6ef8cbcdac67834d606776b3f2594f8193e33",
            "messageTitle": "Add EditTaskCommand for dashboard",
            "messageBody": "",
            "insertions": 179,
            "deletions": 4
          },
          {
            "hash": "b5f1abf740080cd713519648db6969d5169b2079",
            "messageTitle": "Add task listed message",
            "messageBody": "",
            "insertions": 32,
            "deletions": 0
          },
          {
            "hash": "ac617127694351186fc11a565353f123a0a13e6c",
            "messageTitle": "Add FindTaskCommand for dashboard",
            "messageBody": "",
            "insertions": 43,
            "deletions": 0
          },
          {
            "hash": "357e480a1d9ed19565b21c02f38bd63949bbd12d",
            "messageTitle": "Remove unused imports",
            "messageBody": "",
            "insertions": 0,
            "deletions": 11
          },
          {
            "hash": "a307e3e2027d0946d3dabe18de782e516f7d1637",
            "messageTitle": "Add command parsers for dashboard",
            "messageBody": "",
            "insertions": 176,
            "deletions": 0
          },
          {
            "hash": "509f0ff581fcc316c548b6b06508558503b20360",
            "messageTitle": "Update files for dashboard",
            "messageBody": "",
            "insertions": 52,
            "deletions": 0
          },
          {
            "hash": "88f67c83056e16fb0a273a075e75fcc9c8b2c195",
            "messageTitle": "Fix formatting",
            "messageBody": "",
            "insertions": 28,
            "deletions": 28
          },
          {
            "hash": "a0e680a60b3bf56488118cab222b853fea03eff1",
            "messageTitle": "Update javadoc for dashboard",
            "messageBody": "",
            "insertions": 4,
            "deletions": 3
          }
        ]
      },
      {
        "insertions": 342,
        "deletions": 217,
        "date": "2019-10-22",
        "commitResults": [
          {
            "hash": "8f7d509a5e4086eff40c2f3a17003708f4d66e77",
            "messageTitle": "Update UserGuide.adoc",
            "messageBody": "Added new command words for dashboard.",
            "insertions": 36,
            "deletions": 0
          },
          {
            "hash": "86c141253c6d98598c427276a784faf6d88487a6",
            "messageTitle": "Update fxml files",
            "messageBody": "",
            "insertions": 46,
            "deletions": 28
          },
          {
            "hash": "c8254ca08c18bb69baf6b2bf51d31926fdc8c17b",
            "messageTitle": "Modify command words for dashboard",
            "messageBody": "",
            "insertions": 4,
            "deletions": 4
          },
          {
            "hash": "1d7a207ba8b4db4b1ca4158a063ad5f98a3dc526",
            "messageTitle": "Modify files for dashboard ui",
            "messageBody": "",
            "insertions": 16,
            "deletions": 12
          },
          {
            "hash": "ad621d2d0434655e21e19ead738f402a1426122f",
            "messageTitle": "Update command files for dashboard",
            "messageBody": "",
            "insertions": 24,
            "deletions": 16
          },
          {
            "hash": "38be5c2899fa1c57574881bd3d949fd510423b9d",
            "messageTitle": "Fix issue dashboard.json cannot be read",
            "messageBody": "",
            "insertions": 20,
            "deletions": 11
          },
          {
            "hash": "8f5241670a6bdb7a4c982aa92b116d687ce6df77",
            "messageTitle": "Fix checkstyle errors in main",
            "messageBody": "",
            "insertions": 48,
            "deletions": 58
          },
          {
            "hash": "698db6e13cd8eee562d8d83f73ec82615018144f",
            "messageTitle": "Fix checkstyle in test",
            "messageBody": "",
            "insertions": 6,
            "deletions": 5
          },
          {
            "hash": "a55c9622f19f9fb5d2f03b42b508b3a82dd85585",
            "messageTitle": "Add list command for dashboard",
            "messageBody": "",
            "insertions": 30,
            "deletions": 0
          },
          {
            "hash": "2bad08d1a2a378539f639e4c9e54da0cab0e1b06",
            "messageTitle": "Update dashboard function to support sort by date",
            "messageBody": "",
            "insertions": 31,
            "deletions": 3
          },
          {
            "hash": "2330d7e4c3b12aa17d23800684bfcdc932f62f75",
            "messageTitle": "Update DG for dashboard",
            "messageBody": "",
            "insertions": 81,
            "deletions": 80
          }
        ]
      },
      {
        "insertions": 31,
        "deletions": 18,
        "date": "2019-10-23",
        "commitResults": [
          {
            "hash": "dc9965fd618735bce01dc969d3faa6323a7addf6",
            "messageTitle": "Add sequence diagram to show `add task` in dashboard",
            "messageBody": "",
            "insertions": 31,
            "deletions": 18
          }
        ]
      },
      {
        "insertions": 423,
        "deletions": 79,
        "date": "2019-10-25",
        "commitResults": [
          {
            "hash": "c46dfa00fb85236f228d794061dc89d8636d686f",
            "messageTitle": "Add message for already completed task",
            "messageBody": "",
            "insertions": 1,
            "deletions": 0
          },
          {
            "hash": "2a6cc3f61f740edfd6fe02692a22e80b4f10fdeb",
            "messageTitle": "Add done task feature for dashboard",
            "messageBody": "",
            "insertions": 137,
            "deletions": 0
          },
          {
            "hash": "6866678d2d5e4d453b645f89d9ece39219a78bda",
            "messageTitle": "Update related files for done task feature",
            "messageBody": "",
            "insertions": 125,
            "deletions": 51
          },
          {
            "hash": "87ceb64ad1af99f43424df6b502e99c2ef941282",
            "messageTitle": "Fix checkstyle issues",
            "messageBody": "",
            "insertions": 21,
            "deletions": 23
          },
          {
            "hash": "5b35e10b1c2559784105b5fb186dfe7d036d7ac7",
            "messageTitle": "Add list done / not done command feature",
            "messageBody": "",
            "insertions": 90,
            "deletions": 0
          },
          {
            "hash": "059f75926d3d6d3022613131c8efe2dbda207fb6",
            "messageTitle": "Add new message whenever 5 new tasks are complete",
            "messageBody": "",
            "insertions": 46,
            "deletions": 2
          },
          {
            "hash": "5223751178cbdc55e5c8342f1af0bb4f94e3559b",
            "messageTitle": "Remove trace of ab3",
            "messageBody": "",
            "insertions": 1,
            "deletions": 1
          },
          {
            "hash": "5f4d4eb3c143a00f104a699d94f91695bebc54c5",
            "messageTitle": "Fix checkstyle issue",
            "messageBody": "",
            "insertions": 1,
            "deletions": 1
          },
          {
            "hash": "bc98e9bb6901e935a7cf3052380b1351ca89dcf5",
            "messageTitle": "Change tempWindow to dashboardWindow",
            "messageBody": "",
            "insertions": 1,
            "deletions": 1
          }
        ]
      },
      {
        "insertions": 1093,
        "deletions": 53,
        "date": "2019-10-26",
        "commitResults": [
          {
            "hash": "4ef2f7afdd7da1e7e40a0d4cc6b8280a6cb09ce5",
            "messageTitle": "Modify DeleteTaskCommand; completed task cannot be deleted",
            "messageBody": "",
            "insertions": 6,
            "deletions": 0
          },
          {
            "hash": "2cf3a3b91e41e66b26bab3407151b0fd83a0cb2e",
            "messageTitle": "Add personal profile page",
            "messageBody": "",
            "insertions": 85,
            "deletions": 0
          },
          {
            "hash": "e52ed06ca83f3af868faa2bc531fb1bf89332078",
            "messageTitle": "Update portfolio link",
            "messageBody": "",
            "insertions": 1,
            "deletions": 1
          },
          {
            "hash": "2c14533575249f4fede78b6a30a1439e4fb54133",
            "messageTitle": "Remove irrelevant text for dashboard",
            "messageBody": "",
            "insertions": 1,
            "deletions": 1
          },
          {
            "hash": "727d26b2140e27e058103c1940a40e7e7ec8b568",
            "messageTitle": "Add function to search for complete and incomplete task",
            "messageBody": "",
            "insertions": 35,
            "deletions": 3
          },
          {
            "hash": "08b1ce73fb45a0fd7ae39dd1a9a4af68438f91f1",
            "messageTitle": "Add test files for dashboard",
            "messageBody": "",
            "insertions": 943,
            "deletions": 0
          },
          {
            "hash": "ea68f84a4b0aad42dd05991c9bd8c8540d7c54df",
            "messageTitle": "Fix checkstyle test errors",
            "messageBody": "",
            "insertions": 19,
            "deletions": 45
          },
          {
            "hash": "10f517df6ab8dcfeb65cd740d1a77fb413c50228",
            "messageTitle": "Fix checkstyle main errors",
            "messageBody": "",
            "insertions": 3,
            "deletions": 3
          }
        ]
      },
      {
        "insertions": 28,
        "deletions": 21,
        "date": "2019-10-27",
        "commitResults": [
          {
            "hash": "6c44f455be5a6da4505d0d1a6e7b58559901b3b9",
            "messageTitle": "Add Asciidoctor gradle plugin",
            "messageBody": "",
            "insertions": 6,
            "deletions": 0
          },
          {
            "hash": "82c501e33fc94f4d1e9f6a07413c972f3c715ab8",
            "messageTitle": "Fix checkstyle ascii errors",
            "messageBody": "",
            "insertions": 19,
            "deletions": 18
          },
          {
            "hash": "d23cf09f97d7dd5d9f14d502fad3bbef59970003",
            "messageTitle": "Fix checkstyle errors",
            "messageBody": "",
            "insertions": 3,
            "deletions": 3
          }
        ]
      },
      {
        "insertions": 1,
        "deletions": 1,
        "date": "2019-10-28",
        "commitResults": [
          {
            "hash": "fe2e6057e981ae1bf3e8c0aa1e92e0675147065b",
            "messageTitle": "Fix formatting",
            "messageBody": "",
            "insertions": 1,
            "deletions": 1
          }
        ]
      },
      {
        "insertions": 353,
        "deletions": 33,
        "date": "2019-10-29",
        "commitResults": [
          {
            "hash": "a47824769afac0e2be2b61fd2548e87cc0cc4d88",
            "messageTitle": "Add rewards for completed tasks",
            "messageBody": "",
            "insertions": 45,
            "deletions": 0
          },
          {
            "hash": "1b555289f605c56e937aa7fba6f35920da737acb",
            "messageTitle": "Update dashboard ui",
            "messageBody": "",
            "insertions": 45,
            "deletions": 14
          },
          {
            "hash": "f7fac7329c5e619589002ca75e23ca54730bf68e",
            "messageTitle": "Update files for dashboard ui",
            "messageBody": "",
            "insertions": 73,
            "deletions": 7
          },
          {
            "hash": "776dc48b77c6e11e607dd7abe59172dc78c7b262",
            "messageTitle": "Add more test cases for dashboard",
            "messageBody": "",
            "insertions": 180,
            "deletions": 0
          },
          {
            "hash": "a11c69ce8c1424a134b7b09dad4f45cff0d7a60c",
            "messageTitle": "Fix checkstyle test errors",
            "messageBody": "",
            "insertions": 10,
            "deletions": 12
          }
        ]
      },
      {
        "insertions": 280,
        "deletions": 74,
        "date": "2019-10-30",
        "commitResults": [
          {
            "hash": "f6b1b4b8b6a5a03c72560da5398089070da04464",
            "messageTitle": "Write intro and user guide for PPP",
            "messageBody": "",
            "insertions": 110,
            "deletions": 34
          },
          {
            "hash": "6376b40dc3119d08f74d9434b2aded6edaed04e6",
            "messageTitle": "Update user guide - dashboard commands",
            "messageBody": "",
            "insertions": 60,
            "deletions": 38
          },
          {
            "hash": "35e3fb464d949be23080da7cf8126fa4e7b4107e",
            "messageTitle": "Add dashboard app screenshots for user guide",
            "messageBody": "",
            "insertions": 32,
            "deletions": 0
          },
          {
            "hash": "a5d791d68720610b928f4828f8cf75829c1743b5",
            "messageTitle": "Update Ui image",
            "messageBody": "",
            "insertions": 3,
            "deletions": 1
          },
          {
            "hash": "355290847a257fe6fd898d1bed662fe143be8114",
            "messageTitle": "Add dashboard class diagram",
            "messageBody": "",
            "insertions": 46,
            "deletions": 0
          },
          {
            "hash": "4b38f52802c33058f70dc2ac67a4b352dab44a20",
            "messageTitle": "Add dashboard command",
            "messageBody": "",
            "insertions": 29,
            "deletions": 1
          }
        ]
      },
      {
        "insertions": 513,
        "deletions": 289,
        "date": "2019-10-31",
        "commitResults": [
          {
            "hash": "7970a4656f281d35c4bbba8210897adfe8f750e7",
            "messageTitle": "Add dashboard command",
            "messageBody": "",
            "insertions": 15,
            "deletions": 3
          },
          {
            "hash": "cfff24cc1bc6e8524bcb184b594e7a685e7284cd",
            "messageTitle": "Remove stats package",
            "messageBody": "",
            "insertions": 0,
            "deletions": 24
          },
          {
            "hash": "9a493e17154d085fc2bdf0f0acbf95889258edb0",
            "messageTitle": "Update list command which directs user to dashboard",
            "messageBody": "",
            "insertions": 19,
            "deletions": 45
          },
          {
            "hash": "f27ba8b04ff92871c18b58f262c21154f54183c6",
            "messageTitle": "New TaskStatus: Recently Completed to keep track of no. of tasks",
            "messageBody": "",
            "insertions": 52,
            "deletions": 70
          },
          {
            "hash": "16e697530afba0313f586e8e0e84051a96b12e09",
            "messageTitle": "Add popup window when user completes 5 tasks",
            "messageBody": "",
            "insertions": 120,
            "deletions": 44
          },
          {
            "hash": "12cb6723d72199b6bf81841660dfd415db13c5f2",
            "messageTitle": "Fix checkstyle errors",
            "messageBody": "",
            "insertions": 7,
            "deletions": 4
          },
          {
            "hash": "40cdef074982bcf33470e65548a6bc193bcd2ef5",
            "messageTitle": "Fix test cases",
            "messageBody": "",
            "insertions": 34,
            "deletions": 8
          },
          {
            "hash": "3126cbde3141ede551a0a6356068c5ee1daf20b9",
            "messageTitle": "update pics",
            "messageBody": "",
            "insertions": 12,
            "deletions": 17
          },
          {
            "hash": "a3b7800d2cc7d219fb7e0d9edb8e004c1609349f",
            "messageTitle": "Update ppp",
            "messageBody": "",
            "insertions": 172,
            "deletions": 31
          },
          {
            "hash": "2c2a04bf841d588504ae2abfc86fa0da26ce7261",
            "messageTitle": "Update user and developer guide - dashboard",
            "messageBody": "",
            "insertions": 61,
            "deletions": 36
          },
          {
            "hash": "0310d97660304778e21272b0370f770ffc110674",
            "messageTitle": "Remove unused imports",
            "messageBody": "",
            "insertions": 0,
            "deletions": 1
          },
          {
            "hash": "f55faa1471cf0e0da8b101757bc996084a7aeda4",
            "messageTitle": "Fix Ui.png file name",
            "messageBody": "",
            "insertions": 1,
            "deletions": 1
          },
          {
            "hash": "55826cfc4378e1fd2d7503128686e66071d90de5",
            "messageTitle": "Fix done command errors of not updating properly",
            "messageBody": "",
            "insertions": 19,
            "deletions": 4
          },
          {
            "hash": "27ca0b14c7c24d98718983ba2a5f2fe5f1c87717",
            "messageTitle": "Fix done command errors of not updating properly",
            "messageBody": "",
            "insertions": 1,
            "deletions": 1
          }
        ]
      },
      {
        "insertions": 1,
        "deletions": 9,
        "date": "2019-11-01",
        "commitResults": [
          {
            "hash": "50e688eec9da19c81fd131dc52174bd159f11a6d",
            "messageTitle": "Update figure numbers",
            "messageBody": "",
            "insertions": 0,
            "deletions": 4
          },
          {
            "hash": "23e3b147f7d35b5f0c68f1c698f6e1737e6e6c14",
            "messageTitle": "Update userguide",
            "messageBody": "",
            "insertions": 1,
            "deletions": 5
          }
        ]
      },
      {
        "insertions": 245,
        "deletions": 75,
        "date": "2019-11-02",
        "commitResults": [
          {
            "hash": "fbc5fe6e286e9a75aeea046f01ff57d192344823",
            "messageTitle": "Update invalid date exception",
            "messageBody": "",
            "insertions": 25,
            "deletions": 17
          },
          {
            "hash": "ed815f4fb7d9760b082fa8e676410bf3f75ee46b",
            "messageTitle": "Update add task function to allow same name but different date",
            "messageBody": "",
            "insertions": 7,
            "deletions": 9
          },
          {
            "hash": "6b6b31ae1725b3541edf9ef3f819acff0eeecbd2",
            "messageTitle": "Add done command test cases",
            "messageBody": "",
            "insertions": 145,
            "deletions": 0
          },
          {
            "hash": "3b6483921574125baff30fbba1d409b69a3baad6",
            "messageTitle": "Fix checkstyle errors",
            "messageBody": "",
            "insertions": 3,
            "deletions": 5
          },
          {
            "hash": "a7316f3d655be9adc25784c81fc38376d39153c5",
            "messageTitle": "Update ppp",
            "messageBody": "",
            "insertions": 4,
            "deletions": 4
          },
          {
            "hash": "d9bfe4053dad871ba61ddf74983ff83598ed0849",
            "messageTitle": "Fix issue #112",
            "messageBody": "",
            "insertions": 22,
            "deletions": 33
          },
          {
            "hash": "45a175fffecba50004ef8a7d512bf47b45e5cdf3",
            "messageTitle": "Fix checkstyle issues",
            "messageBody": "",
            "insertions": 3,
            "deletions": 3
          },
          {
            "hash": "20368ba60b7a2f8d3a93f0a0e8d4cf8aa56ed740",
            "messageTitle": "Update 5 tasks recently completed to completed",
            "messageBody": "",
            "insertions": 2,
            "deletions": 1
          },
          {
            "hash": "66a23a22410588629d3a769e05c24b2eb26d80a1",
            "messageTitle": "Add test cases for TaskDate",
            "messageBody": "",
            "insertions": 33,
            "deletions": 1
          },
          {
            "hash": "cc6d3d332e1d0e2f671c2888a72ed0658663d7be",
            "messageTitle": "Fix checkstyle errors",
            "messageBody": "",
            "insertions": 1,
            "deletions": 2
          }
        ]
      }
    ],
    "bigjunnn": [
      {
        "insertions": 18,
        "deletions": 26,
        "date": "2019-09-26",
        "commitResults": [
          {
            "hash": "8d98b221a06e261fd524ea0e70439f33d96c2af9",
            "messageTitle": "Edit README file",
            "messageBody": "",
            "insertions": 9,
            "deletions": 17
          },
          {
            "hash": "3e813d27b51003e2f10e986264c87a9b07b92eff",
            "messageTitle": "Fix broken links for Ui.png",
            "messageBody": "",
            "insertions": 7,
            "deletions": 6
          },
          {
            "hash": "a266b227d1bf98a0d069144aea407d6dfe34c5b9",
            "messageTitle": "Update Travis status icon in README",
            "messageBody": "",
            "insertions": 2,
            "deletions": 3
          }
        ]
      },
      {
        "insertions": 1,
        "deletions": 1,
        "date": "2019-09-27",
        "commitResults": [
          {
            "hash": "3beea0b965d627b48e93cf2c12a680b26d046351",
            "messageTitle": "Update email link in ContactUs",
            "messageBody": "",
            "insertions": 1,
            "deletions": 1
          }
        ]
      },
      {
        "insertions": 3,
        "deletions": 0,
        "date": "2019-10-09",
        "commitResults": [
          {
            "hash": "39d82765049c9ab67291a797f8c9223ff1bdcffa",
            "messageTitle": "Set up AppVeyor badge",
            "messageBody": "",
            "insertions": 2,
            "deletions": 0
          },
          {
            "hash": "3974f9f5ef9fa639dfd7da66ea90bb7f888ef3c7",
            "messageTitle": "Set up Coveralls badge",
            "messageBody": "",
            "insertions": 1,
            "deletions": 0
          }
        ]
      },
      {
        "insertions": 179,
        "deletions": 1150,
        "date": "2019-10-10",
        "commitResults": [
          {
            "hash": "4968df692b2822b55fabac4e9149c633c61961e8",
            "messageTitle": "Remove Address field",
            "messageBody": "",
            "insertions": 65,
            "deletions": 337
          },
          {
            "hash": "0bdf0c349ed532264cb77a4e1fe4031d2f5deb6e",
            "messageTitle": "Remove Phone field",
            "messageBody": "",
            "insertions": 64,
            "deletions": 384
          },
          {
            "hash": "a10fdaf7c4ff6afa8102fe83ef09d778b0a29e20",
            "messageTitle": "Remove Email field",
            "messageBody": "",
            "insertions": 50,
            "deletions": 429
          }
        ]
      },
      {
        "insertions": 0,
        "deletions": 260,
        "date": "2019-10-11",
        "commitResults": [
          {
            "hash": "526cb267505258561fc12e7203daad06c0ac1db2",
            "messageTitle": "Remove ExitCommand",
            "messageBody": "",
            "insertions": 0,
            "deletions": 50
          },
          {
            "hash": "4f0fb435e7e6df51f4caad5e8498eb1fe6950111",
            "messageTitle": "Remove FindCommand",
            "messageBody": "",
            "insertions": 0,
            "deletions": 210
          }
        ]
      },
      {
        "insertions": 1255,
        "deletions": 2010,
        "date": "2019-10-12",
        "commitResults": [
          {
            "hash": "3ddd25343031d22b9b868f9630eed3c2353eb5f7",
            "messageTitle": "Remove ListCommand",
            "messageBody": "",
            "insertions": 0,
            "deletions": 81
          },
          {
            "hash": "f0afdc02fb639ec6ccc8bd3beac3d664b6b9ce32",
            "messageTitle": "Remove ClearCommand",
            "messageBody": "",
            "insertions": 0,
            "deletions": 69
          },
          {
            "hash": "34aa8e195f721c07b9c2ea0708e979d857671d08",
            "messageTitle": "Remove Tag Field",
            "messageBody": "",
            "insertions": 38,
            "deletions": 552
          },
          {
            "hash": "7599b088563744ec566ff6a3e91d49985ddd140d",
            "messageTitle": "Remove placeholder fields in PersonList.fxml",
            "messageBody": "",
            "insertions": 0,
            "deletions": 4
          },
          {
            "hash": "83fefefe7d1c8681c4591140a72e5e6a4554ac8c",
            "messageTitle": "Refactor Person to Diary",
            "messageBody": "",
            "insertions": 493,
            "deletions": 493
          },
          {
            "hash": "ae17668b303301ca73fe72f071a7acbc067dadc6",
            "messageTitle": "Rename person-related methods to diary",
            "messageBody": "",
            "insertions": 309,
            "deletions": 322
          },
          {
            "hash": "f1ad2e7d563abb99a167b950c56ae695e612ea31",
            "messageTitle": "Rename person-related test methods to diary",
            "messageBody": "",
            "insertions": 241,
            "deletions": 259
          },
          {
            "hash": "40fdf1538e6c78cdb0631c4189cdd3f8304d2824",
            "messageTitle": "Rename AddCommand to AddDiaryCommand",
            "messageBody": "",
            "insertions": 42,
            "deletions": 41
          },
          {
            "hash": "1a26ce0d4328ee7e52cc900d0e745b99c68ba02a",
            "messageTitle": "Rename DeleteCommand to DeleteDiaryCommand",
            "messageBody": "",
            "insertions": 40,
            "deletions": 39
          },
          {
            "hash": "0fadc53cf57f13b2dfbee67162ec99994bd9d284",
            "messageTitle": "Modify AddCommand to AddDiaryCommand",
            "messageBody": "",
            "insertions": 15,
            "deletions": 57
          },
          {
            "hash": "c92482ad316518bddcac672ce10c5b6bc5bc2224",
            "messageTitle": "Modify EditCommand to EditDiaryCommand",
            "messageBody": "",
            "insertions": 77,
            "deletions": 93
          }
        ]
      },
      {
        "insertions": 467,
        "deletions": 24,
        "date": "2019-10-13",
        "commitResults": [
          {
            "hash": "ccbf47d26540ca487b16af761080202ad8592bca",
            "messageTitle": "Update commandWord in DeleteDiaryCommand and EditDiaryCommand",
            "messageBody": "",
            "insertions": 3,
            "deletions": 3
          },
          {
            "hash": "359098c04903f34986ac469eec0daa356b3d0ccd",
            "messageTitle": "Implement AddPageCommand and AddPageCommandParser",
            "messageBody": "",
            "insertions": 348,
            "deletions": 18
          },
          {
            "hash": "d57627c83bf136b3d0a42ecb3468a5688db869e4",
            "messageTitle": "Implement DeletePageCommand",
            "messageBody": "",
            "insertions": 116,
            "deletions": 3
          }
        ]
      },
      {
        "insertions": 825,
        "deletions": 459,
        "date": "2019-10-15",
        "commitResults": [
          {
            "hash": "a23e937f307fde496cc81e811b108d8cc863e336",
            "messageTitle": "Update command methods to use Prefixes",
            "messageBody": "",
            "insertions": 825,
            "deletions": 459
          }
        ]
      },
      {
        "insertions": 1478,
        "deletions": 1602,
        "date": "2019-10-16",
        "commitResults": [
          {
            "hash": "b0a078bf2076e51662e492ba43ff8ea2ee5a7e91",
            "messageTitle": "Fix checkstyle errors for test files",
            "messageBody": "",
            "insertions": 1169,
            "deletions": 1402
          },
          {
            "hash": "65ff898f0321ad9556fd356e0cb717305a721e57",
            "messageTitle": "Rename common files to Diary-related names",
            "messageBody": "- Fix broken test cases\n",
            "insertions": 15,
            "deletions": 30
          },
          {
            "hash": "73b0b33b5466bcea403fc1cc69b6b1db10179111",
            "messageTitle": "Link DiaryWindow to MainWindow",
            "messageBody": "",
            "insertions": 215,
            "deletions": 36
          },
          {
            "hash": "33efbc01689971129fa6a25088822265c6c9bd49",
            "messageTitle": "Fix checkstyle errors",
            "messageBody": "",
            "insertions": 75,
            "deletions": 132
          },
          {
            "hash": "53afb2c4e91441555df6e9d6dad3b4df4b587436",
            "messageTitle": "Fix checkstyle EOF errors",
            "messageBody": "",
            "insertions": 4,
            "deletions": 2
          }
        ]
      },
      {
        "insertions": 34,
        "deletions": 15,
        "date": "2019-10-20",
        "commitResults": [
          {
            "hash": "b4cf62e6d9745f95c9351f0158d915598c25a9aa",
            "messageTitle": "Fix Diary test failures",
            "messageBody": "",
            "insertions": 34,
            "deletions": 15
          }
        ]
      },
      {
        "insertions": 127,
        "deletions": 160,
        "date": "2019-10-22",
        "commitResults": [
          {
            "hash": "b6015bd1fd9fc410d957c54df4c29c3e5b79f60c",
            "messageTitle": "Update DG diagrams",
            "messageBody": "",
            "insertions": 84,
            "deletions": 72
          },
          {
            "hash": "4252e71f70f81937be5b7f198fa9912c7cf4e09a",
            "messageTitle": "Update DG Draft 1",
            "messageBody": "",
            "insertions": 26,
            "deletions": 4
          },
          {
            "hash": "6c1ba6b9fb7f26a52223d184c592fcc55c90d065",
            "messageTitle": "Update DG Draft 1.1",
            "messageBody": "",
            "insertions": 15,
            "deletions": 82
          },
          {
            "hash": "8e12e54e72901b248458d3190ac4d442699ca56d",
            "messageTitle": "Update DeveloperGuide.adoc",
            "messageBody": "",
            "insertions": 1,
            "deletions": 1
          },
          {
            "hash": "04687526be5e5f037272600e301211dcf218eafe",
            "messageTitle": "Update DeveloperGuide.adoc",
            "messageBody": "",
            "insertions": 1,
            "deletions": 1
          }
        ]
      },
      {
        "insertions": 302,
        "deletions": 64,
        "date": "2019-10-23",
        "commitResults": [
          {
            "hash": "714371c1c52b1b53e5f3bcbed3467f0b4ee96280",
            "messageTitle": "Add DG Section on Command Implementation",
            "messageBody": "",
            "insertions": 54,
            "deletions": 0
          },
          {
            "hash": "b90c63dff23b040a51a621ae0549408dcc0acb07",
            "messageTitle": "Add DG Section on Diary Section",
            "messageBody": "",
            "insertions": 92,
            "deletions": 28
          },
          {
            "hash": "19816717f30af90951d8a36252e0ac43c7a87745",
            "messageTitle": "Fix DG formatting and add more UML diagrams",
            "messageBody": "",
            "insertions": 151,
            "deletions": 31
          },
          {
            "hash": "8909b8bd59b1f64d03a5cf7d728a92b7aa425570",
            "messageTitle": "Fix DG formatting issues",
            "messageBody": "",
            "insertions": 3,
            "deletions": 2
          },
          {
            "hash": "05fca21a6790f133a5e237ad42a2bce72c0f6a6b",
            "messageTitle": "Add whitespace between text and image",
            "messageBody": "",
            "insertions": 2,
            "deletions": 3
          }
        ]
      },
      {
        "insertions": 24,
        "deletions": 22,
        "date": "2019-10-25",
        "commitResults": [
          {
            "hash": "686c7f1ed1ba40398159a85893aae0c57109a0b0",
            "messageTitle": "Fix formatting issues for DG",
            "messageBody": "",
            "insertions": 17,
            "deletions": 14
          },
          {
            "hash": "a028b4251134a389f64f9fe3c17c7fc1e4769299",
            "messageTitle": "Remove header in documentation",
            "messageBody": "",
            "insertions": 1,
            "deletions": 2
          },
          {
            "hash": "abdf4320d7fc13259753d6c9bc63e5c3490e1c61",
            "messageTitle": "Fix DukeCooks logo",
            "messageBody": "",
            "insertions": 5,
            "deletions": 1
          },
          {
            "hash": "298bed06de4f36d89e20242b9de500577056ff38",
            "messageTitle": "Remove images in header",
            "messageBody": "",
            "insertions": 1,
            "deletions": 5
          }
        ]
      },
      {
        "insertions": 148,
        "deletions": 77,
        "date": "2019-10-27",
        "commitResults": [
          {
            "hash": "a6ac65bc7aff9215fa70c405973c334b823951b2",
            "messageTitle": "Edit User Guide",
            "messageBody": "",
            "insertions": 147,
            "deletions": 76
          },
          {
            "hash": "fc33f318078f8e682b0ebb8530cd2ad22b08ecc3",
            "messageTitle": "Fix EOF checkstyle",
            "messageBody": "",
            "insertions": 1,
            "deletions": 1
          }
        ]
      },
      {
        "insertions": 457,
        "deletions": 44,
        "date": "2019-10-28",
        "commitResults": [
          {
            "hash": "821fe90c9ac004790ea79a83cce529ae8b9aad6f",
            "messageTitle": "Add list diary command",
            "messageBody": "",
            "insertions": 29,
            "deletions": 0
          },
          {
            "hash": "541b2036c893b667b9061e1f1ec8c1653a9c387d",
            "messageTitle": "Add find diary command",
            "messageBody": "",
            "insertions": 85,
            "deletions": 1
          },
          {
            "hash": "89870fbde09b3a6f9d7581127834ef6d6de6a1d5",
            "messageTitle": "Fix diary commands messages",
            "messageBody": "",
            "insertions": 23,
            "deletions": 25
          },
          {
            "hash": "308db566b55db49a5f8f1e829974f849c476c020",
            "messageTitle": "Fix checkstyle errors",
            "messageBody": "",
            "insertions": 8,
            "deletions": 9
          },
          {
            "hash": "12724300dee361d659ac7f523d69b448b3c7c65d",
            "messageTitle": "Add PageInputView to diary UI",
            "messageBody": "",
            "insertions": 312,
            "deletions": 9
          }
        ]
      },
      {
        "insertions": 347,
        "deletions": 92,
        "date": "2019-10-29",
        "commitResults": [
          {
            "hash": "b27f747f25dee233d6826e9ececc9cbff404401c",
            "messageTitle": "Add PageFlowPane to diary UI",
            "messageBody": "",
            "insertions": 49,
            "deletions": 38
          },
          {
            "hash": "4c95f8e03340619e05bed4ca44492f57d399782c",
            "messageTitle": "Add page description to Page class",
            "messageBody": "",
            "insertions": 122,
            "deletions": 27
          },
          {
            "hash": "3b1443edb32b9dae037c8dbf0260083f7ee365f0",
            "messageTitle": "Fix checkstyle errors",
            "messageBody": "",
            "insertions": 8,
            "deletions": 10
          },
          {
            "hash": "a15d4e80b791e7065db2ef89058f801bb49bb234",
            "messageTitle": "Add support for adding images",
            "messageBody": "",
            "insertions": 138,
            "deletions": 7
          },
          {
            "hash": "344ca443dbf36b37383e0b4964598c05f46aa633",
            "messageTitle": "Fix rendering of images on diary UI",
            "messageBody": "",
            "insertions": 30,
            "deletions": 10
          }
        ]
      },
      {
        "insertions": 424,
        "deletions": 218,
        "date": "2019-10-30",
        "commitResults": [
          {
            "hash": "365efc4da5d2444bfc592553e9f819cd9a1e0025",
            "messageTitle": "Fix diary UI layout",
            "messageBody": "",
            "insertions": 129,
            "deletions": 117
          },
          {
            "hash": "5645693fb94171fb20414c41e4f807c79fa03c85",
            "messageTitle": "Fix checkstyle errors",
            "messageBody": "",
            "insertions": 1,
            "deletions": 1
          },
          {
            "hash": "a0b6cbd094aa5879c7b572b642c163c90a6784bb",
            "messageTitle": "Add view commands for diary",
            "messageBody": "",
            "insertions": 212,
            "deletions": 38
          },
          {
            "hash": "210e3814f06dd789354c1ef16a85d5c35da75bb9",
            "messageTitle": "Populate diary lists with real data",
            "messageBody": "",
            "insertions": 82,
            "deletions": 62
          }
        ]
      },
      {
        "insertions": 185,
        "deletions": 75,
        "date": "2019-11-01",
        "commitResults": [
          {
            "hash": "8a0c3d75415261e2f8f364366fd2ae9c23fceb38",
            "messageTitle": "Update UG and fix image upload",
            "messageBody": "",
            "insertions": 185,
            "deletions": 75
          }
        ]
      },
      {
        "insertions": 108,
        "deletions": 113,
        "date": "2019-11-02",
        "commitResults": [
          {
            "hash": "5756848aeaec4019f14cf99fda8f8f11c051ccce",
            "messageTitle": "Fix image upload for Mac Users",
            "messageBody": "",
            "insertions": 108,
            "deletions": 113
          }
        ]
      }
    ],
    "yyuanxin": [
      {
        "insertions": 679,
        "deletions": 259,
        "date": "2019-09-27",
        "commitResults": [
          {
            "hash": "d56b14f5e47f64787199b3bd88785df6b542973e",
            "messageTitle": "Update User Guide",
            "messageBody": "",
            "insertions": 451,
            "deletions": 89
          },
          {
            "hash": "15d5f4b9bade56f97a975fa053399b644ca520c1",
            "messageTitle": "Update User guide with Command Summary",
            "messageBody": "",
            "insertions": 105,
            "deletions": 47
          },
          {
            "hash": "5d16a5fda3e48d2275696285100a94e3a3e84d5a",
            "messageTitle": "Fix typo in User Guide",
            "messageBody": "",
            "insertions": 1,
            "deletions": 1
          },
          {
            "hash": "645d9dc54fb2c4ebbdd743648d511608665263d9",
            "messageTitle": "Remove whitespaces in User Guide",
            "messageBody": "",
            "insertions": 103,
            "deletions": 103
          },
          {
            "hash": "7a428fcc46779b12536e11a408822a081737cf5f",
            "messageTitle": "Remove all whitespaces in User Guide",
            "messageBody": "",
            "insertions": 19,
            "deletions": 19
          }
        ]
      },
      {
        "insertions": 0,
        "deletions": 285,
        "date": "2019-10-11",
        "commitResults": [
          {
            "hash": "271eea4b64f9b761d375facbbc9dd86e597e5588",
            "messageTitle": "Remove Clear and Find command classes",
            "messageBody": "",
            "insertions": 0,
            "deletions": 285
          }
        ]
      },
      {
        "insertions": 225,
        "deletions": 216,
        "date": "2019-10-12",
        "commitResults": [
          {
            "hash": "91e42bdeaa7d1b91c8fa16e928ba3509b61603b7",
            "messageTitle": "Refactor Tag to MedicalHistory",
            "messageBody": "",
            "insertions": 225,
            "deletions": 216
          }
        ]
      },
      {
        "insertions": 1718,
        "deletions": 1514,
        "date": "2019-10-14",
        "commitResults": [
          {
            "hash": "ec1ae8585d9abf293f657a4f856f3143594e6a03",
            "messageTitle": "Add User Profile Functionality",
            "messageBody": "",
            "insertions": 1718,
            "deletions": 1514
          }
        ]
      },
      {
        "insertions": 3055,
        "deletions": 673,
        "date": "2019-10-15",
        "commitResults": [
          {
            "hash": "f41f44e087d60d046bff8792e6965d1bb12c4716",
            "messageTitle": "Implement Health Records feature with AddHealth command",
            "messageBody": "",
            "insertions": 1509,
            "deletions": 176
          },
          {
            "hash": "a58ae192a42e0b7f05efb60723449e19587d5c08",
            "messageTitle": "Refactor naming of DukeCooks",
            "messageBody": "",
            "insertions": 397,
            "deletions": 402
          },
          {
            "hash": "619801f7c57b32df97450e32c42bed006d6c588a",
            "messageTitle": "Implement GUI changes",
            "messageBody": "",
            "insertions": 1133,
            "deletions": 76
          },
          {
            "hash": "d726893a3e883f5d67a7752fba1c1e26247690b5",
            "messageTitle": "Fix trailing whitespaces",
            "messageBody": "",
            "insertions": 16,
            "deletions": 19
          }
        ]
      },
      {
        "insertions": 1495,
        "deletions": 1319,
        "date": "2019-10-18",
        "commitResults": [
          {
            "hash": "0c886ec073bac61261d0d649911bd3052c47a451",
            "messageTitle": "Package files by feature and fix checkstyle errors",
            "messageBody": "",
            "insertions": 1136,
            "deletions": 1318
          },
          {
            "hash": "2b293070868f01ae52575330b4cbd6778a09be9b",
            "messageTitle": "Fix missing recipe files",
            "messageBody": "",
            "insertions": 358,
            "deletions": 0
          },
          {
            "hash": "0becc07bf91d6ef7a70da1017d6ae219bda65e43",
            "messageTitle": "Rename file",
            "messageBody": "",
            "insertions": 1,
            "deletions": 1
          }
        ]
      },
      {
        "insertions": 11,
        "deletions": 41,
        "date": "2019-10-22",
        "commitResults": [
          {
            "hash": "96e91e97ceb8115ce0aa6971d3783930d3225261",
            "messageTitle": "Remove recordID variable from Health Records",
            "messageBody": "",
            "insertions": 11,
            "deletions": 41
          }
        ]
      },
      {
        "insertions": 210,
        "deletions": 0,
        "date": "2019-10-23",
        "commitResults": [
          {
            "hash": "ebf2664f81a154866762a927d2943e86985678ee",
            "messageTitle": "Draft DG on Health Record implementation",
            "messageBody": "",
            "insertions": 210,
            "deletions": 0
          }
        ]
      },
      {
        "insertions": 394,
        "deletions": 0,
        "date": "2019-10-25",
        "commitResults": [
          {
            "hash": "2f28204e2c387c0abb90497083b6bc27bbcab12e",
            "messageTitle": "Add DeleteHealth and EditHealth commands",
            "messageBody": "",
            "insertions": 394,
            "deletions": 0
          }
        ]
      },
      {
        "insertions": 486,
        "deletions": 2488,
        "date": "2019-10-27",
        "commitResults": [
          {
            "hash": "a40e76bf68db1796507c093b00d01f6d431009d9",
            "messageTitle": "Remove traces of seedu.address",
            "messageBody": "",
            "insertions": 24,
            "deletions": 0
          },
          {
            "hash": "4db79a85386150268608bb90ab9f95104516b3f2",
            "messageTitle": "Construct UI sample window",
            "messageBody": "",
            "insertions": 150,
            "deletions": 133
          },
          {
            "hash": "eb2bb215fc64d655f02ac9123aa3ccb781482b42",
            "messageTitle": "Add event listener for switching the UI\u0027s panel view",
            "messageBody": "",
            "insertions": 254,
            "deletions": 20
          },
          {
            "hash": "f0ee09f8fcaccf23ef107fcd9226188a31151d1d",
            "messageTitle": "Refactor and link feature screens to single UI stage",
            "messageBody": "",
            "insertions": 36,
            "deletions": 2324
          },
          {
            "hash": "66e46ea63d9288435779ed60a8ed929c2fd1b9cb",
            "messageTitle": "Fix checkstyle errors",
            "messageBody": "",
            "insertions": 22,
            "deletions": 11
          }
        ]
      },
      {
        "insertions": 251,
        "deletions": 84,
        "date": "2019-10-28",
        "commitResults": [
          {
            "hash": "aa196d17d338bf02f24f4a2f5099ef6e4ce8117e",
            "messageTitle": "Add overview UI display under Health Records segment",
            "messageBody": "",
            "insertions": 250,
            "deletions": 83
          },
          {
            "hash": "6f3d14dbd512d7bfc1c16b4e5be4925d473cf1a9",
            "messageTitle": "Remove trailing whitespaces",
            "messageBody": "",
            "insertions": 1,
            "deletions": 1
          }
        ]
      },
      {
        "insertions": 64,
        "deletions": 187,
        "date": "2019-10-29",
        "commitResults": [
          {
            "hash": "39c8c68f2a025ae06d7801192eef0bf88cc4bae9",
            "messageTitle": "Update general UI design Fix incorrect display of filepath in statusbar",
            "messageBody": "",
            "insertions": 64,
            "deletions": 187
          }
        ]
      },
      {
        "insertions": 684,
        "deletions": 121,
        "date": "2019-10-30",
        "commitResults": [
          {
            "hash": "c19ceb61e4e05d1bbba2dbde616e81ed34a1f74d",
            "messageTitle": "Add more dynamic views for Health Record feature Include Line chart for records under health type view",
            "messageBody": "",
            "insertions": 469,
            "deletions": 55
          },
          {
            "hash": "47596cf01c9fdf5b182d039fcdc9d1135c60ce5f",
            "messageTitle": "Include dynamic trend graphs that varies by health type Add more health record types that support later stages for linking with recipes",
            "messageBody": "",
            "insertions": 215,
            "deletions": 66
          }
        ]
      },
      {
        "insertions": 158,
        "deletions": 165,
        "date": "2019-10-31",
        "commitResults": [
          {
            "hash": "decebb024198894e43265231fc4028476df3f84a",
            "messageTitle": "Fix errors caused from trend graph",
            "messageBody": "",
            "insertions": 27,
            "deletions": 11
          },
          {
            "hash": "917ca4e716a84ddec0e7e4bacab5232e71810d46",
            "messageTitle": "Update outdated sample data for health records",
            "messageBody": "",
            "insertions": 1,
            "deletions": 1
          },
          {
            "hash": "0dda54388533a28bed269f9918b6b7523b588f48",
            "messageTitle": "Fix checkstyle errors",
            "messageBody": "",
            "insertions": 4,
            "deletions": 4
          },
          {
            "hash": "452a4633b5792f2d10b468711f01379f79673424",
            "messageTitle": "Fix UI scaling issues from Recipe and Meal Plan",
            "messageBody": "",
            "insertions": 71,
            "deletions": 90
          },
          {
            "hash": "dee23babefeec5cfe4f9d285742d0945f4547460",
            "messageTitle": "FIx UI scaling issues for Diary",
            "messageBody": "",
            "insertions": 5,
            "deletions": 5
          },
          {
            "hash": "e635ea0344f82f189d69714d3fc666f0316ace5b",
            "messageTitle": "Fix UI scaling issues in Diary pages",
            "messageBody": "",
            "insertions": 4,
            "deletions": 5
          },
          {
            "hash": "2b48584d50d4ca4e86ec7cd3b1bdee2a7ef71d6f",
            "messageTitle": "Fix UI scaling issues in Dashboard",
            "messageBody": "",
            "insertions": 19,
            "deletions": 25
          },
          {
            "hash": "0586cc4530dc57c2065faf4906894a91353b61af",
            "messageTitle": "Add slight changes to improve UI",
            "messageBody": "",
            "insertions": 27,
            "deletions": 24
          }
        ]
      },
      {
        "insertions": 29,
        "deletions": 68,
        "date": "2019-11-01",
        "commitResults": [
          {
            "hash": "7c5a333a77c15d0b6687138d2f1a67f900b1d55c",
            "messageTitle": "Update User Guide",
            "messageBody": "",
            "insertions": 29,
            "deletions": 68
          }
        ]
      }
    ],
    "khairulazman1997": [
      {
        "insertions": 577,
        "deletions": 763,
        "date": "2019-09-28",
        "commitResults": [
          {
            "hash": "2c7df96346bfeacf79a8874052d2ddf2d96dca15",
            "messageTitle": "Added new command, remark functionality to the address book",
            "messageBody": "",
            "insertions": 473,
            "deletions": 25
          },
          {
            "hash": "6dac869fe77f455d4f7b849ddbf65b9563593c57",
            "messageTitle": "Removed the address field",
            "messageBody": "",
            "insertions": 104,
            "deletions": 738
          }
        ]
      },
      {
        "insertions": 1010,
        "deletions": 301,
        "date": "2019-09-30",
        "commitResults": [
          {
            "hash": "8e69882ec9a782ac6a910691a70bc9d55486c187",
            "messageTitle": "Update to current branch of original repo",
            "messageBody": "",
            "insertions": 886,
            "deletions": 280
          },
          {
            "hash": "f3b41561179603d1764c035adf34ec4f9ae141f4",
            "messageTitle": "Updated the appendix of the developer guide",
            "messageBody": "",
            "insertions": 124,
            "deletions": 21
          }
        ]
      },
      {
        "insertions": 577,
        "deletions": 576,
        "date": "2019-10-07",
        "commitResults": [
          {
            "hash": "801d1421cc4022a908fb2db194e7511103161a1e",
            "messageTitle": "Replaced all instances of Address Book with relevant DukeCooks equivalent.",
            "messageBody": "",
            "insertions": 532,
            "deletions": 531
          },
          {
            "hash": "2db3b801c41e321c559e7ec3c5c8a67fbaeda77b",
            "messageTitle": "Changed UI elements to reflect the morph of the application from Address Book to Duke Cooks",
            "messageBody": "",
            "insertions": 45,
            "deletions": 45
          }
        ]
      },
      {
        "insertions": 23,
        "deletions": 24,
        "date": "2019-10-09",
        "commitResults": [
          {
            "hash": "9b99dc5f56b9900afecb0452ca9602a57c867ee7",
            "messageTitle": "Corrected checkstyle errors",
            "messageBody": "",
            "insertions": 22,
            "deletions": 23
          },
          {
            "hash": "4e78b2f1883d27d948771d93663c02bcd494affa",
            "messageTitle": "Fixed test files that were causing errors",
            "messageBody": "",
            "insertions": 1,
            "deletions": 1
          }
        ]
      },
      {
        "insertions": 2197,
        "deletions": 1422,
        "date": "2019-10-14",
        "commitResults": [
          {
            "hash": "9033b8e338ae0929873f20b2af19e1734258e343",
            "messageTitle": "Refactored Person class to Exercise",
            "messageBody": "",
            "insertions": 1701,
            "deletions": 1256
          },
          {
            "hash": "9479e8cde5a9ece8beab6c145a962a67d6884953",
            "messageTitle": "Fixed AddExerciseCommand and EditExerciseCommand.",
            "messageBody": "",
            "insertions": 82,
            "deletions": 26
          },
          {
            "hash": "4e6cdb1f7a522ee825e738204a0d6dd1374cd407",
            "messageTitle": "Modified Json storage to accomodate Exercise",
            "messageBody": "",
            "insertions": 414,
            "deletions": 140
          }
        ]
      },
      {
        "insertions": 599,
        "deletions": 429,
        "date": "2019-10-15",
        "commitResults": [
          {
            "hash": "f493827a194efe95bf99efc6c404617bba4c10ca",
            "messageTitle": "Updated UI elements to fit Exercise class",
            "messageBody": "",
            "insertions": 115,
            "deletions": 95
          },
          {
            "hash": "b26dee8889a81cfc3669f79e4d49897c894fee3a",
            "messageTitle": "Updated storage to accomodate Exercise",
            "messageBody": "",
            "insertions": 132,
            "deletions": 74
          },
          {
            "hash": "3fed6977bf5ac491e986d669027a81f86585cfa2",
            "messageTitle": "Fixed minor bugs",
            "messageBody": "",
            "insertions": 4,
            "deletions": 2
          },
          {
            "hash": "0d448d3bb6d7d864200ffce0e6750de953ffc83d",
            "messageTitle": "Fixed checkstyle errors",
            "messageBody": "",
            "insertions": 348,
            "deletions": 258
          }
        ]
      },
      {
        "insertions": 1316,
        "deletions": 1216,
        "date": "2019-10-16",
        "commitResults": [
          {
            "hash": "a6e278d5c094c75864dffdc7320bfbaa86a5bd31",
            "messageTitle": "Fixed test compiler errors",
            "messageBody": "",
            "insertions": 1316,
            "deletions": 1216
          }
        ]
      },
      {
        "insertions": 259,
        "deletions": 4,
        "date": "2019-10-19",
        "commitResults": [
          {
            "hash": "2492c7ae950ccdf9a40016330c6d278224679dbe",
            "messageTitle": "Added find by muscles and intensity functionality",
            "messageBody": "",
            "insertions": 259,
            "deletions": 4
          }
        ]
      },
      {
        "insertions": 216,
        "deletions": 86,
        "date": "2019-10-20",
        "commitResults": [
          {
            "hash": "bb0730bddf3d9e21d0ba76551c8e1e39c34f24b3",
            "messageTitle": "Fixed numerous issues with test file",
            "messageBody": "",
            "insertions": 213,
            "deletions": 83
          },
          {
            "hash": "203717df3e300b69749159c2cdeacdce8a99bf34",
            "messageTitle": "Fixed issue with Storage Manager Test",
            "messageBody": "",
            "insertions": 3,
            "deletions": 3
          }
        ]
      },
      {
        "insertions": 57,
        "deletions": 62,
        "date": "2019-10-21",
        "commitResults": [
          {
            "hash": "9c8cd334224fb9e8491ca1d09c1dd79bed3f83fc",
            "messageTitle": "Fixed more errors with test cases",
            "messageBody": "",
            "insertions": 57,
            "deletions": 62
          }
        ]
      },
      {
        "insertions": 206,
        "deletions": 201,
        "date": "2019-10-22",
        "commitResults": [
          {
            "hash": "b68806aade6df8c2c085eaee0acc5a393a67c025",
            "messageTitle": "Refactored exercise to be in workout package",
            "messageBody": "",
            "insertions": 206,
            "deletions": 201
          }
        ]
      },
      {
        "insertions": 253,
        "deletions": 33,
        "date": "2019-10-23",
        "commitResults": [
          {
            "hash": "9f5959a9eea947329f041fe97bb53b7a24ffc8d6",
            "messageTitle": "Added UML diagram for WorkoutPlanner",
            "messageBody": "",
            "insertions": 57,
            "deletions": 4
          },
          {
            "hash": "dde1e6df4c243e534af1d2498dea3027e8f7518e",
            "messageTitle": "Updated DeveloperGuide.adoc",
            "messageBody": "",
            "insertions": 28,
            "deletions": 22
          },
          {
            "hash": "89ed40fa30e3161537130583b138794d3e90dfdb",
            "messageTitle": "Updated Developer Guide",
            "messageBody": "",
            "insertions": 37,
            "deletions": 2
          },
          {
            "hash": "f5aa0e323844c0a17f4b0fb70c43684d40c25f33",
            "messageTitle": "Added Workout Planner Section to Developer Guide",
            "messageBody": "",
            "insertions": 131,
            "deletions": 5
          }
        ]
      },
      {
        "insertions": 18,
        "deletions": 17,
        "date": "2019-10-24",
        "commitResults": [
          {
            "hash": "61357461b939c72cd3377de3b0550855157148b0",
            "messageTitle": "Fixed checkstyle errors",
            "messageBody": "",
            "insertions": 16,
            "deletions": 12
          },
          {
            "hash": "f03471d1f29263e44b5f572fa1c9e64e0b2be495",
            "messageTitle": "Fixed checkstyle errors",
            "messageBody": "",
            "insertions": 2,
            "deletions": 5
          }
        ]
      },
      {
        "insertions": 111,
        "deletions": 41,
        "date": "2019-10-28",
        "commitResults": [
          {
            "hash": "dd3b5797f9effc3e8024added539f78a065cede1",
            "messageTitle": "Added Secondary Muscle functionality",
            "messageBody": "",
            "insertions": 110,
            "deletions": 40
          },
          {
            "hash": "a1b50b58e84e63785612abf7bbb6812c6e90c806",
            "messageTitle": "Fixed Checkstyle error",
            "messageBody": "",
            "insertions": 1,
            "deletions": 1
          }
        ]
      },
      {
        "insertions": 692,
        "deletions": 28,
        "date": "2019-10-29",
        "commitResults": [
          {
            "hash": "1ca43bdd2b5e0559b68f3c71c86177b65c41dcc1",
            "messageTitle": "Added timing details for exercise",
            "messageBody": "",
            "insertions": 162,
            "deletions": 6
          },
          {
            "hash": "43e32913924df10637ee9c6f7cf80d92cb261a31",
            "messageTitle": "Created history files for statistic record",
            "messageBody": "",
            "insertions": 375,
            "deletions": 13
          },
          {
            "hash": "2f92a9f17318c69955bd032d1802d498a02c08aa",
            "messageTitle": "Created Workout Model",
            "messageBody": "",
            "insertions": 155,
            "deletions": 9
          }
        ]
      },
      {
        "insertions": 1044,
        "deletions": 161,
        "date": "2019-10-31",
        "commitResults": [
          {
            "hash": "a484f8c23553b9146cc39351233fb30f7551debe",
            "messageTitle": "Added new commands for workout",
            "messageBody": "",
            "insertions": 173,
            "deletions": 2
          },
          {
            "hash": "08ec60459f018652123a5cb8d8ab4783f7baf8a9",
            "messageTitle": "Configured workout to store",
            "messageBody": "",
            "insertions": 871,
            "deletions": 159
          }
        ]
      },
      {
        "insertions": 1798,
        "deletions": 672,
        "date": "2019-11-01",
        "commitResults": [
          {
            "hash": "0545234a8bebd75aa23239080619057ba87d80d8",
            "messageTitle": "Create add workout command",
            "messageBody": "",
            "insertions": 1014,
            "deletions": 447
          },
          {
            "hash": "659e74b2b640373340e7e12e133f3c320acda380",
            "messageTitle": "Complete push exercise command",
            "messageBody": "",
            "insertions": 578,
            "deletions": 176
          },
          {
            "hash": "758095c115971a42a1490807e399d04f5ffb83b2",
            "messageTitle": "Fix javadoc comments",
            "messageBody": "",
            "insertions": 1,
            "deletions": 1
          },
          {
            "hash": "84aeeedc0f0a24ae1eb56198e14f0a0ee4633972",
            "messageTitle": "Tuned up UI",
            "messageBody": "",
            "insertions": 168,
            "deletions": 12
          },
          {
            "hash": "4949518fbc93c1789ecaf0d41e0b4c2b637dc09a",
            "messageTitle": "Update User Guide",
            "messageBody": "",
            "insertions": 20,
            "deletions": 30
          },
          {
            "hash": "26fac176e9b4a15e9447b7fbabe41f492026a675",
            "messageTitle": "Update UserGuide",
            "messageBody": "",
            "insertions": 17,
            "deletions": 6
          }
        ]
      },
      {
        "insertions": 356,
        "deletions": 94,
        "date": "2019-11-02",
        "commitResults": [
          {
            "hash": "88602a9815910e90f7fffccf38723f7d31a51443",
            "messageTitle": "UI changes in Workout Planner",
            "messageBody": "",
            "insertions": 353,
            "deletions": 84
          },
          {
            "hash": "28c3a9df601ae3cfb5df7cb891e4f88bf81240a0",
            "messageTitle": "Fixed checkstyle changes",
            "messageBody": "",
            "insertions": 3,
            "deletions": 10
          }
        ]
      }
    ],
    "bakwxh": [
      {
        "insertions": 12,
        "deletions": 3,
        "date": "2019-09-25",
        "commitResults": [
          {
            "hash": "bdb45532501b828c6fddc20295993f6a6f6126a0",
            "messageTitle": "Update contact information",
            "messageBody": "",
            "insertions": 12,
            "deletions": 3
          }
        ]
      },
      {
        "insertions": 1873,
        "deletions": 1619,
        "date": "2019-10-14",
        "commitResults": [
          {
            "hash": "d82cc77752b378d5b22ff7f34f8bcb2069708d9a",
            "messageTitle": "Rebase instances of Person from Person package to Recipe",
            "messageBody": "",
            "insertions": 689,
            "deletions": 689
          },
          {
            "hash": "240bfa08973a558f57d843a0463ae9f8b3760929",
            "messageTitle": "Rebase storage and model packages for Recipe",
            "messageBody": "",
            "insertions": 143,
            "deletions": 143
          },
          {
            "hash": "ecaccda1f00e60bd59ffb0fea15ab086c3feadbb",
            "messageTitle": "Rebase tag into ingredient",
            "messageBody": "",
            "insertions": 256,
            "deletions": 255
          },
          {
            "hash": "539a6766cb39c9fe522b6b1bd8186b4d86f7dcd4",
            "messageTitle": "Edit UI to display ingredients",
            "messageBody": "",
            "insertions": 21,
            "deletions": 10
          },
          {
            "hash": "00169ae2519f43a4f23f942c276b4f2086fb26ec",
            "messageTitle": "Alter user input methods for recipe book usage",
            "messageBody": "",
            "insertions": 764,
            "deletions": 522
          }
        ]
      },
      {
        "insertions": 2165,
        "deletions": 1461,
        "date": "2019-10-15",
        "commitResults": [
          {
            "hash": "1313c054a0aa75903f837f21d0f6a8053743c875",
            "messageTitle": "Add nutirional value fields to recipe",
            "messageBody": "",
            "insertions": 451,
            "deletions": 108
          },
          {
            "hash": "081aa843ee799c8df1fd01ae289697bf36fa7c1f",
            "messageTitle": "Adapt UI to display nutirional value",
            "messageBody": "",
            "insertions": 24,
            "deletions": 3
          },
          {
            "hash": "27167959617269fc962564e9d2e0b5ee9f845bea",
            "messageTitle": "Remove ingredients packge",
            "messageBody": "",
            "insertions": 15,
            "deletions": 16
          },
          {
            "hash": "b93df8afbe74d908a6d1a5f3e9b9d129f9117e34",
            "messageTitle": "Replace instances of Person in UI with Recipe",
            "messageBody": "",
            "insertions": 26,
            "deletions": 27
          },
          {
            "hash": "0ba1534d11530e093434d528da6086d74c44bd8e",
            "messageTitle": "Amend checkstyle",
            "messageBody": "",
            "insertions": 109,
            "deletions": 62
          },
          {
            "hash": "d053c7e443ae085529b49291f28583b770aaa09d",
            "messageTitle": "Adap tests from AB3 to suit Recipe Book, amend checkstyle",
            "messageBody": "",
            "insertions": 771,
            "deletions": 544
          },
          {
            "hash": "2f1e82337460b1236b237f48a44dd4c12b68c492",
            "messageTitle": "Replace more instances of Person with Recipe",
            "messageBody": "",
            "insertions": 26,
            "deletions": 26
          },
          {
            "hash": "36d1b4fa127b985b2c41de413cb081ab9793f51c",
            "messageTitle": "Replace test instances of Person with Recipe",
            "messageBody": "",
            "insertions": 49,
            "deletions": 49
          },
          {
            "hash": "eb5cbf0db161342072dd57e940c7432f33017808",
            "messageTitle": "Rename json and relavant methods to fit RecipeBook",
            "messageBody": "",
            "insertions": 49,
            "deletions": 49
          },
          {
            "hash": "ac3263095a30df311fb97245e69fb0050d57b731",
            "messageTitle": "Fix some test cases",
            "messageBody": "",
            "insertions": 10,
            "deletions": 8
          },
          {
            "hash": "1267f0edfc4774c367ff74501acd8d70615e0ee3",
            "messageTitle": "Fix EditRecipecommand, tests and checkstyle",
            "messageBody": "",
            "insertions": 112,
            "deletions": 45
          },
          {
            "hash": "f26b12574711370098cc8baf1a43c0cc6675b100",
            "messageTitle": "Remove instances of DukeCooks and Tag",
            "messageBody": "",
            "insertions": 498,
            "deletions": 498
          },
          {
            "hash": "9a94a2b04925498e715c0a6246c68787b2aa436b",
            "messageTitle": "Remove more instances of DukeCooks from test",
            "messageBody": "",
            "insertions": 6,
            "deletions": 6
          },
          {
            "hash": "bf0f934836873331d33923a1578b82ffd4050ad8",
            "messageTitle": "Refactor MainWindow to RecipeBookWindow",
            "messageBody": "",
            "insertions": 8,
            "deletions": 9
          },
          {
            "hash": "8971c756b79c8e8f42b78a155f40e8a3212024de",
            "messageTitle": "Refactor assertCommandFailutre",
            "messageBody": "",
            "insertions": 11,
            "deletions": 11
          }
        ]
      },
      {
        "insertions": 453,
        "deletions": 237,
        "date": "2019-10-22",
        "commitResults": [
          {
            "hash": "f20633ba9e9a8afc04f1b222c2e05cca0b941fa2",
            "messageTitle": "Adapt commands AddCommandParser to variant format",
            "messageBody": "",
            "insertions": 94,
            "deletions": 93
          },
          {
            "hash": "e2160441dfc87e6e47282a592ac2ffa5f598db17",
            "messageTitle": "Adapt DeleteCommandParser for variant format",
            "messageBody": "",
            "insertions": 17,
            "deletions": 0
          },
          {
            "hash": "6c91aa88022991908dc2b258b959b8f6376f5e9e",
            "messageTitle": "Adapt EditCommandParser for variant format",
            "messageBody": "",
            "insertions": 17,
            "deletions": 0
          },
          {
            "hash": "a2fba827dfa552ebdeb7e7090e6ff3019549ba4a",
            "messageTitle": "Adapt FindCommandParser for variant format",
            "messageBody": "",
            "insertions": 25,
            "deletions": 5
          },
          {
            "hash": "f929dc88e31b8e30e00ca32436a4414d76992dba",
            "messageTitle": "Adapt ListCommands to variant format",
            "messageBody": "",
            "insertions": 102,
            "deletions": 29
          },
          {
            "hash": "48087aee61a8f8ae32b37503358062b317d2a09d",
            "messageTitle": "Adapt ClearCommands to variant format",
            "messageBody": "",
            "insertions": 84,
            "deletions": 15
          },
          {
            "hash": "c4ee1bf60641166f3f04b98435a43b3a3ebe7831",
            "messageTitle": "Fix test cases for variant format changes",
            "messageBody": "",
            "insertions": 47,
            "deletions": 20
          },
          {
            "hash": "fed83c3664e9297c0b8c5c14e774faef2f7e2f79",
            "messageTitle": "Fix checkstyle for main and test for variant format conversion",
            "messageBody": "",
            "insertions": 65,
            "deletions": 73
          },
          {
            "hash": "6494f81b90cd7e78b32eec8b33e57e6aad6b9d60",
            "messageTitle": "Fix trailing whitespace issues",
            "messageBody": "",
            "insertions": 2,
            "deletions": 2
          }
        ]
      },
      {
        "insertions": 147,
        "deletions": 16,
        "date": "2019-10-23",
        "commitResults": [
          {
            "hash": "d865e9f6ea6cc085261e2ab34eb372ac709e1a72",
            "messageTitle": "Edit DeleteSequenceDiagram",
            "messageBody": "",
            "insertions": 32,
            "deletions": 14
          },
          {
            "hash": "1cdbde83a37a2596ffbe360d62c9596bda440014",
            "messageTitle": "Add RecipeBook portion to DevGuide",
            "messageBody": "",
            "insertions": 115,
            "deletions": 2
          }
        ]
      },
      {
        "insertions": 4751,
        "deletions": 4732,
        "date": "2019-10-24",
        "commitResults": [
          {
            "hash": "fbcfbc0c3315ceeed66e027f11ded0a38c640f20",
            "messageTitle": "Refactor seedu.address to dukecooks, edit Ingredient functionailty",
            "messageBody": "",
            "insertions": 3940,
            "deletions": 4049
          },
          {
            "hash": "a3075b72102ec1c13a27eed52e4470bc34e9ae98",
            "messageTitle": "Fix imports and checkstyle",
            "messageBody": "",
            "insertions": 753,
            "deletions": 670
          },
          {
            "hash": "80f5ca04dfca828aea66669c62b1446f92e6011b",
            "messageTitle": "Fix test cases and checkstyle",
            "messageBody": "",
            "insertions": 58,
            "deletions": 13
          }
        ]
      },
      {
        "insertions": 168,
        "deletions": 66,
        "date": "2019-10-25",
        "commitResults": [
          {
            "hash": "43ef2519becf6f1045847195b9a6e3f0e8b0c163",
            "messageTitle": "Refactor Name to RecipeName",
            "messageBody": "",
            "insertions": 0,
            "deletions": 0
          },
          {
            "hash": "d3555824af20bec74d4ba5bc5623e117faaefea8",
            "messageTitle": "Refactor Name to RecipeName",
            "messageBody": "",
            "insertions": 140,
            "deletions": 64
          },
          {
            "hash": "1b30a6425908c8854d790401e7213694682af8ac",
            "messageTitle": "Modified tests for RecipeName",
            "messageBody": "",
            "insertions": 14,
            "deletions": 0
          },
          {
            "hash": "c3ced427c7a1a8b4f8aa085f0fe0b52a60d84649",
            "messageTitle": "Added more test cases for RecipeName",
            "messageBody": "",
            "insertions": 10,
            "deletions": 0
          },
          {
            "hash": "0b6550fedbaac0404b41aa5a7a86b65fab82878c",
            "messageTitle": "Fix checkstyle",
            "messageBody": "",
            "insertions": 4,
            "deletions": 2
          }
        ]
      },
      {
        "insertions": 312,
        "deletions": 57,
        "date": "2019-10-28",
        "commitResults": [
          {
            "hash": "a910ed5c9524cea419fb01c3307cda769c9d511f",
            "messageTitle": "Edit RecipeBook commands to switch UI",
            "messageBody": "",
            "insertions": 41,
            "deletions": 0
          },
          {
            "hash": "6a6539eb9ea624446c15e12293c06c8555145488",
            "messageTitle": "Add side bar for Recipe Book",
            "messageBody": "",
            "insertions": 155,
            "deletions": 2
          },
          {
            "hash": "b29bb367ffb45c301a176afba86ea243b8f00734",
            "messageTitle": "Basic revamp of Recipe Book UI",
            "messageBody": "",
            "insertions": 116,
            "deletions": 55
          }
        ]
      },
      {
        "insertions": 4979,
        "deletions": 415,
        "date": "2019-10-29",
        "commitResults": [
          {
            "hash": "b3b846e67986003e0aac08c03cff7e4948f8a539",
            "messageTitle": "Edit UI for recipe book",
            "messageBody": "",
            "insertions": 2,
            "deletions": 2
          },
          {
            "hash": "5a87f81f550218d7056513bbb5f4c217a7cc4af2",
            "messageTitle": "Copy and refactor recipe component, commands and parsers for MealPlan",
            "messageBody": "",
            "insertions": 1393,
            "deletions": 8
          },
          {
            "hash": "f82c359d9662b7cd873146cc197191793c2aaa3d",
            "messageTitle": "Add more MealPlan components",
            "messageBody": "",
            "insertions": 32,
            "deletions": 0
          },
          {
            "hash": "b1ed91d25ef68717666bd973a784d15f3aafa1ab",
            "messageTitle": "Add storage components for MealPlan",
            "messageBody": "",
            "insertions": 264,
            "deletions": 1
          },
          {
            "hash": "c32c99d08641d2f29a0fdd37dfe9067874b7e020",
            "messageTitle": "Add more storage components for MealPlan",
            "messageBody": "",
            "insertions": 14,
            "deletions": 1
          },
          {
            "hash": "0df632f795b18ddb4e84de722b6115e3b48b5baa",
            "messageTitle": "Add missing logic components for MealPlan",
            "messageBody": "",
            "insertions": 11,
            "deletions": 2
          },
          {
            "hash": "f4443c144cfe1a80fdfd2cc363bdbb7f0a8c302d",
            "messageTitle": "Add MealPlan components to higher level parsers",
            "messageBody": "",
            "insertions": 49,
            "deletions": 5
          },
          {
            "hash": "4440610b182ba0b248132c3a7067c1c88fd6f4ce",
            "messageTitle": "Add more MealPlan componenets to model and storage classes",
            "messageBody": "",
            "insertions": 158,
            "deletions": 5
          },
          {
            "hash": "97b9b3e20436dda5d9194f208d23df40f774c862",
            "messageTitle": "Add UI capabilities for MealPlan",
            "messageBody": "",
            "insertions": 368,
            "deletions": 15
          },
          {
            "hash": "27f5620c84dd3178b79a0f728b1d71e2c787c53c",
            "messageTitle": "Add basic add functions of MealPlan",
            "messageBody": "",
            "insertions": 327,
            "deletions": 16
          },
          {
            "hash": "d16b006cd13c9faba5afdb0198e77ce43bd518b3",
            "messageTitle": "Fix checkstyleMain checks",
            "messageBody": "",
            "insertions": 33,
            "deletions": 55
          },
          {
            "hash": "84ae4c7633c3fdc25ed24e26fe21462d143f7f11",
            "messageTitle": "Add simple MealPlan testcases to ModelManagerTest and UserPrefsTest",
            "messageBody": "",
            "insertions": 69,
            "deletions": 0
          },
          {
            "hash": "bd0e8512ab7000560abfc5d797aeb398b7a88c7f",
            "messageTitle": "Fix checkstyle and test issues",
            "messageBody": "",
            "insertions": 102,
            "deletions": 14
          },
          {
            "hash": "28b8767b76e9ba789b4af3dd4680667a8ae5ab8d",
            "messageTitle": "Edit MealPlan json to retain recipe information",
            "messageBody": "",
            "insertions": 102,
            "deletions": 5
          },
          {
            "hash": "b05899c518c8f1e452bad99b7315fd8141672a23",
            "messageTitle": "Add edit MealPlan functionality",
            "messageBody": "",
            "insertions": 778,
            "deletions": 18
          },
          {
            "hash": "eb0927b3495aa8f11488ee5470980ba06bad9026",
            "messageTitle": "Allow for find MealPlan using Recipe names",
            "messageBody": "",
            "insertions": 138,
            "deletions": 0
          },
          {
            "hash": "3c40127e8c6b7d6a97874308860b19e6ef14ff59",
            "messageTitle": "Allow for recipes stored in meal plan to update with recipe edits",
            "messageBody": "",
            "insertions": 55,
            "deletions": 0
          },
          {
            "hash": "c009094de0c66123d545c4d7fe0420e2cd32d156",
            "messageTitle": "Quality of life changes to recipe book UI",
            "messageBody": "",
            "insertions": 93,
            "deletions": 16
          },
          {
            "hash": "a64d8af5c153d06239981bf5de2992cdb0fe122d",
            "messageTitle": "Fix checkstyle errors",
            "messageBody": "",
            "insertions": 10,
            "deletions": 10
          },
          {
            "hash": "6a81e209484490db536542f9bb9d9507a693465e",
            "messageTitle": "Amend merge conflicts with main repo",
            "messageBody": "",
            "insertions": 2,
            "deletions": 2
          },
          {
            "hash": "6316c0c4d5f4f560a87516cd091719599740697d",
            "messageTitle": "Broken implementation of tests",
            "messageBody": "",
            "insertions": 515,
            "deletions": 0
          },
          {
            "hash": "95fe07fa2ebb50e1ae4effb63bcd0b17eb7378b8",
            "messageTitle": "Change MealPlan to only store RecipeName",
            "messageBody": "",
            "insertions": 191,
            "deletions": 140
          },
          {
            "hash": "97064029bf3b26d87c630930b9a781e56f5bfe60",
            "messageTitle": "Fix checkstyle for main",
            "messageBody": "",
            "insertions": 1,
            "deletions": 1
          },
          {
            "hash": "e57d58b6c0ed9c9d8f764ca59bc75cf1c62b1ca3",
            "messageTitle": "Change json titles for MealPlan for consistency",
            "messageBody": "",
            "insertions": 46,
            "deletions": 52
          },
          {
            "hash": "8b30248e2a9eaf3e8c2f0c93e4dd8ecab558f1d1",
            "messageTitle": "Add MealPlan components to testutil",
            "messageBody": "",
            "insertions": 226,
            "deletions": 47
          }
        ]
      },
      {
        "insertions": 2986,
        "deletions": 172,
        "date": "2019-10-30",
        "commitResults": [
          {
            "hash": "e5f26924da6e7b2e8459c0ea7f39362df6bfeb2a",
            "messageTitle": "Fix TypicalMealPlans, add MealPlan fields to CommandTestUtil",
            "messageBody": "",
            "insertions": 44,
            "deletions": 39
          },
          {
            "hash": "5fe5be71efb60ecb5b702607531fc78b6d6b0c55",
            "messageTitle": "Fix checkstyle for main and test",
            "messageBody": "",
            "insertions": 31,
            "deletions": 50
          },
          {
            "hash": "13ce5e83c18125e8593f514dd26c0c07e50b6f4f",
            "messageTitle": "Add JsonAdaptedIngredient",
            "messageBody": "",
            "insertions": 34,
            "deletions": 0
          },
          {
            "hash": "b053fa0a21bcfc8b89eb1bd1244013bcb64a3607",
            "messageTitle": "Add storage related tests for MealPlan",
            "messageBody": "",
            "insertions": 312,
            "deletions": 6
          },
          {
            "hash": "7cf7d1f3cadfd6b5e81a6dcd186cf50089396646",
            "messageTitle": "Add model tests for MealPlan",
            "messageBody": "",
            "insertions": 875,
            "deletions": 2
          },
          {
            "hash": "aad8b49823bccc45fc6d1800a9d00188ffaa769e",
            "messageTitle": "Add model tests for Recipe",
            "messageBody": "",
            "insertions": 168,
            "deletions": 4
          },
          {
            "hash": "a224ca6d01193b56085f159388383490bf961f13",
            "messageTitle": "Fix checkstyle",
            "messageBody": "",
            "insertions": 12,
            "deletions": 13
          },
          {
            "hash": "c3af47506a0f16471e8182facbb847cd9f27bd74",
            "messageTitle": "Write tests for MealPlan parsers",
            "messageBody": "",
            "insertions": 816,
            "deletions": 23
          },
          {
            "hash": "378c77f71bc1c38f22bb127f7dc48b1cb6bf5062",
            "messageTitle": "Write tests for MealPlan commands",
            "messageBody": "",
            "insertions": 676,
            "deletions": 2
          },
          {
            "hash": "f73bc92a47b2969e0e098665183796917ed9e970",
            "messageTitle": "Fix checkstyleTest",
            "messageBody": "",
            "insertions": 18,
            "deletions": 18
          },
          {
            "hash": "1b019b067ae584b608520a401a12bb1403d15c89",
            "messageTitle": "Remove redundant lines from EditMealPlanCommandParser",
            "messageBody": "",
            "insertions": 0,
            "deletions": 15
          }
        ]
      },
      {
        "insertions": 619,
        "deletions": 319,
        "date": "2019-11-01",
        "commitResults": [
          {
            "hash": "647b87d5361d32595399995b1ae0565415f8accf",
            "messageTitle": "Fix SampleMealPlanData",
            "messageBody": "",
            "insertions": 48,
            "deletions": 6
          },
          {
            "hash": "d6edda1c319605a676392969f87e331a0636980e",
            "messageTitle": "Fix dynamic edit updates for Recipe-Mealplan",
            "messageBody": "",
            "insertions": 6,
            "deletions": 1
          },
          {
            "hash": "c01e09326abc3e8601912244a9dffd1b023d1943",
            "messageTitle": "Allow dynamic deletion of Recipes from MealPlan",
            "messageBody": "",
            "insertions": 84,
            "deletions": 1
          },
          {
            "hash": "9afdae10f6b4b4dee5be6c0e93ee07d17cca4a26",
            "messageTitle": "Fix issues with dynamic deletion",
            "messageBody": "",
            "insertions": 5,
            "deletions": 7
          },
          {
            "hash": "dd772ca1b73ad7daaca4abe774429d1257354daf",
            "messageTitle": "Update UserGuide and CliSyntax",
            "messageBody": "",
            "insertions": 253,
            "deletions": 113
          },
          {
            "hash": "dbb09f964629150f535c893c15d13eda0c343c5a",
            "messageTitle": "Write tests for RecipeBook",
            "messageBody": "",
            "insertions": 25,
            "deletions": 2
          },
          {
            "hash": "97b26974438785701563798cecd3d88c4081e685",
            "messageTitle": "Write some MealPlan tests",
            "messageBody": "",
            "insertions": 31,
            "deletions": 0
          },
          {
            "hash": "839f5859e9ddbf4c2dda90604bbd1ba236e76bb1",
            "messageTitle": "Fix checkstyleTest issues",
            "messageBody": "",
            "insertions": 1,
            "deletions": 3
          },
          {
            "hash": "0460971c2abcba0b8cfeb78fed687f16865b1342",
            "messageTitle": "Fix issues regarding test consistency",
            "messageBody": "",
            "insertions": 41,
            "deletions": 39
          },
          {
            "hash": "2e6821b8b60431eda3cd3345e7853d46a12abb51",
            "messageTitle": "Add UserPrefs tests",
            "messageBody": "",
            "insertions": 20,
            "deletions": 7
          },
          {
            "hash": "a5800602aa7a8de325e38df118e2715469687798",
            "messageTitle": "Fix checkstyleTest",
            "messageBody": "",
            "insertions": 32,
            "deletions": 32
          },
          {
            "hash": "36d7bc9d9f9288d6215238a548edf5174a341a15",
            "messageTitle": "Fix error in UserPrefs",
            "messageBody": "",
            "insertions": 1,
            "deletions": 1
          },
          {
            "hash": "d35bb7b4ca3503da2968fd06037f4f6ca7d87284",
            "messageTitle": "Fix naming errors",
            "messageBody": "",
            "insertions": 32,
            "deletions": 32
          },
          {
            "hash": "60780632cbc9d5ff7c4266b0862136876dcbb6b2",
            "messageTitle": "Modify SampleMealPlanDataUtil",
            "messageBody": "",
            "insertions": 13,
            "deletions": 48
          },
          {
            "hash": "c33c7fb10dc5cc83c546139da26ed52bb5a85241",
            "messageTitle": "Fix naming issues",
            "messageBody": "",
            "insertions": 13,
            "deletions": 13
          },
          {
            "hash": "e192b4e6a58fd5a849bec73964dac5c840b12e57",
            "messageTitle": "Fixing naming errors again",
            "messageBody": "",
            "insertions": 13,
            "deletions": 13
          },
          {
            "hash": "c1bef6a06ab7a8b938820f9f98f4a8058886b101",
            "messageTitle": "Solving build issues",
            "messageBody": "",
            "insertions": 1,
            "deletions": 1
          }
        ]
      }
    ]
  },
  "authorFinalContributionMap": {
    "hua-lun": 4310,
    "bigjunnn": 3525,
    "yyuanxin": 5029,
    "khairulazman1997": 7328,
    "bakwxh": 15168
  },
  "authorFileTypeContributionMap": {
    "hua-lun": {
      "docs": 511,
      "tests": 1312,
      "functional": 2402,
      "other": 85
    },
    "bigjunnn": {
      "docs": 343,
      "tests": 811,
      "functional": 2144,
      "other": 227
    },
    "yyuanxin": {
      "docs": 74,
      "tests": 497,
      "functional": 4307,
      "other": 151
    },
    "khairulazman1997": {
      "docs": 460,
      "tests": 1154,
      "functional": 5548,
      "other": 166
    },
    "bakwxh": {
      "docs": 261,
      "tests": 7463,
      "functional": 7348,
      "other": 96
    }
  },
  "authorContributionVariance": {
    "hua-lun": 92996.34,
    "bigjunnn": 384375.25,
    "yyuanxin": 663613.56,
    "khairulazman1997": 498062.4,
    "bakwxh": 2462300.8
  },
  "authorDisplayNameMap": {
    "hua-lun": "CS2103T-T10-2 CHUA  ... A LUN",
    "bigjunnn": "CS2103T-T10-2 LIEW  ... N WEI",
    "yyuanxin": "CS2103T-T10-2 YEO Y ... N XIN",
    "khairulazman1997": "CS2103T-T10-2 MUHAM ... AZMAN",
    "bakwxh": "CS2103T-T10-2 LEE W ... E WAH"
  }
}
