{
  "authorDailyContributionsMap": {
    "SebastianLie": [
      {
        "insertions": 0,
        "deletions": 0,
        "date": "2019-09-26",
        "commitResults": [
          {
            "hash": "49f85163a2aeedd7f2df7c4170522f749ae3d353",
            "messageTitle": "Moved User Guide draft into docs",
            "messageBody": "",
            "insertions": 0,
            "deletions": 0
          }
        ]
      },
      {
        "insertions": 64,
        "deletions": 11,
        "date": "2019-10-02",
        "commitResults": [
          {
            "hash": "859204f4e27c255bd9dd9f1b213d544853b602d4",
            "messageTitle": "Update Developer Guide",
            "messageBody": "",
            "insertions": 64,
            "deletions": 11
          }
        ]
      },
      {
        "insertions": 0,
        "deletions": 0,
        "date": "2019-10-03",
        "commitResults": [
          {
            "hash": "165a591518c2a1c7df9f856684c6003bc99d5959",
            "messageTitle": "Resolved Merge conflict",
            "messageBody": "",
            "insertions": 0,
            "deletions": 0
          }
        ]
      },
      {
        "insertions": 439,
        "deletions": 296,
        "date": "2019-10-08",
        "commitResults": [
          {
            "hash": "01e2dc9f01ad186a26052ded74944b27f64a52f5",
            "messageTitle": "Modified DG",
            "messageBody": "",
            "insertions": 2,
            "deletions": 2
          },
          {
            "hash": "b0abea7dfec3b94940ffc4bba0aa22b95eae8684",
            "messageTitle": "Add Student class, Person replaced",
            "messageBody": "",
            "insertions": 381,
            "deletions": 273
          },
          {
            "hash": "2e01ba3929ce13ae6f1168a310b21a5bf6f0b11b",
            "messageTitle": "Add Classroom",
            "messageBody": "",
            "insertions": 39,
            "deletions": 21
          },
          {
            "hash": "c2e679370f9d7bbcca7baaaa434d472e5e9781ea",
            "messageTitle": "Add Skeleton of Classroom List",
            "messageBody": "",
            "insertions": 17,
            "deletions": 0
          }
        ]
      },
      {
        "insertions": 109,
        "deletions": 94,
        "date": "2019-10-09",
        "commitResults": [
          {
            "hash": "adc31502ad34bc95ba77972c2745c1fb1bed64a6",
            "messageTitle": "Add History",
            "messageBody": "",
            "insertions": 45,
            "deletions": 19
          },
          {
            "hash": "f17cbc9c190cc26e06ce15783a62f10bd6d3d494",
            "messageTitle": "Make it mergeable",
            "messageBody": "",
            "insertions": 1,
            "deletions": 40
          },
          {
            "hash": "9fa22a5400b2ac93d845e784fd45a70721494904",
            "messageTitle": "Implement full version of history",
            "messageBody": "",
            "insertions": 38,
            "deletions": 4
          },
          {
            "hash": "3eee9389ab994303befe48cf0e9c36ed914ff3cc",
            "messageTitle": "Fix Travis errors",
            "messageBody": "",
            "insertions": 25,
            "deletions": 31
          }
        ]
      },
      {
        "insertions": 45,
        "deletions": 3,
        "date": "2019-10-15",
        "commitResults": [
          {
            "hash": "9540a45313827d12698a8fa863fad9dda50ac2de",
            "messageTitle": "Add working Scheduled Alert",
            "messageBody": "",
            "insertions": 45,
            "deletions": 3
          }
        ]
      },
      {
        "insertions": 29,
        "deletions": 18,
        "date": "2019-10-16",
        "commitResults": [
          {
            "hash": "d36044431c0f88e9dcd619c171f9a55d5856fa77",
            "messageTitle": "Make alert into function",
            "messageBody": "",
            "insertions": 26,
            "deletions": 15
          },
          {
            "hash": "50b4514318859510e4a42d9735b43cbda78b0568",
            "messageTitle": "Update UiManager.java",
            "messageBody": "",
            "insertions": 3,
            "deletions": 3
          }
        ]
      },
      {
        "insertions": 453,
        "deletions": 62,
        "date": "2019-10-22",
        "commitResults": [
          {
            "hash": "240f5303256fdea0687df7f5325c90384f105bb7",
            "messageTitle": "Added Reminder display code",
            "messageBody": "",
            "insertions": 355,
            "deletions": 13
          },
          {
            "hash": "7fba0c4b3c696d74245634ca92df880e8ec739f6",
            "messageTitle": "Split GUI, renamed packages",
            "messageBody": "",
            "insertions": 98,
            "deletions": 49
          }
        ]
      },
      {
        "insertions": 2,
        "deletions": 1,
        "date": "2019-10-23",
        "commitResults": [
          {
            "hash": "d0a848f95bb2f114995097a185c9c85cb9ea24b1",
            "messageTitle": "Fix more amazing travis errors",
            "messageBody": "",
            "insertions": 1,
            "deletions": 1
          },
          {
            "hash": "9b5c66c0c5f14badde6f52af6626863c180a3a7a",
            "messageTitle": "Update DG",
            "messageBody": "",
            "insertions": 1,
            "deletions": 0
          }
        ]
      },
      {
        "insertions": 76,
        "deletions": 25,
        "date": "2019-10-24",
        "commitResults": [
          {
            "hash": "1bdf6fecf7ef2d23d599bed9464440d687f4a197",
            "messageTitle": "Change Color of UI",
            "messageBody": "",
            "insertions": 9,
            "deletions": 8
          },
          {
            "hash": "558b7d9dc7e445858df58e9d7306ad78d55604db",
            "messageTitle": "Changed History.",
            "messageBody": "",
            "insertions": 67,
            "deletions": 17
          }
        ]
      },
      {
        "insertions": 55,
        "deletions": 8,
        "date": "2019-10-28",
        "commitResults": [
          {
            "hash": "8aa2f5596767e19bdcb39d9e6987294c989db93d",
            "messageTitle": "Add picture to student card",
            "messageBody": "",
            "insertions": 49,
            "deletions": 1
          },
          {
            "hash": "4a10500e840f4f6c763f5213fe59eb1d61239631",
            "messageTitle": "Changed colors back to original",
            "messageBody": "",
            "insertions": 6,
            "deletions": 7
          }
        ]
      },
      {
        "insertions": 162,
        "deletions": 3,
        "date": "2019-10-29",
        "commitResults": [
          {
            "hash": "a9f5c6e8702ffd21ac3ad93911275c17e614fd14",
            "messageTitle": "Updated UML diagrams",
            "messageBody": "",
            "insertions": 4,
            "deletions": 0
          },
          {
            "hash": "6df6e17013624b410255eaaec89d2a2a8b982c1b",
            "messageTitle": "Add upload command; can now change picture manually",
            "messageBody": "",
            "insertions": 158,
            "deletions": 3
          }
        ]
      },
      {
        "insertions": 162,
        "deletions": 31,
        "date": "2019-10-30",
        "commitResults": [
          {
            "hash": "c6a80afacd246549cb244321d38ace6c5a85c45c",
            "messageTitle": "Added full functionality, jpg or png photos accepted",
            "messageBody": "",
            "insertions": 115,
            "deletions": 15
          },
          {
            "hash": "b5d2116211764131937b401342d0fda0bbe9007e",
            "messageTitle": "Improve code quality, add new documentation",
            "messageBody": "",
            "insertions": 47,
            "deletions": 16
          }
        ]
      },
      {
        "insertions": 96,
        "deletions": 40,
        "date": "2019-11-01",
        "commitResults": [
          {
            "hash": "02d8fda49881dcf846802a71ac01eb9333f52ed2",
            "messageTitle": "Changed getDisplayPic method name in Student",
            "messageBody": "",
            "insertions": 12,
            "deletions": 7
          },
          {
            "hash": "63358b42d25f81bfc2664ce8781f07ae71d643d2",
            "messageTitle": "Add saving feature for photos",
            "messageBody": "",
            "insertions": 68,
            "deletions": 17
          },
          {
            "hash": "661eea5c4b7a3a06b6401f62e071223b065444a3",
            "messageTitle": "Fixed failing tests",
            "messageBody": "",
            "insertions": 8,
            "deletions": 8
          },
          {
            "hash": "8c2392f82a2aeadee142bd288e5c80d98bc0e55a",
            "messageTitle": "Fixed User Guide bug",
            "messageBody": "",
            "insertions": 1,
            "deletions": 8
          },
          {
            "hash": "c83d3c9c074b097d8580d4b1f0e964b7b91ba0a5",
            "messageTitle": "Fix User Guide Bugs",
            "messageBody": "",
            "insertions": 7,
            "deletions": 0
          }
        ]
      },
      {
        "insertions": 119,
        "deletions": 0,
        "date": "2019-11-03",
        "commitResults": [
          {
            "hash": "a13ec192bd519fecb28611f16a22952b86aa871c",
            "messageTitle": "Add autocomplete class",
            "messageBody": "",
            "insertions": 119,
            "deletions": 0
          }
        ]
      },
      {
        "insertions": 153,
        "deletions": 73,
        "date": "2019-11-05",
        "commitResults": [
          {
            "hash": "17677c69fe16dfc451c33bb1d9703a14a9017eb1",
            "messageTitle": "Add autocomplete functionality, all commands working",
            "messageBody": "",
            "insertions": 17,
            "deletions": 12
          },
          {
            "hash": "86a3e2a59c53ada057a5aad3aad5fc11f0225c2e",
            "messageTitle": "Add all commands to autocomplete",
            "messageBody": "",
            "insertions": 52,
            "deletions": 16
          },
          {
            "hash": "2758f3ca9f1d0fa511844a046eb29b43cb390b73",
            "messageTitle": "Add javadoc comments",
            "messageBody": "",
            "insertions": 51,
            "deletions": 25
          },
          {
            "hash": "a01e612b9aee71ede374b119656f3c88e7b40b4f",
            "messageTitle": "Fix travis errors",
            "messageBody": "",
            "insertions": 11,
            "deletions": 8
          },
          {
            "hash": "7ddd22b76aca276301a23ef0691aee17b4ae0a10",
            "messageTitle": "Fixed more travis errors",
            "messageBody": "",
            "insertions": 1,
            "deletions": 1
          },
          {
            "hash": "b0b7e06e60321ed57cdb148d4d7f3a810eb0f126",
            "messageTitle": "Minor Fixes: DG and autocomplete",
            "messageBody": "",
            "insertions": 10,
            "deletions": 8
          },
          {
            "hash": "ae65b78609eaa3be85edf291209604db7a7ce3ca",
            "messageTitle": "Fixed issue #100 in add and deleteclass",
            "messageBody": "",
            "insertions": 9,
            "deletions": 1
          },
          {
            "hash": "11faa2bdd1f85efec50ea2ba82ab5f3bb6dabdf3",
            "messageTitle": "Fix Travis errrors",
            "messageBody": "",
            "insertions": 2,
            "deletions": 2
          }
        ]
      },
      {
        "insertions": 5,
        "deletions": 3,
        "date": "2019-11-06",
        "commitResults": [
          {
            "hash": "130f814dd22d8226db0bf96818054610eec5e1dc",
            "messageTitle": "Change upload functionality",
            "messageBody": "",
            "insertions": 5,
            "deletions": 3
          }
        ]
      },
      {
        "insertions": 225,
        "deletions": 31,
        "date": "2019-11-07",
        "commitResults": [
          {
            "hash": "8a1277caa3e5a24146b6da93367cbdc8fa884695",
            "messageTitle": "Add reset picture command",
            "messageBody": "",
            "insertions": 161,
            "deletions": 5
          },
          {
            "hash": "40fb6fbe115c7e18e1631ddeb06d817742c3c7b0",
            "messageTitle": "Add leftover javadoc",
            "messageBody": "",
            "insertions": 3,
            "deletions": 0
          },
          {
            "hash": "17dc0dae0eddbefb2a9a04dee896988504a0fb15",
            "messageTitle": "Add remove listener functions",
            "messageBody": "",
            "insertions": 50,
            "deletions": 26
          },
          {
            "hash": "7985d5f222db6700b3c1452fe647195fc120f4a0",
            "messageTitle": "Add PPP",
            "messageBody": "",
            "insertions": 11,
            "deletions": 0
          }
        ]
      },
      {
        "insertions": 239,
        "deletions": 82,
        "date": "2019-11-09",
        "commitResults": [
          {
            "hash": "db6f898c5733e27dd74774de80c9baa19b01a3ac",
            "messageTitle": "Add draft of PPP",
            "messageBody": "",
            "insertions": 113,
            "deletions": 20
          },
          {
            "hash": "16c6629001d815d9fdfce6b1643f04f4731363ab",
            "messageTitle": "fix travis errors",
            "messageBody": "",
            "insertions": 4,
            "deletions": 3
          },
          {
            "hash": "a3e55ec5f0f70834a5f7af70857d2e7154baf5dc",
            "messageTitle": "Fixed asciidoctor issues",
            "messageBody": "",
            "insertions": 22,
            "deletions": 21
          },
          {
            "hash": "31d7fbe2244726cdf78923cc963ca31c665852c9",
            "messageTitle": "Fix no newline at EOF",
            "messageBody": "",
            "insertions": 1,
            "deletions": 1
          },
          {
            "hash": "30fb38cc9d9d30f3eaa1ecc66af74da5e68c5738",
            "messageTitle": "Fix uncaught exception in autocomplete",
            "messageBody": "",
            "insertions": 2,
            "deletions": 1
          },
          {
            "hash": "673100a4dd2e3ffc705cdfcea7b028c938a9a81c",
            "messageTitle": "Cleaned up code",
            "messageBody": "",
            "insertions": 20,
            "deletions": 9
          },
          {
            "hash": "d372161b3273a14aa80bb2d821521ad16fe709aa",
            "messageTitle": "Fix checkstyle errors",
            "messageBody": "",
            "insertions": 4,
            "deletions": 4
          },
          {
            "hash": "77a8f312fec52babe6cf7f70c7665097ef9c3566",
            "messageTitle": "Cleaned up code further",
            "messageBody": "",
            "insertions": 8,
            "deletions": 8
          },
          {
            "hash": "3590c389ed541c58e46d5076ce31aa242cec2e2f",
            "messageTitle": "Added more sensible assertions",
            "messageBody": "",
            "insertions": 16,
            "deletions": 13
          },
          {
            "hash": "bb11393d1bb3a1af6c802d21ecbfffa4031f2900",
            "messageTitle": "Add initial display picture test",
            "messageBody": "",
            "insertions": 49,
            "deletions": 2
          }
        ]
      },
      {
        "insertions": 809,
        "deletions": 301,
        "date": "2019-11-10",
        "commitResults": [
          {
            "hash": "e8b07806ef05b77e7014655a0cd805334d06ac7b",
            "messageTitle": "Touch up autocomplete and add tests",
            "messageBody": "",
            "insertions": 66,
            "deletions": 34
          },
          {
            "hash": "8e24213c3e2367c97a1011c02b7459d367ce9a1b",
            "messageTitle": "Add more tests",
            "messageBody": "",
            "insertions": 95,
            "deletions": 5
          },
          {
            "hash": "ac52202ed1efa0917362515a33c8c76b5b560d9f",
            "messageTitle": "Added Javadoc comment",
            "messageBody": "",
            "insertions": 3,
            "deletions": 0
          },
          {
            "hash": "0dee1be1eaea51234f85c64b02eed858b7e68967",
            "messageTitle": "Add more tests",
            "messageBody": "",
            "insertions": 24,
            "deletions": 24
          },
          {
            "hash": "2bbd4b45d7499be9135eb2120ccea0846c66067c",
            "messageTitle": "Uncommented some tests",
            "messageBody": "",
            "insertions": 9,
            "deletions": 14
          },
          {
            "hash": "6c9d83edd9009704b267d449aef6f161eeb03f5d",
            "messageTitle": "Add List Student tests",
            "messageBody": "",
            "insertions": 14,
            "deletions": 16
          },
          {
            "hash": "67404f27caa266cb22c6d48815642dc576e8280e",
            "messageTitle": "Add changes to PPP",
            "messageBody": "",
            "insertions": 3,
            "deletions": 0
          },
          {
            "hash": "f87176c92a546403508cc7b699b12ca955a86eca",
            "messageTitle": "Add tests in logic, storage, model",
            "messageBody": "",
            "insertions": 150,
            "deletions": 165
          },
          {
            "hash": "875cd402953c5d45d8ab38e7856a9410c480856e",
            "messageTitle": "Add tests for unique assignment list",
            "messageBody": "",
            "insertions": 4,
            "deletions": 0
          },
          {
            "hash": "9a351e8bf27440b2b041a107ba5e7b5324b32779",
            "messageTitle": "Add tests for unique assignment list; ignore previous commit",
            "messageBody": "",
            "insertions": 166,
            "deletions": 2
          },
          {
            "hash": "118d8c5205b624e8d9a03da63607f76293841190",
            "messageTitle": "Corrected Checkstyle errors",
            "messageBody": "",
            "insertions": 8,
            "deletions": 6
          },
          {
            "hash": "ef915f005d906c578ca4f1d32bea3e8f2326e8d9",
            "messageTitle": "Scaled images in user guide",
            "messageBody": "",
            "insertions": 2,
            "deletions": 2
          },
          {
            "hash": "74e989c94ab22e36e64adbb1aa56edd072fcbfc9",
            "messageTitle": "Add Upload Command  implementation to developer guide",
            "messageBody": "",
            "insertions": 265,
            "deletions": 33
          }
        ]
      },
      {
        "insertions": 861,
        "deletions": 247,
        "date": "2019-11-11",
        "commitResults": [
          {
            "hash": "4e872a883b770ec64e080c1a67afa78797ef51fd",
            "messageTitle": "Finish 1st draft of PPP",
            "messageBody": "",
            "insertions": 68,
            "deletions": 38
          },
          {
            "hash": "166c8c0ab64a49a01f7353559d469a825501e604",
            "messageTitle": "Add minor change to PPP",
            "messageBody": "",
            "insertions": 29,
            "deletions": 2
          },
          {
            "hash": "95b19e27861d6b2f18308de744ce2dd177d25281",
            "messageTitle": "Add tests for unique lesson list",
            "messageBody": "",
            "insertions": 147,
            "deletions": 0
          },
          {
            "hash": "cd65d00f513f6ce74fcebfc7ebfb365f54869ca2",
            "messageTitle": "Fixed checkstyle errors",
            "messageBody": "",
            "insertions": 4,
            "deletions": 4
          },
          {
            "hash": "b482b98c883c10ad667448b1d318cf8350a4705d",
            "messageTitle": "Fixed EOF checkstyle error",
            "messageBody": "",
            "insertions": 1,
            "deletions": 1
          },
          {
            "hash": "08fef8288b193e110d27a70e844c53defb4011aa",
            "messageTitle": "Added full upload command tests",
            "messageBody": "",
            "insertions": 56,
            "deletions": 8
          },
          {
            "hash": "809720d64d71d414c6b9d4975f5fb39da4f46ce7",
            "messageTitle": "Touch up autocomplete and UserGuide",
            "messageBody": "",
            "insertions": 42,
            "deletions": 22
          },
          {
            "hash": "ad663d1d375b88b6728e803b4e6c3571118ecff4",
            "messageTitle": "Fix checkstyle errors",
            "messageBody": "",
            "insertions": 8,
            "deletions": 4
          },
          {
            "hash": "aaf844468902f34d40822f684d5cc9c95ceeab9e",
            "messageTitle": "Added tests for SetClassroomParser",
            "messageBody": "",
            "insertions": 95,
            "deletions": 10
          },
          {
            "hash": "76b91efc000a357c05ca8c163b5122b0d538f0f7",
            "messageTitle": "Add more logic tests",
            "messageBody": "",
            "insertions": 125,
            "deletions": 18
          },
          {
            "hash": "98dee507aac4804ba346b2fb9c09c546e76ba1a2",
            "messageTitle": "Fix checkstyle errors",
            "messageBody": "",
            "insertions": 2,
            "deletions": 5
          },
          {
            "hash": "d376a272b8aacb6ffc31d335557ce6812632f4df",
            "messageTitle": "Fix minor autocomplete bugs",
            "messageBody": "",
            "insertions": 142,
            "deletions": 50
          },
          {
            "hash": "49b5d4e40525ef81bd2b9551b43f2bedec52a397",
            "messageTitle": "Touch up PPP, add command test",
            "messageBody": "",
            "insertions": 133,
            "deletions": 53
          },
          {
            "hash": "36b3ea2626b13e08286b66ca767b54dd5abf8d24",
            "messageTitle": "Fix checkstyle",
            "messageBody": "",
            "insertions": 6,
            "deletions": 24
          },
          {
            "hash": "cf592dd68b2f21eddbff8c47a1e1523bfe70444b",
            "messageTitle": "Removed errors in user guide",
            "messageBody": "",
            "insertions": 3,
            "deletions": 8
          }
        ]
      }
    ],
    "Xelyion": [
      {
        "insertions": 1286,
        "deletions": 495,
        "date": "2019-10-16",
        "commitResults": [
          {
            "hash": "5d60e2bb4859bf52f2f7a80aecc785bbf491122b",
            "messageTitle": "Added feature: Assignments",
            "messageBody": "AddAssignment\nDeleteAssignment\nEditAssignment\nListAssignment\n",
            "insertions": 745,
            "deletions": 38
          },
          {
            "hash": "92c2f05520efbbc3b063ed1d226bc1b7227be762",
            "messageTitle": "Fixed build errors",
            "messageBody": "",
            "insertions": 541,
            "deletions": 457
          }
        ]
      },
      {
        "insertions": 674,
        "deletions": 394,
        "date": "2019-10-22",
        "commitResults": [
          {
            "hash": "c35ed4297acf5c8b7b0113d2ab6885ba0526d7ad",
            "messageTitle": "Added CombinedListPanel to alternate display between Students and Assignments: list and listassign toggles this Changed JsonAdaptedAssignment to be able to store and read grades using names and marks",
            "messageBody": "",
            "insertions": 385,
            "deletions": 61
          },
          {
            "hash": "2bd340f4d6f32c17a826b2e14c3c507397f2d103",
            "messageTitle": "EditAssignmentCommand renamed to UpdateGradesCommand, keyword is now grades. Example: grades 1 g/ 10 20 30 40",
            "messageBody": "Fixed exceptions in student package having assignment in name.\n",
            "insertions": 289,
            "deletions": 333
          }
        ]
      },
      {
        "insertions": 658,
        "deletions": 644,
        "date": "2019-10-23",
        "commitResults": [
          {
            "hash": "facea00e9f1f0637748b3751343ea003ac25f665",
            "messageTitle": "Commented out pesky test",
            "messageBody": "",
            "insertions": 9,
            "deletions": 9
          },
          {
            "hash": "2fd6957ec5a0df7eccdc7a6d3af953ef29beae73",
            "messageTitle": "Renamed addressbook to classroom",
            "messageBody": "",
            "insertions": 601,
            "deletions": 599
          },
          {
            "hash": "2d6b535b2f059bb200bfde0a82874e1d318a127a",
            "messageTitle": "Fixed AddCommandTest",
            "messageBody": "",
            "insertions": 25,
            "deletions": 3
          },
          {
            "hash": "bec426620b688fe77531ab3f9a7b1be592e78fd6",
            "messageTitle": "Update DeveloperGuide.adoc",
            "messageBody": "",
            "insertions": 10,
            "deletions": 33
          },
          {
            "hash": "387d484d22f0e3aeab8dafda2f30af8e2ab664a3",
            "messageTitle": "Update DeveloperGuide.adoc",
            "messageBody": "Added Assignment Feature",
            "insertions": 13,
            "deletions": 0
          }
        ]
      },
      {
        "insertions": 690,
        "deletions": 187,
        "date": "2019-10-30",
        "commitResults": [
          {
            "hash": "eeadb7e89fc6d55b937cfae068b076524a980470",
            "messageTitle": "Base Notebook",
            "messageBody": "",
            "insertions": 690,
            "deletions": 187
          }
        ]
      },
      {
        "insertions": 264,
        "deletions": 17,
        "date": "2019-10-31",
        "commitResults": [
          {
            "hash": "ee0c32fbe434852d3d429506c2bebeb9a519deca",
            "messageTitle": "Feature: Notebook",
            "messageBody": "",
            "insertions": 264,
            "deletions": 17
          }
        ]
      },
      {
        "insertions": 121,
        "deletions": 6,
        "date": "2019-11-06",
        "commitResults": [
          {
            "hash": "9c8ff79e4dfd39b41c40c84f65b52216079d78bf",
            "messageTitle": "Added color for current classroom",
            "messageBody": "",
            "insertions": 121,
            "deletions": 6
          }
        ]
      },
      {
        "insertions": 410,
        "deletions": 188,
        "date": "2019-11-11",
        "commitResults": [
          {
            "hash": "435fe53b8696eb39c4745ad319b79c7ba119787f",
            "messageTitle": "Fixed bug in assignments",
            "messageBody": "",
            "insertions": 64,
            "deletions": 22
          },
          {
            "hash": "ed94ae9564a50f091b5275f29a21513142e2787e",
            "messageTitle": "Fixed bugs in Assignment and added PPP.",
            "messageBody": "",
            "insertions": 102,
            "deletions": 63
          },
          {
            "hash": "3c292b7f1c20782f1f09b11ecae84368cfea5bde",
            "messageTitle": "Removed comment",
            "messageBody": "",
            "insertions": 0,
            "deletions": 1
          },
          {
            "hash": "eb45feb6e97c6822b5d4dd4ca6f13884d175e953",
            "messageTitle": "Updated UG and added \"Late to the party\"",
            "messageBody": "",
            "insertions": 153,
            "deletions": 45
          },
          {
            "hash": "a7dab625615fde27b8b8682868c54e21a83697df",
            "messageTitle": "Added equals method to Assignment",
            "messageBody": "",
            "insertions": 29,
            "deletions": 4
          },
          {
            "hash": "962956710f8587f39f56b34cc6a8c86f21ae5337",
            "messageTitle": "Fixed ascii errors",
            "messageBody": "",
            "insertions": 13,
            "deletions": 33
          },
          {
            "hash": "9b3a5ecd5f7aeb0fd794346e63a39cdd75acf786",
            "messageTitle": "Updated PPP",
            "messageBody": "",
            "insertions": 14,
            "deletions": 8
          },
          {
            "hash": "769102333e0dc20c56c86171d940ce8341907ce5",
            "messageTitle": "Improved DG",
            "messageBody": "",
            "insertions": 15,
            "deletions": 0
          },
          {
            "hash": "559f7691fe469ad509b28c4ea052a2326433ca44",
            "messageTitle": "Update DeveloperGuide.adoc",
            "messageBody": "",
            "insertions": 13,
            "deletions": 6
          },
          {
            "hash": "87f305db03d5fc1dbbfc1f1edb0d7ee5c5bd98a5",
            "messageTitle": "Edited About Us to reflect PPP",
            "messageBody": "",
            "insertions": 3,
            "deletions": 3
          },
          {
            "hash": "6fcfa7a132bbeb8567df511040cf62b291dd6056",
            "messageTitle": "Update Xelyion.adoc",
            "messageBody": "",
            "insertions": 3,
            "deletions": 2
          },
          {
            "hash": "7e32d569bdeb632740c9068b2e9d7fae3543541a",
            "messageTitle": "Update AboutUs.adoc",
            "messageBody": "",
            "insertions": 1,
            "deletions": 1
          }
        ]
      }
    ],
    "sheryltay28": [
      {
        "insertions": 203,
        "deletions": 136,
        "date": "2019-10-01",
        "commitResults": [
          {
            "hash": "87c0dd51d2f9ee0fe30769ad2a588146c9692dfd",
            "messageTitle": "updated about us",
            "messageBody": "",
            "insertions": 12,
            "deletions": 12
          },
          {
            "hash": "810169a317f2a5a00f8d32d23d2bc238c3fc03aa",
            "messageTitle": "updated more stuff",
            "messageBody": "",
            "insertions": 187,
            "deletions": 120
          },
          {
            "hash": "441ac70fd04b183ad815fd6fbbf57ce7fbca9113",
            "messageTitle": "fixed new line issue",
            "messageBody": "",
            "insertions": 4,
            "deletions": 4
          }
        ]
      },
      {
        "insertions": 1,
        "deletions": 0,
        "date": "2019-10-02",
        "commitResults": [
          {
            "hash": "e301380b3cc1159f5b9837e628eb1d3464b3cce7",
            "messageTitle": "tutorial 3",
            "messageBody": "",
            "insertions": 1,
            "deletions": 0
          }
        ]
      },
      {
        "insertions": 5,
        "deletions": 5,
        "date": "2019-10-03",
        "commitResults": [
          {
            "hash": "a120b689a0f797d49f5e0a2996f59bc9abce8ce7",
            "messageTitle": "updated readme",
            "messageBody": "",
            "insertions": 5,
            "deletions": 5
          }
        ]
      },
      {
        "insertions": 322,
        "deletions": 20,
        "date": "2019-10-16",
        "commitResults": [
          {
            "hash": "86e7bbfae145e52ef5e9572bbd9a418a30db70bb",
            "messageTitle": "made lesson and scheduler class",
            "messageBody": "",
            "insertions": 149,
            "deletions": 0
          },
          {
            "hash": "45da129aeed1ef6eac2e53f4e56a667fa10f1d98",
            "messageTitle": "switched scheduler path",
            "messageBody": "",
            "insertions": 1,
            "deletions": 1
          },
          {
            "hash": "d5c0592d5e09b777e21d847e0da4b1ade2e7ce3e",
            "messageTitle": "created reminder",
            "messageBody": "",
            "insertions": 38,
            "deletions": 9
          },
          {
            "hash": "3acdf51aa5e8b44e88c8aa35a69e56bde17613d9",
            "messageTitle": "updated model manager and added exception and list",
            "messageBody": "",
            "insertions": 134,
            "deletions": 10
          }
        ]
      },
      {
        "insertions": 243,
        "deletions": 29,
        "date": "2019-10-17",
        "commitResults": [
          {
            "hash": "1eddb19b6b4e1134e8507ab06ac889cc0d04cbd6",
            "messageTitle": "added new command and parser",
            "messageBody": "",
            "insertions": 155,
            "deletions": 2
          },
          {
            "hash": "2593e1676b1b3022ffac4fe2f0dc7bf05e7a9b69",
            "messageTitle": "solved checkstyle issues",
            "messageBody": "",
            "insertions": 88,
            "deletions": 27
          }
        ]
      },
      {
        "insertions": 70,
        "deletions": 40,
        "date": "2019-10-22",
        "commitResults": [
          {
            "hash": "6fc37e6b8bebf59e9ce296a975c8147e9787d928",
            "messageTitle": "changed lesson package name",
            "messageBody": "",
            "insertions": 7,
            "deletions": 7
          },
          {
            "hash": "73c20cd4f1d65cecf667a3dc570b0e00c01b17e9",
            "messageTitle": "added start time and end time",
            "messageBody": "",
            "insertions": 42,
            "deletions": 28
          },
          {
            "hash": "cdb6c74a3035814e1836500f52e4b2ae0af408ac",
            "messageTitle": "allow repeat",
            "messageBody": "",
            "insertions": 21,
            "deletions": 5
          }
        ]
      },
      {
        "insertions": 534,
        "deletions": 39,
        "date": "2019-10-23",
        "commitResults": [
          {
            "hash": "0c8358f20c35682c380255a7a42981c489fdee5f",
            "messageTitle": "added commands for lesson",
            "messageBody": "",
            "insertions": 494,
            "deletions": 1
          },
          {
            "hash": "fff9b4a4caa13fe2ce1879967f4270b856b0766e",
            "messageTitle": "display on gui",
            "messageBody": "",
            "insertions": 39,
            "deletions": 37
          },
          {
            "hash": "bb21dde5156c440e6ad076880cf9000cedc171e9",
            "messageTitle": "Updated DG",
            "messageBody": "",
            "insertions": 1,
            "deletions": 1
          }
        ]
      },
      {
        "insertions": 26,
        "deletions": 15,
        "date": "2019-10-24",
        "commitResults": [
          {
            "hash": "5ff3e0ca2e11a8873f2b09cc9f867ffcad252b14",
            "messageTitle": "improve printing time on gui",
            "messageBody": "",
            "insertions": 6,
            "deletions": 2
          },
          {
            "hash": "ed1ab00a2800b4e64236c204d99c44cb162e84f7",
            "messageTitle": "checkstyle",
            "messageBody": "",
            "insertions": 20,
            "deletions": 13
          }
        ]
      },
      {
        "insertions": 102,
        "deletions": 13,
        "date": "2019-10-29",
        "commitResults": [
          {
            "hash": "e56dc743ce054d3d5193d546fa15ff710ae32525",
            "messageTitle": "create pop up on reminder",
            "messageBody": "",
            "insertions": 94,
            "deletions": 8
          },
          {
            "hash": "18ed1c21713032a9bc4b9db4260ea39f97e42a42",
            "messageTitle": "restrictions on time inputted",
            "messageBody": "",
            "insertions": 8,
            "deletions": 3
          },
          {
            "hash": "ae5da502acaee083da51fa1a0faa431b5554dace",
            "messageTitle": "removed debugging statements",
            "messageBody": "",
            "insertions": 0,
            "deletions": 2
          }
        ]
      },
      {
        "insertions": 48,
        "deletions": 67,
        "date": "2019-10-30",
        "commitResults": [
          {
            "hash": "53d1e4a21282d80ce834b5868f917589d85c1249",
            "messageTitle": "removed code from uiManager",
            "messageBody": "",
            "insertions": 0,
            "deletions": 49
          },
          {
            "hash": "2bbefed4a9832201bc056e02b267205a5e37de4f",
            "messageTitle": "checkstyle",
            "messageBody": "",
            "insertions": 11,
            "deletions": 16
          },
          {
            "hash": "11279a6a12c96b0e66e169dbac5e1285416e907a",
            "messageTitle": "updated diagrams",
            "messageBody": "",
            "insertions": 19,
            "deletions": 0
          },
          {
            "hash": "c9b878dc9fbf9ebe6053c9077f6a212a5bf588e1",
            "messageTitle": "create tabPane",
            "messageBody": "",
            "insertions": 18,
            "deletions": 2
          }
        ]
      },
      {
        "insertions": 113,
        "deletions": 11,
        "date": "2019-10-31",
        "commitResults": [
          {
            "hash": "d7ea3f226ed8f5d14bee75d8163b5509a3e79792",
            "messageTitle": "created tabs",
            "messageBody": "",
            "insertions": 50,
            "deletions": 11
          },
          {
            "hash": "2f026d655c90e3310874cec38f809a64cb93fbcf",
            "messageTitle": "created uniqueLessonWeekList to contain list of uniqueLessonLists",
            "messageBody": "",
            "insertions": 63,
            "deletions": 0
          }
        ]
      },
      {
        "insertions": 190,
        "deletions": 46,
        "date": "2019-11-01",
        "commitResults": [
          {
            "hash": "135cc0a261d248eece5c5ccaf359e603a2127bff",
            "messageTitle": "successfully implemented lesson tabs",
            "messageBody": "",
            "insertions": 173,
            "deletions": 39
          },
          {
            "hash": "419048413179fa8a8df5bca02e001f23097c5e24",
            "messageTitle": "changed edit lesson command",
            "messageBody": "",
            "insertions": 17,
            "deletions": 7
          }
        ]
      },
      {
        "insertions": 188,
        "deletions": 3,
        "date": "2019-11-05",
        "commitResults": [
          {
            "hash": "873b8482179b1c32facc7132095d08afc54c9316",
            "messageTitle": "added jsonAdaptedLesson and added to jsonSerializableNotebook",
            "messageBody": "",
            "insertions": 188,
            "deletions": 3
          }
        ]
      },
      {
        "insertions": 131,
        "deletions": 118,
        "date": "2019-11-06",
        "commitResults": [
          {
            "hash": "bb7f8020e23fc214970f839ef3e6fce001e16084",
            "messageTitle": "not working code",
            "messageBody": "",
            "insertions": 51,
            "deletions": 77
          },
          {
            "hash": "cfd9d49ea689d818ff67340a26ff68a2c4df6587",
            "messageTitle": "added minor changes to make it finally work",
            "messageBody": "",
            "insertions": 5,
            "deletions": 1
          },
          {
            "hash": "0b9afedd4989799b6dd7166748205ffa3ca59c47",
            "messageTitle": "checkstyle issues",
            "messageBody": "",
            "insertions": 7,
            "deletions": 5
          },
          {
            "hash": "86b8adb7022ccc15cdecf6cc31cc2c6c041b1cd0",
            "messageTitle": "fixed minor changes in editLesson command",
            "messageBody": "",
            "insertions": 2,
            "deletions": 1
          },
          {
            "hash": "3c97ba22f4029e3447286673bceec8b57f148ea9",
            "messageTitle": "removed debugging line",
            "messageBody": "",
            "insertions": 0,
            "deletions": 1
          },
          {
            "hash": "a3a7f49ecc7cf68e71ade434ad774f378d804dd2",
            "messageTitle": "changed edit lesson message usage",
            "messageBody": "",
            "insertions": 1,
            "deletions": 2
          },
          {
            "hash": "34ba4ef20a64332a1df7d0643a2413513cbf5c69",
            "messageTitle": "edited delete lesson command",
            "messageBody": "",
            "insertions": 43,
            "deletions": 10
          },
          {
            "hash": "0676f152da400389a080212d269f95e2be702157",
            "messageTitle": "edited user guide to reflect changes in delete lesson command",
            "messageBody": "",
            "insertions": 1,
            "deletions": 1
          },
          {
            "hash": "9963094465b65f01bf6b6cc7e9541f10cede1e03",
            "messageTitle": "fixed minor writing to json issue",
            "messageBody": "",
            "insertions": 9,
            "deletions": 8
          },
          {
            "hash": "a0daca810ffc6af4610565b886e31a020a65607f",
            "messageTitle": "checkstyle issues",
            "messageBody": "",
            "insertions": 0,
            "deletions": 7
          },
          {
            "hash": "1025b636e439fc15d7c3e522acba2ea02db37a72",
            "messageTitle": "fixed minor json error for lesson",
            "messageBody": "",
            "insertions": 12,
            "deletions": 5
          }
        ]
      },
      {
        "insertions": 47,
        "deletions": 31,
        "date": "2019-11-07",
        "commitResults": [
          {
            "hash": "18d8263d68e33990003260774baade0b9f625099",
            "messageTitle": "fixed reminder issues",
            "messageBody": "",
            "insertions": 20,
            "deletions": 1
          },
          {
            "hash": "055698f64c0ba36d87e48f55423d787810520acf",
            "messageTitle": "cleaned code",
            "messageBody": "",
            "insertions": 13,
            "deletions": 16
          },
          {
            "hash": "98f2e055496a573c958cd881bdb6ae6cc70c3714",
            "messageTitle": "fixed checkstyle issues",
            "messageBody": "",
            "insertions": 4,
            "deletions": 1
          },
          {
            "hash": "829c65b313ac9cd9a3b187a7559103a1c4a739fc",
            "messageTitle": "changed header to \"lessons\"",
            "messageBody": "",
            "insertions": 1,
            "deletions": 1
          },
          {
            "hash": "e7e494ba2d049c0825eab0cb92a1e14e38f4565e",
            "messageTitle": "edit student card",
            "messageBody": "",
            "insertions": 0,
            "deletions": 10
          },
          {
            "hash": "35434447cb4fe1a51e56582abdc4f7785cabeb07",
            "messageTitle": "fixed exit issues",
            "messageBody": "",
            "insertions": 9,
            "deletions": 2
          }
        ]
      },
      {
        "insertions": 139,
        "deletions": 2,
        "date": "2019-11-08",
        "commitResults": [
          {
            "hash": "b5dba94fcd81280aea2fdb9b5f7fe7c66068105f",
            "messageTitle": "show day of week when displaying lesson",
            "messageBody": "",
            "insertions": 10,
            "deletions": 0
          },
          {
            "hash": "7c971f67fc761fdad955259632226afc1e8fed79",
            "messageTitle": "added find command for lesson",
            "messageBody": "",
            "insertions": 129,
            "deletions": 2
          }
        ]
      },
      {
        "insertions": 83,
        "deletions": 232,
        "date": "2019-11-09",
        "commitResults": [
          {
            "hash": "de2ddecec4a214a8c89dc6208e0b9aba5296aadf",
            "messageTitle": "removed Reminder class and moved Scheduler to UI",
            "messageBody": "",
            "insertions": 3,
            "deletions": 221
          },
          {
            "hash": "ee5ce2df3c55bd73186060bae03c2c5648bd42e1",
            "messageTitle": "updated command masterlist",
            "messageBody": "",
            "insertions": 1,
            "deletions": 0
          },
          {
            "hash": "4603caf6f1ab318314064a531368cc2487b8b56c",
            "messageTitle": "prevent clash of lesson timings",
            "messageBody": "",
            "insertions": 68,
            "deletions": 1
          },
          {
            "hash": "c87d0af2a17e00e6ec319837c07fd6b2ac7b8f50",
            "messageTitle": "fixed checkstyle issues",
            "messageBody": "",
            "insertions": 11,
            "deletions": 10
          }
        ]
      },
      {
        "insertions": 247,
        "deletions": 7,
        "date": "2019-11-10",
        "commitResults": [
          {
            "hash": "b26d7d0a1920392b1bae7ee670bfc71ff4ec5d23",
            "messageTitle": "created lesson test",
            "messageBody": "",
            "insertions": 223,
            "deletions": 0
          },
          {
            "hash": "8a29b23e2acdf07792a9468a2453cf8eb2a5e23b",
            "messageTitle": "added class name test",
            "messageBody": "",
            "insertions": 24,
            "deletions": 7
          }
        ]
      },
      {
        "insertions": 889,
        "deletions": 128,
        "date": "2019-11-11",
        "commitResults": [
          {
            "hash": "93208dd28151efc1aaec628a969c196c7a815e5f",
            "messageTitle": "added ppp",
            "messageBody": "",
            "insertions": 50,
            "deletions": 0
          },
          {
            "hash": "9a5e0401cd70b2ea129de7d8c36b5219a0132878",
            "messageTitle": "added to user guide and edited command masterlist",
            "messageBody": "",
            "insertions": 62,
            "deletions": 1
          },
          {
            "hash": "5a70e4353a6893ef2cf7068c577b6ef96147f0b9",
            "messageTitle": "edited ppp",
            "messageBody": "",
            "insertions": 1,
            "deletions": 0
          },
          {
            "hash": "be06fef308c70571dcb1b16745f4b09945a61367",
            "messageTitle": "fixed minor errors",
            "messageBody": "",
            "insertions": 1,
            "deletions": 2
          },
          {
            "hash": "6ffd18b4da451806c9b59220862298ebee4f6c96",
            "messageTitle": "removed listlessons",
            "messageBody": "",
            "insertions": 0,
            "deletions": 28
          },
          {
            "hash": "69953ec485e3830496a503145b577763e5e71fe6",
            "messageTitle": "editing user guide",
            "messageBody": "",
            "insertions": 3,
            "deletions": 3
          },
          {
            "hash": "ac9aa16a26c5f3e7c342f9f67d1c1e5cbb8b47df",
            "messageTitle": "added SchedulingActivityDiagram",
            "messageBody": "",
            "insertions": 7,
            "deletions": 0
          },
          {
            "hash": "1e67b8377b728d19f23ce88ebdf4ee9657a0b39f",
            "messageTitle": "dg puml",
            "messageBody": "",
            "insertions": 40,
            "deletions": 0
          },
          {
            "hash": "4f807b9061b590372d00039b45c438dbf5301940",
            "messageTitle": "checkstyle issues",
            "messageBody": "",
            "insertions": 2,
            "deletions": 2
          },
          {
            "hash": "cb56643d4fe2da5a78e0d631f7cf1eb60d6f3741",
            "messageTitle": "added to dg",
            "messageBody": "",
            "insertions": 4,
            "deletions": 1
          },
          {
            "hash": "37c3a4bcb2390bfcf54c0ba82b234d0150142eda",
            "messageTitle": "finished adding lesson tests",
            "messageBody": "",
            "insertions": 98,
            "deletions": 19
          },
          {
            "hash": "476d9fab1657c56e594aafe039e9e3f829e0a177",
            "messageTitle": "added addLessonCommand tests",
            "messageBody": "",
            "insertions": 459,
            "deletions": 6
          },
          {
            "hash": "0eb313738f41cf5241e685012cbf9170fda1ed2d",
            "messageTitle": "checkstyle issues",
            "messageBody": "",
            "insertions": 17,
            "deletions": 5
          },
          {
            "hash": "22997c152960836edff22473475afb3df4ff9623",
            "messageTitle": "updated user guide and ppp",
            "messageBody": "",
            "insertions": 2,
            "deletions": 1
          },
          {
            "hash": "117c402bea554bcba0326dc70a16a124d209f047",
            "messageTitle": "edited ppp",
            "messageBody": "",
            "insertions": 2,
            "deletions": 0
          },
          {
            "hash": "fac2173eecd8aca1b5d08362a683b5481d7bfcfd",
            "messageTitle": "fixed reminder",
            "messageBody": "",
            "insertions": 3,
            "deletions": 4
          },
          {
            "hash": "eba8fe16bec12ced7d0aaf09bac16a493a5018ea",
            "messageTitle": "added deleteLesson",
            "messageBody": "",
            "insertions": 127,
            "deletions": 0
          },
          {
            "hash": "84c9ddf2583885ae0f9b9bfb62a67a35720e15b1",
            "messageTitle": "last min stuff",
            "messageBody": "",
            "insertions": 9,
            "deletions": 6
          },
          {
            "hash": "ef30d2a713f5f239b6c078901274924fd70f5d5d",
            "messageTitle": "fixed checkstyle",
            "messageBody": "",
            "insertions": 2,
            "deletions": 50
          }
        ]
      }
    ],
    "weikiat97": [
      {
        "insertions": 2,
        "deletions": 3,
        "date": "2019-09-17",
        "commitResults": [
          {
            "hash": "5ce40e3a841f5e81c884be2bc53e2ca64ea17dc6",
            "messageTitle": "Test Travis",
            "messageBody": "",
            "insertions": 1,
            "deletions": 1
          },
          {
            "hash": "1982357309a4033d936501e6b2aee2f4ce8b4fdd",
            "messageTitle": "Added personal token",
            "messageBody": "",
            "insertions": 1,
            "deletions": 2
          }
        ]
      },
      {
        "insertions": 212,
        "deletions": 177,
        "date": "2019-09-26",
        "commitResults": [
          {
            "hash": "034d41a232f0b5f28a122886c84becb1830c41af",
            "messageTitle": "Edited User Guide.",
            "messageBody": "",
            "insertions": 212,
            "deletions": 177
          }
        ]
      },
      {
        "insertions": 106,
        "deletions": 122,
        "date": "2019-09-27",
        "commitResults": [
          {
            "hash": "e66d4923083f4965668b8074ebb152f6acec475b",
            "messageTitle": "Fixed checkstyle on User Guide.",
            "messageBody": "",
            "insertions": 105,
            "deletions": 121
          },
          {
            "hash": "a86a5693b8eebc16e12f9b8e981cf7c96d9e4085",
            "messageTitle": "Changed formatting to \\n",
            "messageBody": "",
            "insertions": 1,
            "deletions": 1
          }
        ]
      },
      {
        "insertions": 64,
        "deletions": 8,
        "date": "2019-09-28",
        "commitResults": [
          {
            "hash": "ac6afd8646bfa18c4c184df0b7864782ae22971c",
            "messageTitle": "Edited UserGuide.",
            "messageBody": "",
            "insertions": 64,
            "deletions": 8
          }
        ]
      },
      {
        "insertions": 1,
        "deletions": 2,
        "date": "2019-10-03",
        "commitResults": [
          {
            "hash": "a37191e1476b68041ff08ae7add2528f57da4ee4",
            "messageTitle": "Removed whitespace.",
            "messageBody": "",
            "insertions": 0,
            "deletions": 1
          },
          {
            "hash": "51d435fd8a81856ac1d6526958a815b1e72362af",
            "messageTitle": "Removed trailing whitespaces.",
            "messageBody": "",
            "insertions": 1,
            "deletions": 1
          }
        ]
      },
      {
        "insertions": 1261,
        "deletions": 1276,
        "date": "2019-10-08",
        "commitResults": [
          {
            "hash": "799ac05e9f5c663ceb239d64134a9694b3bbd7dc",
            "messageTitle": "Renamed all \u0027persons\u0027 to \u0027students\u0027.",
            "messageBody": "",
            "insertions": 1261,
            "deletions": 1276
          }
        ]
      },
      {
        "insertions": 576,
        "deletions": 203,
        "date": "2019-10-09",
        "commitResults": [
          {
            "hash": "9abd7286286b7f7b64e412d3eba24f9da4cb7b58",
            "messageTitle": "Added ParentPhone and MedicalCondition class.",
            "messageBody": "",
            "insertions": 325,
            "deletions": 80
          },
          {
            "hash": "a71ae5f1b84fa7c5b598d679e2c5da65fd1e70a3",
            "messageTitle": "Added checkstyle edits and removed some test cases.",
            "messageBody": "",
            "insertions": 251,
            "deletions": 123
          }
        ]
      },
      {
        "insertions": 1,
        "deletions": 1,
        "date": "2019-10-10",
        "commitResults": [
          {
            "hash": "e519d9fd5e08a65e895dd2fefea095f9175a7049",
            "messageTitle": "Changed the medical condition to be optional when adding students.",
            "messageBody": "",
            "insertions": 1,
            "deletions": 1
          }
        ]
      },
      {
        "insertions": 14,
        "deletions": 18,
        "date": "2019-10-16",
        "commitResults": [
          {
            "hash": "5739c5cdc8ea469e83182cf3e476eda13c3c1d4e",
            "messageTitle": "Edited MedicalCondition to fix bug.",
            "messageBody": "",
            "insertions": 3,
            "deletions": 8
          },
          {
            "hash": "c0b8fe218ccd359cb3a18506923b71a9772c8109",
            "messageTitle": "Update UiManager.java",
            "messageBody": "Updated to fix travis",
            "insertions": 9,
            "deletions": 8
          },
          {
            "hash": "c78358ee47278c90e36c6681c364f2d53d852299",
            "messageTitle": "Update UiManager.java",
            "messageBody": "",
            "insertions": 2,
            "deletions": 2
          }
        ]
      },
      {
        "insertions": 414,
        "deletions": 125,
        "date": "2019-10-17",
        "commitResults": [
          {
            "hash": "0383186be4782ba8d75efc9d00c2eef66787473c",
            "messageTitle": "Added Json saving for assignments.",
            "messageBody": "",
            "insertions": 290,
            "deletions": 16
          },
          {
            "hash": "b1246a8639beb6edd60a4df384cf9ea20beb19d6",
            "messageTitle": "Made minor edits for travis.",
            "messageBody": "",
            "insertions": 20,
            "deletions": 27
          },
          {
            "hash": "d602164b5ac7037c23a61feceafd8a5629ebc71b",
            "messageTitle": "Changed assignment class.",
            "messageBody": "",
            "insertions": 56,
            "deletions": 32
          },
          {
            "hash": "3cd45928d839e6a8e381bc16179e531292caeb28",
            "messageTitle": "Minor changes.",
            "messageBody": "",
            "insertions": 5,
            "deletions": 4
          },
          {
            "hash": "cf643e83c307424bd68cc6ec1faf3723f11d38e5",
            "messageTitle": "Minor edits.",
            "messageBody": "",
            "insertions": 12,
            "deletions": 11
          },
          {
            "hash": "49bd5994a9f9c07b1416aeeb305ddfcf686d45aa",
            "messageTitle": "Fixed checkstyle errors for Travis",
            "messageBody": "",
            "insertions": 31,
            "deletions": 35
          }
        ]
      },
      {
        "insertions": 220,
        "deletions": 3,
        "date": "2019-10-22",
        "commitResults": [
          {
            "hash": "03ad47f15c79c66d7fe0747df0f09882d2bc6a3f",
            "messageTitle": "Undo redo by manage states.",
            "messageBody": "",
            "insertions": 220,
            "deletions": 3
          }
        ]
      },
      {
        "insertions": 415,
        "deletions": 524,
        "date": "2019-10-23",
        "commitResults": [
          {
            "hash": "db60893746687479fb0f557b06fdeb9596fceff2",
            "messageTitle": "Undo redo with state changes.",
            "messageBody": "",
            "insertions": 194,
            "deletions": 87
          },
          {
            "hash": "03829c599498d73d4f87d863dafbdd4a69ee06e7",
            "messageTitle": "Added support for undo redo.",
            "messageBody": "",
            "insertions": 117,
            "deletions": 94
          },
          {
            "hash": "7919b4e300f587b1a671227aee2380d9c593fd67",
            "messageTitle": "Removed comments.",
            "messageBody": "",
            "insertions": 0,
            "deletions": 1
          },
          {
            "hash": "2f901b8ffde41b588f47c95639b856d06b16c849",
            "messageTitle": "Removed one test to pass travis.",
            "messageBody": "",
            "insertions": 2,
            "deletions": 0
          },
          {
            "hash": "61444d8512943c6c6555a2d1fbc0b063968461e2",
            "messageTitle": "Fix more travis errors.",
            "messageBody": "",
            "insertions": 2,
            "deletions": 2
          },
          {
            "hash": "476af8ebb4c355382fb141bbb68b3b0ed42ed2ef",
            "messageTitle": "Updated UG and DG.",
            "messageBody": "",
            "insertions": 79,
            "deletions": 306
          },
          {
            "hash": "d30fc4515aea01dcdfd5279e16586ec3a157424a",
            "messageTitle": "Edited formatting for UG.",
            "messageBody": "",
            "insertions": 21,
            "deletions": 21
          },
          {
            "hash": "ffc31753a77cf5e6addb4c1dcaad6b5bcd0afd34",
            "messageTitle": "Made changes before merging.",
            "messageBody": "",
            "insertions": 0,
            "deletions": 13
          }
        ]
      },
      {
        "insertions": 109,
        "deletions": 51,
        "date": "2019-10-24",
        "commitResults": [
          {
            "hash": "29bfc8bb8c332a52ce02dfe33e7a15cb452623b3",
            "messageTitle": "Fixed a bug in undo/redo where students\u0027 grades are not undone. Edited the diagrams for the DG.",
            "messageBody": "",
            "insertions": 109,
            "deletions": 51
          }
        ]
      },
      {
        "insertions": 334,
        "deletions": 60,
        "date": "2019-10-27",
        "commitResults": [
          {
            "hash": "5837958c723d14fb9fd678a16cbc762dab920277",
            "messageTitle": "Edited the time parsing functions such that end time must be after start time, and that the input date / time must be valid.",
            "messageBody": "",
            "insertions": 49,
            "deletions": 18
          },
          {
            "hash": "629625e8d2f3b9607cf46d81d01eeebedf279af2",
            "messageTitle": "Fixed travis",
            "messageBody": "",
            "insertions": 4,
            "deletions": 1
          },
          {
            "hash": "e5ec820aea3ae397fea1b77269fecd5020854654",
            "messageTitle": "Added GetStudentGradesCommand to allow teachers to pull a specified student\u0027s grades, or retrieve all undone assignments.",
            "messageBody": "",
            "insertions": 281,
            "deletions": 41
          }
        ]
      },
      {
        "insertions": 168,
        "deletions": 39,
        "date": "2019-10-29",
        "commitResults": [
          {
            "hash": "1872839a6e6ff5173539408ec5b76e33577cdbb0",
            "messageTitle": "Added AssignmentDeadline class to Assignments. Modified the JavaFX to show deadlines and also display assignments and students side by side.",
            "messageBody": "",
            "insertions": 168,
            "deletions": 39
          }
        ]
      },
      {
        "insertions": 1004,
        "deletions": 435,
        "date": "2019-10-30",
        "commitResults": [
          {
            "hash": "8b0a5522d2f9c6aea9725ad520b739ab07411e37",
            "messageTitle": "Changed and refactored class names for AddCommand, DeleteCommand, EditCommand, ListCommand to AddStudentCommand, DeleteStudentCommand, EditStudentCommand and ListStudentCommand. Change several command word (addstudent, editstudent, liststudents etc.). Updated the DG and UG with proper names. Cleaned up the code to remove anymore instances of addressbook / persons.",
            "messageBody": "",
            "insertions": 440,
            "deletions": 412
          },
          {
            "hash": "bbda8f23e62c6320d190bfcee5b2e3aff4bf4677",
            "messageTitle": "Added EditAssignmentCommand class. Fixed minor bug where students\u0027 completion state is reflected as \u0027Did not do\u0027 when the assignment is not completed. Sorted assignment list by chronological deadline order. Added AssignmentDeadlineTest, AssignmentNameTest, MedicalConditionTest,ParentPhoneTest.",
            "messageBody": "",
            "insertions": 564,
            "deletions": 23
          }
        ]
      },
      {
        "insertions": 956,
        "deletions": 491,
        "date": "2019-10-31",
        "commitResults": [
          {
            "hash": "46c1a3697c1f97e066dcbaf6bb77ccaf57690e09",
            "messageTitle": "Made a UniqueClassroomList from current LinkedHashMap.",
            "messageBody": "",
            "insertions": 474,
            "deletions": 200
          },
          {
            "hash": "bdc2469b88750e299fb1307d1e42f7653460c886",
            "messageTitle": "Change to UniqueClassroomList",
            "messageBody": "",
            "insertions": 265,
            "deletions": 153
          },
          {
            "hash": "75735b651796081e5aa3383964e19272a4b4c1f7",
            "messageTitle": "Fixed the error for displaying student list.",
            "messageBody": "",
            "insertions": 2,
            "deletions": 2
          },
          {
            "hash": "e5e4b85ad7f0f4f51303898880fa6b4ca4e790af",
            "messageTitle": "Allow main window to update number of students and assignments",
            "messageBody": "",
            "insertions": 2,
            "deletions": 0
          },
          {
            "hash": "38511803931a4a27e911f8b4c036189028f71d02",
            "messageTitle": "Avoid the travis problems.",
            "messageBody": "",
            "insertions": 213,
            "deletions": 136
          }
        ]
      },
      {
        "insertions": 50,
        "deletions": 55,
        "date": "2019-11-01",
        "commitResults": [
          {
            "hash": "e69553e2248ddb4c5393ae5111c1202b128c33c6",
            "messageTitle": "Update LogicManager.java",
            "messageBody": "",
            "insertions": 1,
            "deletions": 1
          },
          {
            "hash": "2ced1b4c283fffd56f9afc5e9c0804199cff1593",
            "messageTitle": "Update EditLessonCommand.java",
            "messageBody": "",
            "insertions": 3,
            "deletions": 3
          },
          {
            "hash": "08167be83be2c12d076744445da89bb1a285ff66",
            "messageTitle": "Update ListLessonCommand.java",
            "messageBody": "",
            "insertions": 1,
            "deletions": 1
          },
          {
            "hash": "04f7e999d5a0ead8fc134875add8facd51df6d26",
            "messageTitle": "Update Notebook.java",
            "messageBody": "",
            "insertions": 1,
            "deletions": 1
          },
          {
            "hash": "6ba331b29ed76c173234ae70942abc09bc7077ae",
            "messageTitle": "Update UniqueLessonWeekList.java",
            "messageBody": "",
            "insertions": 3,
            "deletions": 0
          },
          {
            "hash": "d90eef350a38968a00eaaabfe0a95a295122cef7",
            "messageTitle": "Update MainWindow.java",
            "messageBody": "",
            "insertions": 8,
            "deletions": 5
          },
          {
            "hash": "096deec1d753bac8a11ec5a10d9219b34aa6b769",
            "messageTitle": "Update EditLessonCommand.java",
            "messageBody": "",
            "insertions": 1,
            "deletions": 1
          },
          {
            "hash": "42bf907c572f39ae8b56e6bb1af75a829cf01874",
            "messageTitle": "Update Notebook.java",
            "messageBody": "",
            "insertions": 7,
            "deletions": 7
          },
          {
            "hash": "a435ec55c5e8be52b3ec5cd8c60d38770ccaf1d5",
            "messageTitle": "Update UserGuide.adoc",
            "messageBody": "",
            "insertions": 11,
            "deletions": 22
          },
          {
            "hash": "4c3c34cd35f9d547d3065ac377d75170fec26f20",
            "messageTitle": "Updated UserGuide.adoc.",
            "messageBody": "",
            "insertions": 14,
            "deletions": 14
          }
        ]
      },
      {
        "insertions": 125,
        "deletions": 54,
        "date": "2019-11-03",
        "commitResults": [
          {
            "hash": "a17edb1745401fa0222a16bd8a7624bb20ab79fc",
            "messageTitle": "Some null pointer exceptions.",
            "messageBody": "",
            "insertions": 16,
            "deletions": 7
          },
          {
            "hash": "37c6e49bed1d7855cae2554048385bf646491ea2",
            "messageTitle": "Able to update on the backend.",
            "messageBody": "",
            "insertions": 107,
            "deletions": 47
          },
          {
            "hash": "76d956dc722b8af5ae5a33e537b27ca9728e6a9a",
            "messageTitle": "Displays on the screen, but does not work for assignments at all.",
            "messageBody": "",
            "insertions": 2,
            "deletions": 0
          }
        ]
      },
      {
        "insertions": 145,
        "deletions": 36,
        "date": "2019-11-04",
        "commitResults": [
          {
            "hash": "1449f62a59ed3de7011870fa5cf6021b74149db1",
            "messageTitle": "Undo redo now works for lesson lists.",
            "messageBody": "",
            "insertions": 92,
            "deletions": 24
          },
          {
            "hash": "584e200f2dee8232ac342d333c72c907d5e307dc",
            "messageTitle": "Undo redo works mostly. Fixed a bug in set classes.",
            "messageBody": "However, after undo / redo, difficulties adding items. Check again tomorrow.\n",
            "insertions": 53,
            "deletions": 12
          }
        ]
      },
      {
        "insertions": 613,
        "deletions": 373,
        "date": "2019-11-05",
        "commitResults": [
          {
            "hash": "77b4288ea9e86fb75777ee6af19bb2aa28ce3ab8",
            "messageTitle": "Undo redo was still working, but subsequent actions after that is iffy.",
            "messageBody": "",
            "insertions": 15,
            "deletions": 3
          },
          {
            "hash": "52c750f50641c53585e8a1e2d8e7f4542d0f67f0",
            "messageTitle": "Undo redo finally works after so long. But the list upon undoing will go back to show the student list even if it was on the assignment list.",
            "messageBody": "",
            "insertions": 101,
            "deletions": 68
          },
          {
            "hash": "54220b131abe1592c3de9007f37fa41e4889b659",
            "messageTitle": "Finally semi working undo-redo. Fixed travis to push.",
            "messageBody": "",
            "insertions": 41,
            "deletions": 167
          },
          {
            "hash": "06d5c44f03bd51dbc99556bf85f157209432fb8a",
            "messageTitle": "Added DeleteClassroomCommand.",
            "messageBody": "",
            "insertions": 141,
            "deletions": 7
          },
          {
            "hash": "640ba92bdeadb7e212a14478eecb0a0d22c1d124",
            "messageTitle": "Resolved issue #153 (made the grades instructions more intuitive), issue #152 (specified that the marks should be between 0 to 100), and issue #146 (updated UG with correct information).",
            "messageBody": "",
            "insertions": 21,
            "deletions": 17
          },
          {
            "hash": "9a84ad10a8185eb6fc04b529910ccd1152bdc40b",
            "messageTitle": "Revert \"Resolved issue #153 (made the grades instructions more intuitive), issue #152 (specified that the marks should be between 0 to 100), and issue #146 (updated UG with correct information).\"",
            "messageBody": "This reverts commit 640ba92bdeadb7e212a14478eecb0a0d22c1d124.\n",
            "insertions": 17,
            "deletions": 21
          },
          {
            "hash": "812bab9e77e8b0f70f89e139caa0919940f9a9d2",
            "messageTitle": "Edited tests",
            "messageBody": "",
            "insertions": 7,
            "deletions": 7
          },
          {
            "hash": "abc9505c089f8a0277233e7ea0bad3c8fcdb6fc8",
            "messageTitle": "Fixed issues #130 (viewing students after findstudent), #134 (added find assignment class), #145 (added set class details in command summary),",
            "messageBody": "",
            "insertions": 135,
            "deletions": 4
          },
          {
            "hash": "b4acbfc70bde38d703b16cb0950543bfb6e188a3",
            "messageTitle": "Fixed issue #129 (made taggings more appropriate for students).",
            "messageBody": "",
            "insertions": 6,
            "deletions": 6
          },
          {
            "hash": "71f62c82ae585315fd2708e463382c1383a936a2",
            "messageTitle": "Fixed some commands and also made some edits from previous PR.",
            "messageBody": "",
            "insertions": 43,
            "deletions": 30
          },
          {
            "hash": "0c7409161b7ec6f4d9018882c63b745026bea7c9",
            "messageTitle": "Fixed travis.",
            "messageBody": "",
            "insertions": 0,
            "deletions": 1
          },
          {
            "hash": "962634de1fa5bd4624be7c9383b2e7a6e45368b1",
            "messageTitle": "Some edits before merging.",
            "messageBody": "",
            "insertions": 22,
            "deletions": 6
          },
          {
            "hash": "c79c53bdc81041c24b95deded869b9e1d6eb1b05",
            "messageTitle": "Fixed issue #125 (changed the format), #122 (added additional check for arguments for edit lesson command), #121 (user guide error), #117 (error with initialising).",
            "messageBody": "",
            "insertions": 57,
            "deletions": 34
          },
          {
            "hash": "449d5d93293bd3d924b972b9745c710594dddb23",
            "messageTitle": "Fixed travis.",
            "messageBody": "",
            "insertions": 7,
            "deletions": 2
          }
        ]
      },
      {
        "insertions": 344,
        "deletions": 159,
        "date": "2019-11-06",
        "commitResults": [
          {
            "hash": "5bf76c998deb50fa0b0b644bd53886cfd0f43d99",
            "messageTitle": "Fixed issue #113 (added check for whether phone and parent phone are the same).",
            "messageBody": "",
            "insertions": 24,
            "deletions": 3
          },
          {
            "hash": "ae3600d6a3a6a6791183be0a530c40477929586c",
            "messageTitle": "Fixed issue #110",
            "messageBody": "",
            "insertions": 2,
            "deletions": 2
          },
          {
            "hash": "71c1be905a9dbbe043d117593e81bf53f11242fc",
            "messageTitle": "Update user guide with undo / redo.",
            "messageBody": "",
            "insertions": 2,
            "deletions": 1
          },
          {
            "hash": "14947f14976015f40169948fea35e2c2ecc56dcb",
            "messageTitle": "Made another change to the tagset.",
            "messageBody": "",
            "insertions": 1,
            "deletions": 1
          },
          {
            "hash": "b6be46b1ffc75530e6215723d77205a08c172b0f",
            "messageTitle": "Populated SampleDataUtil with more classes, lessons and students.",
            "messageBody": "",
            "insertions": 129,
            "deletions": 25
          },
          {
            "hash": "3f7a5749d2abdeb1f3df75ebc5509b50a2fe375e",
            "messageTitle": "Fixed travis and fixed the delete lesson command instructions in command master list.",
            "messageBody": "",
            "insertions": 31,
            "deletions": 31
          },
          {
            "hash": "3b18fec0c67f67ea67c56ba29a23177dd40b8f13",
            "messageTitle": "Refactored out GetUnsubmittedAssignmentsCommand from GetStudentGradesCommand.",
            "messageBody": "",
            "insertions": 87,
            "deletions": 83
          },
          {
            "hash": "b71c07f01398a21e1277ddec15dcd7b71029004c",
            "messageTitle": "Updated UI picture with populated data. Fixed the GUI such that it scales properly now.",
            "messageBody": "",
            "insertions": 7,
            "deletions": 7
          },
          {
            "hash": "3cc8fec6a45944b6a1fe28ad695b548db7d2f212",
            "messageTitle": "Fixed bug where a corrupted notebook.json cannot be opened.",
            "messageBody": "",
            "insertions": 5,
            "deletions": 1
          },
          {
            "hash": "a08a9a29b199084bb8f37befb9e73f3a48edbffe",
            "messageTitle": "Assignment deadlines must not be before the current system time.",
            "messageBody": "",
            "insertions": 7,
            "deletions": 1
          },
          {
            "hash": "b66ed37df48d4ed1f23c065429e2eacbb826f670",
            "messageTitle": "Changed description of isValidGrade",
            "messageBody": "",
            "insertions": 1,
            "deletions": 1
          },
          {
            "hash": "fc9d48b2b42ee5b727e0a1efba1fc703b4d18323",
            "messageTitle": "Added lesson comparator and some proposed features.",
            "messageBody": "",
            "insertions": 46,
            "deletions": 1
          },
          {
            "hash": "7cc2605b4d9089ae6d6d2e5231fc8d7433052cf3",
            "messageTitle": "Updated README with Coveralls and Appveyor, and set up the applications as well.",
            "messageBody": "",
            "insertions": 2,
            "deletions": 2
          }
        ]
      },
      {
        "insertions": 114,
        "deletions": 18,
        "date": "2019-11-07",
        "commitResults": [
          {
            "hash": "ef42038977403552c691dfd40888b35a877eebf6",
            "messageTitle": "Updated README.adoc",
            "messageBody": "",
            "insertions": 1,
            "deletions": 1
          },
          {
            "hash": "50a34ac8ed962fcd26eef581c3418af90e62533b",
            "messageTitle": "Edited clear command. Updated UG.",
            "messageBody": "",
            "insertions": 110,
            "deletions": 10
          },
          {
            "hash": "4cb90df830fdc4af4c0857e416c28204a9d793aa",
            "messageTitle": "Changed Main Window scalability",
            "messageBody": "",
            "insertions": 1,
            "deletions": 1
          },
          {
            "hash": "9267cd98b9501b8add15344f24e74b0d74a6f230",
            "messageTitle": "Changed the setting for lessons to fix undo redo bug, and made duplicate student more strict.",
            "messageBody": "",
            "insertions": 2,
            "deletions": 6
          }
        ]
      },
      {
        "insertions": 737,
        "deletions": 444,
        "date": "2019-11-08",
        "commitResults": [
          {
            "hash": "4d1afec5fca7bc7fa3b3f8c5c4c0e582fa881939",
            "messageTitle": "Changed window size",
            "messageBody": "",
            "insertions": 3,
            "deletions": 3
          },
          {
            "hash": "ccfad7231f58d27519f7fdb836aebdecfb2ad18d",
            "messageTitle": "Updated UG for Students.",
            "messageBody": "",
            "insertions": 453,
            "deletions": 267
          },
          {
            "hash": "634c20a8f8e0e1b4162ec5501f48e4a7dc33eaa6",
            "messageTitle": "Fixed travis test.",
            "messageBody": "",
            "insertions": 3,
            "deletions": 22
          },
          {
            "hash": "4605ab357e9135b8d96fa0f0c673bfcb325273e5",
            "messageTitle": "Halfway through editing DG\u0027s current PUML diagrams to fit our current system.",
            "messageBody": "",
            "insertions": 84,
            "deletions": 45
          },
          {
            "hash": "bfd797b8d497aac72da2fb374d72537aa57bbfb7",
            "messageTitle": "Edited DG to suit current system.",
            "messageBody": "",
            "insertions": 50,
            "deletions": 50
          },
          {
            "hash": "24d24e24be86915169f5069de86744b4f8168bfe",
            "messageTitle": "Added tests for students and AddStudentCommandTest.",
            "messageBody": "",
            "insertions": 144,
            "deletions": 57
          }
        ]
      },
      {
        "insertions": 665,
        "deletions": 485,
        "date": "2019-11-09",
        "commitResults": [
          {
            "hash": "e0f188173d0fd891d0e8cb7c583ef31bec72aba4",
            "messageTitle": "Fixed preexisting tests for logic package, except for 6 tests (will do tomorrow).",
            "messageBody": "",
            "insertions": 665,
            "deletions": 485
          }
        ]
      },
      {
        "insertions": 1637,
        "deletions": 279,
        "date": "2019-11-10",
        "commitResults": [
          {
            "hash": "e480166e3af3e20ff5d8d6addadd479bfca845a6",
            "messageTitle": "2 Failing Cases from DeleteStudentCommandTest and 1 from JsonNotebookStorageTest.",
            "messageBody": "",
            "insertions": 414,
            "deletions": 10
          },
          {
            "hash": "5f113cc23a836ab66385f56e607c139d93ab08ac",
            "messageTitle": "Fix travis.",
            "messageBody": "",
            "insertions": 1,
            "deletions": 1
          },
          {
            "hash": "2957980439cdba1613f277421b4a0824605fe315",
            "messageTitle": "Fixed travis.",
            "messageBody": "",
            "insertions": 3,
            "deletions": 3
          },
          {
            "hash": "1fa90ea3f7d3e14325f78fda839c9bbe3bd0d545",
            "messageTitle": "Fixed Travis.",
            "messageBody": "",
            "insertions": 3,
            "deletions": 0
          },
          {
            "hash": "3bc65c418a7b23638b9214e0cb7bd9c0d34d5c85",
            "messageTitle": "Fixed merging issues.",
            "messageBody": "",
            "insertions": 13,
            "deletions": 3
          },
          {
            "hash": "56941b1ebb5911aa187d15bc7be131f16e6ff1e6",
            "messageTitle": "Fixed Travis Errors. JsonNotebookStorageTest 72 JsonNotebookStorageTest 79 JsonNotebookStorageTest 85 DeleteStudentCommandTest 40 DeleteStudentCommandTest 66 Yet to pass.",
            "messageBody": "",
            "insertions": 152,
            "deletions": 77
          },
          {
            "hash": "ecc739ffd715519e72cc430e50793aca26821fcc",
            "messageTitle": "Finished model.classroom tests",
            "messageBody": "",
            "insertions": 709,
            "deletions": 87
          },
          {
            "hash": "bb5e8f7a33e952d63a5b47948bf57e08255f4904",
            "messageTitle": "Added some tests for logic.command for assignments, model.classroom, Caretaker, Memento and Notebook",
            "messageBody": "",
            "insertions": 297,
            "deletions": 51
          },
          {
            "hash": "c616e610f20b218e4c3d991b6c91ad7668e5e21a",
            "messageTitle": "Update ResetPicCommandTest.java",
            "messageBody": "",
            "insertions": 1,
            "deletions": 1
          },
          {
            "hash": "60afd8ac0480196d86532700b7331677e86a56b8",
            "messageTitle": "Update ResetPicCommandParserTest.java",
            "messageBody": "",
            "insertions": 2,
            "deletions": 2
          },
          {
            "hash": "24e4affb01de2ab528b33776351a354be2e55584",
            "messageTitle": "Update ResetPicCommandTest.java",
            "messageBody": "",
            "insertions": 1,
            "deletions": 1
          },
          {
            "hash": "5eb77b2fef5990df4ac2401949cd8d08feca23e1",
            "messageTitle": "Update UniqueAssignmentListTest.java",
            "messageBody": "",
            "insertions": 25,
            "deletions": 25
          },
          {
            "hash": "17b2339d58acd5790ddb677b6ac79f39391a8863",
            "messageTitle": "Update UniqueAssignmentListTest.java",
            "messageBody": "",
            "insertions": 1,
            "deletions": 1
          },
          {
            "hash": "5a941d04eb94aaf843a7caf89bb15199ee7d5ee7",
            "messageTitle": "Update TypicalAssignments.java",
            "messageBody": "",
            "insertions": 4,
            "deletions": 4
          },
          {
            "hash": "7f8c34028ed00d76a7de6c77133dcfb5a880a301",
            "messageTitle": "Update TypicalIndexes.java",
            "messageBody": "",
            "insertions": 3,
            "deletions": 3
          },
          {
            "hash": "c28c868ae1a84b9f286f9c3a8b1eed7a7cecbd32",
            "messageTitle": "Fixed merge conflicts when refactoring ASSIGNMENT_ONE, ASSIGNMENT_TWO, INDEX_FIRST_STUDENT, INDEX_SECOND_STUDENT, INDEX_THIRD_STUDENT.",
            "messageBody": "",
            "insertions": 7,
            "deletions": 7
          },
          {
            "hash": "9cf2ce002d19a887732eacdbb9d9d808f37a0887",
            "messageTitle": "Fixed undo-redo bug.",
            "messageBody": "",
            "insertions": 1,
            "deletions": 3
          }
        ]
      },
      {
        "insertions": 1219,
        "deletions": 1112,
        "date": "2019-11-11",
        "commitResults": [
          {
            "hash": "1a35815d3890badff49aad03a3cf6e9760638a3a",
            "messageTitle": "Updated DG, UG and PPP.",
            "messageBody": "",
            "insertions": 221,
            "deletions": 30
          },
          {
            "hash": "6743be54a031945523782d30316759653cec118c",
            "messageTitle": "Made documentation changes and javadocs comments. Made the overall code neater and more readable to future developers.",
            "messageBody": "",
            "insertions": 476,
            "deletions": 923
          },
          {
            "hash": "6a03efb69b31faab11890bc54d29619587b43d6c",
            "messageTitle": "Fixed Travis.",
            "messageBody": "",
            "insertions": 0,
            "deletions": 2
          },
          {
            "hash": "de7bc43b01c55a0b863f21c7c3623904054a47a4",
            "messageTitle": "Added JsonSerializableClassroomTest.",
            "messageBody": "",
            "insertions": 163,
            "deletions": 58
          },
          {
            "hash": "103dff8375b8c3095e7a453f3627ac0672026e88",
            "messageTitle": "Added JsonAdaptedAssignmentTest.",
            "messageBody": "",
            "insertions": 69,
            "deletions": 2
          },
          {
            "hash": "53cca3c1c281fc36c75c62fa68875b2dffa227ae",
            "messageTitle": "Fixed issue where the assignments were unable to update the new students name after editing.",
            "messageBody": "",
            "insertions": 64,
            "deletions": 0
          },
          {
            "hash": "0329e8bfe73b13de7e304cf52011ca2c374568fa",
            "messageTitle": "Fixed travis.",
            "messageBody": "",
            "insertions": 2,
            "deletions": 27
          },
          {
            "hash": "b9dc976a9b97b91955a503c51dc2339821c007c1",
            "messageTitle": "Fixed more travis.",
            "messageBody": "",
            "insertions": 1,
            "deletions": 6
          },
          {
            "hash": "99c9b4933f8f9e80e8624d84f240542185ff71da",
            "messageTitle": "Please fix travis.",
            "messageBody": "",
            "insertions": 10,
            "deletions": 3
          },
          {
            "hash": "741eb0849b96a9944f54e89b03d51f06674e2aa1",
            "messageTitle": "Fixed travis.",
            "messageBody": "",
            "insertions": 8,
            "deletions": 8
          },
          {
            "hash": "d459ffdedb0418a79fc7fcf0f0fcd604b7f71bc3",
            "messageTitle": "Added UndoCommandTest and RedoCommandTest.",
            "messageBody": "",
            "insertions": 104,
            "deletions": 1
          },
          {
            "hash": "7342c7767f8509b05849b4dd5e730af58a2b81ad",
            "messageTitle": "Updated UserGuide with all the commands that were left out, and added Command Summary.",
            "messageBody": "",
            "insertions": 82,
            "deletions": 45
          },
          {
            "hash": "fac8cae053616dfc6ceb96844bfd43cfb5f67392",
            "messageTitle": "Updated DG.",
            "messageBody": "",
            "insertions": 19,
            "deletions": 7
          }
        ]
      }
    ]
  },
  "authorFinalContributionMap": {
    "SebastianLie": 2755,
    "Xelyion": 2341,
    "sheryltay28": 2625,
    "weikiat97": 7660
  },
  "authorFileTypeContributionMap": {
    "SebastianLie": {
      "docs": 387,
      "tests": 890,
      "functional": 1320,
      "other": 158
    },
    "Xelyion": {
      "docs": 220,
      "tests": 136,
      "functional": 1969,
      "other": 16
    },
    "sheryltay28": {
      "docs": 160,
      "tests": 863,
      "functional": 1564,
      "other": 38
    },
    "weikiat97": {
      "docs": 494,
      "tests": 3318,
      "functional": 3558,
      "other": 290
    }
  },
  "authorContributionVariance": {
    "SebastianLie": 47868.527,
    "Xelyion": 99793.85,
    "sheryltay28": 26309.592,
    "weikiat97": 315458.3
  },
  "authorDisplayNameMap": {
    "SebastianLie": "CS2103-T14-1 SEBAS ...  YONG",
    "Xelyion": "CS2103-T14-1 YOON  ... , KEN",
    "sheryltay28": "CS2103-T14-1 TAY S ... HERYL",
    "weikiat97": "CS2103-T14-1 LOH W ...  KIAT"
  }
}
