{
  "authorDailyContributionsMap": {
    "dawo5010": [
      {
        "insertions": 35,
        "deletions": 36,
        "date": "2019-09-23",
        "commitResults": [
          {
            "hash": "9db21b905880c8ad8736685332ab861380d09a48",
            "messageTitle": "Updated About Us page.",
            "messageBody": "",
            "insertions": 16,
            "deletions": 18
          },
          {
            "hash": "993c6092d598015189365be736788ac8a3d59603",
            "messageTitle": "Updated About Us page.",
            "messageBody": "",
            "insertions": 5,
            "deletions": 5
          },
          {
            "hash": "ff7032397be85e5bacd390a9449044344387b787",
            "messageTitle": "Updated About Us and Contact Us pages.",
            "messageBody": "",
            "insertions": 14,
            "deletions": 13
          }
        ]
      },
      {
        "insertions": 7,
        "deletions": 7,
        "date": "2019-09-24",
        "commitResults": [
          {
            "hash": "ef3d40f917f7fa56b3cc35c48ab00d3cef8b8abf",
            "messageTitle": "Updated header with group info.",
            "messageBody": "",
            "insertions": 6,
            "deletions": 6
          },
          {
            "hash": "082c45ca366241a474029249ea1cec212c0d9a25",
            "messageTitle": "Fixed spacing in header.",
            "messageBody": "",
            "insertions": 1,
            "deletions": 1
          }
        ]
      },
      {
        "insertions": 148,
        "deletions": 36,
        "date": "2019-09-30",
        "commitResults": [
          {
            "hash": "8eb3614cb48350b0923c0a96ea6ca3a61fe072cf",
            "messageTitle": "UI work: MainWindow and Overview tab done.",
            "messageBody": "",
            "insertions": 148,
            "deletions": 36
          }
        ]
      },
      {
        "insertions": 638,
        "deletions": 224,
        "date": "2019-10-01",
        "commitResults": [
          {
            "hash": "304d17d881d9da450f48a46d2de2a2f45d0bc083",
            "messageTitle": "Finished preliminary UI design.",
            "messageBody": "",
            "insertions": 510,
            "deletions": 77
          },
          {
            "hash": "09e1f773914838a220a04a377b470ce47e015496",
            "messageTitle": "Moved Lion into its own separate UI component.",
            "messageBody": "",
            "insertions": 128,
            "deletions": 147
          }
        ]
      },
      {
        "insertions": 471,
        "deletions": 146,
        "date": "2019-10-09",
        "commitResults": [
          {
            "hash": "336753d4993dd683dd9113a9402ebf05278023c8",
            "messageTitle": "Fixed checkstyle errors for all classes.",
            "messageBody": "",
            "insertions": 471,
            "deletions": 146
          }
        ]
      },
      {
        "insertions": 112,
        "deletions": 130,
        "date": "2019-10-10",
        "commitResults": [
          {
            "hash": "63a21ac9d6e8c002373312ebead69b33c734110e",
            "messageTitle": "Fixed UI for all tabs except Overview.",
            "messageBody": "",
            "insertions": 112,
            "deletions": 130
          }
        ]
      },
      {
        "insertions": 895,
        "deletions": 36,
        "date": "2019-10-12",
        "commitResults": [
          {
            "hash": "989389aaea0ffe6f366d58948abed566bdc578fd",
            "messageTitle": "Implemented models and storage for Overview.",
            "messageBody": "",
            "insertions": 895,
            "deletions": 36
          }
        ]
      },
      {
        "insertions": 504,
        "deletions": 277,
        "date": "2019-10-13",
        "commitResults": [
          {
            "hash": "df16e4ff17f46aaed1694df7e5ccd5b5aa51d696",
            "messageTitle": "Finished implementing Overview model, logic and parser.",
            "messageBody": "",
            "insertions": 195,
            "deletions": 161
          },
          {
            "hash": "f291c79f51e8fbc5d389841e21f63c71df82d64a",
            "messageTitle": "Removed unnecessary imports.",
            "messageBody": "",
            "insertions": 0,
            "deletions": 1
          },
          {
            "hash": "e957676179b8fdb2e2916a2e77a2b4e0f6847cf1",
            "messageTitle": "Implemented overview UI integration: displays summary figures and goal amounts.",
            "messageBody": "",
            "insertions": 117,
            "deletions": 22
          },
          {
            "hash": "3cc5bc3dc040167df7f0de726fd8fc66e9dbd882",
            "messageTitle": "Fixed checkstyle-related errors for Overview, Ui and Person sections.",
            "messageBody": "",
            "insertions": 192,
            "deletions": 93
          }
        ]
      },
      {
        "insertions": 128,
        "deletions": 77,
        "date": "2019-10-14",
        "commitResults": [
          {
            "hash": "e95e0c7e511cb8e85c67862fb74f0e1abcceb048",
            "messageTitle": "Fixed issues with loading from file. Implemented Pie Chart for expenses.",
            "messageBody": "",
            "insertions": 67,
            "deletions": 9
          },
          {
            "hash": "3968a16a3c5d4d7f3a599183a9429eba281b1af2",
            "messageTitle": "Update README.adoc, Overview fxml.",
            "messageBody": "",
            "insertions": 1,
            "deletions": 1
          },
          {
            "hash": "d65c8145a4c596a7051f92865ec6635aff1d63e6",
            "messageTitle": "Fixed Inventory UI.",
            "messageBody": "",
            "insertions": 12,
            "deletions": 36
          },
          {
            "hash": "ad4f3e2054df7684e8fb4bcb6e8b7a30e28ab050",
            "messageTitle": "Fixed checkstyle errors.",
            "messageBody": "",
            "insertions": 9,
            "deletions": 8
          },
          {
            "hash": "34f8a5448821592ba66c92067cfc134f181abcbe",
            "messageTitle": "Fixed checkstyle errors across all classes. Modified Travis to skip JUnit tests for the time being.",
            "messageBody": "",
            "insertions": 38,
            "deletions": 23
          },
          {
            "hash": "d14d35102e2fbfd216ab850738e614bc540e4201",
            "messageTitle": "Added Coveralls.",
            "messageBody": "",
            "insertions": 1,
            "deletions": 0
          }
        ]
      },
      {
        "insertions": 399,
        "deletions": 645,
        "date": "2019-10-15",
        "commitResults": [
          {
            "hash": "62d0a762e73cc847335bb5598a9486ff790a7a59",
            "messageTitle": "Removed unnecessary UI classes and some code.",
            "messageBody": "",
            "insertions": 9,
            "deletions": 115
          },
          {
            "hash": "d8515bf8cee525c1039abc41e02165a07c5cba45",
            "messageTitle": "Implemented inventory pie chart.",
            "messageBody": "",
            "insertions": 74,
            "deletions": 272
          },
          {
            "hash": "b297a919853bdbcfbf9ef4a0a7cb955deb599bb4",
            "messageTitle": "Decoupled all *Messages classes from any dependencies.",
            "messageBody": "",
            "insertions": 139,
            "deletions": 156
          },
          {
            "hash": "7c5e047eb2c7510fec60a61b78d44be24626fe5d",
            "messageTitle": "Set framework for UiLogic.",
            "messageBody": "",
            "insertions": 50,
            "deletions": 5
          },
          {
            "hash": "7a2a52e65ab04a04f0737eaa2c46ed1bb5582bbd",
            "messageTitle": "Removed unused feedbackToUser strings in CommandResult.",
            "messageBody": "",
            "insertions": 5,
            "deletions": 18
          },
          {
            "hash": "1bf1e54db19a63f05527eba7a1bab1a9b6443f7c",
            "messageTitle": "Implemented go and exit commands using new UiLogic.",
            "messageBody": "",
            "insertions": 119,
            "deletions": 75
          },
          {
            "hash": "7db921e1f6d4d369d8e7d3a666355064a2f9fd5a",
            "messageTitle": "Fixed checkstyle error.",
            "messageBody": "",
            "insertions": 1,
            "deletions": 2
          },
          {
            "hash": "3bf0bd4eaa463d171db0408be8dd6457cf81d4cd",
            "messageTitle": "Fixed checkstyle error.",
            "messageBody": "",
            "insertions": 2,
            "deletions": 2
          }
        ]
      },
      {
        "insertions": 52,
        "deletions": 5,
        "date": "2019-10-16",
        "commitResults": [
          {
            "hash": "4dca9854694e5cfedaf24384e897b728e702fffe",
            "messageTitle": "Changed app title to treasurerPro(tP)",
            "messageBody": "",
            "insertions": 52,
            "deletions": 5
          }
        ]
      },
      {
        "insertions": 43,
        "deletions": 14,
        "date": "2019-10-19",
        "commitResults": [
          {
            "hash": "081bb234d0479739247155b21bb3b09438cbed49",
            "messageTitle": "Modified Cashier UI.",
            "messageBody": "",
            "insertions": 43,
            "deletions": 14
          }
        ]
      },
      {
        "insertions": 148,
        "deletions": 217,
        "date": "2019-10-22",
        "commitResults": [
          {
            "hash": "e646e7f61ab16093c87b0a3b6bbd053f5e34400c",
            "messageTitle": "Styled UI. First iteration of chat-style Leo.",
            "messageBody": "",
            "insertions": 142,
            "deletions": 185
          },
          {
            "hash": "6f4b789d01e9444b33364c6245039dd096eec09f",
            "messageTitle": "Fixed Checkstyle errors.",
            "messageBody": "",
            "insertions": 6,
            "deletions": 5
          },
          {
            "hash": "8936308ecb71cc6808781eeeabcdeb34f5642a3e",
            "messageTitle": "Removed unnecessary files, updated Ui.png.",
            "messageBody": "",
            "insertions": 0,
            "deletions": 27
          }
        ]
      },
      {
        "insertions": 218,
        "deletions": 99,
        "date": "2019-10-23",
        "commitResults": [
          {
            "hash": "bf2f9ea7c1fd5443105b68ea5ad955fd81b2ace7",
            "messageTitle": "Sales and Budget charts finished.",
            "messageBody": "",
            "insertions": 91,
            "deletions": 41
          },
          {
            "hash": "c6acd60ca4da8d6ac8c57efa7c2a0ae5bc424dba",
            "messageTitle": "Fortified exception handling within Overview, updated DG Architecture Diagram.",
            "messageBody": "",
            "insertions": 127,
            "deletions": 58
          }
        ]
      },
      {
        "insertions": 45,
        "deletions": 21,
        "date": "2019-10-24",
        "commitResults": [
          {
            "hash": "f4b56c67442eefbc9e62a443d662b869f1b76319",
            "messageTitle": "Added Architecture sequence diagram, updated UI component.",
            "messageBody": "",
            "insertions": 21,
            "deletions": 11
          },
          {
            "hash": "dd186a0b4fb901e214e1026675155f203a6c74ef",
            "messageTitle": "Updated architecture diagram.",
            "messageBody": "",
            "insertions": 24,
            "deletions": 10
          }
        ]
      },
      {
        "insertions": 10,
        "deletions": 8,
        "date": "2019-10-25",
        "commitResults": [
          {
            "hash": "3361d78f45123b16d8c2cab5c8d0e6bc3ba37c7c",
            "messageTitle": "Revised DG Section 2.",
            "messageBody": "",
            "insertions": 9,
            "deletions": 7
          },
          {
            "hash": "5c3facbacb4c4d9bce0b2ad4b5f8f223da21171a",
            "messageTitle": "Fixed minor format error.",
            "messageBody": "",
            "insertions": 1,
            "deletions": 1
          }
        ]
      }
    ],
    "EvonDong": [
      {
        "insertions": 7,
        "deletions": 0,
        "date": "2019-09-23",
        "commitResults": [
          {
            "hash": "b78e7e10b41d3cb0f8f288077012bed512d42523",
            "messageTitle": "Add new glossary terms",
            "messageBody": "",
            "insertions": 7,
            "deletions": 0
          }
        ]
      },
      {
        "insertions": 10,
        "deletions": 2,
        "date": "2019-09-24",
        "commitResults": [
          {
            "hash": "6a0114ccb324b662e1cacfbcbd43f24dde484fa5",
            "messageTitle": "Add glossary after solving conflict",
            "messageBody": "",
            "insertions": 8,
            "deletions": 0
          },
          {
            "hash": "c6469db1d41aa69f8019f006be34b4bce5384caa",
            "messageTitle": "Edit glossary",
            "messageBody": "",
            "insertions": 2,
            "deletions": 2
          }
        ]
      },
      {
        "insertions": 235,
        "deletions": 107,
        "date": "2019-10-01",
        "commitResults": [
          {
            "hash": "b111a073997c74bf87d6b14f4391401ab7174b6e",
            "messageTitle": "Add Item class",
            "messageBody": "",
            "insertions": 127,
            "deletions": 0
          },
          {
            "hash": "131720f4c477cdb2ea433263bc5fa98634f6726e",
            "messageTitle": "Change location of Item class",
            "messageBody": "",
            "insertions": 108,
            "deletions": 107
          }
        ]
      },
      {
        "insertions": 1711,
        "deletions": 812,
        "date": "2019-10-09",
        "commitResults": [
          {
            "hash": "124b97ada569f9b9d12ae46118d4801fb2c6547e",
            "messageTitle": "Add cashier classes",
            "messageBody": "",
            "insertions": 1014,
            "deletions": 0
          },
          {
            "hash": "d78cd1b9f8e1cc778e4d4ae01cfbd1aab5eb7d14",
            "messageTitle": "Add changes to inventory",
            "messageBody": "",
            "insertions": 99,
            "deletions": 89
          },
          {
            "hash": "6bf79f52fa14f03cc62392a01fa51a03a0f275bc",
            "messageTitle": "Sync inventory with casher",
            "messageBody": "",
            "insertions": 102,
            "deletions": 35
          },
          {
            "hash": "d490fff3ec9e835ce8c58966a3a81df4b00f45f9",
            "messageTitle": "Solve conflicts",
            "messageBody": "",
            "insertions": 0,
            "deletions": 517
          },
          {
            "hash": "5f8cda3d3ca59b03707e973957de1ddb86e7ba7d",
            "messageTitle": "Edit Cashier classes",
            "messageBody": "",
            "insertions": 449,
            "deletions": 97
          },
          {
            "hash": "f95da862a7b98c19d57582af391b777efd112f3c",
            "messageTitle": "Clean up conflicts",
            "messageBody": "",
            "insertions": 29,
            "deletions": 50
          },
          {
            "hash": "4a99f6432c05c1e75157438c8efcc6d34bc066be",
            "messageTitle": "Comment out salesList",
            "messageBody": "",
            "insertions": 2,
            "deletions": 6
          },
          {
            "hash": "26d49578f3336666d706417630500bcf6edc610c",
            "messageTitle": "Comment out unnecessary classes",
            "messageBody": "",
            "insertions": 2,
            "deletions": 6
          },
          {
            "hash": "89f259f3b88ae17a0aaaa3e0114152fa55e4c4e0",
            "messageTitle": "Integrate cashier logic in mainwindow",
            "messageBody": "",
            "insertions": 14,
            "deletions": 12
          }
        ]
      },
      {
        "insertions": 40,
        "deletions": 24,
        "date": "2019-10-11",
        "commitResults": [
          {
            "hash": "d326e191c63ada497bbffb8d26047532c98dc139",
            "messageTitle": "Integrate cashier",
            "messageBody": "",
            "insertions": 40,
            "deletions": 24
          }
        ]
      },
      {
        "insertions": 752,
        "deletions": 285,
        "date": "2019-10-12",
        "commitResults": [
          {
            "hash": "8b05a69d16fb82266fbbd00711cfec52c53749e6",
            "messageTitle": "Integrate to update inventory and transactions. Fix checkout command.",
            "messageBody": "",
            "insertions": 46,
            "deletions": 31
          },
          {
            "hash": "9eb0f5263b29a3138e7e1577567510f429470b0e",
            "messageTitle": "Add javadocs for cashier",
            "messageBody": "",
            "insertions": 706,
            "deletions": 254
          }
        ]
      },
      {
        "insertions": 65,
        "deletions": 91,
        "date": "2019-10-14",
        "commitResults": [
          {
            "hash": "622d025dd3fd26ffcb4fa857b974b17e36d5e286",
            "messageTitle": "Integrate with inventory model",
            "messageBody": "",
            "insertions": 31,
            "deletions": 88
          },
          {
            "hash": "e2b0b673cae3968e79f5ed23c1ec139fa0a29fd0",
            "messageTitle": "Fix more checkstyle error",
            "messageBody": "",
            "insertions": 34,
            "deletions": 3
          }
        ]
      },
      {
        "insertions": 30,
        "deletions": 18,
        "date": "2019-10-15",
        "commitResults": [
          {
            "hash": "7efde97a9d32f30bebd624e11cbe575aa9ecbfb6",
            "messageTitle": "Change cashier to use observable list and standardize all prices and costs to 2 dec place",
            "messageBody": "",
            "insertions": 30,
            "deletions": 18
          }
        ]
      },
      {
        "insertions": 177,
        "deletions": 53,
        "date": "2019-10-18",
        "commitResults": [
          {
            "hash": "b83cd6e29fa786158c45633b1afde8050fe5080b",
            "messageTitle": "Add exception for unsellable items",
            "messageBody": "",
            "insertions": 16,
            "deletions": 2
          },
          {
            "hash": "df2b6bd53536dcf207ce1e00a5c164813b0625cd",
            "messageTitle": "Give suggestions in cashier and according to category input",
            "messageBody": "",
            "insertions": 127,
            "deletions": 10
          },
          {
            "hash": "1c8e0f0b0d4bd6f8dc90d224551a075fb0625309",
            "messageTitle": "Allow recommendations in cashier",
            "messageBody": "",
            "insertions": 34,
            "deletions": 41
          }
        ]
      },
      {
        "insertions": 1418,
        "deletions": 130,
        "date": "2019-10-21",
        "commitResults": [
          {
            "hash": "c18650e5d822a7429d869674a2e652ea5ae03318",
            "messageTitle": "-Create inventory and cashier stub classes -Enhance edit command for cashier -Create tests for Delete, clear command for cashier",
            "messageBody": "",
            "insertions": 1055,
            "deletions": 90
          },
          {
            "hash": "0dd195bddad61cfe400224033fb75116f37634fb",
            "messageTitle": "Added stub classes and additional tests for cashier",
            "messageBody": "",
            "insertions": 363,
            "deletions": 40
          }
        ]
      },
      {
        "insertions": 544,
        "deletions": 141,
        "date": "2019-10-22",
        "commitResults": [
          {
            "hash": "c4fe8fc9c646011bd12d6420f29befa4d959eeb4",
            "messageTitle": "Fix and add additional junit tests",
            "messageBody": "",
            "insertions": 377,
            "deletions": 64
          },
          {
            "hash": "36ca5bb1a3ab90576c820c83ceb5434c2d8c5fca",
            "messageTitle": "Fix tests and commands",
            "messageBody": "",
            "insertions": 27,
            "deletions": 19
          },
          {
            "hash": "7442b9f9dbcb2fad250cf8afae500aa6da24112c",
            "messageTitle": "Fix tests for checkout command",
            "messageBody": "",
            "insertions": 19,
            "deletions": 5
          },
          {
            "hash": "865c5c917fa11f69b746355c390d8f22b35b1475",
            "messageTitle": "Fix checkstyle",
            "messageBody": "",
            "insertions": 15,
            "deletions": 21
          },
          {
            "hash": "a0768c4956027f32f99e7ff5fb654196517fc502",
            "messageTitle": "Add more junit test",
            "messageBody": "",
            "insertions": 17,
            "deletions": 0
          },
          {
            "hash": "3d50987aeecad1e5685363cd463ad87d2694c862",
            "messageTitle": "Fix more checkstyle",
            "messageBody": "",
            "insertions": 69,
            "deletions": 29
          },
          {
            "hash": "2e2dc78d0c6fc8d7f08023ec8254b4dbedce922d",
            "messageTitle": "Refactor exceptions",
            "messageBody": "",
            "insertions": 20,
            "deletions": 3
          }
        ]
      },
      {
        "insertions": 466,
        "deletions": 299,
        "date": "2019-10-23",
        "commitResults": [
          {
            "hash": "e3b5b22fe7f9062d603e087023ac933b33d83af4",
            "messageTitle": "Update developer guide",
            "messageBody": "",
            "insertions": 132,
            "deletions": 2
          },
          {
            "hash": "209344411e67381cd21b49f7d5322b658a5aea57",
            "messageTitle": "Refactor code to obey law",
            "messageBody": "",
            "insertions": 79,
            "deletions": 105
          },
          {
            "hash": "d619600f5f2e693490a7fbf2fb04775bfa6ed480",
            "messageTitle": "Adjust to refactored code in tests",
            "messageBody": "",
            "insertions": 75,
            "deletions": 107
          },
          {
            "hash": "d8195b5dec0c0bd00c95b3adeb70d274fa6ac638",
            "messageTitle": "Update more features in DG",
            "messageBody": "",
            "insertions": 76,
            "deletions": 9
          },
          {
            "hash": "2252a3e73802ef8795c7888a585ebc49f4b9edf8",
            "messageTitle": "Fix checkstyle in Transaction parser tests",
            "messageBody": "",
            "insertions": 6,
            "deletions": 5
          },
          {
            "hash": "dd8ae7156fe1b5ffd7cb002d31093cb8dc64f7d7",
            "messageTitle": "Fix more j-unit tests",
            "messageBody": "",
            "insertions": 13,
            "deletions": 20
          },
          {
            "hash": "417e36df4f6deedb0d2ed5829ee88d98783419dd",
            "messageTitle": "Update DG",
            "messageBody": "",
            "insertions": 48,
            "deletions": 44
          },
          {
            "hash": "7a632b8181cbad9a4b9a9d7f89019f341800a011",
            "messageTitle": "Edit tests",
            "messageBody": "",
            "insertions": 37,
            "deletions": 7
          }
        ]
      }
    ],
    "MichaelaTSH": [
      {
        "insertions": 149,
        "deletions": 108,
        "date": "2019-09-24",
        "commitResults": [
          {
            "hash": "eb8d399aea86b15db80395f68a024a14e230fd7f",
            "messageTitle": "Add userguide, NFR",
            "messageBody": "",
            "insertions": 139,
            "deletions": 98
          },
          {
            "hash": "d62c4abc9be4b9aa34bb9cbbeff0681f8fbad201",
            "messageTitle": "Fix some checkstyle errors in UserGuide.adoc",
            "messageBody": "",
            "insertions": 10,
            "deletions": 10
          }
        ]
      },
      {
        "insertions": 3,
        "deletions": 6,
        "date": "2019-09-30",
        "commitResults": [
          {
            "hash": "1dbfc95b214e5a99732b071b89c9da403e185fc2",
            "messageTitle": "Edit Developer Guide.adoc",
            "messageBody": "",
            "insertions": 1,
            "deletions": 1
          },
          {
            "hash": "a189ce13924e55a925d3a34b7fd09dbe4f834f86",
            "messageTitle": "Edit Developer Guide.adoc",
            "messageBody": "",
            "insertions": 2,
            "deletions": 5
          }
        ]
      },
      {
        "insertions": 2,
        "deletions": 2,
        "date": "2019-10-02",
        "commitResults": [
          {
            "hash": "3a06b09de59cd7c552c90bddcda2a889b2f0f4eb",
            "messageTitle": "Edit AboutUs.adoc",
            "messageBody": "",
            "insertions": 2,
            "deletions": 2
          }
        ]
      },
      {
        "insertions": 1137,
        "deletions": 9,
        "date": "2019-10-08",
        "commitResults": [
          {
            "hash": "87b4d5e2f00ff6e49020a992fe43e333ffc3626e",
            "messageTitle": "Implemented some Inventory classes",
            "messageBody": "",
            "insertions": 1137,
            "deletions": 9
          }
        ]
      },
      {
        "insertions": 2228,
        "deletions": 1104,
        "date": "2019-10-09",
        "commitResults": [
          {
            "hash": "ea896e5eec0333e2259e5c0ce9dbd7703fb4899e",
            "messageTitle": "Delete unimplemented classes",
            "messageBody": "",
            "insertions": 1,
            "deletions": 513
          },
          {
            "hash": "d87deb5738dc79200ec2c4ed485e890f2d321aa3",
            "messageTitle": "Implemented some Inventory classes",
            "messageBody": "",
            "insertions": 1137,
            "deletions": 9
          },
          {
            "hash": "f5a7b7cab4530807ca1323866c859fc1745fa509",
            "messageTitle": "Delete unimplemented classes",
            "messageBody": "",
            "insertions": 1,
            "deletions": 513
          },
          {
            "hash": "24a836ae52315d934fb813fedb5b72864546e89c",
            "messageTitle": "Implemented some Inventory classes",
            "messageBody": "",
            "insertions": 620,
            "deletions": 0
          },
          {
            "hash": "ad3ac8a9de188b71d547e5676117f9906bfdd9bc",
            "messageTitle": "Solve merge conflicts",
            "messageBody": "",
            "insertions": 3,
            "deletions": 51
          },
          {
            "hash": "be16a62bdfa72472887a4cfbbef9cecbe5ee2f91",
            "messageTitle": "Edit Inventory Classes",
            "messageBody": "",
            "insertions": 387,
            "deletions": 10
          },
          {
            "hash": "95dc41562d2b26d740b861c2f3ba0ed4ab767d36",
            "messageTitle": "Integrate Inventory into Ui",
            "messageBody": "",
            "insertions": 79,
            "deletions": 8
          }
        ]
      },
      {
        "insertions": 389,
        "deletions": 106,
        "date": "2019-10-11",
        "commitResults": [
          {
            "hash": "9e083c3c5318c9fc74db94ea829c8b5535ca203a",
            "messageTitle": "Integrate inventory logic",
            "messageBody": "",
            "insertions": 330,
            "deletions": 71
          },
          {
            "hash": "9ec77b1b660d88e1fb1927d515011bc2a8f8a36d",
            "messageTitle": "Fix \"add\" command",
            "messageBody": "",
            "insertions": 2,
            "deletions": 2
          },
          {
            "hash": "6d1405cf66e604a0841c2cad0def3bffe34f0b75",
            "messageTitle": "Allow for saving to file, fix display issues",
            "messageBody": "",
            "insertions": 36,
            "deletions": 18
          },
          {
            "hash": "8d1cd10b86caf76bfa1c23921937dd3b16cc3489",
            "messageTitle": "Implement add, delete, sort properly",
            "messageBody": "",
            "insertions": 8,
            "deletions": 9
          },
          {
            "hash": "74ada98494ac8be9f32b05e2ca948e3d44c16189",
            "messageTitle": "Fix load",
            "messageBody": "",
            "insertions": 13,
            "deletions": 6
          }
        ]
      },
      {
        "insertions": 23,
        "deletions": 7,
        "date": "2019-10-12",
        "commitResults": [
          {
            "hash": "c1ae72e5976f33b90fefea832ae04e10adacb9a9",
            "messageTitle": "Add subtotal",
            "messageBody": "",
            "insertions": 23,
            "deletions": 7
          }
        ]
      },
      {
        "insertions": 83,
        "deletions": 40,
        "date": "2019-10-13",
        "commitResults": [
          {
            "hash": "2ff558de451e11c4ef134bf57a34b69f2c1a8cb9",
            "messageTitle": "Implement edit",
            "messageBody": "",
            "insertions": 83,
            "deletions": 40
          }
        ]
      },
      {
        "insertions": 200,
        "deletions": 142,
        "date": "2019-10-14",
        "commitResults": [
          {
            "hash": "2c66e97382198a914e3a2d1e6e1953f8268f4eff",
            "messageTitle": "Fixed all checkstyleMain errors",
            "messageBody": "",
            "insertions": 163,
            "deletions": 82
          },
          {
            "hash": "1db7ed2854ef9374fed626b01bf7087991748fd0",
            "messageTitle": "Delete some ui inventory messages",
            "messageBody": "",
            "insertions": 2,
            "deletions": 13
          },
          {
            "hash": "c42fc561253d459811e5feb638d20b50ad4f6d62",
            "messageTitle": "Change total price to expected revenue",
            "messageBody": "",
            "insertions": 18,
            "deletions": 15
          },
          {
            "hash": "73f70c43ececbc3b3fffda51ffc89674ae78f84f",
            "messageTitle": "Changed implementation from using Model to using ModelManager",
            "messageBody": "",
            "insertions": 16,
            "deletions": 16
          },
          {
            "hash": "081b352c0013e3ec57a9007aacc188956ba3e1a4",
            "messageTitle": "Fix errors in implementation",
            "messageBody": "",
            "insertions": 0,
            "deletions": 15
          },
          {
            "hash": "e8bb7992cde879afaf4ff1ee28efb592f1de44d0",
            "messageTitle": "Fix add command bug",
            "messageBody": "",
            "insertions": 1,
            "deletions": 1
          }
        ]
      },
      {
        "insertions": 7,
        "deletions": 7,
        "date": "2019-10-15",
        "commitResults": [
          {
            "hash": "c3fffc8ac8b879235f1c65ff98bacecfc5cffbde",
            "messageTitle": "Edit Ui columns",
            "messageBody": "",
            "insertions": 7,
            "deletions": 7
          }
        ]
      },
      {
        "insertions": 112,
        "deletions": 19,
        "date": "2019-10-16",
        "commitResults": [
          {
            "hash": "c848df70b161d1676a73b52b7b1a2d397387da15",
            "messageTitle": "Made minor edits to test cases",
            "messageBody": "",
            "insertions": 110,
            "deletions": 13
          },
          {
            "hash": "3cb4bf5cad52a2707c861e183ff58d664708784f",
            "messageTitle": "Fix checkstyle errors",
            "messageBody": "",
            "insertions": 0,
            "deletions": 4
          },
          {
            "hash": "a9ceae84fcf8a17478fa3ea0dac2d43a496557de",
            "messageTitle": "Edit sort",
            "messageBody": "",
            "insertions": 2,
            "deletions": 2
          }
        ]
      },
      {
        "insertions": 8,
        "deletions": 0,
        "date": "2019-10-18",
        "commitResults": [
          {
            "hash": "d22cb0754abf56ca40a9830e0ba807d23e77d0a6",
            "messageTitle": "Add getSellable",
            "messageBody": "",
            "insertions": 8,
            "deletions": 0
          }
        ]
      },
      {
        "insertions": 73,
        "deletions": 26,
        "date": "2019-10-25",
        "commitResults": [
          {
            "hash": "a1562483652560bc9ebe6c05cf664d9b2e1c297e",
            "messageTitle": "Edit Developer Guide",
            "messageBody": "",
            "insertions": 53,
            "deletions": 0
          },
          {
            "hash": "7c8ec15a70e0b1ad50e8e56ce6e3f376e75fed33",
            "messageTitle": "Edit Developer Guide",
            "messageBody": "",
            "insertions": 8,
            "deletions": 16
          },
          {
            "hash": "143ccf91b14a585805e8d6b99bacb264ca29292a",
            "messageTitle": "Edit Developer Guide",
            "messageBody": "",
            "insertions": 3,
            "deletions": 1
          },
          {
            "hash": "cb62aec3d966e3ba0b1f6a9b4fada1001b31e7bb",
            "messageTitle": "Edit Developer Guide",
            "messageBody": "",
            "insertions": 9,
            "deletions": 9
          }
        ]
      }
    ],
    "kangyeelim": [
      {
        "insertions": 1,
        "deletions": 1,
        "date": "2019-09-15",
        "commitResults": [
          {
            "hash": "959a5a13719d14a8f489d32a6838367a2f28961b",
            "messageTitle": "Update AboutUs.adoc",
            "messageBody": "",
            "insertions": 1,
            "deletions": 1
          }
        ]
      },
      {
        "insertions": 97,
        "deletions": 70,
        "date": "2019-09-23",
        "commitResults": [
          {
            "hash": "672862b30d99c6a9e41e433d3be491b21afbfc8e",
            "messageTitle": "edit readme",
            "messageBody": "",
            "insertions": 6,
            "deletions": 11
          },
          {
            "hash": "d6613e7f8cc936a3e446537eb3adc367457e894d",
            "messageTitle": "edit user stories",
            "messageBody": "",
            "insertions": 36,
            "deletions": 8
          },
          {
            "hash": "ce63d8e16957fd65da71411035e6d1a6e299fa8e",
            "messageTitle": "edit user stories",
            "messageBody": "",
            "insertions": 25,
            "deletions": 13
          },
          {
            "hash": "714df578c50c0fee97f634533d90419cbb029133",
            "messageTitle": "edit user stories",
            "messageBody": "",
            "insertions": 9,
            "deletions": 9
          },
          {
            "hash": "c6f8daaba737526930c15d44b0d325e39ebe35a5",
            "messageTitle": "edit adoc",
            "messageBody": "",
            "insertions": 3,
            "deletions": 1
          },
          {
            "hash": "110659435c4b67777b31aab48a3fb6c36dd42e48",
            "messageTitle": "edit adoc",
            "messageBody": "",
            "insertions": 4,
            "deletions": 6
          },
          {
            "hash": "f340c5cf6c8df4e5d4f79895ad0339c6a3b6a2b7",
            "messageTitle": "edit adoc",
            "messageBody": "",
            "insertions": 13,
            "deletions": 13
          },
          {
            "hash": "c97049b7a37850d29e033879abe854c2ca6f978e",
            "messageTitle": "resolve conflict",
            "messageBody": "",
            "insertions": 1,
            "deletions": 9
          }
        ]
      },
      {
        "insertions": 2019,
        "deletions": 793,
        "date": "2019-10-01",
        "commitResults": [
          {
            "hash": "47a71217c1ad6df268d0f878bd6a4fadb4cc83c7",
            "messageTitle": "creates basic add and delete for transaction",
            "messageBody": "",
            "insertions": 1465,
            "deletions": 693
          },
          {
            "hash": "caeb4e3d5484e67d5c97298ce1a1ffc47d86c461",
            "messageTitle": "integrates some parts of address book",
            "messageBody": "",
            "insertions": 176,
            "deletions": 31
          },
          {
            "hash": "a96a17d028ca28bd57988d41395b88e06aa0b376",
            "messageTitle": "add edit command and person command",
            "messageBody": "",
            "insertions": 351,
            "deletions": 40
          },
          {
            "hash": "cd6415f727e151b2dfa154571185545ba5a687fc",
            "messageTitle": "move classes into ui.",
            "messageBody": "",
            "insertions": 27,
            "deletions": 29
          }
        ]
      },
      {
        "insertions": 303,
        "deletions": 140,
        "date": "2019-10-02",
        "commitResults": [
          {
            "hash": "5b082052fb4d6d5456e173f48630f8539bd2dfd9",
            "messageTitle": "adds separate ui components.",
            "messageBody": "",
            "insertions": 3,
            "deletions": 6
          },
          {
            "hash": "2d50c03a54a9b67eb76d457c40c22583ac113311",
            "messageTitle": "removes help and exit for now.",
            "messageBody": "",
            "insertions": 71,
            "deletions": 55
          },
          {
            "hash": "68329c99d18294c569c539657d081f178fbde580",
            "messageTitle": "integrates the transaction partial crud with ui.",
            "messageBody": "",
            "insertions": 229,
            "deletions": 79
          }
        ]
      },
      {
        "insertions": 3,
        "deletions": 3,
        "date": "2019-10-03",
        "commitResults": [
          {
            "hash": "62203f5d53714b03e49f537f3d1776241a8af4c2",
            "messageTitle": "edit some ui components.",
            "messageBody": "",
            "insertions": 3,
            "deletions": 3
          }
        ]
      },
      {
        "insertions": 154,
        "deletions": 84,
        "date": "2019-10-04",
        "commitResults": [
          {
            "hash": "679cadf7146de3c32a37d914878683fcfecc1d55",
            "messageTitle": "edits the commented in ui.",
            "messageBody": "",
            "insertions": 38,
            "deletions": 29
          },
          {
            "hash": "32e4d89eb38b93b87b190c98a92f1f54344fa4b5",
            "messageTitle": "adds members tab and integrates ab.",
            "messageBody": "",
            "insertions": 116,
            "deletions": 55
          }
        ]
      },
      {
        "insertions": 250,
        "deletions": 223,
        "date": "2019-10-05",
        "commitResults": [
          {
            "hash": "af0e17f2d0b9101c91122329ccd676ee6c7bc0fe",
            "messageTitle": "Integrates the AB edit with transactions tab.",
            "messageBody": "",
            "insertions": 250,
            "deletions": 140
          },
          {
            "hash": "2288bef3e2445ca04fdb46b89eb4054b98654ac1",
            "messageTitle": "Removes some unused classes.",
            "messageBody": "",
            "insertions": 0,
            "deletions": 83
          }
        ]
      },
      {
        "insertions": 127,
        "deletions": 75,
        "date": "2019-10-07",
        "commitResults": [
          {
            "hash": "570f1ca65e6cb5f409588ad292ccdcb8c7ffb57e",
            "messageTitle": "Add status for transaction.",
            "messageBody": "",
            "insertions": 42,
            "deletions": 35
          },
          {
            "hash": "dff312451009a71768f6502d5dbbdabfcc7c4a69",
            "messageTitle": "clean up model manager constructor param.",
            "messageBody": "",
            "insertions": 20,
            "deletions": 24
          },
          {
            "hash": "152993feee526fb7875721b1649e159eae792e11",
            "messageTitle": "Update exception msg in constructor.",
            "messageBody": "",
            "insertions": 2,
            "deletions": 2
          },
          {
            "hash": "2f8a4b90120bc5f921fcdab65f42309cd2ee9a63",
            "messageTitle": "Adds some javadocs comments.",
            "messageBody": "",
            "insertions": 63,
            "deletions": 14
          }
        ]
      },
      {
        "insertions": 440,
        "deletions": 211,
        "date": "2019-10-08",
        "commitResults": [
          {
            "hash": "903127af222a258247ed12608e9ce4e89ceedaf3",
            "messageTitle": "Remove reimbursement class.",
            "messageBody": "",
            "insertions": 0,
            "deletions": 4
          },
          {
            "hash": "4f58573dd09c832157058818534e6fdf905807f2",
            "messageTitle": "Integrates transaction to update reimbursement tab.",
            "messageBody": "",
            "insertions": 20,
            "deletions": 6
          },
          {
            "hash": "37a9b7baeb097754e8192a6ddc022d20da365d30",
            "messageTitle": "Removes integration.",
            "messageBody": "",
            "insertions": 2,
            "deletions": 50
          },
          {
            "hash": "f54047b61d996bc818004c7aaee4948e55e4c10c",
            "messageTitle": "Integrates reimbursments with transactions successfully.",
            "messageBody": "",
            "insertions": 47,
            "deletions": 18
          },
          {
            "hash": "261e730510df1b10df3d344c8ccbbe5772b19f7d",
            "messageTitle": "add sort and edit commands.",
            "messageBody": "",
            "insertions": 329,
            "deletions": 15
          },
          {
            "hash": "ba70e5a31f8b7256d71c5ed8356baa4b409a5d1f",
            "messageTitle": "Removes faulty find command and clean up edit command.",
            "messageBody": "",
            "insertions": 10,
            "deletions": 118
          },
          {
            "hash": "a72b99bee4cdd88dfd7ee51938d8fa64322df85c",
            "messageTitle": "resolve conflicts/",
            "messageBody": "",
            "insertions": 32,
            "deletions": 0
          }
        ]
      },
      {
        "insertions": 783,
        "deletions": 419,
        "date": "2019-10-09",
        "commitResults": [
          {
            "hash": "0340fadf95e4f1444fc52c994d8b8b78c1a72648",
            "messageTitle": "Updates edit command function, saves original file before closing.",
            "messageBody": "",
            "insertions": 188,
            "deletions": 56
          },
          {
            "hash": "c74584e3dfb5a5e3b4e681edf885b37a7038ecd7",
            "messageTitle": "Completes javadoc comments for home and transaction package.",
            "messageBody": "",
            "insertions": 523,
            "deletions": 324
          },
          {
            "hash": "3aebcd9053985fcc07e9145cff89fb579d9fde9e",
            "messageTitle": "Adds check for AB deletion if person still has transaction.",
            "messageBody": "",
            "insertions": 70,
            "deletions": 39
          },
          {
            "hash": "fc1606955d010fce719d1bc2321482c4c5a68342",
            "messageTitle": "Completes javadoc comments for home and transaction package.",
            "messageBody": "",
            "insertions": 2,
            "deletions": 0
          }
        ]
      },
      {
        "insertions": 119,
        "deletions": 44,
        "date": "2019-10-11",
        "commitResults": [
          {
            "hash": "cd731acee009f4e382a82e33e45dff338b00c7f8",
            "messageTitle": "Adds exit command to transaction tab.",
            "messageBody": "",
            "insertions": 119,
            "deletions": 44
          }
        ]
      },
      {
        "insertions": 157,
        "deletions": 49,
        "date": "2019-10-12",
        "commitResults": [
          {
            "hash": "ebe7d57eb06bba66179ef6c7c32a0fd872c01a3c",
            "messageTitle": "Adds command to add transaction in logic.",
            "messageBody": "",
            "insertions": 157,
            "deletions": 49
          }
        ]
      },
      {
        "insertions": 126,
        "deletions": 50,
        "date": "2019-10-14",
        "commitResults": [
          {
            "hash": "20879f1f6f982eebed26293b1ce5557b18672be3",
            "messageTitle": "Updates the exception responses to be more specific.",
            "messageBody": "",
            "insertions": 39,
            "deletions": 21
          },
          {
            "hash": "e53a69145c620aa3d35dcf35332c6c9653e3810b",
            "messageTitle": "Adds a back command for find.",
            "messageBody": "",
            "insertions": 24,
            "deletions": 0
          },
          {
            "hash": "c5b1c4d990d436c06d7a81116b463fe731d18aab",
            "messageTitle": "Removes bug for updating transaction storage from reimbursements and adds javadocs.",
            "messageBody": "",
            "insertions": 63,
            "deletions": 29
          }
        ]
      },
      {
        "insertions": 409,
        "deletions": 1384,
        "date": "2019-10-15",
        "commitResults": [
          {
            "hash": "2483654446b8c29c99438de1afb103a2c7340304",
            "messageTitle": "Uses observable list for transaction list for UI.",
            "messageBody": "",
            "insertions": 38,
            "deletions": 10
          },
          {
            "hash": "b91a7b97dc1802635b606bf07516b6311b884418",
            "messageTitle": "Edits UI home.",
            "messageBody": "",
            "insertions": 10,
            "deletions": 19
          },
          {
            "hash": "8811c5ef4617c6d1969860fe184a5c035e18873b",
            "messageTitle": "Integrates all packages to use same tokenizer, muiltimap, clisyntax class.",
            "messageBody": "",
            "insertions": 164,
            "deletions": 1261
          },
          {
            "hash": "4453d9b6d5611abfc4814fcc46bb9bb3c3188377",
            "messageTitle": "Edits the checkstyle.",
            "messageBody": "",
            "insertions": 21,
            "deletions": 4
          },
          {
            "hash": "65fb464bf4ca944734fa2a95fbd9534d1c3f2ba7",
            "messageTitle": "Edits the checkstyle.",
            "messageBody": "",
            "insertions": 1,
            "deletions": 1
          },
          {
            "hash": "9ea516dc369c5870a01765a97033d1f7e94a64b0",
            "messageTitle": "Adds tab navigation command.",
            "messageBody": "",
            "insertions": 93,
            "deletions": 61
          },
          {
            "hash": "337ad0d687fcd403d66c9fc29b237ffdc693ff43",
            "messageTitle": "Debugs edit and sort reset.",
            "messageBody": "",
            "insertions": 82,
            "deletions": 27
          },
          {
            "hash": "4098e9295405f6b51f982bc9e52c238d114c5503",
            "messageTitle": "Debugs edit and sort reset.",
            "messageBody": "",
            "insertions": 0,
            "deletions": 1
          }
        ]
      },
      {
        "insertions": 1094,
        "deletions": 217,
        "date": "2019-10-16",
        "commitResults": [
          {
            "hash": "9f32a332459c82f24d5a5a5ab2d17e967b4cd6a7",
            "messageTitle": "Adds tests for some transaction commands and adds stubs.",
            "messageBody": "",
            "insertions": 1094,
            "deletions": 217
          }
        ]
      },
      {
        "insertions": 121,
        "deletions": 35,
        "date": "2019-10-17",
        "commitResults": [
          {
            "hash": "cd46a92b99e8816b845682ed2689a25384b119cf",
            "messageTitle": "Adds tests for some transaction commands.",
            "messageBody": "",
            "insertions": 105,
            "deletions": 3
          },
          {
            "hash": "c82333e9c049803cfed9063a21d81230c7d09c7b",
            "messageTitle": "Resolve conflicts in tests.",
            "messageBody": "",
            "insertions": 16,
            "deletions": 32
          }
        ]
      },
      {
        "insertions": 300,
        "deletions": 93,
        "date": "2019-10-18",
        "commitResults": [
          {
            "hash": "a3c122c185e01a6e36e46b8b1e9e675d94c0edc3",
            "messageTitle": "Cleans up command codes and fixes command tests.",
            "messageBody": "",
            "insertions": 300,
            "deletions": 93
          }
        ]
      },
      {
        "insertions": 619,
        "deletions": 35,
        "date": "2019-10-19",
        "commitResults": [
          {
            "hash": "c73ceb64fa14ad63d46361ae3f1734a5e50b09f7",
            "messageTitle": "Cleans up command codes and adds tests.",
            "messageBody": "",
            "insertions": 619,
            "deletions": 35
          }
        ]
      },
      {
        "insertions": 737,
        "deletions": 120,
        "date": "2019-10-20",
        "commitResults": [
          {
            "hash": "ac79bc71701623cd2aa6beef2f6499ea615a2d07",
            "messageTitle": "Adds tests for transaction parsers.",
            "messageBody": "",
            "insertions": 253,
            "deletions": 85
          },
          {
            "hash": "11266f5b736bc1e36a93e94e63164ec37347cb44",
            "messageTitle": "Adds tests for transaction parsers.",
            "messageBody": "",
            "insertions": 484,
            "deletions": 35
          }
        ]
      },
      {
        "insertions": 739,
        "deletions": 669,
        "date": "2019-10-21",
        "commitResults": [
          {
            "hash": "e1440f0eb5442a90a64108106034b6ca62b6cc5c",
            "messageTitle": "Adds tests for transaction parsers.",
            "messageBody": "",
            "insertions": 33,
            "deletions": 2
          },
          {
            "hash": "7b83408f9b5be47c64d16a7281ca9f3a1f7368ce",
            "messageTitle": "Edits checkstyle for main and tests.",
            "messageBody": "",
            "insertions": 302,
            "deletions": 193
          },
          {
            "hash": "a23288c85fb68d24e87ce60b999c52a060f2cec4",
            "messageTitle": "Changes transaction packages to follow AB packages format.",
            "messageBody": "",
            "insertions": 203,
            "deletions": 166
          },
          {
            "hash": "35ce65236a0bff1d1c7b18ea064c7b7f806fcf54",
            "messageTitle": "Edits for checkstyle.",
            "messageBody": "",
            "insertions": 7,
            "deletions": 7
          },
          {
            "hash": "b18a5e252dc9f3d4812fbe867a17a18bd4dde8cd",
            "messageTitle": "Refactor all packages to be same format as AB3.",
            "messageBody": "",
            "insertions": 172,
            "deletions": 170
          },
          {
            "hash": "f28a24121d561cfd34884f7a84082e42d95aa32c",
            "messageTitle": "Refactor all packages to be same format as AB3.",
            "messageBody": "",
            "insertions": 0,
            "deletions": 3
          },
          {
            "hash": "79e2f20b4ac74b9279dfdd283a1826209c51f798",
            "messageTitle": "Edits for checkstyle.",
            "messageBody": "",
            "insertions": 0,
            "deletions": 6
          },
          {
            "hash": "c8184d8c415fb1d1ceb49fbb7eac90f25fc0d589",
            "messageTitle": "Resolves conflict.",
            "messageBody": "",
            "insertions": 22,
            "deletions": 122
          }
        ]
      },
      {
        "insertions": 542,
        "deletions": 210,
        "date": "2019-10-22",
        "commitResults": [
          {
            "hash": "2f9ff34cd2ed9b036c8f9f7a7d8c53bef7daf5b4",
            "messageTitle": "Removes unnecessary code.",
            "messageBody": "",
            "insertions": 66,
            "deletions": 112
          },
          {
            "hash": "4dc36d1828e057278846ed07134f3a939d10d518",
            "messageTitle": "Adds details for transaction in DG.",
            "messageBody": "",
            "insertions": 99,
            "deletions": 6
          },
          {
            "hash": "e7ab7670c13f94f2cecb07e57a7e3c798eb59ecf",
            "messageTitle": "Adds details for transaction in DG.",
            "messageBody": "",
            "insertions": 32,
            "deletions": 0
          },
          {
            "hash": "c584918f41b69e157ffb9e673dbd0ba3ca5d14c5",
            "messageTitle": "Adds details for KY\u0027s PPP.",
            "messageBody": "",
            "insertions": 101,
            "deletions": 6
          },
          {
            "hash": "3e94bee7db5c63be9e03ee7cde0106ba447d97ec",
            "messageTitle": "Edits UML diagrams for transaction.",
            "messageBody": "",
            "insertions": 20,
            "deletions": 29
          },
          {
            "hash": "ce394e6898ebed8bee713b1c84eda0d574715237",
            "messageTitle": "Adds details for KY\u0027s PPP.",
            "messageBody": "",
            "insertions": 191,
            "deletions": 19
          },
          {
            "hash": "dc0a4462122fec713067e2b0a9ce0fa274bf6bd6",
            "messageTitle": "Adds details for KY\u0027s PPP.",
            "messageBody": "",
            "insertions": 8,
            "deletions": 6
          },
          {
            "hash": "dbbaa4ee338bdd18b64ed56317ceb07ad6481ac5",
            "messageTitle": "Adds details for KY\u0027s PPP.",
            "messageBody": "",
            "insertions": 8,
            "deletions": 15
          },
          {
            "hash": "0fca766e8a26b2c811f9e83e6f73f4b96765b081",
            "messageTitle": "Adds details for KY\u0027s PPP.",
            "messageBody": "",
            "insertions": 5,
            "deletions": 3
          },
          {
            "hash": "e15b11e4a913de9d4b3d3a5f51ec1721c0abba49",
            "messageTitle": "Adds details for KY\u0027s PPP.",
            "messageBody": "",
            "insertions": 12,
            "deletions": 14
          }
        ]
      },
      {
        "insertions": 734,
        "deletions": 167,
        "date": "2019-10-23",
        "commitResults": [
          {
            "hash": "250527eefd87b6d94ffae481c13d526b069af9f5",
            "messageTitle": "Adds details for KY\u0027s PPP.",
            "messageBody": "",
            "insertions": 120,
            "deletions": 19
          },
          {
            "hash": "0be0617696eb4a0312cf4708ebd3f9d539c52759",
            "messageTitle": "Edits details of DG.",
            "messageBody": "",
            "insertions": 68,
            "deletions": 12
          },
          {
            "hash": "88a0c70021a343dfa5cf10875a0f6abe8e21f743",
            "messageTitle": "Refactors some packages\u0027 storage to take in a File.",
            "messageBody": "",
            "insertions": 175,
            "deletions": 99
          },
          {
            "hash": "b80d340bbd9cd170de6a126a8f2c7903030769de",
            "messageTitle": "Edits code for checkstyle.",
            "messageBody": "",
            "insertions": 8,
            "deletions": 8
          },
          {
            "hash": "cedb50b738347f8fb8b8f5932d21eb91d71f3029",
            "messageTitle": "Edits code for checkstyle.",
            "messageBody": "",
            "insertions": 9,
            "deletions": 14
          },
          {
            "hash": "c85bad2080ef25bd5525b2ac91f4d1d6eea461fa",
            "messageTitle": "Adds tests for transaction tab and refactors storage to use File.",
            "messageBody": "",
            "insertions": 348,
            "deletions": 7
          },
          {
            "hash": "76d755076626e992063c3746ebaf4fad11e028e5",
            "messageTitle": "Edits code for checkstyle.",
            "messageBody": "",
            "insertions": 6,
            "deletions": 8
          }
        ]
      },
      {
        "insertions": 282,
        "deletions": 107,
        "date": "2019-10-24",
        "commitResults": [
          {
            "hash": "3a604cdd8233b9b4c5071ef0e31aa84367b572ba",
            "messageTitle": "Edits code for checkstyle.",
            "messageBody": "",
            "insertions": 205,
            "deletions": 72
          },
          {
            "hash": "09b6071cf0e999972c832c4fc8d9eac79c2698bd",
            "messageTitle": "Edits DG.",
            "messageBody": "",
            "insertions": 22,
            "deletions": 13
          },
          {
            "hash": "774fd8e23aaf5e376da159a4772a36aa53e34460",
            "messageTitle": "Edits UG transaction tab.",
            "messageBody": "",
            "insertions": 55,
            "deletions": 22
          }
        ]
      }
    ],
    "CoderStellaJ": [
      {
        "insertions": 637,
        "deletions": 249,
        "date": "2019-09-23",
        "commitResults": [
          {
            "hash": "275076c779f597210c964a754c81c4d38455844e",
            "messageTitle": "update use cases",
            "messageBody": "",
            "insertions": 248,
            "deletions": 11
          },
          {
            "hash": "551043c1c2bc4811e92549469a6ee930cd5a8dde",
            "messageTitle": "update use case and refactor code",
            "messageBody": "",
            "insertions": 114,
            "deletions": 55
          },
          {
            "hash": "9370d7891a0fb86a3f70b99a20700c1d902162ea",
            "messageTitle": "reformat documentation",
            "messageBody": "",
            "insertions": 203,
            "deletions": 130
          },
          {
            "hash": "189f201d3567bdcd537f110f54127547f1833db3",
            "messageTitle": "reformat readme.adoc",
            "messageBody": "",
            "insertions": 4,
            "deletions": 3
          },
          {
            "hash": "071617fade76da9421c241d5ad54d6302e06dcc6",
            "messageTitle": "refactor code in .adoc",
            "messageBody": "",
            "insertions": 40,
            "deletions": 38
          },
          {
            "hash": "14d4247b99b33d4f40ae8c7e05cbc05a8f682217",
            "messageTitle": "Reformat code and solve build error",
            "messageBody": "",
            "insertions": 4,
            "deletions": 5
          },
          {
            "hash": "63c45bc222d593b29d5db77ae981ba183669150e",
            "messageTitle": "refactor code in .adoc",
            "messageBody": "",
            "insertions": 17,
            "deletions": 4
          },
          {
            "hash": "17c9e47d4d13ad00be39dae6be483c89c58d8b79",
            "messageTitle": "Reformat code and solve build error",
            "messageBody": "",
            "insertions": 7,
            "deletions": 3
          }
        ]
      },
      {
        "insertions": 40,
        "deletions": 20,
        "date": "2019-09-30",
        "commitResults": [
          {
            "hash": "36917e2ab274d17a8f5ae5ce09fb30bce855387f",
            "messageTitle": "set up packages for each tab",
            "messageBody": "",
            "insertions": 20,
            "deletions": 0
          },
          {
            "hash": "a2e229e1270058c7e1ed11dbf4555d78db9fe612",
            "messageTitle": "set up packages",
            "messageBody": "",
            "insertions": 0,
            "deletions": 20
          },
          {
            "hash": "7256205bdef43b51a8b549ca257e282700313e3a",
            "messageTitle": "set up packages",
            "messageBody": "",
            "insertions": 20,
            "deletions": 0
          }
        ]
      },
      {
        "insertions": 197,
        "deletions": 0,
        "date": "2019-10-03",
        "commitResults": [
          {
            "hash": "4244abff4b330b7eba73f254c7dbcb26b970f626",
            "messageTitle": "add reimbursement classes for reimbursement tab",
            "messageBody": "",
            "insertions": 197,
            "deletions": 0
          }
        ]
      },
      {
        "insertions": 18,
        "deletions": 224,
        "date": "2019-10-04",
        "commitResults": [
          {
            "hash": "a1eee4fe7e4b9a19454b69db0632e238b58693d2",
            "messageTitle": "reimbursement update",
            "messageBody": "",
            "insertions": 2,
            "deletions": 3
          },
          {
            "hash": "62a72156af7df8288aa94abde48536991ffc399f",
            "messageTitle": "update UI",
            "messageBody": "",
            "insertions": 16,
            "deletions": 221
          }
        ]
      },
      {
        "insertions": 1529,
        "deletions": 89,
        "date": "2019-10-07",
        "commitResults": [
          {
            "hash": "168683370a7ed5663c7813a765db4a8fe83a2985",
            "messageTitle": "rewrite reimbursement classes",
            "messageBody": "",
            "insertions": 287,
            "deletions": 2
          },
          {
            "hash": "839f049a62637664db6b004f1570b004ef368234",
            "messageTitle": "main part of reimbursement",
            "messageBody": "",
            "insertions": 1186,
            "deletions": 61
          },
          {
            "hash": "a2019ef41f632286def2220a383a3c035e116195",
            "messageTitle": "link reimbursement tab to ui",
            "messageBody": "",
            "insertions": 56,
            "deletions": 25
          },
          {
            "hash": "27791ccf60bb3d5cd90eb5cb24683b19c7f7ecc9",
            "messageTitle": "update reimbursement list",
            "messageBody": "",
            "insertions": 0,
            "deletions": 1
          }
        ]
      },
      {
        "insertions": 165,
        "deletions": 64,
        "date": "2019-10-11",
        "commitResults": [
          {
            "hash": "51307187f0db9c93818bf00e2f0fb3aadb0b2815",
            "messageTitle": "link Reimbursement tab with UI",
            "messageBody": "",
            "insertions": 159,
            "deletions": 63
          },
          {
            "hash": "34c1fb51f07f517bc4c243916ae09bd522590375",
            "messageTitle": "remove last newline char in description",
            "messageBody": "",
            "insertions": 6,
            "deletions": 1
          }
        ]
      },
      {
        "insertions": 349,
        "deletions": 337,
        "date": "2019-10-14",
        "commitResults": [
          {
            "hash": "45e4d1efd3e48817d643734757a12b862c646036",
            "messageTitle": "fix bugs in sorting commands",
            "messageBody": "",
            "insertions": 34,
            "deletions": 21
          },
          {
            "hash": "c5b97903ed0dc64ffac22107f4aa0f3900017499",
            "messageTitle": "find a reimbursement for a person and can restore the list",
            "messageBody": "",
            "insertions": 89,
            "deletions": 3
          },
          {
            "hash": "709c98eac5b55616e9c14b10eb23bd610af351f0",
            "messageTitle": "deadline bug is fixed",
            "messageBody": "",
            "insertions": 121,
            "deletions": 132
          },
          {
            "hash": "8ec0d3aa26c6b4f283d3c49eb27c24d12630cc90",
            "messageTitle": "fix UI conflict",
            "messageBody": "",
            "insertions": 7,
            "deletions": 32
          },
          {
            "hash": "36a643bd7f8dbd9e07de34cecaae98258efd8883",
            "messageTitle": "refactor code",
            "messageBody": "",
            "insertions": 98,
            "deletions": 149
          }
        ]
      },
      {
        "insertions": 175,
        "deletions": 89,
        "date": "2019-10-15",
        "commitResults": [
          {
            "hash": "183e91d8b1a0e88a4e368e040a0f48a7f0bc2023",
            "messageTitle": "change date to LocalDate",
            "messageBody": "",
            "insertions": 77,
            "deletions": 76
          },
          {
            "hash": "cfca960da23f73e401471badba1a006df8be7f01",
            "messageTitle": "reformat code and add javadoc",
            "messageBody": "",
            "insertions": 36,
            "deletions": 13
          },
          {
            "hash": "6417fdb9fc7e9fae02b7b2c3a1d0021d163339af",
            "messageTitle": "add exit command",
            "messageBody": "",
            "insertions": 62,
            "deletions": 0
          }
        ]
      },
      {
        "insertions": 225,
        "deletions": 135,
        "date": "2019-10-21",
        "commitResults": [
          {
            "hash": "f122b1f5db9ee8f8f1acdc954356fd63748e79e8",
            "messageTitle": "change list command to back command",
            "messageBody": "",
            "insertions": 11,
            "deletions": 11
          },
          {
            "hash": "ad7f771c8008ae30a1cb1a1df6fd5bc7185070a9",
            "messageTitle": "refactor",
            "messageBody": "",
            "insertions": 1,
            "deletions": 1
          },
          {
            "hash": "6754911904eb92dad4c59672ac931e9bc148d8b0",
            "messageTitle": "refactor name from list to back",
            "messageBody": "",
            "insertions": 6,
            "deletions": 6
          },
          {
            "hash": "8c298c0cd59c107ba89ec48488694b19adf2086a",
            "messageTitle": "fix find command bug",
            "messageBody": "",
            "insertions": 12,
            "deletions": 5
          },
          {
            "hash": "1b7331c80ba0a7934603af9a675a0e558704432c",
            "messageTitle": "update messages",
            "messageBody": "",
            "insertions": 1,
            "deletions": 1
          },
          {
            "hash": "209c77ea57dd9284a7000b6a79eb1e77d09c917c",
            "messageTitle": "reach coding standard",
            "messageBody": "",
            "insertions": 2,
            "deletions": 1
          },
          {
            "hash": "12a1d490987c1fc6fd2ce237269f98976e58fa8e",
            "messageTitle": "update reimbursement list when person is edited",
            "messageBody": "",
            "insertions": 67,
            "deletions": 48
          },
          {
            "hash": "b61d18b7a9aec2c80f9d9da0b419f66a95414bb6",
            "messageTitle": "update Storage",
            "messageBody": "",
            "insertions": 43,
            "deletions": 39
          },
          {
            "hash": "4e44d73e8ec753dbb49fc003d60f2e5a818c06ae",
            "messageTitle": "remove update reimbursement in edit person",
            "messageBody": "",
            "insertions": 0,
            "deletions": 5
          },
          {
            "hash": "08af4102f750794f6ff7bf21e1e153f21311718a",
            "messageTitle": "update reimbursement when edit the person",
            "messageBody": "",
            "insertions": 47,
            "deletions": 4
          },
          {
            "hash": "2d87e3037dfb348f506d5703597ef491732abb7b",
            "messageTitle": "add junit test",
            "messageBody": "",
            "insertions": 35,
            "deletions": 14
          }
        ]
      },
      {
        "insertions": 61,
        "deletions": 21,
        "date": "2019-10-23",
        "commitResults": [
          {
            "hash": "7a227ca3bb8364d9ce1ad26f84c65478bc252999",
            "messageTitle": "refactor parser name",
            "messageBody": "",
            "insertions": 6,
            "deletions": 5
          },
          {
            "hash": "01b90a407f77664c68a691ccdc8297bf26cebcd8",
            "messageTitle": "update doc",
            "messageBody": "",
            "insertions": 52,
            "deletions": 0
          },
          {
            "hash": "f6cc6da5c071633ec1057a0747a5774497feede8",
            "messageTitle": "update features in doc",
            "messageBody": "",
            "insertions": 3,
            "deletions": 16
          }
        ]
      },
      {
        "insertions": 11,
        "deletions": 7,
        "date": "2019-10-24",
        "commitResults": [
          {
            "hash": "e4d700c43f901ab735d5c9d70f11da9f50b9bf40",
            "messageTitle": "reformat code",
            "messageBody": "",
            "insertions": 4,
            "deletions": 3
          },
          {
            "hash": "702ffc696f28774346ec037c0894a12e005e0932",
            "messageTitle": "take only negative transactions",
            "messageBody": "",
            "insertions": 6,
            "deletions": 3
          },
          {
            "hash": "96d69d38b956dec2b34c3a67b31fb3b0fa187e15",
            "messageTitle": "format code",
            "messageBody": "",
            "insertions": 1,
            "deletions": 1
          }
        ]
      }
    ]
  },
  "authorFinalContributionMap": {
    "dawo5010": 2350,
    "EvonDong": 3686,
    "MichaelaTSH": 1563,
    "kangyeelim": 6986,
    "CoderStellaJ": 1902
  },
  "authorFileTypeContributionMap": {
    "dawo5010": {
      "docs": 104,
      "tests": 16,
      "functional": 2230
    },
    "EvonDong": {
      "docs": 182,
      "tests": 1358,
      "functional": 2146
    },
    "MichaelaTSH": {
      "docs": 166,
      "tests": 227,
      "functional": 1170
    },
    "kangyeelim": {
      "docs": 625,
      "tests": 3342,
      "functional": 3006,
      "other": 13
    },
    "CoderStellaJ": {
      "docs": 511,
      "tests": 13,
      "functional": 1378
    }
  },
  "authorContributionVariance": {
    "dawo5010": 67899.09,
    "EvonDong": 199844.19,
    "MichaelaTSH": 243386.45,
    "kangyeelim": 309827.47,
    "CoderStellaJ": 76046.21
  },
  "authorDisplayNameMap": {
    "dawo5010": "CS2103T-T13-3 DANIE ...  SHEN",
    "EvonDong": "CS2103T-T13-3 EVON  ...  BING",
    "MichaelaTSH": "CS2103T-T13-3 TANG  ... HAELA",
    "kangyeelim": "CS2103T-T13-3 LIM K ... G YEE",
    "CoderStellaJ": "CS2103T-T13-3 JIN S ... UYUAN"
  }
}
