{
  "authorDailyContributionsMap": {
    "alxkohh": [
      {
        "insertions": 19,
        "deletions": 29,
        "date": "2019-09-30",
        "commitResults": [
          {
            "hash": "322373782479f94262f3c123692666ba831c8e32",
            "messageTitle": "Update team member names, roles and responsibilities",
            "messageBody": "",
            "insertions": 16,
            "deletions": 16
          },
          {
            "hash": "f85e5cc1b297fa70beeb322163dee9c7fa790a94",
            "messageTitle": "Update about us",
            "messageBody": "",
            "insertions": 1,
            "deletions": 11
          },
          {
            "hash": "2e6c22c6a62c8370e46426e9d73b18a6ba3b6bdf",
            "messageTitle": "Update contact us",
            "messageBody": "",
            "insertions": 2,
            "deletions": 2
          }
        ]
      },
      {
        "insertions": 8,
        "deletions": 8,
        "date": "2019-10-03",
        "commitResults": [
          {
            "hash": "01820fc4b11caff5b82d1ed69a85c2e420c4f52c",
            "messageTitle": "Update about us",
            "messageBody": "",
            "insertions": 5,
            "deletions": 5
          },
          {
            "hash": "c7df525c2b40572f4364420699f0cb7153a6b6ec",
            "messageTitle": "Update about us",
            "messageBody": "",
            "insertions": 2,
            "deletions": 2
          },
          {
            "hash": "e6ed35557268efdd9e4b5970ceaf7f5b75072cad",
            "messageTitle": "Update contact email",
            "messageBody": "",
            "insertions": 1,
            "deletions": 1
          }
        ]
      },
      {
        "insertions": 215,
        "deletions": 19,
        "date": "2019-10-15",
        "commitResults": [
          {
            "hash": "8c7b4a7d89e94b1c1d6aadc6f0a2242290adea0b",
            "messageTitle": "Dummy run code result pane",
            "messageBody": "",
            "insertions": 40,
            "deletions": 5
          },
          {
            "hash": "37019ab144d71c005a91f25a85cba65fb6e946ff",
            "messageTitle": "Add run code result accordion",
            "messageBody": "",
            "insertions": 125,
            "deletions": 9
          },
          {
            "hash": "9083abab4aad6a243e504b36c88ac49354941c8c",
            "messageTitle": "Edit typo in RunCodeResult.fxml",
            "messageBody": "",
            "insertions": 38,
            "deletions": 0
          },
          {
            "hash": "2dbb0908611f3caa7a7147075ff84b6943bfaa64",
            "messageTitle": "Add javadoc and additional comments for RunCodeResult class and constructor calls",
            "messageBody": "",
            "insertions": 8,
            "deletions": 0
          },
          {
            "hash": "d9fb09acc198a6eec0191e9c7b8332a023ef5ade",
            "messageTitle": "Remove unused variables",
            "messageBody": "",
            "insertions": 0,
            "deletions": 5
          },
          {
            "hash": "4927adfc833f3d237458a9129507289143b82ce9",
            "messageTitle": "Add getter method for runCodeResultPanel in MainWindow",
            "messageBody": "",
            "insertions": 4,
            "deletions": 0
          }
        ]
      },
      {
        "insertions": 142,
        "deletions": 58,
        "date": "2019-10-22",
        "commitResults": [
          {
            "hash": "1918fbc1bd5e177d2cbddadcaa7c04e77c9e9752",
            "messageTitle": "Add helper methods for RunCodeResult and write sample data",
            "messageBody": "",
            "insertions": 101,
            "deletions": 35
          },
          {
            "hash": "5f7ef5716f25c0ddb3614f65c4ed87681de3f0ce",
            "messageTitle": "Add styling to code result panel",
            "messageBody": "",
            "insertions": 41,
            "deletions": 23
          }
        ]
      },
      {
        "insertions": 564,
        "deletions": 299,
        "date": "2019-10-23",
        "commitResults": [
          {
            "hash": "5ea703a85f7bee0b884933a250c5750258ab5a42",
            "messageTitle": "Add profile page with progress tab and bookmarks tab",
            "messageBody": "",
            "insertions": 183,
            "deletions": 0
          },
          {
            "hash": "4c04de89b5574a547d1c9e980bdf5f3da2ee246e",
            "messageTitle": "Remove obsolete fxml file",
            "messageBody": "",
            "insertions": 0,
            "deletions": 20
          },
          {
            "hash": "25b9e2365b58c509e3becf11ce0ee726f518fb61",
            "messageTitle": "Add javadoc for ProfilePage class and its methods",
            "messageBody": "",
            "insertions": 18,
            "deletions": 7
          },
          {
            "hash": "db60f66e7930006c9130889117f31aa98d30301d",
            "messageTitle": "Enhance styling of code result panel, encapsulate ui behaviour into methods within CodeResultPanel class",
            "messageBody": "",
            "insertions": 322,
            "deletions": 264
          },
          {
            "hash": "048d0ce7b0bba4cb73aa3013e2b8644f8b107e3b",
            "messageTitle": "Refine class javadoc for ProfilePage class",
            "messageBody": "",
            "insertions": 2,
            "deletions": 2
          },
          {
            "hash": "67d421e047020e44e9ed572a9e02bbf048365a9c",
            "messageTitle": "Add sample data for Profile Page and integrate component into MainWindow",
            "messageBody": "",
            "insertions": 37,
            "deletions": 3
          },
          {
            "hash": "1b8dc8831d3ae2bc32a8ad05dbae7b98ecd07dcf",
            "messageTitle": "Finish resolving merge conflict",
            "messageBody": "",
            "insertions": 1,
            "deletions": 2
          },
          {
            "hash": "465417014509620c23146ed984eb32a7c0047f29",
            "messageTitle": "Finish resolving merge conflict",
            "messageBody": "",
            "insertions": 1,
            "deletions": 1
          }
        ]
      },
      {
        "insertions": 32,
        "deletions": 0,
        "date": "2019-10-24",
        "commitResults": [
          {
            "hash": "87f0e1b96a0db3df8050dabe7eb4cb8ef5224c3c",
            "messageTitle": "Add implementation documentation for DG",
            "messageBody": "",
            "insertions": 32,
            "deletions": 0
          }
        ]
      },
      {
        "insertions": 664,
        "deletions": 162,
        "date": "2019-10-27",
        "commitResults": [
          {
            "hash": "456c630272fae1d10d41bdc9fb1c266e0132bbf6",
            "messageTitle": "Ak home page (#91)",
            "messageBody": "* Add fxml file and controller class for Home Page feature, add relevant attribute to Question class\r\n\r\n* Allow home page to pull actual data from storage, display data through UI\r\n\r\n* Add javadoc and other comments to describe logic\r\n\r\n* Add popup for user guide button\r\n\r\n* Integrate Home Page into UI via placeholder spot in Main Window\r\n",
            "insertions": 640,
            "deletions": 138
          },
          {
            "hash": "d7b50f560340da2a2a827d5e124cc45fd6109d73",
            "messageTitle": "Update readme descriptions and links",
            "messageBody": "",
            "insertions": 10,
            "deletions": 10
          },
          {
            "hash": "d2f9775d9b7da835af3cea1b981761e1c609cea2",
            "messageTitle": "Change duke academy description",
            "messageBody": "",
            "insertions": 1,
            "deletions": 1
          },
          {
            "hash": "71814103573a891d14a04b1cdf1dd063476c0fe7",
            "messageTitle": "Update member description",
            "messageBody": "",
            "insertions": 13,
            "deletions": 13
          }
        ]
      },
      {
        "insertions": 136,
        "deletions": 17,
        "date": "2019-10-28",
        "commitResults": [
          {
            "hash": "3ae808e2776d55b4a54b3362d787818b846b0db0",
            "messageTitle": "Ak about us (#96)",
            "messageBody": "* Update member roles and responsibilities\r\n",
            "insertions": 13,
            "deletions": 13
          },
          {
            "hash": "01f9fb4f1c143f7ff2078044bea2e30f0b092da4",
            "messageTitle": "Update contact details",
            "messageBody": "",
            "insertions": 2,
            "deletions": 2
          },
          {
            "hash": "f90385721968f3afe64cc3a22e0f71132a2ccc47",
            "messageTitle": "Ak bookmark (#102)",
            "messageBody": "* Add bookmark command\r\n\r\n* Register bookmark command in CommandLogicManager\r\n\r\n* Write javadoc and descriptive comments for Bookmark command\r\n",
            "insertions": 121,
            "deletions": 2
          }
        ]
      },
      {
        "insertions": 105,
        "deletions": 31,
        "date": "2019-10-29",
        "commitResults": [
          {
            "hash": "bb34e04d3ce318b56a5b18b2fab4d2b05ea254f5",
            "messageTitle": "Ak home page update real time (#104)",
            "messageBody": "* Enable home page to update real time based on user command/input\r\n\r\n* Edit logic of attempt command\r\n",
            "insertions": 105,
            "deletions": 31
          }
        ]
      },
      {
        "insertions": 305,
        "deletions": 33,
        "date": "2019-10-30",
        "commitResults": [
          {
            "hash": "0e2c4689e25413461b69a6436a3802329279d644",
            "messageTitle": "Add program evaluation panel",
            "messageBody": "",
            "insertions": 275,
            "deletions": 20
          },
          {
            "hash": "ab2a4182718a2d6295cef47c5e9deb4eb38d213e",
            "messageTitle": "Add javadoc for Program Evaluation Panel",
            "messageBody": "",
            "insertions": 20,
            "deletions": 10
          },
          {
            "hash": "dec850c3f240c4aa6c29ab0e947fdc1831cd0e08",
            "messageTitle": "Fix codacy",
            "messageBody": "",
            "insertions": 10,
            "deletions": 3
          }
        ]
      },
      {
        "insertions": 485,
        "deletions": 38,
        "date": "2019-10-31",
        "commitResults": [
          {
            "hash": "387e2d17ce6d51f840dbfa1abbe3f0c277d90d57",
            "messageTitle": "Fix profile picture and add portfolio link",
            "messageBody": "",
            "insertions": 5,
            "deletions": 5
          },
          {
            "hash": "b079c7713cd559976e23495b996a1278dd95825b",
            "messageTitle": "Add portfolio adoc for all members",
            "messageBody": "",
            "insertions": 292,
            "deletions": 4
          },
          {
            "hash": "b2dbd8c21d1773e28569d1fb646e2a1ca441c187",
            "messageTitle": "Update project overview and name in sample portfolio template",
            "messageBody": "",
            "insertions": 8,
            "deletions": 8
          },
          {
            "hash": "9d2ca940096bdaa40f915fdf5d15a9c07bbc04a0",
            "messageTitle": "Allow program evaluation panel to display errors",
            "messageBody": "",
            "insertions": 56,
            "deletions": 12
          },
          {
            "hash": "11bc27f456e712afd5c1434c570912138f6ae475",
            "messageTitle": "Add javadoc comments for new methods",
            "messageBody": "",
            "insertions": 6,
            "deletions": 4
          },
          {
            "hash": "1a3415639f47fc67c9a06f67063e28be3612ca31",
            "messageTitle": "Add delete bookmark command",
            "messageBody": "",
            "insertions": 116,
            "deletions": 4
          },
          {
            "hash": "1cdb1f671e8a541f651c4984f69479c30c232ea3",
            "messageTitle": "Fix checkstyle",
            "messageBody": "",
            "insertions": 2,
            "deletions": 1
          }
        ]
      },
      {
        "insertions": 30,
        "deletions": 27,
        "date": "2019-11-01",
        "commitResults": [
          {
            "hash": "a27a152f5e973a83cd83fc19cd7af9ed87483d5c",
            "messageTitle": "Update readme",
            "messageBody": "",
            "insertions": 14,
            "deletions": 3
          },
          {
            "hash": "73ccf51d0609fe9ec32d9bbf7efa6c1575b8c94f",
            "messageTitle": "changed image on readme",
            "messageBody": "",
            "insertions": 2,
            "deletions": 2
          },
          {
            "hash": "8b9c8b895c1b292a5624b66865a52d2abc5a2a5f",
            "messageTitle": "remove duplicate image",
            "messageBody": "",
            "insertions": 0,
            "deletions": 12
          },
          {
            "hash": "3e61f227a74f82ee4bf6a9d045eddfaeaf072b4d",
            "messageTitle": "fix alignment",
            "messageBody": "",
            "insertions": 2,
            "deletions": 2
          },
          {
            "hash": "a1bc0147dfd02dff4b2e78281ed6e685fbc037f7",
            "messageTitle": "Add index display for listviews on dashboard",
            "messageBody": "",
            "insertions": 12,
            "deletions": 8
          }
        ]
      },
      {
        "insertions": 24,
        "deletions": 19,
        "date": "2019-11-03",
        "commitResults": [
          {
            "hash": "2c80d32ce7850cbd491cfbedb50de3f86fa1680e",
            "messageTitle": "Fix some issues from mock pe",
            "messageBody": "",
            "insertions": 19,
            "deletions": 14
          },
          {
            "hash": "7a6ccdd9e211af9e31df55211b50344ff12e8e06",
            "messageTitle": "Edit json for better ui presentation",
            "messageBody": "",
            "insertions": 5,
            "deletions": 5
          }
        ]
      },
      {
        "insertions": 765,
        "deletions": 575,
        "date": "2019-11-04",
        "commitResults": [
          {
            "hash": "9f67daa187b481ba25e042af939bcd268306b127",
            "messageTitle": "Add help page and remove old help window",
            "messageBody": "",
            "insertions": 405,
            "deletions": 187
          },
          {
            "hash": "40dcf4851c2806a9ac7e35e8c33697e17fb8a4dc",
            "messageTitle": "Add Help activity into Activity Enum",
            "messageBody": "",
            "insertions": 299,
            "deletions": 9
          },
          {
            "hash": "2a56fd148aff792e56cf270c262acaa10ca836e3",
            "messageTitle": "Refactor Command Result",
            "messageBody": "",
            "insertions": 21,
            "deletions": 52
          },
          {
            "hash": "3af19c1cd32bd2049c89a87edd3ff7144a771918",
            "messageTitle": "Remove unnecessary fxml files",
            "messageBody": "",
            "insertions": 0,
            "deletions": 190
          },
          {
            "hash": "e569b3150e14e83ffa636f59a62c4e9b2ee27122",
            "messageTitle": "Rename fxml",
            "messageBody": "",
            "insertions": 1,
            "deletions": 106
          },
          {
            "hash": "37d0f11c8574eacbf32d4c9597a75c103020f5a5",
            "messageTitle": "Refine javadoc for Home Command and Help Command",
            "messageBody": "",
            "insertions": 10,
            "deletions": 3
          },
          {
            "hash": "fac2097545061d238d669e85e34eaef7ff66a292",
            "messageTitle": "Refine ui",
            "messageBody": "",
            "insertions": 19,
            "deletions": 5
          },
          {
            "hash": "41a3ec81635ec50b7ca2581434b13d60948530a5",
            "messageTitle": "Fix all failed tests",
            "messageBody": "",
            "insertions": 7,
            "deletions": 20
          },
          {
            "hash": "98b1feeaf198b7eb151f9937194c9d14b304392b",
            "messageTitle": "Fix typo",
            "messageBody": "",
            "insertions": 3,
            "deletions": 3
          }
        ]
      }
    ],
    "zhangj1an": [
      {
        "insertions": 8,
        "deletions": 10,
        "date": "2019-09-06",
        "commitResults": [
          {
            "hash": "de998a20f0f87d03690be8ec6b757e9c777ee904",
            "messageTitle": "test to setup Travis",
            "messageBody": "",
            "insertions": 1,
            "deletions": 1
          },
          {
            "hash": "cadf538dfe12e05ff09ca73dcca771035b58990d",
            "messageTitle": "added Travis CI",
            "messageBody": "",
            "insertions": 2,
            "deletions": 2
          },
          {
            "hash": "f776bdcd4d11dc456e3d4139be54c06a76f0fcb5",
            "messageTitle": "added Travis",
            "messageBody": "",
            "insertions": 2,
            "deletions": 2
          },
          {
            "hash": "772b0ef355e90e3d318b853a8e5d92105a2887e4",
            "messageTitle": "updated Coveralls Badge",
            "messageBody": "",
            "insertions": 1,
            "deletions": 1
          },
          {
            "hash": "208dc72eca0ec36af34ba1de881ff8f9cf7921c3",
            "messageTitle": "try add code quality check",
            "messageBody": "",
            "insertions": 1,
            "deletions": 1
          },
          {
            "hash": "ebb0340ef6e04145fa114a68e0d9786551bc5c36",
            "messageTitle": "removed gitchatter \u0026 appveyor badges",
            "messageBody": "",
            "insertions": 0,
            "deletions": 2
          },
          {
            "hash": "2642079a3c0e4379aa7227bd644962918ecb5dcc",
            "messageTitle": "try auto-generation of doc",
            "messageBody": "",
            "insertions": 1,
            "deletions": 1
          }
        ]
      },
      {
        "insertions": 185,
        "deletions": 35,
        "date": "2019-10-03",
        "commitResults": [
          {
            "hash": "a0d42aea6c8e2ffe0ed1008ab8f1ce7c7a93f9f4",
            "messageTitle": "user stories",
            "messageBody": "",
            "insertions": 47,
            "deletions": 10
          },
          {
            "hash": "14e8e21cd900190083530450b7ccb65fba33d72a",
            "messageTitle": "finished devoler_guide \u0026 read_me",
            "messageBody": "",
            "insertions": 138,
            "deletions": 25
          }
        ]
      },
      {
        "insertions": 2302,
        "deletions": 2202,
        "date": "2019-10-12",
        "commitResults": [
          {
            "hash": "f369a6a0143e1d53ca94a58b399abb51dfa58d20",
            "messageTitle": "renamed javafx",
            "messageBody": "",
            "insertions": 15,
            "deletions": 15
          },
          {
            "hash": "0beb00eed6b1bc280d187db7dd29172d0a44755e",
            "messageTitle": "renamed UI",
            "messageBody": "",
            "insertions": 14,
            "deletions": 14
          },
          {
            "hash": "5348f630584159280a189a605bb5b52215d47ddb",
            "messageTitle": "refactored ppl to qns, name to title",
            "messageBody": "",
            "insertions": 2273,
            "deletions": 2173
          }
        ]
      },
      {
        "insertions": 1048,
        "deletions": 1072,
        "date": "2019-10-13",
        "commitResults": [
          {
            "hash": "2502ba32ef648a8ab3e3ef401de9e370983cc9ba",
            "messageTitle": "phone-\u003etopic, address-\u003edifficulty, email-\u003estatus",
            "messageBody": "",
            "insertions": 726,
            "deletions": 717
          },
          {
            "hash": "05219a247b6b51f6be93c0920d7d47e486e0a309",
            "messageTitle": "added icon",
            "messageBody": "",
            "insertions": 3,
            "deletions": 4
          },
          {
            "hash": "2db39e852fcea04e513b69192333f1cd46c2e996",
            "messageTitle": "try ignore test files for codacy",
            "messageBody": "",
            "insertions": 1,
            "deletions": 1
          },
          {
            "hash": "c4056505edc0b274133fe01d6bff2ab332e66c3f",
            "messageTitle": "fixed deployment bug",
            "messageBody": "",
            "insertions": 2,
            "deletions": 2
          },
          {
            "hash": "40f8644d7ae2882d7de14b9c55c84f63708d97a8",
            "messageTitle": "displayed problems",
            "messageBody": "",
            "insertions": 32,
            "deletions": 28
          },
          {
            "hash": "5b00726d4507ce873e3f6a964e10465a1139ddd5",
            "messageTitle": "refactored to display question list",
            "messageBody": "",
            "insertions": 284,
            "deletions": 320
          }
        ]
      },
      {
        "insertions": 31,
        "deletions": 8,
        "date": "2019-10-24",
        "commitResults": [
          {
            "hash": "4fbbb6e1d366f302641972e4f204d5cb84c4bedb",
            "messageTitle": "changed dg",
            "messageBody": "",
            "insertions": 31,
            "deletions": 8
          }
        ]
      },
      {
        "insertions": 2602,
        "deletions": 534,
        "date": "2019-10-27",
        "commitResults": [
          {
            "hash": "d594b6e9c17bb85dfac66ec462895197936593aa",
            "messageTitle": "Zj storage (#90)",
            "messageBody": "* changed app icon and title\r\n\r\n* a mini profile page\r\n\r\n* editor: save as file, open file\r\n\r\n* added description, testcases, userprogram field into quesion class\r\n\r\n* added question storage\r\n\r\n* can load saved question data storage\r\n\r\n* added user program filepath storage\r\n\r\n* added display annotations, status enum\r\n\r\n* adding children for problem view\r\n\r\n* view question id\r\n\r\n* problem statement display\r\n\r\n* changed ui\r\n\r\n* fixed css\r\n\r\n* added list command\r\n",
            "insertions": 2602,
            "deletions": 534
          }
        ]
      },
      {
        "insertions": 864,
        "deletions": 233,
        "date": "2019-10-28",
        "commitResults": [
          {
            "hash": "607ccdb5c2aa52b6c314bdb39db827c643f896eb",
            "messageTitle": "Zj newcommands (#100)",
            "messageBody": "* load question command\r\n\r\n* find command\r\n\r\n* browse command\r\n\r\n* updated ug for showall command\r\n\r\n* showall command test\r\n",
            "insertions": 864,
            "deletions": 233
          }
        ]
      },
      {
        "insertions": 109,
        "deletions": 119,
        "date": "2019-11-07",
        "commitResults": [
          {
            "hash": "8484b55b989e515593b0c0dcea633b602a872ca0",
            "messageTitle": "temp change on home command",
            "messageBody": "",
            "insertions": 3,
            "deletions": 4
          },
          {
            "hash": "7ce2c1903f662cd3a8222bc4841046403dda9f4a",
            "messageTitle": "updated ppp",
            "messageBody": "",
            "insertions": 105,
            "deletions": 114
          },
          {
            "hash": "971f97f82449b1f922179dd5113a07473c4e4c6d",
            "messageTitle": "added reposense code link",
            "messageBody": "",
            "insertions": 1,
            "deletions": 1
          }
        ]
      }
    ],
    "ning-sy210": [
      {
        "insertions": 813,
        "deletions": 52,
        "date": "2019-10-14",
        "commitResults": [
          {
            "hash": "7cee3b5e614bc756166d093d59ae973c21306eda",
            "messageTitle": "Implemented editor",
            "messageBody": "",
            "insertions": 636,
            "deletions": 0
          },
          {
            "hash": "4e353350a170071607cfb8e2424d670887c3fbe0",
            "messageTitle": "Added Editor.fxml file and changed MainWindow.fxml",
            "messageBody": "",
            "insertions": 140,
            "deletions": 26
          },
          {
            "hash": "515261a06a354ae19cf18b71275bd8d11c527c40",
            "messageTitle": "Fixed Travis build errors",
            "messageBody": "",
            "insertions": 28,
            "deletions": 15
          },
          {
            "hash": "9cd98910db6865fd398918d8b04f98e622db4883",
            "messageTitle": "Test Fix Travis errors",
            "messageBody": "",
            "insertions": 6,
            "deletions": 5
          },
          {
            "hash": "77eec40b3596d46e4f94f665ffb5b29450bb4a89",
            "messageTitle": "Test Travis Fix",
            "messageBody": "",
            "insertions": 1,
            "deletions": 1
          },
          {
            "hash": "7a8eb29c86a2444d31aaf1c76c5fca27d0d22401",
            "messageTitle": "Minor bug fix",
            "messageBody": "",
            "insertions": 1,
            "deletions": 1
          },
          {
            "hash": "1c8bdfd327a0dbbdce40fc91e7721d6b0b405c49",
            "messageTitle": "Minor checkstyle fixes",
            "messageBody": "",
            "insertions": 1,
            "deletions": 4
          }
        ]
      },
      {
        "insertions": 4,
        "deletions": 4,
        "date": "2019-10-23",
        "commitResults": [
          {
            "hash": "2f4ecfba2767bcb1c950aa8492be666acff8fc3a",
            "messageTitle": "Fixed minor output directory path bug",
            "messageBody": "",
            "insertions": 2,
            "deletions": 2
          },
          {
            "hash": "0be409db9c2add69d83e3e0085ac84a779fce32d",
            "messageTitle": "Fix minor output directory path bug",
            "messageBody": "",
            "insertions": 2,
            "deletions": 2
          }
        ]
      },
      {
        "insertions": 61,
        "deletions": 4,
        "date": "2019-10-24",
        "commitResults": [
          {
            "hash": "875c8eb26c05667ba80705baebb1d3527bdd0aa5",
            "messageTitle": "Updated Developer Guide",
            "messageBody": "",
            "insertions": 61,
            "deletions": 4
          }
        ]
      },
      {
        "insertions": 287,
        "deletions": 225,
        "date": "2019-10-28",
        "commitResults": [
          {
            "hash": "215652e9342f162cd8cb78c315e05ccf48ed614f",
            "messageTitle": "Sy Ui Improvements (#99)",
            "messageBody": "* Included .class files in gitignore\r\n\r\n* Done with commandBox and resultDisplay textFields in main window\r\n\r\n* Complete formatting QuestionListPlaceholder\r\n\r\n* Complete formatting problemStatementPlaceholder\r\n\r\n* Complete formatting editorPlaceholder + color demarcated component boundaries\r\n\r\n* Complete formatting footbar\r\n\r\n* Removed buttons\r\n\r\n* Slight UI changes to codeResultPanel and Editor\r\n\r\n* Complete formatting statusbar\r\n\r\n* Successfully included Tag formatting and QuestionCard formatting\r\n\r\n* Included DukeAcademy personalized CSS Stylesheet\r\n\r\n* Touchup on QuestionCard Ui\r\n\r\n* Removed trailing whitespaces from specific lines\r\n\r\n* Fix Travis checkstyle violations (+1 squashed commits)\r\n\r\nSquashed commits:\r\n\r\n[2fe545ec] Removed trailing whitespaces from specific lines\r\n",
            "insertions": 287,
            "deletions": 225
          }
        ]
      },
      {
        "insertions": 425,
        "deletions": 519,
        "date": "2019-11-01",
        "commitResults": [
          {
            "hash": "57296796efe02f0697aad5f687e891813d63085c",
            "messageTitle": "Updated user guide",
            "messageBody": "",
            "insertions": 131,
            "deletions": 180
          },
          {
            "hash": "e5bff2702e539389597fc1514100bc2e2ac71f41",
            "messageTitle": "Updated UG with current state of application (#124)",
            "messageBody": "* Included .class files in gitignore\r\n\r\n* Updated user guide\r\n\r\n* Added new screenshots of User Interface to facilitate the UG\r\n",
            "insertions": 131,
            "deletions": 180
          },
          {
            "hash": "1832e2f31caa0e29a8ff3174a304d0944def4005",
            "messageTitle": "Changed UG with more updates",
            "messageBody": "",
            "insertions": 22,
            "deletions": 26
          },
          {
            "hash": "d2a03e1bb7691cbaaa9ac55b62f68eb0f6a06231",
            "messageTitle": "Updated UG with updated screenshots",
            "messageBody": "",
            "insertions": 7,
            "deletions": 20
          },
          {
            "hash": "0d6dd7b671acff753e0ff8189dad4a6aa232d50c",
            "messageTitle": "More updates to UG",
            "messageBody": "",
            "insertions": 51,
            "deletions": 20
          },
          {
            "hash": "a4bba07691128a4c83a4408777277f427d3d85ce",
            "messageTitle": "Removed \"...\" at the end of bookmark and deletebookmark function",
            "messageBody": "",
            "insertions": 2,
            "deletions": 2
          },
          {
            "hash": "5b4586b52d9776ea780d95c4164574ed9f2e8976",
            "messageTitle": "Adjusted proportions of ProblemStatementDisplay and ProgramEvaluationDisplay (#131)",
            "messageBody": "",
            "insertions": 35,
            "deletions": 44
          },
          {
            "hash": "0b607bbef1e2b9e64f4d699b84e79279abc8b94f",
            "messageTitle": "Fix unfound json file in jar",
            "messageBody": "",
            "insertions": 46,
            "deletions": 47
          }
        ]
      }
    ],
    "limhawjia": [
      {
        "insertions": 6,
        "deletions": 6,
        "date": "2019-09-12",
        "commitResults": [
          {
            "hash": "ccde6b5fba8b4d5294678804d0e63c03804ce24c",
            "messageTitle": "change documentation settings",
            "messageBody": "",
            "insertions": 6,
            "deletions": 6
          }
        ]
      },
      {
        "insertions": 295,
        "deletions": 108,
        "date": "2019-09-30",
        "commitResults": [
          {
            "hash": "1b3178b3dbfe2d2d9bcf471e77373de2c7e66edf",
            "messageTitle": "Ammend user guide",
            "messageBody": "",
            "insertions": 289,
            "deletions": 102
          },
          {
            "hash": "f33a091330a8e9e674c4d084b814775969bcea32",
            "messageTitle": "Update user guide",
            "messageBody": "- Change Duke Code to DukeAcademy",
            "insertions": 6,
            "deletions": 6
          }
        ]
      },
      {
        "insertions": 17,
        "deletions": 21,
        "date": "2019-10-03",
        "commitResults": [
          {
            "hash": "f93d1183039ecf48750499f6ee9c42ae68c77e74",
            "messageTitle": "Change email",
            "messageBody": "",
            "insertions": 1,
            "deletions": 1
          },
          {
            "hash": "c1bd2611e3f9f68cc473943b320bbfb5d4c82bca",
            "messageTitle": "Fix readme image not showing",
            "messageBody": "",
            "insertions": 8,
            "deletions": 4
          },
          {
            "hash": "09dbe762f4b41f1c11d3faca4d3ae7de068ebfa2",
            "messageTitle": "Fix developer guide header",
            "messageBody": "",
            "insertions": 1,
            "deletions": 1
          },
          {
            "hash": "4c19d7ce9c524337f353effc94f18332354235fd",
            "messageTitle": "Change styling of readme",
            "messageBody": "",
            "insertions": 2,
            "deletions": 8
          },
          {
            "hash": "95e45d8de93452221ccb24c8733e2c54918bb985",
            "messageTitle": "Remove seedu header",
            "messageBody": "",
            "insertions": 2,
            "deletions": 3
          },
          {
            "hash": "10ed35f3f125946c64e42acc14f5fe0c3cff706f",
            "messageTitle": "Remove unnecessary images",
            "messageBody": "",
            "insertions": 3,
            "deletions": 4
          }
        ]
      },
      {
        "insertions": 23,
        "deletions": 4,
        "date": "2019-10-04",
        "commitResults": [
          {
            "hash": "14012b01a3d10c3b61640e6c21f5f5dbd0613600",
            "messageTitle": "Fix missing images",
            "messageBody": "",
            "insertions": 23,
            "deletions": 4
          }
        ]
      },
      {
        "insertions": 1030,
        "deletions": 988,
        "date": "2019-10-07",
        "commitResults": [
          {
            "hash": "2b702f3b6e517d44db4021db4bc83fe6447ad001",
            "messageTitle": "Rename main directory",
            "messageBody": "",
            "insertions": 1029,
            "deletions": 988
          },
          {
            "hash": "417e13bf85037d722a7e3ef6beb79ff06cc19165",
            "messageTitle": "Fix failing unit test",
            "messageBody": "",
            "insertions": 1,
            "deletions": 0
          }
        ]
      },
      {
        "insertions": 691,
        "deletions": 60,
        "date": "2019-10-08",
        "commitResults": [
          {
            "hash": "9de0983a422000918a61ca8eca068a0a6e446b0a",
            "messageTitle": "Add models for compiler",
            "messageBody": "",
            "insertions": 8,
            "deletions": 0
          },
          {
            "hash": "5414d2253cbc75f3c9fde0efda2335d22aab8bb5",
            "messageTitle": "Create compiler environment",
            "messageBody": "",
            "insertions": 245,
            "deletions": 0
          },
          {
            "hash": "245e9f701726b64a018bf5c1a85ec8c0b972e912",
            "messageTitle": "Create tests for environment classes",
            "messageBody": "",
            "insertions": 231,
            "deletions": 12
          },
          {
            "hash": "028828facc6e15d60b99dd925def68032ada6db5",
            "messageTitle": "Add models for test case and user program",
            "messageBody": "",
            "insertions": 29,
            "deletions": 14
          },
          {
            "hash": "d6cabc862763fbd442bb01792c40e3e195412563",
            "messageTitle": "Modify model and environment classes",
            "messageBody": "",
            "insertions": 129,
            "deletions": 34
          },
          {
            "hash": "00f2a37a5821f7e0b847e76ff8b4dd1fd6a52084",
            "messageTitle": "Create skeleton for compiler",
            "messageBody": "",
            "insertions": 49,
            "deletions": 0
          }
        ]
      },
      {
        "insertions": 610,
        "deletions": 521,
        "date": "2019-10-09",
        "commitResults": [
          {
            "hash": "455e6b82c59c4a4151e4cfc4ef3aba6a45c24cc4",
            "messageTitle": "Finish compiler and its unit test",
            "messageBody": "",
            "insertions": 131,
            "deletions": 32
          },
          {
            "hash": "3145320aa8d93271b6b15b8e907687a4c022d882",
            "messageTitle": "Change compiler error logic",
            "messageBody": "",
            "insertions": 91,
            "deletions": 83
          },
          {
            "hash": "a2fd7071d7963116e9b0ee97ff6268eb54c5f0d2",
            "messageTitle": "Streamline environment",
            "messageBody": "",
            "insertions": 186,
            "deletions": 384
          },
          {
            "hash": "666a4db0dba8bce3a60820e7850f2d3a37dfba82",
            "messageTitle": "Create model and skeleton for executor",
            "messageBody": "",
            "insertions": 50,
            "deletions": 0
          },
          {
            "hash": "7a5fee562113c9293fe668fee9a001ce8db4483b",
            "messageTitle": "Create program executor",
            "messageBody": "",
            "insertions": 152,
            "deletions": 22
          }
        ]
      },
      {
        "insertions": 1050,
        "deletions": 732,
        "date": "2019-10-10",
        "commitResults": [
          {
            "hash": "de8c803eca5e31f03187eeccd0a97ea35366eb9b",
            "messageTitle": "Isolate test for compiler",
            "messageBody": "",
            "insertions": 82,
            "deletions": 2
          },
          {
            "hash": "1e38c12da422ce45bd4ff4c00b9fcb5dfe328660",
            "messageTitle": "Add test for compiler utils class",
            "messageBody": "",
            "insertions": 49,
            "deletions": 1
          },
          {
            "hash": "09c32f5c07fbe6b87e2da4eaacffcc22180c4a1a",
            "messageTitle": "Create skeleton for executor test",
            "messageBody": "",
            "insertions": 31,
            "deletions": 2
          },
          {
            "hash": "983e0de0c60797fd19a1eb0e845f86c436e181dc",
            "messageTitle": "Change compiler environment to work with packaged java classes",
            "messageBody": "",
            "insertions": 244,
            "deletions": 26
          },
          {
            "hash": "2cce4c7c8bbbb1e1734a62fa3d9d2813dd4b0f17",
            "messageTitle": "Fix compiler unit test",
            "messageBody": "",
            "insertions": 93,
            "deletions": 19
          },
          {
            "hash": "c01aa954762f8cfa59ce677ff1439c107a28f6b5",
            "messageTitle": "Finish executor and its unit test",
            "messageBody": "",
            "insertions": 75,
            "deletions": 53
          },
          {
            "hash": "e887e343a8d34bea0273b50b5fa4f7485c84747e",
            "messageTitle": "Decouple compiler and environment",
            "messageBody": "",
            "insertions": 65,
            "deletions": 238
          },
          {
            "hash": "549caf472c66640f22cbe980c69172918cbaeb8b",
            "messageTitle": "Extracted interfaces for compiler and executor",
            "messageBody": "",
            "insertions": 151,
            "deletions": 132
          },
          {
            "hash": "2320d482b235b952cdec8b516cec296ac8302225",
            "messageTitle": "Reorganize packages",
            "messageBody": "",
            "insertions": 9,
            "deletions": 94
          },
          {
            "hash": "067c6e057893d56d811558f61ab80c77ec1696ca",
            "messageTitle": "Fix checkstyle",
            "messageBody": "",
            "insertions": 209,
            "deletions": 104
          },
          {
            "hash": "f3fec8e4cb3f3d0d21249d00426f4b9008c65cbc",
            "messageTitle": "Fix checkstyle for test files",
            "messageBody": "",
            "insertions": 42,
            "deletions": 61
          }
        ]
      },
      {
        "insertions": 384,
        "deletions": 154,
        "date": "2019-10-11",
        "commitResults": [
          {
            "hash": "d0502e6c9d51f24a519fa328a771314be2860df0",
            "messageTitle": "Create TestExecutor skeleton",
            "messageBody": "",
            "insertions": 87,
            "deletions": 3
          },
          {
            "hash": "2c0e234aba53c05d7f013b460ee82e0fd606a008",
            "messageTitle": "Refactor components for readability",
            "messageBody": "",
            "insertions": 297,
            "deletions": 151
          }
        ]
      },
      {
        "insertions": 671,
        "deletions": 129,
        "date": "2019-10-12",
        "commitResults": [
          {
            "hash": "782521942b74d4803cc6bcfe3c13b257e2f48bf4",
            "messageTitle": "Finish TestExecutor",
            "messageBody": "",
            "insertions": 117,
            "deletions": 36
          },
          {
            "hash": "47d0d1bae627fd28bc765919c1c85d2301f47366",
            "messageTitle": "Checkstyle fix",
            "messageBody": "",
            "insertions": 50,
            "deletions": 14
          },
          {
            "hash": "c5a2a40076e8635ce66c9230de2e116271f024d1",
            "messageTitle": "Finish unit tests for TestExecutor",
            "messageBody": "",
            "insertions": 283,
            "deletions": 1
          },
          {
            "hash": "8c25f1cec6f1b078f0276860378d87533027ab39",
            "messageTitle": "Change program executor to handle errors",
            "messageBody": "",
            "insertions": 56,
            "deletions": 0
          },
          {
            "hash": "fe332200b0514c7ad2078bbe3042c86be47e7871",
            "messageTitle": "Finish TestExectuor",
            "messageBody": "",
            "insertions": 61,
            "deletions": 30
          },
          {
            "hash": "f83a056dd66f9c8009caeea82eddf958c6af2e37",
            "messageTitle": "Fix checkstyle",
            "messageBody": "",
            "insertions": 64,
            "deletions": 48
          },
          {
            "hash": "38c494b969278a5ecfff4a9be887bf1ce14505f6",
            "messageTitle": "Added test for incorrect solutions",
            "messageBody": "",
            "insertions": 40,
            "deletions": 0
          }
        ]
      },
      {
        "insertions": 65,
        "deletions": 0,
        "date": "2019-10-16",
        "commitResults": [
          {
            "hash": "6c952b96d003f46f22b071824700f73b6bffdf1f",
            "messageTitle": "Add unit test for user programs with nested class",
            "messageBody": "",
            "insertions": 65,
            "deletions": 0
          }
        ]
      },
      {
        "insertions": 918,
        "deletions": 355,
        "date": "2019-10-19",
        "commitResults": [
          {
            "hash": "b853d661c5365753bc9f188d04e32074f6699c75",
            "messageTitle": "Change models for solutions package",
            "messageBody": "",
            "insertions": 65,
            "deletions": 36
          },
          {
            "hash": "d0158757d4abaa8373913827d4686801c5752ff6",
            "messageTitle": "Remove print statements from tests",
            "messageBody": "",
            "insertions": 30,
            "deletions": 48
          },
          {
            "hash": "bb167a745aede80ec434963e9de075efd22b184f",
            "messageTitle": "Add observer and listener interface",
            "messageBody": "",
            "insertions": 50,
            "deletions": 0
          },
          {
            "hash": "137ce13c666f0d99b356f82b053110be56f6e511",
            "messageTitle": "Implement test execution as a service",
            "messageBody": "",
            "insertions": 228,
            "deletions": 125
          },
          {
            "hash": "cab48fbbeef0b18d516a847d33bdc2d1dc5e9e6d",
            "messageTitle": "Write tests for observable",
            "messageBody": "",
            "insertions": 239,
            "deletions": 126
          },
          {
            "hash": "f0db4a6a71d7a73083248bf0989752b9ebcc5a23",
            "messageTitle": "Write tests for test executor service",
            "messageBody": "",
            "insertions": 306,
            "deletions": 20
          }
        ]
      },
      {
        "insertions": 1923,
        "deletions": 4615,
        "date": "2019-10-20",
        "commitResults": [
          {
            "hash": "c7ab4a2cf069cef713001e7309893ca113173759",
            "messageTitle": "Add test cases to question",
            "messageBody": "",
            "insertions": 114,
            "deletions": 89
          },
          {
            "hash": "290eb2e576d99a3de81747081991fcd9e3529493",
            "messageTitle": "Refactored test execution service to a logic class",
            "messageBody": "",
            "insertions": 343,
            "deletions": 170
          },
          {
            "hash": "8ce8f1d17da4376208a705e99fa2c1036f0c80c8",
            "messageTitle": "Created new interface for question bank",
            "messageBody": "",
            "insertions": 390,
            "deletions": 344
          },
          {
            "hash": "788e14e7b7cfac8bc38b417d72c688b1bb400b0d",
            "messageTitle": "Refactored question bank",
            "messageBody": "",
            "insertions": 73,
            "deletions": 542
          },
          {
            "hash": "5cdd1e520efddaa1decd972bf79cfcf542b9e627",
            "messageTitle": "Create skeleton for question bank unit test",
            "messageBody": "",
            "insertions": 12,
            "deletions": 0
          },
          {
            "hash": "21373c03ca4286807b82ee74fee65c41109515a8",
            "messageTitle": "Refactor unit test for new question bank",
            "messageBody": "",
            "insertions": 82,
            "deletions": 7
          },
          {
            "hash": "77f78cff737667126fc971eac10fe8f91ac7b9d2",
            "messageTitle": "Created question logic class",
            "messageBody": "",
            "insertions": 97,
            "deletions": 22
          },
          {
            "hash": "4eed76e59c8981b788b209c589c75d9dee0101f2",
            "messageTitle": "Finish tests for question logic class",
            "messageBody": "",
            "insertions": 160,
            "deletions": 3
          },
          {
            "hash": "e2395e6d1cc5dddc417db3deae31f0ed101f3ad9",
            "messageTitle": "Refactor question and its jsonadapted classes",
            "messageBody": "",
            "insertions": 188,
            "deletions": 762
          },
          {
            "hash": "75e169444c5ab029d1f1f26e140d6421592eb709",
            "messageTitle": "Refactor tests for question and its jsonadapted classes",
            "messageBody": "",
            "insertions": 178,
            "deletions": 198
          },
          {
            "hash": "b69e8e912723ba1fac0aa24df363b93af63ad50b",
            "messageTitle": "Remove add, edit and clear commands",
            "messageBody": "",
            "insertions": 0,
            "deletions": 853
          },
          {
            "hash": "815b8b124c2466dbcd170a2d9ae4dda17566dca9",
            "messageTitle": "Fix compile errors from refactoring",
            "messageBody": "",
            "insertions": 286,
            "deletions": 1625
          }
        ]
      },
      {
        "insertions": 1457,
        "deletions": 929,
        "date": "2019-10-21",
        "commitResults": [
          {
            "hash": "ac38f6086cac7cb4dc46d6822fc0227e0c209799",
            "messageTitle": "Add QuestionBuilder, fix unit tests, integrated new question model",
            "messageBody": "",
            "insertions": 308,
            "deletions": 140
          },
          {
            "hash": "1cc9b1e092a85df5d35b53ba45921002c6ed2382",
            "messageTitle": "Renamed package",
            "messageBody": "",
            "insertions": 213,
            "deletions": 139
          },
          {
            "hash": "b75d58e617ff8702d1ea7f84038efaf93b41107f",
            "messageTitle": "Refactored question logic class and unit tests",
            "messageBody": "",
            "insertions": 349,
            "deletions": 82
          },
          {
            "hash": "4d4d9c296bf44f2c060ca52ea045ff603d389391",
            "messageTitle": "Temporarily disabled unit tests for commands",
            "messageBody": "",
            "insertions": 587,
            "deletions": 568
          }
        ]
      },
      {
        "insertions": 379,
        "deletions": 1387,
        "date": "2019-10-22",
        "commitResults": [
          {
            "hash": "374ce70080c28be2f27b6e997eb62a7ce0359436",
            "messageTitle": "Refactor command pattern",
            "messageBody": "",
            "insertions": 164,
            "deletions": 1012
          },
          {
            "hash": "adea31704ea9c33b1d070105122bcd62dc2ac077",
            "messageTitle": "Start ui integration",
            "messageBody": "",
            "insertions": 27,
            "deletions": 35
          },
          {
            "hash": "e21fc074b0aeeadb0c4929d3bff7cdebb9a9eece",
            "messageTitle": "Created CommandLogic class",
            "messageBody": "",
            "insertions": 133,
            "deletions": 163
          },
          {
            "hash": "8d45e072506e11e6ed4c52e88d23b6f5ad01621c",
            "messageTitle": "Finished integrating logic classes",
            "messageBody": "",
            "insertions": 55,
            "deletions": 177
          }
        ]
      },
      {
        "insertions": 583,
        "deletions": 784,
        "date": "2019-10-23",
        "commitResults": [
          {
            "hash": "336ea01cf460781a096d52d07c36b98212c4c912",
            "messageTitle": "Add unit tests for CommandLogic and its components",
            "messageBody": "",
            "insertions": 254,
            "deletions": 60
          },
          {
            "hash": "d439ecc0b3f0f2d3cb2515975598882ab343894f",
            "messageTitle": "Remove unused index class",
            "messageBody": "",
            "insertions": 0,
            "deletions": 114
          },
          {
            "hash": "da03f30ed64203af0fcf45bca9459338452be1ed",
            "messageTitle": "Refactored app initialization",
            "messageBody": "",
            "insertions": 202,
            "deletions": 580
          },
          {
            "hash": "0274286df1700d98c268fe244850ae6412b9674e",
            "messageTitle": "Finish tests for modified classes",
            "messageBody": "",
            "insertions": 127,
            "deletions": 30
          }
        ]
      },
      {
        "insertions": 1117,
        "deletions": 240,
        "date": "2019-10-24",
        "commitResults": [
          {
            "hash": "a36260c9b88b6d7b007c9677ecc75b1d6a8cc087",
            "messageTitle": "Refactor file path resolution",
            "messageBody": "",
            "insertions": 29,
            "deletions": 36
          },
          {
            "hash": "9fa4fa9d65baa628eeb1aad4bdbf4bc6a4e3a187",
            "messageTitle": "Added uuid to question model",
            "messageBody": "",
            "insertions": 25,
            "deletions": 3
          },
          {
            "hash": "509827f69508efbd5d9b366f7d32997804804521",
            "messageTitle": "Added method to replace old questions",
            "messageBody": "",
            "insertions": 64,
            "deletions": 16
          },
          {
            "hash": "111a3ff927e7129a1d3b9a5bc0cf9eb1253acd1d",
            "messageTitle": "Add exit command",
            "messageBody": "",
            "insertions": 224,
            "deletions": 34
          },
          {
            "hash": "db80e0484aa71f672c2b058a7ec6b5f2007147ff",
            "messageTitle": "Add attempt and submit commands",
            "messageBody": "",
            "insertions": 460,
            "deletions": 34
          },
          {
            "hash": "7a1905a97b1c7ff39c4a777b74bb9dfc9be393e7",
            "messageTitle": "Fix empty user program bug",
            "messageBody": "",
            "insertions": 70,
            "deletions": 17
          },
          {
            "hash": "c32317a87e5fe8093df8f002b472ef5ee071338b",
            "messageTitle": "Fix compile bugs due to invalid class names",
            "messageBody": "",
            "insertions": 245,
            "deletions": 100
          }
        ]
      },
      {
        "insertions": 23,
        "deletions": 8,
        "date": "2019-10-25",
        "commitResults": [
          {
            "hash": "8d1ccaec699dc5ef921bea8afc7648349ad95e4b",
            "messageTitle": "Update dg",
            "messageBody": "",
            "insertions": 22,
            "deletions": 7
          },
          {
            "hash": "348ad7db098cc1fe07ac53f6a5dc0ee85d1b6992",
            "messageTitle": "Fix javafx version warning message",
            "messageBody": "",
            "insertions": 1,
            "deletions": 1
          }
        ]
      },
      {
        "insertions": 2494,
        "deletions": 980,
        "date": "2019-10-26",
        "commitResults": [
          {
            "hash": "8df1c33d55152dd8711c55f186abb40f3b53dd3a",
            "messageTitle": "Enhance tests and comments for ClassFile, JavaFile, CompileError, RuntimeError",
            "messageBody": "",
            "insertions": 334,
            "deletions": 71
          },
          {
            "hash": "e7bbcb7d6226dfa2cb9ffec6ec079a85314f30ad",
            "messageTitle": "Enhance tests for CompilerEnvironment",
            "messageBody": "",
            "insertions": 228,
            "deletions": 200
          },
          {
            "hash": "05b93d1948994dd08f4b8f8487ce5c319be71bfb",
            "messageTitle": "Refactor and enhance tests for ProgramExecutor",
            "messageBody": "",
            "insertions": 415,
            "deletions": 174
          },
          {
            "hash": "4d9fcde676279e3c2a2ba54d67b132817456630b",
            "messageTitle": "Refactor JavaFile to enforce canonical name matches content",
            "messageBody": "",
            "insertions": 244,
            "deletions": 218
          },
          {
            "hash": "ed06eba5e644be70c489bd5d8f8baebbb68a48a7",
            "messageTitle": "Finish test for TestResult and TestCaseResult",
            "messageBody": "",
            "insertions": 178,
            "deletions": 34
          },
          {
            "hash": "79048b2fc6e33a00746caee2f3c72ad026be6928",
            "messageTitle": "Enhance unit test for TestExecutor",
            "messageBody": "",
            "insertions": 156,
            "deletions": 28
          },
          {
            "hash": "0df9d6d9700fb299fa0088ab1576b1058a003615",
            "messageTitle": "Fix javafx warnings and json file",
            "messageBody": "",
            "insertions": 27,
            "deletions": 23
          },
          {
            "hash": "aee0d2760ffe16f24be164563ac437d97d5e4e10",
            "messageTitle": "Enhance test for command utils",
            "messageBody": "",
            "insertions": 392,
            "deletions": 174
          },
          {
            "hash": "8d83264e429b4eaabe8db9bbb2b67c2c44b73f19",
            "messageTitle": "Create mock QuestionsLogic for testing",
            "messageBody": "",
            "insertions": 81,
            "deletions": 0
          },
          {
            "hash": "683624d2b0cd53df4f6c82d5bc3b3d12b06225a5",
            "messageTitle": "Create tests for Submit command and factory",
            "messageBody": "",
            "insertions": 175,
            "deletions": 20
          },
          {
            "hash": "56777185fc5b50580fb802cffa27632bce796249",
            "messageTitle": "Create tests fpr ExitCommand",
            "messageBody": "",
            "insertions": 124,
            "deletions": 7
          },
          {
            "hash": "f5b013cf1411ed4afc3e8e78873a01ca1826cd5f",
            "messageTitle": "Add tests for Exit command",
            "messageBody": "",
            "insertions": 40,
            "deletions": 4
          },
          {
            "hash": "6bd5d526b60e938060aa19bafdc17e340d3f1841",
            "messageTitle": "Add tests for Attempt command and factory",
            "messageBody": "",
            "insertions": 100,
            "deletions": 27
          }
        ]
      },
      {
        "insertions": 724,
        "deletions": 499,
        "date": "2019-10-30",
        "commitResults": [
          {
            "hash": "ab215932bef19ec49d0fd4ef55d5ff76b9e6314b",
            "messageTitle": "Made home page react by observable",
            "messageBody": "",
            "insertions": 22,
            "deletions": 30
          },
          {
            "hash": "ec73ea60451021acf4c264e34d1d1952fba884ec",
            "messageTitle": "Remove redundant flags",
            "messageBody": "",
            "insertions": 35,
            "deletions": 77
          },
          {
            "hash": "a221cec372986914072893458851bb8f651002f5",
            "messageTitle": "Change behavior of submit command to not revoke pass status",
            "messageBody": "",
            "insertions": 45,
            "deletions": 14
          },
          {
            "hash": "6c1bb119ec81a2b29f50570780c057bf30a99687",
            "messageTitle": "Changed homepage to fit tabs",
            "messageBody": "",
            "insertions": 393,
            "deletions": 230
          },
          {
            "hash": "94ad12941f3a616c01dbe3aca75eda0528eaa289",
            "messageTitle": "Tidied homepage and created question page",
            "messageBody": "",
            "insertions": 229,
            "deletions": 148
          }
        ]
      },
      {
        "insertions": 1030,
        "deletions": 1367,
        "date": "2019-10-31",
        "commitResults": [
          {
            "hash": "617a49d5d1df35afb5ef406e8b880d959767ce44",
            "messageTitle": "Removed view flag from CommandResult, modified QuestionsLogic to support a selected question",
            "messageBody": "",
            "insertions": 77,
            "deletions": 82
          },
          {
            "hash": "968176457313eda1801d8ebc4feb31ff75ba1ed5",
            "messageTitle": "Finish workspace tab",
            "messageBody": "",
            "insertions": 337,
            "deletions": 807
          },
          {
            "hash": "c30cc9c554ea5856123bc9f31a9f5a47fbe10c14",
            "messageTitle": "Deleted unused classes",
            "messageBody": "",
            "insertions": 0,
            "deletions": 189
          },
          {
            "hash": "a28d7477dd6570b6d44c03a565224fa3a49a398f",
            "messageTitle": "Added tab support",
            "messageBody": "",
            "insertions": 53,
            "deletions": 59
          },
          {
            "hash": "62dc75b855af1504440732a45747b17e2848925a",
            "messageTitle": "Touchup ui",
            "messageBody": "",
            "insertions": 27,
            "deletions": 39
          },
          {
            "hash": "a723980583e7893094672c0217c4667406d08d31",
            "messageTitle": "Refactor and implemented tab support",
            "messageBody": "",
            "insertions": 247,
            "deletions": 73
          },
          {
            "hash": "15342271d5de5835b99b20a33bf7665ceade4a47",
            "messageTitle": "Fix behavior of submit and CommandBox - Submit now no longer resets past status if already passed - CommandBox clears upon wrong command entered",
            "messageBody": "",
            "insertions": 147,
            "deletions": 53
          },
          {
            "hash": "e04f42a3915fa0178bf796a0103a56dd2207e50e",
            "messageTitle": "Remove checkbox from question card",
            "messageBody": "",
            "insertions": 0,
            "deletions": 1
          },
          {
            "hash": "a7ebc9132e90b2de78880e010a18dc2fa12909c6",
            "messageTitle": "Change tabs to unclosable, remove redundant buttons",
            "messageBody": "",
            "insertions": 35,
            "deletions": 35
          },
          {
            "hash": "eeccdd3a8342187c07ddcd1695e493c59c366061",
            "messageTitle": "Make browse and find commands navigate to questions, make homepage read list of all questions",
            "messageBody": "",
            "insertions": 26,
            "deletions": 9
          },
          {
            "hash": "91c2018fb9b1a0959ecaef8323c0e58cf1b90667",
            "messageTitle": "Made question cards not selectable",
            "messageBody": "",
            "insertions": 3,
            "deletions": 1
          },
          {
            "hash": "816ac4c5cbfc3e4a3d89b382b6623e26bfd16b30",
            "messageTitle": "Update ug (#115)",
            "messageBody": "",
            "insertions": 64,
            "deletions": 11
          },
          {
            "hash": "af5482b3af9819fb37c7a1e210d96e04ecf21d32",
            "messageTitle": "Fixed newline issue (#120)",
            "messageBody": "",
            "insertions": 14,
            "deletions": 8
          }
        ]
      },
      {
        "insertions": 216,
        "deletions": 518,
        "date": "2019-11-01",
        "commitResults": [
          {
            "hash": "b240920846a86ce97b09b29f83f884e5e13b8982",
            "messageTitle": "Hj async program execution (#130)",
            "messageBody": "* Set testcase evaluation to timeout\r\n\r\n* Fixed unit tests\r\n\r\n* Add fix for platform-dependant new line\r\n",
            "insertions": 156,
            "deletions": 89
          },
          {
            "hash": "508c7265d0989a4359b6f390a421342beadfabd6",
            "messageTitle": "Hj fix bugs (#135)",
            "messageBody": "* Fixed bug with empty program\r\n\r\n* Tried fix for user directory with space\r\n\r\n* Changed storage to store at containing folder\r\n\r\n* Set logs to output to a folder\r\n",
            "insertions": 60,
            "deletions": 429
          }
        ]
      },
      {
        "insertions": 23,
        "deletions": 2,
        "date": "2019-11-04",
        "commitResults": [
          {
            "hash": "125bc346fac015e88c6f77ff89f7b63bfab43b8d",
            "messageTitle": "Fix compile error not showing full message",
            "messageBody": "",
            "insertions": 1,
            "deletions": 1
          },
          {
            "hash": "0c5af852ca6abe7ea86fea4c17ce53e4153339d7",
            "messageTitle": "Add  feedback for toggling tabs with click",
            "messageBody": "",
            "insertions": 22,
            "deletions": 1
          }
        ]
      },
      {
        "insertions": 166,
        "deletions": 168,
        "date": "2019-11-05",
        "commitResults": [
          {
            "hash": "3f63ec94f5ecda9e6dcdcb9aee0fc7bb1e47a1b5",
            "messageTitle": "Add question id",
            "messageBody": "",
            "insertions": 17,
            "deletions": 13
          },
          {
            "hash": "61bb62096b6314ee5d582d802a07941729f28ff0",
            "messageTitle": "Refactor tests and commands to fix new question class",
            "messageBody": "",
            "insertions": 149,
            "deletions": 155
          }
        ]
      },
      {
        "insertions": 16,
        "deletions": 5,
        "date": "2019-11-08",
        "commitResults": [
          {
            "hash": "7a77c59664df84f5fb781c3b152cc54e0947da8a",
            "messageTitle": "Hj fix bugs 3 (#180)",
            "messageBody": "* Fix wrong update of success result\r\n\r\n* Remove redundant filter clearing\r\n\r\n* Fix bug with main class being commented out\r\n\r\n* Added logs folder to gitignore\r\n",
            "insertions": 16,
            "deletions": 5
          }
        ]
      }
    ]
  },
  "authorFinalContributionMap": {
    "alxkohh": 1928,
    "zhangj1an": 3536,
    "ning-sy210": 586,
    "limhawjia": 8739
  },
  "authorFileTypeContributionMap": {
    "alxkohh": {
      "docs": 332,
      "tests": 10,
      "functional": 1586
    },
    "zhangj1an": {
      "docs": 363,
      "tests": 460,
      "functional": 2642,
      "other": 71
    },
    "ning-sy210": {
      "docs": 178,
      "tests": 0,
      "functional": 353,
      "other": 55
    },
    "limhawjia": {
      "docs": 233,
      "tests": 3679,
      "functional": 4669,
      "other": 158
    }
  },
  "authorContributionVariance": {
    "alxkohh": 53037.645,
    "zhangj1an": 529741.2,
    "ning-sy210": 28378.812,
    "limhawjia": 1133016.0
  },
  "authorDisplayNameMap": {
    "alxkohh": "CS2103T-F14-1 ALEX  ... AN YU",
    "zhangj1an": "CS2103T-F14-1 ZHANG ...  JIAN",
    "ning-sy210": "CS2103T-F14-1 NING  ... GYING",
    "limhawjia": "CS2103T-F14-1 LIM H ... W JIA"
  }
}
