{
  "authorDailyContributionsMap": {
    "teoha": [
      {
        "insertions": 6,
        "deletions": 6,
        "date": "2019-09-18",
        "commitResults": [
          {
            "hash": "f663eea4eb3628ddfed9cc8277ca1fa150b0494c",
            "messageTitle": "Update AboutUs.adoc",
            "messageBody": "",
            "insertions": 5,
            "deletions": 5
          },
          {
            "hash": "ee26e37f8955e88df891478de835b276ad6fbf0e",
            "messageTitle": "Update AboutUs.adoc",
            "messageBody": "",
            "insertions": 1,
            "deletions": 1
          }
        ]
      },
      {
        "insertions": 959,
        "deletions": 139,
        "date": "2019-09-29",
        "commitResults": [
          {
            "hash": "5cec46a41df9f5ea14e0a781e64e6d54f702a29d",
            "messageTitle": "Refactoring model",
            "messageBody": "",
            "insertions": 740,
            "deletions": 0
          },
          {
            "hash": "93d1047ec0014faf780419fc6757f8695304844f",
            "messageTitle": "Updated Model interface and PageStatus",
            "messageBody": "",
            "insertions": 99,
            "deletions": 126
          },
          {
            "hash": "71df0df03149a55f0439e1a9590037e62addb913",
            "messageTitle": "Updated ModelManager, AddressBook and TripList",
            "messageBody": "",
            "insertions": 120,
            "deletions": 13
          }
        ]
      },
      {
        "insertions": 648,
        "deletions": 337,
        "date": "2019-09-30",
        "commitResults": [
          {
            "hash": "5be82e55ba87ad71b2b57aaf899b872f2eab8a05",
            "messageTitle": "Renamed AddressBook to TravelPal, added accessors to TripList",
            "messageBody": "",
            "insertions": 310,
            "deletions": 254
          },
          {
            "hash": "a88a4a3abe8f215f3b29324883d373ef529316eb",
            "messageTitle": "Implemented Triplist, renamed UniqueEntityList abstract class to ConsecutiveOccurenceInterface for accuracy",
            "messageBody": "",
            "insertions": 75,
            "deletions": 49
          },
          {
            "hash": "e14b8b183ba66bf5a803c766689bdb04c70d4213",
            "messageTitle": "Implemented JsonAdaptedTrip and changed model to suit it",
            "messageBody": "",
            "insertions": 208,
            "deletions": 18
          },
          {
            "hash": "a33e9900c03ad389c7955ebc82da290816e6a320",
            "messageTitle": "Updated TravelPal to include TripList accessors",
            "messageBody": "",
            "insertions": 30,
            "deletions": 16
          },
          {
            "hash": "543dbf79e5bd38815d4128826b0e0b706b77a4cb",
            "messageTitle": "Updated JsonSerializableTravelPal to include trips",
            "messageBody": "",
            "insertions": 25,
            "deletions": 0
          }
        ]
      },
      {
        "insertions": 291,
        "deletions": 68,
        "date": "2019-10-02",
        "commitResults": [
          {
            "hash": "0c116fd7b22d581cd3b1314a3bad5061b490f6f8",
            "messageTitle": "Updated developer\u0027s guide",
            "messageBody": "",
            "insertions": 291,
            "deletions": 68
          }
        ]
      },
      {
        "insertions": 286,
        "deletions": 250,
        "date": "2019-10-03",
        "commitResults": [
          {
            "hash": "5840d3ada8a02681b70a3e6557aee93598368854",
            "messageTitle": "Changed table formatting and added appendix tags",
            "messageBody": "",
            "insertions": 217,
            "deletions": 163
          },
          {
            "hash": "231a2040d66bf5f581633e95e0eeefda7081c3e3",
            "messageTitle": "Changed html tags to headers",
            "messageBody": "",
            "insertions": 30,
            "deletions": 33
          },
          {
            "hash": "37c62b451c9bc00a2b33f5d8c84a8baa71f20deb",
            "messageTitle": "Added several functional requirements",
            "messageBody": "",
            "insertions": 7,
            "deletions": 2
          },
          {
            "hash": "3588d2fe3b83e877d5130e2e0875ebbbf3ddf287",
            "messageTitle": "Attempt to fix table",
            "messageBody": "",
            "insertions": 2,
            "deletions": 0
          },
          {
            "hash": "1f351d0cc370817e848682902b93d4b7e1c37b94",
            "messageTitle": "Fixed mistake in heading",
            "messageBody": "",
            "insertions": 1,
            "deletions": 1
          },
          {
            "hash": "5b96f5de7f455044450d2d22aa6213999db412f6",
            "messageTitle": "Attempt to fix table",
            "messageBody": "",
            "insertions": 25,
            "deletions": 25
          },
          {
            "hash": "f22073592a9c867cad3d8163197b271f6caddfa6",
            "messageTitle": "Temporary images for user stories",
            "messageBody": "",
            "insertions": 4,
            "deletions": 26
          }
        ]
      },
      {
        "insertions": 1002,
        "deletions": 118,
        "date": "2019-10-07",
        "commitResults": [
          {
            "hash": "f52c3267d3b59fbe768ff8d71638bcdf26bafc16",
            "messageTitle": "Added commits to older branches to new branch",
            "messageBody": "",
            "insertions": 1002,
            "deletions": 118
          }
        ]
      },
      {
        "insertions": 1096,
        "deletions": 401,
        "date": "2019-10-08",
        "commitResults": [
          {
            "hash": "7a6d43c2f6582d003a66209254512e8e48efde08",
            "messageTitle": "Added TypicalTrips, TravelPalTest. Updated CommandTestUtil",
            "messageBody": "",
            "insertions": 148,
            "deletions": 35
          },
          {
            "hash": "fe575b8f498c8df8ac939a655b292e97a754a363",
            "messageTitle": "Added tests for Description, Expenditure, Location, Name, TripList and Trip",
            "messageBody": "",
            "insertions": 364,
            "deletions": 0
          },
          {
            "hash": "77423f749d8a0e8c154806038aa5362e06dee045",
            "messageTitle": "Reverted changes to trip\u0027s totalBudget field",
            "messageBody": "",
            "insertions": 8,
            "deletions": 35
          },
          {
            "hash": "bd7348f0218842637dc1365af69aab9ec123bf3d",
            "messageTitle": "Reverted trip from having any optional fields. Completed model tests",
            "messageBody": "",
            "insertions": 217,
            "deletions": 22
          },
          {
            "hash": "1603e6100a69b8e9a907bdb109a1769c601a52e7",
            "messageTitle": "Fixed some minor syntax errors",
            "messageBody": "",
            "insertions": 1,
            "deletions": 4
          },
          {
            "hash": "7a933ab710b209c2c15258fce6d788ecbc8739f3",
            "messageTitle": "Refactored builders for Trips/Day/Events into testutil. Fixed some minor issues where some exceptions were not thrown",
            "messageBody": "",
            "insertions": 358,
            "deletions": 305
          }
        ]
      },
      {
        "insertions": 1351,
        "deletions": 83,
        "date": "2019-10-09",
        "commitResults": [
          {
            "hash": "e8274129dae66a273b832e1254d650ba92532d8f",
            "messageTitle": "Added most commands",
            "messageBody": "",
            "insertions": 1292,
            "deletions": 24
          },
          {
            "hash": "fbfca82f8dd455d41db706fa524cc1f652cc83fa",
            "messageTitle": "Fixed non ab3 command tests",
            "messageBody": "",
            "insertions": 11,
            "deletions": 7
          },
          {
            "hash": "5c5d6fd48e8c6c047707773b14ff0959f830a789",
            "messageTitle": "Fixed all non AB3 tests and disabled problematic AB3 tests",
            "messageBody": "",
            "insertions": 48,
            "deletions": 52
          }
        ]
      },
      {
        "insertions": 970,
        "deletions": 44,
        "date": "2019-10-10",
        "commitResults": [
          {
            "hash": "5c2aee435dd2f37fe1c6dcf3f75d8a76912e1771",
            "messageTitle": "Added all Parsers",
            "messageBody": "",
            "insertions": 970,
            "deletions": 44
          }
        ]
      },
      {
        "insertions": 1245,
        "deletions": 200,
        "date": "2019-10-11",
        "commitResults": [
          {
            "hash": "f09c853588a5738c29448754c3fc8beb1f279167",
            "messageTitle": "Working version of the Itinerary feature. Rerouted tripManager to OverallView for testing purposer until navbar is complete. TripManager -\u003e OverallView -\u003e EventsPage",
            "messageBody": "",
            "insertions": 660,
            "deletions": 77
          },
          {
            "hash": "019ad03cd99ac528d580296de3432ad67e3dbfaa",
            "messageTitle": "Added EventFilter for the EventsPage",
            "messageBody": "",
            "insertions": 12,
            "deletions": 22
          },
          {
            "hash": "baa9e0963783640d4714f56654ee1d225bb7a428",
            "messageTitle": "All pages implemented with skeleton UI",
            "messageBody": "",
            "insertions": 572,
            "deletions": 100
          },
          {
            "hash": "0aa87bd048a6650fe9de31850ad8207730c49341",
            "messageTitle": "Changed Layout of ItineraryPage",
            "messageBody": "",
            "insertions": 1,
            "deletions": 1
          }
        ]
      },
      {
        "insertions": 283,
        "deletions": 150,
        "date": "2019-10-15",
        "commitResults": [
          {
            "hash": "1e1af788d875ac62ee82026483a2d8a03675b47a",
            "messageTitle": "Changed: 1. Fixed bug which caused nullpointerexception 2. Fixed bug where buttons did not fully display text",
            "messageBody": "",
            "insertions": 46,
            "deletions": 35
          },
          {
            "hash": "c05acc306e5acac040afb35835a4d60d57ba3601",
            "messageTitle": "Changes: 1. Added clicking functionality for Trips and Day cards",
            "messageBody": "",
            "insertions": 33,
            "deletions": 18
          },
          {
            "hash": "aea0883f268b5c7478a37272107a438ec2035f0f",
            "messageTitle": "Changes: 1. Minor typo in \"DuplicateEntity\" 2. Removed redudant nav bar intialization",
            "messageBody": "",
            "insertions": 4,
            "deletions": 13
          },
          {
            "hash": "eb09d9bb64956f60edbefe3ce62b5c4b7fb8619b",
            "messageTitle": "Changes: 1. Fixed bug where entering an empty description threw nullpointer exception 2. Fixed bug where clashing events were not detected upon addition",
            "messageBody": "",
            "insertions": 2,
            "deletions": 2
          },
          {
            "hash": "cb3dcf086609484a2a0ebb96539ed1639e1db266",
            "messageTitle": "Changed: 1. Fixed Checkstyle errors",
            "messageBody": "",
            "insertions": 7,
            "deletions": 11
          },
          {
            "hash": "ef0836eed38cd0bbd723dfce12164c65cb91a074",
            "messageTitle": "Changes: 1. Reverted Changes to commoncommand",
            "messageBody": "",
            "insertions": 0,
            "deletions": 1
          },
          {
            "hash": "07e102363d6c6c620a8beec122b49c7d1f1840ca",
            "messageTitle": "Changes: 1. Remove usage of date pickers in event edit page (now uses spinners) 2. Made DateTimeFormatters in ParserDateUtil public Added: 1. Added controller and fxml for time field",
            "messageBody": "",
            "insertions": 158,
            "deletions": 44
          },
          {
            "hash": "a73555c39505a5c5895917b9ff013677c12703a9",
            "messageTitle": "Fixed test cases and checkstyle errors",
            "messageBody": "",
            "insertions": 33,
            "deletions": 25
          },
          {
            "hash": "0e1f31247ccc432f996db026eee9776117ba4dcd",
            "messageTitle": "Fixed unsused import",
            "messageBody": "",
            "insertions": 0,
            "deletions": 1
          }
        ]
      },
      {
        "insertions": 196,
        "deletions": 134,
        "date": "2019-10-19",
        "commitResults": [
          {
            "hash": "252fa8fc6b76394b3e9788e2bd82e8f95ca4e284",
            "messageTitle": "Added DG for edit feature",
            "messageBody": "",
            "insertions": 31,
            "deletions": 0
          },
          {
            "hash": "598b9df565637a63ad916a55998e08ffd9d7fad8",
            "messageTitle": "Changes: 1. Background colours for EventsPage to black 2. EventsPage\u0027s EventCardContainer to ListView Removed: 1. Empty classes AddDayParser and AddEventParser",
            "messageBody": "",
            "insertions": 60,
            "deletions": 66
          },
          {
            "hash": "db4a9696fd4defb56da4763fd4302cd115d501d2",
            "messageTitle": " Changed: 1. Fixed bug where empty description loaded from json would throw illegalvalueexception 2. Labels got total budget in events page",
            "messageBody": "",
            "insertions": 1,
            "deletions": 6
          },
          {
            "hash": "d7c81d1054a0e5ee964c9e25a56d7bd1e63a32bd",
            "messageTitle": "Merge branch \u0027branch-fix-lists\u0027 into branch-itinerary-improve-ui",
            "messageBody": "# Conflicts:\n#\tsrc/main/java/seedu/address/ui/itinerary/EventsPage.java\n#\tsrc/main/resources/view/itinerary/events/EventsPage.fxml\n",
            "insertions": 104,
            "deletions": 62
          }
        ]
      },
      {
        "insertions": 472,
        "deletions": 82,
        "date": "2019-10-20",
        "commitResults": [
          {
            "hash": "6e1fca1454ac03a8f0470e31516e48e8575c4a83",
            "messageTitle": "Added: 1. Functionality to add a photo to trips",
            "messageBody": "Changed:\n1. Trip now supports an additional field for photo\n",
            "insertions": 472,
            "deletions": 82
          }
        ]
      },
      {
        "insertions": 350,
        "deletions": 5,
        "date": "2019-10-24",
        "commitResults": [
          {
            "hash": "6e399ca06d959fe6e1e784e8315ce4c5b69d27c2",
            "messageTitle": "Added: 1. UML state diagrams for DG",
            "messageBody": "",
            "insertions": 144,
            "deletions": 1
          },
          {
            "hash": "3509b9cdd2ea6fa04d5f780d0c31d88016812679",
            "messageTitle": "Added: 1. Incomplete execution for the delete commands",
            "messageBody": "",
            "insertions": 12,
            "deletions": 2
          },
          {
            "hash": "8e7fdcdf1869afb231c2fd5a599b5fc5483f5e0b",
            "messageTitle": "Added: 1. UML diagrams for delete feature",
            "messageBody": "",
            "insertions": 81,
            "deletions": 2
          },
          {
            "hash": "d4c0074e9affbbda0c2de9bd242aea59c1ac2333",
            "messageTitle": "Added sequence diagram for edit command in DG",
            "messageBody": "",
            "insertions": 113,
            "deletions": 0
          }
        ]
      },
      {
        "insertions": 544,
        "deletions": 105,
        "date": "2019-10-27",
        "commitResults": [
          {
            "hash": "706c65495bcc4ef70b5aa25b651b1693974cc58b",
            "messageTitle": "Added: 1. Solution to handle changes to ui in the same page by a command 2. Some tests 3. ShowEventDetailsCommand to show event\u0027s details without mouse input",
            "messageBody": "",
            "insertions": 539,
            "deletions": 100
          },
          {
            "hash": "6e6fcd70063b57b9b61cd1746b392a3a1a73d0d3",
            "messageTitle": "Resolved merge conflicts",
            "messageBody": "",
            "insertions": 5,
            "deletions": 4
          },
          {
            "hash": "0e5d14eb0fe9ff6b7175f9fd58e0ef7b7a7f728b",
            "messageTitle": "Fixed checkstype error from resolving merge conflicts",
            "messageBody": "",
            "insertions": 0,
            "deletions": 1
          }
        ]
      },
      {
        "insertions": 20,
        "deletions": 10,
        "date": "2019-10-29",
        "commitResults": [
          {
            "hash": "ebc650ebb6b8d065c4ba8fd2fa5f1ee7c669b362",
            "messageTitle": "Changed page to adhere to SRP and refactored it so pages requiring change to ui implements UiPageConsumer",
            "messageBody": "",
            "insertions": 20,
            "deletions": 10
          }
        ]
      },
      {
        "insertions": 345,
        "deletions": 244,
        "date": "2019-10-31",
        "commitResults": [
          {
            "hash": "78ea2d04dc99307cc64ddf12b20b624a8c28db17",
            "messageTitle": "Changed: 1. Fixed bug where dates could be added outside containing occurrence 2. Fixed bug where start dates could be after end dates 3. Reverted sorting of internal list 4. Fixed ui bug in days page where the scrollbar would not render",
            "messageBody": "",
            "insertions": 278,
            "deletions": 184
          },
          {
            "hash": "f551eeec7d41857197a062e4ea2b1cbfdf3fefe7",
            "messageTitle": "Fixed checkstyle errors",
            "messageBody": "",
            "insertions": 67,
            "deletions": 60
          }
        ]
      },
      {
        "insertions": 601,
        "deletions": 65,
        "date": "2019-11-01",
        "commitResults": [
          {
            "hash": "29975d73b1eecfb14cbe8263335658c750404691",
            "messageTitle": "Added: 1. stashed tests with checkstyle errors",
            "messageBody": "",
            "insertions": 431,
            "deletions": 0
          },
          {
            "hash": "1248a3e8b4176db04b238a669dbe98fcfe5cd2b8",
            "messageTitle": "Changed: 1. Reversed disabling create command in events page",
            "messageBody": "",
            "insertions": 4,
            "deletions": 1
          },
          {
            "hash": "601de9b8076ec2d0dd0ba6ca4b280ed9e54014ab",
            "messageTitle": "UG",
            "messageBody": "",
            "insertions": 61,
            "deletions": 20
          },
          {
            "hash": "45540c2f0977809267bd93f9863301cc00d572a9",
            "messageTitle": "Changed: 1. Days page formatting",
            "messageBody": "",
            "insertions": 12,
            "deletions": 14
          },
          {
            "hash": "a8503a2d21fc74dd9c95d167594cf184f2a3872b",
            "messageTitle": "Changed: 1. Added the edit event command back 2. Removed the edit day command",
            "messageBody": "",
            "insertions": 3,
            "deletions": 15
          },
          {
            "hash": "ea1f8cfd8c5974cdba912645ee33f34eed4a9279",
            "messageTitle": "Revert \"Changed:\"",
            "messageBody": "This reverts commit a8503a2d21fc74dd9c95d167594cf184f2a3872b.\n",
            "insertions": 15,
            "deletions": 3
          },
          {
            "hash": "6d3354ea6ac37bae445a97b31317bc77d8c1a10d",
            "messageTitle": "Edited parser",
            "messageBody": "",
            "insertions": 1,
            "deletions": 0
          },
          {
            "hash": "e685e0445774498f318b7c6041f47af481ad8d62",
            "messageTitle": "Fixed bug where daypage bar could not be seen",
            "messageBody": "",
            "insertions": 1,
            "deletions": 1
          },
          {
            "hash": "fd2c69f736ca9bd606c5f7e33198f26292409981",
            "messageTitle": "Added: 1. UG for more itinerary features",
            "messageBody": "",
            "insertions": 73,
            "deletions": 11
          }
        ]
      },
      {
        "insertions": 127,
        "deletions": 91,
        "date": "2019-11-02",
        "commitResults": [
          {
            "hash": "6cdca3d161dedb4f125ace75bf1ab31324821e10",
            "messageTitle": "Changed: Itinerary UI beautified",
            "messageBody": "",
            "insertions": 34,
            "deletions": 24
          },
          {
            "hash": "6307b0b459de65074f1de170f1ee823ecffaf3c8",
            "messageTitle": "Changed: 1. Removed functionality to add or delete days",
            "messageBody": "",
            "insertions": 24,
            "deletions": 36
          },
          {
            "hash": "a2d05e15b8637eef748301ba0fce38b8386d98cc",
            "messageTitle": "Changed: 1. Solved editing trip dates bugs",
            "messageBody": "",
            "insertions": 39,
            "deletions": 13
          },
          {
            "hash": "1350f9822c911b385e0879b7e8b6ac7d46a0737c",
            "messageTitle": "Changed: 1. Changed names of labels to be clearer",
            "messageBody": "",
            "insertions": 2,
            "deletions": 2
          },
          {
            "hash": "ab3adffc1b1ce0bc89139101d994e7701d7e49f6",
            "messageTitle": "Added: Class diagram for editTripPage",
            "messageBody": "",
            "insertions": 28,
            "deletions": 16
          }
        ]
      },
      {
        "insertions": 93,
        "deletions": 7,
        "date": "2019-11-03",
        "commitResults": [
          {
            "hash": "705783b468313b090abbb4c5f5653a625dd58842",
            "messageTitle": "Added: 1. added back mistakenly edited modelClassDiagram class. 2. updated DG",
            "messageBody": "",
            "insertions": 93,
            "deletions": 7
          }
        ]
      },
      {
        "insertions": 11,
        "deletions": 28,
        "date": "2019-11-04",
        "commitResults": [
          {
            "hash": "cbf8d5a4a73e53867dbdd7c4630b6ccf20cfd406",
            "messageTitle": "Changed: 1. navbars now position correctly 2. Budget overflow bug for edit event/day page fixed 3. Removed placeholders for bookings and inventory for demo purposes",
            "messageBody": "",
            "insertions": 7,
            "deletions": 25
          },
          {
            "hash": "db29c506cc31ee64dbafd48dca3697dc968733fd",
            "messageTitle": "Changed: 1. Fixed bug not creating correct number of days",
            "messageBody": "",
            "insertions": 4,
            "deletions": 3
          }
        ]
      },
      {
        "insertions": 419,
        "deletions": 162,
        "date": "2019-11-05",
        "commitResults": [
          {
            "hash": "8cef8e2cbae03208eaa7860a6eaa937ab7210a39",
            "messageTitle": "Changes: 1. Added description to events 2. description label added to the events page",
            "messageBody": "",
            "insertions": 170,
            "deletions": 79
          },
          {
            "hash": "9c9cd625da240c312fa39620928d873cbc67d622",
            "messageTitle": "Added: 1. Tests for models complete less events until all other features are finalized",
            "messageBody": "",
            "insertions": 249,
            "deletions": 83
          }
        ]
      },
      {
        "insertions": 461,
        "deletions": 9,
        "date": "2019-11-06",
        "commitResults": [
          {
            "hash": "badd8ad247771ff871469fa3493a20ae4bdd3bdd",
            "messageTitle": "Changed: 1. CommandUtil stubs to make testing easier 2. Tests still broken",
            "messageBody": "",
            "insertions": 458,
            "deletions": 6
          },
          {
            "hash": "50954f781c5bb91e5e43e6fea5b8d42f8417f1fa",
            "messageTitle": "Changed: 1. Commented problematic budget test",
            "messageBody": "",
            "insertions": 1,
            "deletions": 1
          },
          {
            "hash": "5d4dc517cb00c724f0a71c7ee73f3058a9bdd450",
            "messageTitle": "Changed: 1. Checkstyle errors",
            "messageBody": "",
            "insertions": 1,
            "deletions": 1
          },
          {
            "hash": "77d7866e3dbf6a6bedc6131dda3a3b12507d0336",
            "messageTitle": "eof",
            "messageBody": "",
            "insertions": 1,
            "deletions": 1
          }
        ]
      },
      {
        "insertions": 15,
        "deletions": 7,
        "date": "2019-11-07",
        "commitResults": [
          {
            "hash": "c926b3403813a9ee68be82170851c6949853f46c",
            "messageTitle": "Changed: 1. Bugfixes for pe",
            "messageBody": "",
            "insertions": 15,
            "deletions": 7
          }
        ]
      },
      {
        "insertions": 1094,
        "deletions": 597,
        "date": "2019-11-10",
        "commitResults": [
          {
            "hash": "ede557e161a4c73be3cc70e04c303bd2229fe768",
            "messageTitle": "Added: 1. All tests for itinerary Changes: 1. Fixes to many bugs",
            "messageBody": "",
            "insertions": 750,
            "deletions": 439
          },
          {
            "hash": "466dd7beca0a1a4418795f78bc8818de5013c66e",
            "messageTitle": "Added: 1. Itinerary storage tests Changed: 1. Storage bugs",
            "messageBody": "",
            "insertions": 237,
            "deletions": 123
          },
          {
            "hash": "d8cf819f75a93b9931b89466e014b30c2628ac8c",
            "messageTitle": "Changed: 1. Made tumbnail text more visible 2. Fixed event and day list bugs",
            "messageBody": "",
            "insertions": 50,
            "deletions": 35
          },
          {
            "hash": "7a0ca0a34a52445178a8e077500288b26cce43e6",
            "messageTitle": "Added: 1. Derrick\u0027s PPP",
            "messageBody": "",
            "insertions": 57,
            "deletions": 0
          }
        ]
      },
      {
        "insertions": 556,
        "deletions": 274,
        "date": "2019-11-11",
        "commitResults": [
          {
            "hash": "0d6e15d527c640c2440beca010fe560054637372",
            "messageTitle": "Changed: 1. Itinerary introduction",
            "messageBody": "",
            "insertions": 45,
            "deletions": 3
          },
          {
            "hash": "d5437bef6d0058299fe8ab7f57865e4733587455",
            "messageTitle": "Added: 1. All missing javadocs for itinerary feature",
            "messageBody": "",
            "insertions": 32,
            "deletions": 35
          },
          {
            "hash": "4dac4dd96562ecd10315f1972b758a0cf29cd10e",
            "messageTitle": "Changed: 1. Checkstyle errors",
            "messageBody": "",
            "insertions": 0,
            "deletions": 1
          },
          {
            "hash": "c907adaa76eb28f9b932fb9087f3d540639439fc",
            "messageTitle": "Changed: 1. File name for PPP",
            "messageBody": "",
            "insertions": 2,
            "deletions": 2
          },
          {
            "hash": "3482fb24b7647cc9b350b69efcf5f4b4b2a5e78f",
            "messageTitle": "Added: 1. PPP 2. UG 3. DG",
            "messageBody": "",
            "insertions": 300,
            "deletions": 85
          },
          {
            "hash": "37c7d3521825e6e8d4b0fd3351c766702551464c",
            "messageTitle": "Changed: 1. Checkstyle errors",
            "messageBody": "",
            "insertions": 8,
            "deletions": 8
          },
          {
            "hash": "bba5730c4cffe1d41404dbcdfafa8f26a0fba893",
            "messageTitle": "Changed: Checkstyle errors",
            "messageBody": "",
            "insertions": 1,
            "deletions": 1
          },
          {
            "hash": "208e4a9041cbb916da8e537fed7bfd5fcf49fe53",
            "messageTitle": "Merged conflicts",
            "messageBody": "",
            "insertions": 0,
            "deletions": 5
          },
          {
            "hash": "ed90e1cbd15efb3f9c0cec7f0de039b31b1575fa",
            "messageTitle": "Changes: 1. page ui changes",
            "messageBody": "",
            "insertions": 13,
            "deletions": 2
          },
          {
            "hash": "b810bde4d55e179cff22dc719551758b5dee3632",
            "messageTitle": "Changed: 1. UG help 2. DG appendix cleanup",
            "messageBody": "",
            "insertions": 149,
            "deletions": 131
          },
          {
            "hash": "935dc9a64d2c1a9a0e7c49aa5c50b326d273608b",
            "messageTitle": "Added: Short ug for exit",
            "messageBody": "",
            "insertions": 6,
            "deletions": 1
          }
        ]
      }
    ],
    "eizon05": [
      {
        "insertions": 97,
        "deletions": 103,
        "date": "2019-10-02",
        "commitResults": [
          {
            "hash": "2fde65eca816c3364023b1605243d6b6e8446a3e",
            "messageTitle": "Update ContactUs.adoc",
            "messageBody": "- added link for issue tracker\r\n- added team member\u0027s email address",
            "insertions": 9,
            "deletions": 2
          },
          {
            "hash": "30c5d33ab41eb33fd025500739d457c9a1d9f8cd",
            "messageTitle": "Update UserGuide.adoc",
            "messageBody": "",
            "insertions": 88,
            "deletions": 101
          }
        ]
      },
      {
        "insertions": 5,
        "deletions": 5,
        "date": "2019-10-09",
        "commitResults": [
          {
            "hash": "6fa9e4e185809677ab673f2315f0fadeb858cff5",
            "messageTitle": "Update AboutUs.adoc",
            "messageBody": "",
            "insertions": 1,
            "deletions": 1
          },
          {
            "hash": "fe3387f9d9bad2469f5c083dd5414f15824f8f04",
            "messageTitle": "Update AboutUs.adoc",
            "messageBody": "",
            "insertions": 1,
            "deletions": 1
          },
          {
            "hash": "22381d40492221ffc13370fee889ff4f553e4de9",
            "messageTitle": "Revert \"Update AboutUs.adoc\"",
            "messageBody": "This reverts commit fe3387f9d9bad2469f5c083dd5414f15824f8f04.\n",
            "insertions": 1,
            "deletions": 1
          },
          {
            "hash": "3252ac769b020a80529f6fc4ccf8a78f14905688",
            "messageTitle": "Revert \"Update AboutUs.adoc\"",
            "messageBody": "This reverts commit 6fa9e4e185809677ab673f2315f0fadeb858cff5.\n",
            "insertions": 1,
            "deletions": 1
          },
          {
            "hash": "74ed1dcea292eec710d5ddb5ba222d3fe4c10226",
            "messageTitle": "Update AboutUs.adoc",
            "messageBody": "",
            "insertions": 1,
            "deletions": 1
          }
        ]
      },
      {
        "insertions": 539,
        "deletions": 41,
        "date": "2019-10-16",
        "commitResults": [
          {
            "hash": "ee7af145a112abc6c518571bf0651f6ab165647a",
            "messageTitle": "Added the \"beta version\" of the Pre-Trip Inventory Feature",
            "messageBody": "",
            "insertions": 531,
            "deletions": 39
          },
          {
            "hash": "926f0f3497c264dd06f2c101df7c263984f0279a",
            "messageTitle": "Update UserGuide.adoc",
            "messageBody": "Added the CLI commands to use the pre-trip itinerary feature",
            "insertions": 6,
            "deletions": 0
          },
          {
            "hash": "ce48dc849082229fd0d8f108614f78f597beb519",
            "messageTitle": "Update UserGuide.adoc",
            "messageBody": "",
            "insertions": 1,
            "deletions": 1
          },
          {
            "hash": "b9ea8aa133b0a1b5aaca182581043a1307d1bb20",
            "messageTitle": "Update UserGuide.adoc",
            "messageBody": "",
            "insertions": 1,
            "deletions": 1
          }
        ]
      },
      {
        "insertions": 129,
        "deletions": 11,
        "date": "2019-10-22",
        "commitResults": [
          {
            "hash": "bd184d00f5d5d4a455b2e45a7f3b9284e4760fb1",
            "messageTitle": "Fixed issue with Storage for the Pre-trip Inventory Feature (+ added a small new feature)",
            "messageBody": "",
            "insertions": 129,
            "deletions": 11
          }
        ]
      },
      {
        "insertions": 8,
        "deletions": 12,
        "date": "2019-10-23",
        "commitResults": [
          {
            "hash": "7399996fdf4e64a32cd561d9c114c61bb90e7f21",
            "messageTitle": "Fixed check-style bugs",
            "messageBody": "",
            "insertions": 6,
            "deletions": 10
          },
          {
            "hash": "db37a2c6a8f1022e2b54cc6adf3fabb7797d908a",
            "messageTitle": "Fixing more check-style errors",
            "messageBody": "",
            "insertions": 0,
            "deletions": 1
          },
          {
            "hash": "3c6f940ccc62700649909944c97c7bc4a9d6270f",
            "messageTitle": "Fixing even more check-style errors!",
            "messageBody": "",
            "insertions": 2,
            "deletions": 1
          }
        ]
      },
      {
        "insertions": 429,
        "deletions": 86,
        "date": "2019-11-10",
        "commitResults": [
          {
            "hash": "bf15d998adb9f73174ce0b0a72e88ab26c33e79c",
            "messageTitle": "Added Done Feature \u0026 Linked Inventory Items to Events",
            "messageBody": "",
            "insertions": 429,
            "deletions": 86
          }
        ]
      },
      {
        "insertions": 1746,
        "deletions": 350,
        "date": "2019-11-11",
        "commitResults": [
          {
            "hash": "bdfce2b9a309f1173835faa15de45f052d7f53d2",
            "messageTitle": "1. Prevented Duplicate Inventory Items from Being Created (Inventory View Page will only view unique inventories, and each Event will have unique inventories) 2. Added Inventory List View to the EventsPage 3. Fixed Some Bugs with JSonAdaptedInventory \u0026 the Event class 4. Modified the Done Command to Allow Both Checking and Unchecking 5. Improved the UI of Inventory View Page (by adding numbering and by displaying checked (done) inventory items as being ticked in a checkbox)",
            "messageBody": "",
            "insertions": 490,
            "deletions": 99
          },
          {
            "hash": "4370f8ba97bd07523a1cd6b879c1b524dc590cae",
            "messageTitle": "Added JUnit Testing for the Inventory Feature",
            "messageBody": "",
            "insertions": 560,
            "deletions": 22
          },
          {
            "hash": "cbbb530aaa8d31d0d8fb0b723279f3ef6299f3fb",
            "messageTitle": "Added new JUnit Test Cases for the Inventory Feature",
            "messageBody": "",
            "insertions": 86,
            "deletions": 33
          },
          {
            "hash": "887fd3cf306b080f7dda2dcabff72823f4bbdc73",
            "messageTitle": "Corrected all Check-styles for Regular \u0026 Test Classes",
            "messageBody": "",
            "insertions": 202,
            "deletions": 180
          },
          {
            "hash": "0cde9827aaf99b04c6a372f5f8a286abbafc9f57",
            "messageTitle": "Allowed Inventory Items to be Deleted using the GUI in the EditEventPage",
            "messageBody": "",
            "insertions": 14,
            "deletions": 0
          },
          {
            "hash": "0b7ee2a070a8d491f053f5c51f3ad66dab7bd801",
            "messageTitle": "Improved the Success Message for adding or deleting an inventory in the EditEventsPage",
            "messageBody": "",
            "insertions": 14,
            "deletions": 2
          },
          {
            "hash": "457d93dabf49afa9d83c9cc5696e8c41ce571ecc",
            "messageTitle": "Styled the Inventory List View (using css) \u0026 Resized the Inventory Page\u0027s Table View",
            "messageBody": "",
            "insertions": 14,
            "deletions": 8
          },
          {
            "hash": "c8df1473c19771b47e39f68e00cda1956dac9703",
            "messageTitle": "Added newline to CSS",
            "messageBody": "",
            "insertions": 1,
            "deletions": 1
          },
          {
            "hash": "9e7b7f146fb566f845ab332e9add3cb699096803",
            "messageTitle": "Updated DG on the Inventory Feature",
            "messageBody": "",
            "insertions": 99,
            "deletions": 0
          },
          {
            "hash": "0d19710e1f4462501b19a5f5b6d54295403bc3e0",
            "messageTitle": "Added more Diagrams for DG",
            "messageBody": "",
            "insertions": 227,
            "deletions": 0
          },
          {
            "hash": "ab086e24e575300047fb1e6e4bd3747c9f620ce8",
            "messageTitle": "Updated UG to elaborate more on the Inventory Feature",
            "messageBody": "",
            "insertions": 35,
            "deletions": 4
          },
          {
            "hash": "89ab325c03aa5d08869db995b75d1f399904c8e1",
            "messageTitle": "Correcting grammer mistakes for UG",
            "messageBody": "",
            "insertions": 4,
            "deletions": 1
          }
        ]
      },
      {
        "insertions": 11,
        "deletions": 7,
        "date": "2019-11-12",
        "commitResults": [
          {
            "hash": "6fb72f6d5ef9432bb1f4c1e8804816c798081575",
            "messageTitle": "Updating UG (I had put the description of the Event Inventory List in the Trips Section by mistake)",
            "messageBody": "",
            "insertions": 10,
            "deletions": 6
          },
          {
            "hash": "4c7fb87a7c37489a41f48f2308ad21b6f568c757",
            "messageTitle": "Update UserGuide.adoc",
            "messageBody": "",
            "insertions": 1,
            "deletions": 1
          }
        ]
      }
    ],
    "SakshiPradyumn": [
      {
        "insertions": 1903,
        "deletions": 72,
        "date": "2019-11-07",
        "commitResults": [
          {
            "hash": "d2d32e174a261b56007753d71f3a0ab886ac9d8e",
            "messageTitle": "Version 1 Booking",
            "messageBody": "",
            "insertions": 1903,
            "deletions": 72
          }
        ]
      },
      {
        "insertions": 677,
        "deletions": 243,
        "date": "2019-11-11",
        "commitResults": [
          {
            "hash": "4bb2b489b05a1a10fe29f614e81825a2f06fb728",
            "messageTitle": "Not working Bookings",
            "messageBody": "",
            "insertions": 261,
            "deletions": 184
          },
          {
            "hash": "c0c08e51217fed45beb732e751234a8d6dcf273b",
            "messageTitle": "Incomplete PR for Derrick to check ArgumentTokenizer",
            "messageBody": "",
            "insertions": 401,
            "deletions": 51
          },
          {
            "hash": "23af2ad14e20abb72cf904d752560b62b8c75d55",
            "messageTitle": "Committing with some resolved",
            "messageBody": "",
            "insertions": 12,
            "deletions": 6
          },
          {
            "hash": "d64fde6e6f1894c23dc0deb32cbc3f92f06fb807",
            "messageTitle": "Checkstyle Main corrected",
            "messageBody": "",
            "insertions": 1,
            "deletions": 1
          },
          {
            "hash": "4857cd86d68f5aa432ea65621c10fc8d6dbabcbd",
            "messageTitle": "Resolved TripBuilder",
            "messageBody": "",
            "insertions": 2,
            "deletions": 1
          }
        ]
      }
    ],
    "arjunwangty": [
      {
        "insertions": 1076,
        "deletions": 679,
        "date": "2019-09-30",
        "commitResults": [
          {
            "hash": "7e4183adf0b41e7124d4faa933b51e85403224b2",
            "messageTitle": "update UI classes",
            "messageBody": "",
            "insertions": 491,
            "deletions": 94
          },
          {
            "hash": "97df8ea3937d1590c0c1399f9d341e7e841b8ea4",
            "messageTitle": "Revert \"update UI classes\"",
            "messageBody": "This reverts commit 7e4183adf0b41e7124d4faa933b51e85403224b2.\n",
            "insertions": 94,
            "deletions": 491
          },
          {
            "hash": "4afdcb3cbea6fdd1f44739282f401404dad562b4",
            "messageTitle": "update UI classes",
            "messageBody": "",
            "insertions": 491,
            "deletions": 94
          }
        ]
      },
      {
        "insertions": 20,
        "deletions": 21,
        "date": "2019-10-02",
        "commitResults": [
          {
            "hash": "036238668af5318f0ce4d9081efaca794ece6cef",
            "messageTitle": "update About Us page",
            "messageBody": "",
            "insertions": 18,
            "deletions": 19
          },
          {
            "hash": "a435bba6fdabe68773275ee8c60f73452b87ab4c",
            "messageTitle": "fix About Us page",
            "messageBody": "",
            "insertions": 2,
            "deletions": 2
          }
        ]
      },
      {
        "insertions": 1598,
        "deletions": 119,
        "date": "2019-10-15",
        "commitResults": [
          {
            "hash": "b77af610a57a6ddc8ef0b3e3137f57ec88e061f3",
            "messageTitle": "create parsers, commands and models for expense manager",
            "messageBody": "",
            "insertions": 1598,
            "deletions": 119
          }
        ]
      },
      {
        "insertions": 618,
        "deletions": 205,
        "date": "2019-10-16",
        "commitResults": [
          {
            "hash": "19b49e6bb5e6a33e77a75ad8e7aea0d27e3a96cb",
            "messageTitle": "update navigation",
            "messageBody": "",
            "insertions": 71,
            "deletions": 21
          },
          {
            "hash": "cdb193065e8fc5c5942f5ccd6a8d193a445997c5",
            "messageTitle": "Show total budget, total expense and budget left",
            "messageBody": "",
            "insertions": 19,
            "deletions": 2
          },
          {
            "hash": "c1168f5ab93ae96085fcbb786c8cab4f352c5f79",
            "messageTitle": "Add dayNumber field to expenditure",
            "messageBody": "",
            "insertions": 207,
            "deletions": 32
          },
          {
            "hash": "ddd590791d2e9491e73087ff2a1681f6b5db35b4",
            "messageTitle": "add removable",
            "messageBody": "",
            "insertions": 18,
            "deletions": 6
          },
          {
            "hash": "246adc622d8bb936485e29cfa1bb1201570da27e",
            "messageTitle": "add check for duplicate expenditures",
            "messageBody": "",
            "insertions": 160,
            "deletions": 42
          },
          {
            "hash": "f33032cea97528ac84d3dadd216569ebf3ed4e8e",
            "messageTitle": "update checkstyle",
            "messageBody": "",
            "insertions": 143,
            "deletions": 102
          }
        ]
      },
      {
        "insertions": 94,
        "deletions": 95,
        "date": "2019-10-17",
        "commitResults": [
          {
            "hash": "8df43e2ac1d80c232c5b7d4cab3456222742d6aa",
            "messageTitle": "no message",
            "messageBody": "",
            "insertions": 32,
            "deletions": 30
          },
          {
            "hash": "c4cbb1d1b305fbb7341208c03c57ff6c467d3314",
            "messageTitle": "Revert \"no message\"",
            "messageBody": "This reverts commit 8df43e2ac1d80c232c5b7d4cab3456222742d6aa.\n",
            "insertions": 30,
            "deletions": 32
          },
          {
            "hash": "1f6d03cfef03015d41a62984000e8f89c39c2bf7",
            "messageTitle": "Fix test files",
            "messageBody": "",
            "insertions": 8,
            "deletions": 8
          },
          {
            "hash": "c7a685eae826e5a7b4f93f7eab8e1bba3e2bab04",
            "messageTitle": "Fix test bugs",
            "messageBody": "",
            "insertions": 22,
            "deletions": 21
          },
          {
            "hash": "e46d0165a249d35f349906c591dd2e28edb943b0",
            "messageTitle": "Fix tests checkstyle",
            "messageBody": "",
            "insertions": 2,
            "deletions": 4
          }
        ]
      },
      {
        "insertions": 51,
        "deletions": 2,
        "date": "2019-10-18",
        "commitResults": [
          {
            "hash": "58d6332b63317adfc200e17f7781af1a52af8167",
            "messageTitle": "Add unremovable delete and sort",
            "messageBody": "",
            "insertions": 51,
            "deletions": 2
          }
        ]
      },
      {
        "insertions": 240,
        "deletions": 42,
        "date": "2019-10-20",
        "commitResults": [
          {
            "hash": "e18594ac6f554ae0b351228ed9c94a681648e36f",
            "messageTitle": "Categorise expenditure items under days",
            "messageBody": "",
            "insertions": 240,
            "deletions": 42
          }
        ]
      },
      {
        "insertions": 375,
        "deletions": 135,
        "date": "2019-10-21",
        "commitResults": [
          {
            "hash": "6b6a1509bfa1a9276cdcc7bc8b57b19db4241c66",
            "messageTitle": "update day view of expense manager",
            "messageBody": "",
            "insertions": 375,
            "deletions": 135
          }
        ]
      },
      {
        "insertions": 450,
        "deletions": 64,
        "date": "2019-10-22",
        "commitResults": [
          {
            "hash": "9b8120908d6d3dbfff917619b44d4fc7d226a8f1",
            "messageTitle": "Fix checkstyle, JUnit",
            "messageBody": "",
            "insertions": 450,
            "deletions": 63
          },
          {
            "hash": "a35edba063b95fff33077e80188222cf12731885",
            "messageTitle": "fix checkstyle",
            "messageBody": "",
            "insertions": 0,
            "deletions": 1
          }
        ]
      },
      {
        "insertions": 1,
        "deletions": 1,
        "date": "2019-10-23",
        "commitResults": [
          {
            "hash": "f8225efdc085870cc3edaa467c0eb4b3c2c397d2",
            "messageTitle": "fix bugs",
            "messageBody": "",
            "insertions": 1,
            "deletions": 1
          }
        ]
      },
      {
        "insertions": 150,
        "deletions": 0,
        "date": "2019-10-28",
        "commitResults": [
          {
            "hash": "77a492d7a5c90147103736dc11cdc8d0c72d151d",
            "messageTitle": "Update diagrams",
            "messageBody": "",
            "insertions": 150,
            "deletions": 0
          }
        ]
      },
      {
        "insertions": 1953,
        "deletions": 75,
        "date": "2019-10-29",
        "commitResults": [
          {
            "hash": "a5b02836a62e4d5ecc8422c687e7e27b84c5a2e3",
            "messageTitle": "add currency feature",
            "messageBody": "",
            "insertions": 1951,
            "deletions": 73
          },
          {
            "hash": "c86f8303cf16a50db89fe4446d9ef4bc1e8034c6",
            "messageTitle": "Update EventsPage.java",
            "messageBody": "",
            "insertions": 1,
            "deletions": 1
          },
          {
            "hash": "aafed667ec1b37d421746128b27ddfcceb03a349",
            "messageTitle": "Update EventsPage.java",
            "messageBody": "",
            "insertions": 1,
            "deletions": 1
          }
        ]
      },
      {
        "insertions": 33,
        "deletions": 22,
        "date": "2019-11-01",
        "commitResults": [
          {
            "hash": "bdb556f422b3c7786fe04974070021ad3fda9b42",
            "messageTitle": "Update expense manager/ trip manager UG",
            "messageBody": "",
            "insertions": 33,
            "deletions": 22
          }
        ]
      },
      {
        "insertions": 631,
        "deletions": 348,
        "date": "2019-11-02",
        "commitResults": [
          {
            "hash": "ed7c34bb37889c30fda4c6a55b718193e4a3ff60",
            "messageTitle": "Fix bugs, Add preset symbol options",
            "messageBody": "",
            "insertions": 402,
            "deletions": 48
          },
          {
            "hash": "39eda0f50913bbbf6517b68cf425bea7feebeeda",
            "messageTitle": "Fix more bugs, merge expense manager / expense manager days page",
            "messageBody": "",
            "insertions": 229,
            "deletions": 300
          }
        ]
      },
      {
        "insertions": 366,
        "deletions": 116,
        "date": "2019-11-03",
        "commitResults": [
          {
            "hash": "6a2bbe6629a643079919dc7093b8e9b3b1ccc20b",
            "messageTitle": "Fix more bugs, sync Event and Expenditure",
            "messageBody": "",
            "insertions": 165,
            "deletions": 48
          },
          {
            "hash": "793f84bb252e2bdeda40aaf67b92322c879c0545",
            "messageTitle": "Update user guide, disable duplicated event names, fix bugs",
            "messageBody": "",
            "insertions": 201,
            "deletions": 68
          }
        ]
      },
      {
        "insertions": 545,
        "deletions": 69,
        "date": "2019-11-07",
        "commitResults": [
          {
            "hash": "d4eaebbd42f40bfab31daf1037d463713b63a816",
            "messageTitle": "Add two type of expenditures",
            "messageBody": "",
            "insertions": 385,
            "deletions": 66
          },
          {
            "hash": "15f469c076fc14c213f476d5d9d14770824c2434",
            "messageTitle": "no message",
            "messageBody": "",
            "insertions": 160,
            "deletions": 3
          }
        ]
      },
      {
        "insertions": 1729,
        "deletions": 1790,
        "date": "2019-11-09",
        "commitResults": [
          {
            "hash": "eaeb8cc7d1a4482ab70814312bdf4bc7c885e25c",
            "messageTitle": "Update docs and namings",
            "messageBody": "",
            "insertions": 1729,
            "deletions": 1790
          }
        ]
      },
      {
        "insertions": 950,
        "deletions": 266,
        "date": "2019-11-10",
        "commitResults": [
          {
            "hash": "4490bffd7ed97056204b35cacc2dfda8fc6c9341",
            "messageTitle": "Updates UI, add sorting feature",
            "messageBody": "",
            "insertions": 323,
            "deletions": 134
          },
          {
            "hash": "2f4d496dd1cf9a08fbc6822b751e2f62d5f83bf4",
            "messageTitle": "Update tests",
            "messageBody": "",
            "insertions": 627,
            "deletions": 132
          }
        ]
      },
      {
        "insertions": 851,
        "deletions": 174,
        "date": "2019-11-11",
        "commitResults": [
          {
            "hash": "756adbc7e2203ce6d0aa4c481b21784b51d7884e",
            "messageTitle": "Update DG",
            "messageBody": "",
            "insertions": 465,
            "deletions": 82
          },
          {
            "hash": "ce13f1cf0a56636a0fb57b672c99996482840aa5",
            "messageTitle": "Fix checkstyle, update UG",
            "messageBody": "",
            "insertions": 217,
            "deletions": 38
          },
          {
            "hash": "0eb38294aa42750a34882fc5371af44c53a53696",
            "messageTitle": "Update PPP",
            "messageBody": "",
            "insertions": 127,
            "deletions": 16
          },
          {
            "hash": "71e8229fef27896155967717ea858ee6eb09ec71",
            "messageTitle": "Update PPP, Fix DG",
            "messageBody": "",
            "insertions": 28,
            "deletions": 23
          },
          {
            "hash": "05958294c5b83af3462aafe9b78a4597d5db3560",
            "messageTitle": "Fix PPP",
            "messageBody": "",
            "insertions": 14,
            "deletions": 15
          }
        ]
      }
    ],
    "ang-zeyu": [
      {
        "insertions": 466,
        "deletions": 144,
        "date": "2019-09-29",
        "commitResults": [
          {
            "hash": "1f0653b0cf3ee89d25a44622dc3c6e67dc24d1a7",
            "messageTitle": "Added : - Skeleton classes for commands and parser refactor",
            "messageBody": "Changed:\n- Moved help command into common commands\n- Removed wrapper methods in logic in preparation for ui refactor to use direct model calls\n",
            "insertions": 455,
            "deletions": 135
          },
          {
            "hash": "a0e428f1bd8343c85c2f0fbc73ea088c7cdf42d1",
            "messageTitle": "Changes: - Removed codacy badge - Modified appveyor badge, set up appveyor - Modified coveralls badge link, set up coveralls - Removed gitter badge - Updated README.adoc",
            "messageBody": "",
            "insertions": 11,
            "deletions": 9
          }
        ]
      },
      {
        "insertions": 1216,
        "deletions": 283,
        "date": "2019-09-30",
        "commitResults": [
          {
            "hash": "4cb338f41d6f74e7c40b53b7a3bab1fcc8b89818",
            "messageTitle": "Added: - Immutable constructors from existing pageStatus object for PageStatus",
            "messageBody": "",
            "insertions": 14,
            "deletions": 1
          },
          {
            "hash": "94c6aca5df8246205e9816d56b532f84bfb6a89e",
            "messageTitle": "Added : - initial implementation of parsers and commands for trip manager",
            "messageBody": "Changed :\n- Added placeholder tripId implementation\n- Changed PageStatus to rely on trip instead of tripId\n- Removed stage dependency for ui navigation api\n",
            "insertions": 527,
            "deletions": 118
          },
          {
            "hash": "13fc983013a443f2620667f6d45121126d9f235b",
            "messageTitle": "Added : - edit / create trip page parser, logic, model (pageStatus) implementation - added ParserUtilDate abstract utility class - added TripParserUtil abstract utility class",
            "messageBody": "Changes :\n- Add editTripDescriptor to pageStatus\n- Add clashing check to add() (TripList)\n- Refactor dates to use newer JodaTime classes (Trip, EditTripDescriptor, JsonAdaptedTrip)\n\nFixes :\n- parameter and method name for withNewDay\n- changed ParserUtil to abstract to enforce no instances\n- some naming fixes\n- TripList set clashing logic\n- ClashingException and tripNotFoundException inheriting from RuntimeException instead of Exception, add appropriate exception signatures to methods\n",
            "insertions": 655,
            "deletions": 146
          },
          {
            "hash": "e4a78f6cc72e453eff526cc02871922d2ac4a0cc",
            "messageTitle": "Changes : - More LocalDateTime refactor for JsonAdaptedTrip - Removed Date itinerary class - Improved some error messages",
            "messageBody": "",
            "insertions": 20,
            "deletions": 18
          }
        ]
      },
      {
        "insertions": 904,
        "deletions": 302,
        "date": "2019-10-01",
        "commitResults": [
          {
            "hash": "7f86d4e450105829d5d36fab97be93a700e481c9",
            "messageTitle": "Changes : - dummy day contains clashing implementation - Begin UI integration and additional refactor - Package ui pages appropriately",
            "messageBody": "Fixes :\n- Unchecked generic cast in equals (ConsecutiveOccurenceList)\n- Missing pageStatus initialization in ModelManager constructor\n- Move pageStatus accessors to ModelManager and add missing implementation\n- Promote command string to upper case before passing as command string to page parsers\n",
            "insertions": 287,
            "deletions": 97
          },
          {
            "hash": "69f2ff1c100e9969e1f78cb87c4695768296f388",
            "messageTitle": "Changed : - addressbook storage file name references (.json, .log, ...) to travelpal - addressbook storage accessors names to travelpal - build.gradle changes",
            "messageBody": "Fixes :\n- result display inheritance from MainWindow\n",
            "insertions": 28,
            "deletions": 31
          },
          {
            "hash": "96272047957cc0cc2ea3d81fd4002fd793ce3e63",
            "messageTitle": "Added : - FormItem javaFX abstractions and fxmls - Implement editTripPage (Ui)",
            "messageBody": "Changes :\n\nFixes :\n- Removed JsonAdaptedPerson references from JsonAdaptedTrip\n- Removed Person references from TravelPal\n- Update build.gradle javafx dependencies to 11.0.2\n- Some style fixes\n- Some naming changes to be more semantic\n- editTripFieldParser incorrectly returning doneTripFieldCommand\n- getDateFromString incorrectly using LocalDateTime instead of LocalDate to parse\n",
            "insertions": 377,
            "deletions": 131
          },
          {
            "hash": "2b8c1e50f983403ca55f55e992c4ac9ad797b945",
            "messageTitle": "Changed: - tripPane to tripCard, added full trip model display - theme and style changes, remove darkTheme.css",
            "messageBody": "Fixes :\n- missing null check when attempting to commit uncompleted trip form\n- logger in MainWindow access level\n",
            "insertions": 212,
            "deletions": 43
          }
        ]
      },
      {
        "insertions": 1002,
        "deletions": 376,
        "date": "2019-10-02",
        "commitResults": [
          {
            "hash": "7f0a3f43c83ba71add4faf161d91dd1b798e5d60",
            "messageTitle": "Changes : - Add EnterEditTripCommand implementation - Removed menuBar - reversed style changes - Refactor view directory structure - Move common components to mainWindow - Workaround for erroneous node placement after page switch, using PauseTransition",
            "messageBody": "",
            "insertions": 841,
            "deletions": 199
          },
          {
            "hash": "a7b5c2b955a8d0f12243ca9715da64e275872ca2",
            "messageTitle": "Changes : - Move page switching logic to commandResult - Remove ui dependency in command execute - Remove switchWindow api from Ui, UiManager - Add @Disabled to UniquePersonListTest, AddCommandTest, TravelPalParserTest (formerly AddressBookParserTest) - Some modifications to test as per refactors (UniquePersonListTest, TravelPalTest) - disabled CI tests for now",
            "messageBody": "",
            "insertions": 161,
            "deletions": 177
          }
        ]
      },
      {
        "insertions": 8,
        "deletions": 4,
        "date": "2019-10-03",
        "commitResults": [
          {
            "hash": "72b8aa368ef02bc81d8d30ab311d884531c29a8b",
            "messageTitle": "Fix minor deviation as noted by bot for week 7 AboutUs task - change AboutUs image names to github usernames",
            "messageBody": "",
            "insertions": 4,
            "deletions": 4
          },
          {
            "hash": "ac4f7d85234ca2162a13202e3fb5b0dadd47fa36",
            "messageTitle": "add error messages to deploy_github_pages",
            "messageBody": "",
            "insertions": 4,
            "deletions": 0
          }
        ]
      },
      {
        "insertions": 1352,
        "deletions": 770,
        "date": "2019-10-05",
        "commitResults": [
          {
            "hash": "9d2896695ea093dd5fdc557148fa96f545d6e095",
            "messageTitle": "Initial ui refactor revision, due to javaFx not playing nice with entire stage switch",
            "messageBody": "Changes :\n- MainWindow now complies more with being a main window abstraction, instead of being the base class from which other page types extend.\n- Add contentPlaceholder StackPane to display the Page node\n- Add switchHandler to mainWindow to handle page transitions and set commandUpdater callback\n- Add Page abstract class UiPart, from which all pages will extend\n",
            "insertions": 186,
            "deletions": 227
          },
          {
            "hash": "4624d86d77acbf8d2b60832006ea575514e749ea",
            "messageTitle": "Changes : - change helpWindow help text link - Refactor switchWindow (MainWindow) to use PageType enum instead of Class. - Change commandResult to use boolean flag to indicate page switch - Change switchWindow to retrieve current PageType from model. - Refactor non-cli command execution to executeGuiCommand, removing redundant error handling. - Cleanup views folder, remove unused tripPane.fxml, tripManager.fxml - Remove unused classes - TripPane, WindowNavigation, WindowWithoutSideBar",
            "messageBody": "",
            "insertions": 279,
            "deletions": 480
          },
          {
            "hash": "d35b02f2d5d57ac92066a40147bf099ef76247f9",
            "messageTitle": "Changes : - Start work on PreferencesPage ui - Create ToggleFormItem ui and class",
            "messageBody": "",
            "insertions": 115,
            "deletions": 5
          },
          {
            "hash": "9f3694207c2393e840f991c9b31e8402d96b075d",
            "messageTitle": "Changes : - Implement commonParser for prefs - Implement preferences parsers, commands - Implement editPrefsDescriptor in pageStatus - Refactor editTripDescriptor to use optionals - Add isAny/AllPresent method to collection utils - Fix some javadoc descriptions - Change guiSettings toString to display in one line",
            "messageBody": "Fixes:\n- Reset trip to null after execution of done command in pageStatus\n- Fix some incorrect messages for commands\n",
            "insertions": 772,
            "deletions": 58
          }
        ]
      },
      {
        "insertions": 455,
        "deletions": 303,
        "date": "2019-10-06",
        "commitResults": [
          {
            "hash": "5ff7f1be480318f0593def35900b098dcd033474",
            "messageTitle": "Changes : - Add windowX/YPos to prefsPage - Add a custom boolean parser, ParserUtil.parseBool - Add lockGuiSettings toggle to prefsPage, userPrefs - Add window resize / move listener to enforce lockGuiSettings - Add temporary preferences button - Actually refactor EditTripDescriptor to use optionals",
            "messageBody": "",
            "insertions": 357,
            "deletions": 218
          },
          {
            "hash": "2e2153d9391d29586a2dc32f6ee2511ae7bdce84",
            "messageTitle": "Fxml changes to make form and tripCard styles prettier - change FormItems to use AnchorPane - miscellaneous tweaks",
            "messageBody": "Fixes:\n- Resized gui settings not saving when gui settings is not locked\n",
            "insertions": 76,
            "deletions": 83
          },
          {
            "hash": "f1f9605a488851600b783f1ad0bec70c1029606b",
            "messageTitle": "Changes : - enable assertions for run and test Page switch transition adjustments - Increase transition duration - Add opacity fade - Add old node deletion on transition finish",
            "messageBody": "",
            "insertions": 22,
            "deletions": 2
          }
        ]
      },
      {
        "insertions": 74,
        "deletions": 52,
        "date": "2019-10-07",
        "commitResults": [
          {
            "hash": "11787d625b7f1b2c146401a36e139ee66a501b7e",
            "messageTitle": "Changes : - Changed ExpenditureFormItem to DoubleFormItem - Changed DoubleFormItem to use spinner instead of textField",
            "messageBody": "",
            "insertions": 74,
            "deletions": 52
          }
        ]
      },
      {
        "insertions": 10,
        "deletions": 10,
        "date": "2019-10-09",
        "commitResults": [
          {
            "hash": "87c2bf815eae5c520ea4806e41b66dfa03fac081",
            "messageTitle": "Fix some more references to AB3 where possible",
            "messageBody": "",
            "insertions": 10,
            "deletions": 10
          }
        ]
      },
      {
        "insertions": 1667,
        "deletions": 1234,
        "date": "2019-10-12",
        "commitResults": [
          {
            "hash": "c33009098afcd1f8a736ab9ff49bdd32917f6715",
            "messageTitle": "Add javadocs and fix styles",
            "messageBody": "",
            "insertions": 1375,
            "deletions": 972
          },
          {
            "hash": "cf07b87337d57aa997246e83a3680ace3287cfd3",
            "messageTitle": "Fix checkstyleTest style violations Remove empty catch blocks in tests, replaced with assertDoesNotThrow Fix TaskList unit tests incorrectly depending on race conditions Fix TripList set incorrect removal position",
            "messageBody": "All CI tests are re-enabled\n",
            "insertions": 292,
            "deletions": 262
          }
        ]
      },
      {
        "insertions": 1594,
        "deletions": 239,
        "date": "2019-10-13",
        "commitResults": [
          {
            "hash": "1546a6b0b93c8bc8246a2513cb5330010f3ec7ac",
            "messageTitle": "Additions (Common): - Add getAbsoluteImage method to AppUtil.",
            "messageBody": "Changes (Diary):\n- Added base diary model implementations\n",
            "insertions": 384,
            "deletions": 4
          },
          {
            "hash": "1608fc27228d6fff9a08cdc06a9c706568ed3ba7",
            "messageTitle": "Additions : - Add empty handleSwitchPage handlers for all handlers in SidebarLeft/Right.fxml",
            "messageBody": "Fixes :\n- sideBarLeft/Right access levels in PageWithSidebar\n- moved all sideBarLeft/Right instantiation to PageWithSidebar\n- Remove unused handleSwitchPage handlers in PageWithSidebar\n",
            "insertions": 26,
            "deletions": 73
          },
          {
            "hash": "10afc12a60240d99358accc3aa0deac9a54239e4",
            "messageTitle": "Changes : - Add diary storage implementations - Add several accessors to diary model implementations",
            "messageBody": "",
            "insertions": 271,
            "deletions": 23
          },
          {
            "hash": "c9ffdbbf663f4d6162a65c8ce22285d1db9dca7a",
            "messageTitle": "Changes : - Enforce unique day index in DiaryEntryList - Add NavbarCommand enum and NavbarViewParser to process navbar related commands - Change TravelPalParser to use NavbarViewParser for pages where it is possible to execute navbar navigation commands. - Add more accessors for diary models, add diaryEntry to PageStatus - Add EnterDiaryCommand, FlipDiaryCommand implementations",
            "messageBody": "",
            "insertions": 422,
            "deletions": 48
          },
          {
            "hash": "2f94032e6d062abbe188eb3af79954191e37ee3b",
            "messageTitle": "Changes : - Add EditDiaryEntryDescriptor implementation - Add new accessors to PhotoList - Add EditDiaryEntryCommand, DoneEditDiaryEntryCommand, AddPhoto, DeletePhoto command and parser implementations",
            "messageBody": "",
            "insertions": 491,
            "deletions": 91
          }
        ]
      },
      {
        "insertions": 1062,
        "deletions": 288,
        "date": "2019-10-14",
        "commitResults": [
          {
            "hash": "5c5dcf1cd440f83396d109bce2ae91af9fcba132",
            "messageTitle": "Changes : - Implement diary storage jackson serializations and deserialization methods - Rename storage references to diary deserialization to Json versions - Add CreateDiaryEntry command and parser",
            "messageBody": "Start work on Diary UI\n- Add base components and fxmls classes\n",
            "insertions": 310,
            "deletions": 52
          },
          {
            "hash": "f4ae9c4ddb5c6a77a3a9a05b90b6627941e1ffbd",
            "messageTitle": "Initial Diary - GalleryCard, Gallery, Page implementation",
            "messageBody": "",
            "insertions": 53,
            "deletions": 34
          },
          {
            "hash": "34afdf13bd1140f6f4c4f24d4c8193d179932443",
            "messageTitle": "Changes : - Move all Photo parsing validation logic to Photo model itself - Add many more Ui implementations - Add toString and equals implementations for diary models - Add maximum description length for Photo",
            "messageBody": "Fixes :\n- Add DOTALL flag to travelPalParser\u0027s pattern\n- Add page preclusion in NavbarViewParser\n- Bind stack panes container width and height to stage\n- Incorrect user error messages for diary\n- JsonAdaptedDiaryEntry incorrectly referencing Photo instead of JsonAdaptedPhoto\n",
            "insertions": 699,
            "deletions": 202
          }
        ]
      },
      {
        "insertions": 271,
        "deletions": 51,
        "date": "2019-10-15",
        "commitResults": [
          {
            "hash": "ec066b9cc294aa17298b66102d57d53d9b0182c4",
            "messageTitle": "Changes : - Add ImageChooser class to .parser.diary.fileutil - Add file chooser option for AddPhotoCommand/Parser - Style edits to diary UI",
            "messageBody": "Fixes :\n- Remove unneeded TripPage instantiation in UiManager\n",
            "insertions": 111,
            "deletions": 34
          },
          {
            "hash": "51758fb5b2304694a082d4c074b17861f60e4277",
            "messageTitle": "Changes : - Start conversion of diary text display format to ListView\u003cString\u003e - Add custom stylesheets for diary text components - Implement various diary model tests",
            "messageBody": "",
            "insertions": 160,
            "deletions": 17
          }
        ]
      },
      {
        "insertions": 1085,
        "deletions": 328,
        "date": "2019-10-16",
        "commitResults": [
          {
            "hash": "812642b1b5f12f817b2bb85a83fa31d064fc6109",
            "messageTitle": "Changes : - Back DiaryEntryList with SortedList to provide correct ordering of entries - Add inline diaryEntry photo display implementation - Remove photo image validation, add invalid placeholder image - Much more styling - Add tests for Photo, AddPhotoParser and DeletePhotoParser - Add create day button on diary day navigation button - Switch DiaryEntry (UI) updating model to use JavaFX TextArea\u0027s - Add missing javadocs, fix style deviations",
            "messageBody": "",
            "insertions": 1037,
            "deletions": 324
          },
          {
            "hash": "6cb5556bbcfc0b36b3e0dc06aa6f011deb4a403a",
            "messageTitle": "Add newline in css files for checkstyle",
            "messageBody": "",
            "insertions": 3,
            "deletions": 3
          },
          {
            "hash": "99a17eec344b2ea0d64226e620f4f352f539f920",
            "messageTitle": "Preliminary update to diary user guide commands for v1.2",
            "messageBody": "",
            "insertions": 44,
            "deletions": 1
          },
          {
            "hash": "154cbb0c09f20bfa87876c12010e8e3d18d37647",
            "messageTitle": "add missed curly brace during web editor conflict resolve (Trip.java)",
            "messageBody": "",
            "insertions": 1,
            "deletions": 0
          }
        ]
      },
      {
        "insertions": 168,
        "deletions": 79,
        "date": "2019-10-17",
        "commitResults": [
          {
            "hash": "69374a5f4ac4f30796363de4fa9391e522f36153",
            "messageTitle": "Changes : - Replace navigation bar text with icons - Remove contacts manager button, replaced with help button",
            "messageBody": "",
            "insertions": 92,
            "deletions": 18
          },
          {
            "hash": "4e2b7fae8663860631aaabb305ebc08cfb97befe",
            "messageTitle": "Changes : - More styling for navigation bars - Remove duplicate navigation parsing in page parsers for pages with navbars, and the relavant enums (ItineraryViewParser, DayViewParser, InventoryParser) - Move above page enums and navigation parsing to NavbarCommand",
            "messageBody": "",
            "insertions": 75,
            "deletions": 60
          },
          {
            "hash": "c25ce6250784a5ae9e0a46025df4688499e064dd",
            "messageTitle": "add nmissed ewline at eof to pass stylecheck (sidebar.css)",
            "messageBody": "",
            "insertions": 1,
            "deletions": 1
          }
        ]
      },
      {
        "insertions": 384,
        "deletions": 121,
        "date": "2019-10-18",
        "commitResults": [
          {
            "hash": "5643583a7ddd93949a8616a6a5c1f6ca2855dc75",
            "messageTitle": "Add photo manager developer guide section",
            "messageBody": "",
            "insertions": 93,
            "deletions": 0
          },
          {
            "hash": "71e08cedb92cc24799921aba26e060c4b2794448",
            "messageTitle": "Changes : - Remove initial text setting functionality of EditDiaryEntry command to prevent accidental edits - Change DiaryEntryEditBox to execute textChangeHandler when input focus is lost instead of on every key typed",
            "messageBody": "",
            "insertions": 14,
            "deletions": 24
          },
          {
            "hash": "0161b622a0619cdf2ee3ebe19e25b20b42e0f813",
            "messageTitle": "Changes : - Revert removal of initial text setting functionality, add empty string detection instead (EditDiaryEntryCommand) - Remove unneeded isUsingEditBox boolean in DiaryPage - Refactor constructing new instance of DiaryEntryDisplay ui to setData after command execution. - Readd \u0027F1\u0027 accelerator to move focus back to cli input - Added copyFile function in AppUtil - Add AddPhotoCommandIntegrationTest - Add missing Budget, Diary and ExpenditureList equality check to Trip - Add PageStatus equality check to ModelManager - Implement PageStatus equality check - Change existing tests to work with added equality checks",
            "messageBody": "",
            "insertions": 266,
            "deletions": 75
          },
          {
            "hash": "04b7b4147b2a3af124b63fc5eb3319ab8c4bb1ff",
            "messageTitle": "Changed diary edit box style",
            "messageBody": "",
            "insertions": 7,
            "deletions": 17
          },
          {
            "hash": "9f7e4742a735dea3a9f69919565bffa103b5a512",
            "messageTitle": "Fix DiaryLine style",
            "messageBody": "",
            "insertions": 4,
            "deletions": 5
          }
        ]
      },
      {
        "insertions": 1207,
        "deletions": 356,
        "date": "2019-10-19",
        "commitResults": [
          {
            "hash": "cbb4ebcd78bd562ca219f9916774e5ebd22233bd",
            "messageTitle": "Changes : - Add AppendDiaryEntryCommand, Parser",
            "messageBody": "",
            "insertions": 108,
            "deletions": 5
          },
          {
            "hash": "69846468a12095011f23da8198c1124cd3e1caf2",
            "messageTitle": "Add DeleteDiaryEntryCommand and Parser",
            "messageBody": "",
            "insertions": 127,
            "deletions": 1
          },
          {
            "hash": "530ddb74178e1a3387f4a30b7e2806cab073db95",
            "messageTitle": "Changes : - Add edit line functionality to EditDiaryEntryCommand - Require prefix for text in EditDiaryEntryParser - Move open edit box functionality from EditDiaryEntryCommand to ShowTextEditorCommand - Move navbar position, add mouse hover style effect - Change DeleteDiaryEntryCommand to not commit changes immediately if edit box is in use - Changed or added several access and final modifiers to be more restrictive",
            "messageBody": "",
            "insertions": 306,
            "deletions": 138
          },
          {
            "hash": "80f6e52ff93bd7aeef451efc3fe8215f384b6a5b",
            "messageTitle": "* Add diary text editing developer guide section * Add several relavant uml diagrams",
            "messageBody": "",
            "insertions": 222,
            "deletions": 6
          },
          {
            "hash": "341df8917914cd858154042a6ea11fab38133f7b",
            "messageTitle": "Minor DiaryPage style changes and naming changes",
            "messageBody": "",
            "insertions": 17,
            "deletions": 16
          },
          {
            "hash": "2189829c6d16762552cb6a4302218b760f1b704d",
            "messageTitle": "More updates to diary section of developer guide",
            "messageBody": "",
            "insertions": 291,
            "deletions": 12
          },
          {
            "hash": "0f2e7ed0d784048c5f8586dbdd911c44efc679ba",
            "messageTitle": "Fix diary line label text not wrapping",
            "messageBody": "",
            "insertions": 7,
            "deletions": 6
          },
          {
            "hash": "f2f464402d702b5394cf2d54b723a2b862db4cf8",
            "messageTitle": "More updates to diary developer guide sections",
            "messageBody": "",
            "insertions": 128,
            "deletions": 140
          },
          {
            "hash": "32ca47cdcbfa86e1e11122ef0723385df449eadc",
            "messageTitle": "Add missing newline at eof",
            "messageBody": "",
            "insertions": 1,
            "deletions": 32
          }
        ]
      },
      {
        "insertions": 75,
        "deletions": 110,
        "date": "2019-10-20",
        "commitResults": [
          {
            "hash": "5d05d9017c0c182dddb253a365ffad7e3c13cb4a",
            "messageTitle": "Resolve window resizing issues for DiaryEntryDisplay",
            "messageBody": "",
            "insertions": 72,
            "deletions": 107
          },
          {
            "hash": "fc4b1ed707eb47452793cf65bcef32167cc4754f",
            "messageTitle": "sidebar transparency fix",
            "messageBody": "",
            "insertions": 3,
            "deletions": 3
          }
        ]
      },
      {
        "insertions": 83,
        "deletions": 10,
        "date": "2019-10-21",
        "commitResults": [
          {
            "hash": "f7bda1382c3c0bfeb0b77376bc9efdbbd4008833",
            "messageTitle": "Developer guide: - Trimmed DiaryFillPageCallback uml diagram - Added EditDiaryEntryDescriptor section to model aspect of DiaryEntry section",
            "messageBody": "",
            "insertions": 72,
            "deletions": 4
          },
          {
            "hash": "fa21146147a3a4c709345f3090b04f42ff23348f",
            "messageTitle": "Revise binding for inline image to use fixed factor of width",
            "messageBody": "",
            "insertions": 10,
            "deletions": 5
          },
          {
            "hash": "66ec06327c28863c2f44c24e7829f8e6e1d8655d",
            "messageTitle": "Change DiaryPage dayIndex label to display help text when there are no entries",
            "messageBody": "",
            "insertions": 1,
            "deletions": 1
          }
        ]
      },
      {
        "insertions": 1,
        "deletions": 1,
        "date": "2019-10-23",
        "commitResults": [
          {
            "hash": "4d97a876f137c18fc719e43e23ed8c003ec9b071",
            "messageTitle": "update app version",
            "messageBody": "",
            "insertions": 1,
            "deletions": 1
          }
        ]
      },
      {
        "insertions": 179,
        "deletions": 62,
        "date": "2019-10-24",
        "commitResults": [
          {
            "hash": "0f2f5a02379cda427d072d7c47fdb81805a31fa1",
            "messageTitle": "Developer guide: Changes : - add activity diagrams for AddPhotoParser section - add Page api section, edit UiClassDiagram.puml to reflect changes",
            "messageBody": "Fixes :\n- fix solid return arrows in DiaryFillPageCallbackTrimmed\n- polish formatting overall\n",
            "insertions": 179,
            "deletions": 62
          }
        ]
      },
      {
        "insertions": 12,
        "deletions": 11,
        "date": "2019-10-26",
        "commitResults": [
          {
            "hash": "a53b647387ecc0d5537f235cfec8ad43b206ea6f",
            "messageTitle": "Several more small dev guide fixes Trim DiaryFillPageCallback sequence diagram",
            "messageBody": "",
            "insertions": 12,
            "deletions": 11
          }
        ]
      },
      {
        "insertions": 1772,
        "deletions": 375,
        "date": "2019-10-27",
        "commitResults": [
          {
            "hash": "cd65e17df547616f3e1659f697dd411dd8bb61aa",
            "messageTitle": "Changes : - Small ui changes - Change AppendDiaryEntryCommand to not commit changes immediately if user is in edit mode as per other DiaryEntry editing commands - Add InsertDiaryEntryCommand / Parser - More javadocs - More general code cleanup (access modifiers, style, slap methods, reduce overt Law of Demeter violations) - Changed getReadOnlyDiaryEntries to getDiaryEntrySortedList as SortedList is already unmodifiable - Changed fillButtonBar to only run when a change is detected in the SortedList of DiaryEntry - Refactor commands and parsers pertaining to editing DiaryEntry\u0027s text to subpackage entry, and changed class names to be more semantic - Refactor ImageChooser to commons.util",
            "messageBody": "",
            "insertions": 677,
            "deletions": 270
          },
          {
            "hash": "71d6c922140998897b5c3dbb77a2042c6df5911b",
            "messageTitle": "Changes : - add a few more javadocs - Standardised deleteParagraph in EditDiaryEntryDescriptor to use Index - Removed negative index checks in EditDiaryEntryDescriptor as it is impossible for Index to hold negative indexes on top of the relavant command parsers already checking for negative indexes - Fix EditDiaryEntryDescriptor toString not equals to DiaryEntry toString",
            "messageBody": "Changes (Test) :\n- 100% coverage for all diary model classes\n",
            "insertions": 1074,
            "deletions": 82
          },
          {
            "hash": "fa475457ed25aa265f6e911750d53d1e57449d46",
            "messageTitle": "Fixes : - checkstyle compliance",
            "messageBody": "",
            "insertions": 20,
            "deletions": 22
          },
          {
            "hash": "430e4cfd700c30e7fa8b72d50ede40fb636a1269",
            "messageTitle": "Changes : - Slight tweak to diaryEditBox background color",
            "messageBody": "",
            "insertions": 1,
            "deletions": 1
          }
        ]
      },
      {
        "insertions": 395,
        "deletions": 62,
        "date": "2019-10-28",
        "commitResults": [
          {
            "hash": "406bb24dcb691749d989a7879839fb2da3fc0fe5",
            "messageTitle": "Fixes: - Wrong alignment for DiaryLine photoCardsDisplay when graphic is to be placed on the left - Refactored magic number for padding in DiaryLine to class level constant",
            "messageBody": "",
            "insertions": 6,
            "deletions": 2
          },
          {
            "hash": "c95efe1c28be2e00032b9e6f8e65d961c090fc95",
            "messageTitle": "Changes (diary UserGuide): - add complete introductory sections to diary section - add command sections (without intended images currently) to diary section",
            "messageBody": "",
            "insertions": 192,
            "deletions": 32
          },
          {
            "hash": "1f05326e91ee9e9633240adade20a4753403edd6",
            "messageTitle": "Add images for many more diary user guide sections",
            "messageBody": "",
            "insertions": 193,
            "deletions": 26
          },
          {
            "hash": "725cc8cec41adbcf0f58e8f525f49637cb8841fd",
            "messageTitle": "Add newline at userguide.adoc eof",
            "messageBody": "",
            "insertions": 1,
            "deletions": 1
          },
          {
            "hash": "a2df47becbbb9fd879a4c272491b7278bb79c76a",
            "messageTitle": "Small fix for DiaryPage SwapRightToGallery not swapping the photoList when the page is flipped",
            "messageBody": "",
            "insertions": 3,
            "deletions": 1
          }
        ]
      },
      {
        "insertions": 97,
        "deletions": 5,
        "date": "2019-10-29",
        "commitResults": [
          {
            "hash": "39ff1106fdb43050017124e26643bf39090a1428",
            "messageTitle": "Changes (docs) - add tags to user and developer guide diary sections for display in project portfolio - add initial draft for project portfolio page - change link in AboutUs to link to project portfolio page",
            "messageBody": "",
            "insertions": 97,
            "deletions": 5
          }
        ]
      },
      {
        "insertions": 796,
        "deletions": 111,
        "date": "2019-10-31",
        "commitResults": [
          {
            "hash": "03e926b32a2faef4001c60947604884212feb32c",
            "messageTitle": "Fix MainApp.java version number",
            "messageBody": "",
            "insertions": 1,
            "deletions": 1
          },
          {
            "hash": "621b079a06ea93b01cb8071c92d927033ab5fe89",
            "messageTitle": "Changes (User Guide): - finish adding step-by-step image instructions for diary sections - remove irrelavant / deprecated details in various user guide sections",
            "messageBody": "",
            "insertions": 191,
            "deletions": 66
          },
          {
            "hash": "8edd782e26641244eb938f870d5cb3b67abf0dda",
            "messageTitle": "Fixes: - fix newline not being appended during setDiaryText call from gui due to ArgumentMultimap trimming newlines - incorrect error message thrown for CreateDiaryEntryParser - incorrect prefix used in preferences page for window x and y position when firing command from PreferencesPage - removed unnecessary fillPage call in PreferencesPage initFormWithModel()",
            "messageBody": "",
            "insertions": 22,
            "deletions": 9
          },
          {
            "hash": "bdff12677679c1c78f5baf6bfd48ca86290e79ce",
            "messageTitle": "Changes: - Improved diary error messages ( distinguish MESSAGE_MISSING_FIELDS and MESSAGE_INVALID_COMMAND_FORMAT )",
            "messageBody": "Fixes:\n- fixed AppendDiaryEntryParser not stripping leading whitespace\n\nChanges (Test):\n- Add more tests (some test factories) for diary parsers (\u003e 90% coverage)\n- Fix DiaryTestUtil generateRandomText only generating numbers\n",
            "insertions": 582,
            "deletions": 35
          }
        ]
      },
      {
        "insertions": 31,
        "deletions": 12,
        "date": "2019-11-01",
        "commitResults": [
          {
            "hash": "d809a20b757ffa2a0099f83689e7e536afaeafc5",
            "messageTitle": "Small individual project portfolio page update",
            "messageBody": "",
            "insertions": 8,
            "deletions": 7
          },
          {
            "hash": "012dd1196c1e60f28f1d2181db4c25e2c02c4ae0",
            "messageTitle": "Add icon attributions",
            "messageBody": "",
            "insertions": 20,
            "deletions": 1
          },
          {
            "hash": "34abe382c776df729c10c4582840a964d46c4230",
            "messageTitle": "fix globe_icon.png link",
            "messageBody": "",
            "insertions": 1,
            "deletions": 1
          },
          {
            "hash": "3f52a4a903061d4e77063576944cca6a13ebba9f",
            "messageTitle": "Changes (documentation): - Revert addition of globe-icon - Remove site-seedu flag in build.gradle",
            "messageBody": "",
            "insertions": 2,
            "deletions": 3
          }
        ]
      },
      {
        "insertions": 102,
        "deletions": 997,
        "date": "2019-11-02",
        "commitResults": [
          {
            "hash": "7d82262db309c9601d56b891de9f2e7aae3ecdb3",
            "messageTitle": "Changes: - Removed preferences page implementations - fixes #110, #111, #113, #133, #134, #135, #144, - Enforce global minimum window width and height of 640 by 480, added relavant section in user guide",
            "messageBody": "Fixes:\n- fixes #108 - editing trip wipes diary\n- fixes #105 - Out of bounds day not rejected\n- fixes #123 - Help button in trip manager not working\n- fixes #143, #109, #117, #132 - leftover step from ab3 in user guide quick start\n- fixed #116 - help command not working\n- fixes #147 - grammar errors in error messages\n- fixes #105 - able to add diary entry beyond the duration of the trip\n- fixed AboutUs.adoc link\n",
            "insertions": 94,
            "deletions": 990
          },
          {
            "hash": "f6ceef128eca198d296d427d178ec2884e32b1af",
            "messageTitle": "Changes: - Slightly changed diary day out of bounds message",
            "messageBody": "",
            "insertions": 8,
            "deletions": 7
          }
        ]
      },
      {
        "insertions": 47,
        "deletions": 288,
        "date": "2019-11-03",
        "commitResults": [
          {
            "hash": "d61b474e58227e8990ec8a0388655fdb2de90f6b",
            "messageTitle": "Stage missing file removals during merge from master not staged during the merge commit",
            "messageBody": "",
            "insertions": 0,
            "deletions": 181
          },
          {
            "hash": "a28ec52bb0d9d4009b4978a58c92eef98a7b382d",
            "messageTitle": "Remove handlePreferences in ExpensesPage",
            "messageBody": "",
            "insertions": 1,
            "deletions": 6
          },
          {
            "hash": "00d6e1003dc434a8991ac3fc5736d5333dbb0d18",
            "messageTitle": "Changes: - Removed unused fxmls - Some code cleanup",
            "messageBody": "Fixes:\n- #146, #97 partial fix\n",
            "insertions": 42,
            "deletions": 97
          },
          {
            "hash": "36f3bb93c90b0bb34ff997b0c167e5ee9ffe5652",
            "messageTitle": "Small style fix",
            "messageBody": "",
            "insertions": 4,
            "deletions": 4
          }
        ]
      },
      {
        "insertions": 160,
        "deletions": 94,
        "date": "2019-11-04",
        "commitResults": [
          {
            "hash": "ea680f3f4833d3d83db33cc8b93af31301b0311d",
            "messageTitle": "Changes: - Improved EditTripPage ui - Cleanup EditTripPage code - Some small diary ui tweaks",
            "messageBody": "",
            "insertions": 145,
            "deletions": 80
          },
          {
            "hash": "7328b009bd19ada208ca825aca83d40be88df68f",
            "messageTitle": "Changes: - Style standardisations across trip manager and edit trip page",
            "messageBody": "Fixes:\n- Diary line numbers showing 0 when there isn\u0027t a line\n",
            "insertions": 15,
            "deletions": 14
          }
        ]
      },
      {
        "insertions": 33,
        "deletions": 20,
        "date": "2019-11-05",
        "commitResults": [
          {
            "hash": "5d73836acfa364c293058e114f737e64df6372f4",
            "messageTitle": "Changes: - EditTripFieldCommand displays MESSAGE_USAGE inside MESSAGE_NOT_EDITED too - Minor edit event page ui change",
            "messageBody": "",
            "insertions": 33,
            "deletions": 20
          }
        ]
      },
      {
        "insertions": 498,
        "deletions": 634,
        "date": "2019-11-10",
        "commitResults": [
          {
            "hash": "9c6ec939e8a657ef755e95f7851aa7e6dd817d82",
            "messageTitle": "Changes: - minor ui tweaks",
            "messageBody": "Fixes:\n- fixes #128 - needing to click done button twice in diary\n- fixes #118 - long dates overflowing trip card container\n- Workaround for listcell getIndex() having phantom out of bounds cell indexes after entry switch\n",
            "insertions": 111,
            "deletions": 76
          },
          {
            "hash": "79e6c8fcd56751aff952d1c6254b59b998460560",
            "messageTitle": "Small diary ui tweaks",
            "messageBody": "",
            "insertions": 115,
            "deletions": 342
          },
          {
            "hash": "c6267d5abcca9599fa9b0acc7bd88165874894ed",
            "messageTitle": "Changes: - Some minor performance optimizations and code reorganization in DiaryPage - Minor uml diagram documentation tweak - Changed CreateDiaryEntryCommand not to show edit box by default",
            "messageBody": "",
            "insertions": 83,
            "deletions": 83
          },
          {
            "hash": "d8d685189aff199b379c6f975cf1443cd603f927",
            "messageTitle": "Changes: - Documentation update for project portfolio page, user guide and developer guide - Update some UML diagrams for better formatting",
            "messageBody": "",
            "insertions": 183,
            "deletions": 125
          },
          {
            "hash": "c5d72a964f6255582fde355a84c364e42bc97430",
            "messageTitle": "Changes: - Update user guide images with line numbers",
            "messageBody": "",
            "insertions": 6,
            "deletions": 8
          }
        ]
      },
      {
        "insertions": 538,
        "deletions": 5297,
        "date": "2019-11-11",
        "commitResults": [
          {
            "hash": "a1edefb3aa212d4e6d5272962226c317778d0f68",
            "messageTitle": "Changes: - project portfolio tweaks - fix not being able to scroll all the way to the bottom in EditTripPage",
            "messageBody": "",
            "insertions": 51,
            "deletions": 43
          },
          {
            "hash": "7f2c53d4101312a09bea258147587e111251cd3a",
            "messageTitle": "Changes: - more documentation tweaks",
            "messageBody": "",
            "insertions": 32,
            "deletions": 35
          },
          {
            "hash": "55ae20d0c1fa664fdccfa925792e603be786d63a",
            "messageTitle": "Changes: - More documentation tweaks - Tweak DoneEditEntryTextCommand error message",
            "messageBody": "",
            "insertions": 159,
            "deletions": 156
          },
          {
            "hash": "25997bdeadb7dee101d7140360d77af4331647d2",
            "messageTitle": "Code Cleanup: - General code cleanup (access modifiers, unneeded declarations, etc.) - Remove unneeded isGuiLocked from UserPrefs - Fix DiaryGalleryCard equals incorrectly comparing type equality to PersonCard - update MainApp version number - some more documentation tweaks",
            "messageBody": "",
            "insertions": 131,
            "deletions": 111
          },
          {
            "hash": "db5adf6e65b832ced57c5099465b753910e2376a",
            "messageTitle": "Update MainApp.java version number",
            "messageBody": "",
            "insertions": 1,
            "deletions": 1
          },
          {
            "hash": "2517f9ed56f4b9881f7768242754208d485052bd",
            "messageTitle": "Changes: - More documentation tweaks",
            "messageBody": "",
            "insertions": 48,
            "deletions": 43
          },
          {
            "hash": "443cd64e8b4871bb6a74877bb137baabe0b36164",
            "messageTitle": "Changes: - Final tweaks to diary documentation",
            "messageBody": "",
            "insertions": 12,
            "deletions": 12
          },
          {
            "hash": "a47876a3bf444d116e756b956f3fb913b7f5ebb4",
            "messageTitle": "Quick update to common developer guide sections",
            "messageBody": "",
            "insertions": 56,
            "deletions": 53
          },
          {
            "hash": "ac95f11427a51d010ed98a098c1b36b264860ac6",
            "messageTitle": "Quick change to INVALID_COMMAND_TYPE error message for #126",
            "messageBody": "",
            "insertions": 2,
            "deletions": 2
          },
          {
            "hash": "e06753efb7e167562a5820eeac88ac2fc0108882",
            "messageTitle": "Massive old code cleanup",
            "messageBody": "",
            "insertions": 45,
            "deletions": 4827
          },
          {
            "hash": "15cc368f2db4e81c625d94a329d4833c45f80a69",
            "messageTitle": "Fix test checkstyle",
            "messageBody": "",
            "insertions": 1,
            "deletions": 14
          }
        ]
      }
    ]
  },
  "authorFinalContributionMap": {
    "teoha": 9162,
    "eizon05": 2495,
    "SakshiPradyumn": 2244,
    "arjunwangty": 7309,
    "ang-zeyu": 11256
  },
  "authorFileTypeContributionMap": {
    "teoha": {
      "docs": 771,
      "tests": 2374,
      "functional": 5541,
      "other": 476
    },
    "eizon05": {
      "docs": 167,
      "tests": 614,
      "functional": 1487,
      "other": 227
    },
    "SakshiPradyumn": {
      "docs": 15,
      "tests": 314,
      "functional": 1915
    },
    "arjunwangty": {
      "docs": 389,
      "tests": 1225,
      "functional": 5321,
      "other": 374
    },
    "ang-zeyu": {
      "docs": 1038,
      "tests": 2244,
      "functional": 7495,
      "other": 479
    }
  },
  "authorContributionVariance": {
    "teoha": 192498.1,
    "eizon05": 71571.97,
    "SakshiPradyumn": 67996.69,
    "arjunwangty": 356251.47,
    "ang-zeyu": 853947.6
  },
  "authorDisplayNameMap": {
    "teoha": "CS2103T-T11-4 DERRI ...  YING",
    "eizon05": "CS2103T-T11-4 KARAN ... SAPRA",
    "SakshiPradyumn": "CS2103T-T11-4 SAKSH ... DYUMN",
    "arjunwangty": "CS2103T-T11-4 WANG  ... IANYI",
    "ang-zeyu": "CS2103T-T11-4 ANG Z ... ZE YU"
  }
}
