{
  "authorDailyContributionsMap": {
    "SakuraBlossom": [
      {
        "insertions": 4,
        "deletions": 5,
        "date": "2019-09-16",
        "commitResults": [
          {
            "hash": "0a600c3bdce532d1b097a02eb49969ed19d885f6",
            "messageTitle": "Update README.adoc",
            "messageBody": "Updated Travis",
            "insertions": 1,
            "deletions": 1
          },
          {
            "hash": "485605bf5c2ad40464523a5b17850b507d47fb93",
            "messageTitle": "Update README.adoc",
            "messageBody": "Updated Travis for ADoc",
            "insertions": 1,
            "deletions": 1
          },
          {
            "hash": "d6661acfc2fbef4911ca04f39c9609e6bc13f0b7",
            "messageTitle": "Updates Coveralls for ReadMe file",
            "messageBody": "",
            "insertions": 1,
            "deletions": 1
          },
          {
            "hash": "1ea5324d347d072c813dd415c27986d5ed2d278a",
            "messageTitle": "Updates Codacy badge for ReadMe file",
            "messageBody": "",
            "insertions": 1,
            "deletions": 2
          }
        ]
      },
      {
        "insertions": 511,
        "deletions": 275,
        "date": "2019-10-29",
        "commitResults": [
          {
            "hash": "d1f07fe91a4de7705a522678d2936ae1106e4f8d",
            "messageTitle": "Fixes Main Style Check",
            "messageBody": "",
            "insertions": 30,
            "deletions": 22
          },
          {
            "hash": "f972d5f634e2e08d7fbf50e0f5eb6e468ce4c645",
            "messageTitle": "Fixes Unit test cases",
            "messageBody": "",
            "insertions": 174,
            "deletions": 76
          },
          {
            "hash": "e5be1fee4f63bf678ed41167b92baa316be3011b",
            "messageTitle": "Fixes unit test cases for Queue Command",
            "messageBody": "",
            "insertions": 54,
            "deletions": 68
          },
          {
            "hash": "01a4ac8dce94ef4f6c0f4fd1ecfec4b37fd2d8be",
            "messageTitle": "Fixes style check for NextCommandTest.java",
            "messageBody": "",
            "insertions": 0,
            "deletions": 5
          },
          {
            "hash": "12466f477a3ffb0c0e941c667c53ef8390ea0b4e",
            "messageTitle": "Fixes Paths on windows",
            "messageBody": "",
            "insertions": 14,
            "deletions": 9
          },
          {
            "hash": "436937aaf34b5e6b848feff76e9d1690c278351c",
            "messageTitle": "ImplementsbBasic eager evaluation",
            "messageBody": "",
            "insertions": 152,
            "deletions": 34
          },
          {
            "hash": "20768fdbddcddb277a79b2cd96672e37e2f95570",
            "messageTitle": "Implements optional fields for person",
            "messageBody": "",
            "insertions": 87,
            "deletions": 61
          }
        ]
      },
      {
        "insertions": 1514,
        "deletions": 599,
        "date": "2019-10-30",
        "commitResults": [
          {
            "hash": "dbf3b5ace435ce0a65c498db6a2e4b84fc6cd164",
            "messageTitle": "Implements unique list for Reference Ids",
            "messageBody": "",
            "insertions": 195,
            "deletions": 143
          },
          {
            "hash": "ff1f89819f35131b8b97fbee4693f71fef95eaa1",
            "messageTitle": "Fixes style check for main code",
            "messageBody": "",
            "insertions": 19,
            "deletions": 15
          },
          {
            "hash": "c47aeb62b281e807271e909381a0866f917933d5",
            "messageTitle": "Fixes unit test cases",
            "messageBody": "",
            "insertions": 226,
            "deletions": 150
          },
          {
            "hash": "04f8673e9540a41b3cebc860412f51639ca84158",
            "messageTitle": "Closes #27",
            "messageBody": "",
            "insertions": 84,
            "deletions": 63
          },
          {
            "hash": "98484e205d756c51ce32eb2a8c28888bfe9a24b5",
            "messageTitle": "Adds Duty Shift commands",
            "messageBody": "",
            "insertions": 449,
            "deletions": 78
          },
          {
            "hash": "f9795ebb2f8a77b982973b329b7a069aa24ceded",
            "messageTitle": "Fixes appointment cmmand behaviours",
            "messageBody": "",
            "insertions": 90,
            "deletions": 114
          },
          {
            "hash": "59326ca45f04edc70574dafb69ab92b3096f7b92",
            "messageTitle": "Fixes style checks",
            "messageBody": "",
            "insertions": 20,
            "deletions": 23
          },
          {
            "hash": "7957e454549489f9e4a0c38e05b5f50215ae1c41",
            "messageTitle": "Fixes a newdoctor command",
            "messageBody": "",
            "insertions": 5,
            "deletions": 5
          },
          {
            "hash": "ef873dbb4329087b823a0d837b35e2f1b3ebfa0b",
            "messageTitle": "Implements commands for DutyShifts",
            "messageBody": "",
            "insertions": 424,
            "deletions": 6
          },
          {
            "hash": "4be54ad32feb9eac77a6990f8e37de85bc064b15",
            "messageTitle": "Fixes AutoCompleter unit test case",
            "messageBody": "",
            "insertions": 2,
            "deletions": 2
          }
        ]
      },
      {
        "insertions": 68,
        "deletions": 63,
        "date": "2019-10-31",
        "commitResults": [
          {
            "hash": "555a1480fa9a5b73d1c5e9d395cc3cb2901df98a",
            "messageTitle": "Update UG",
            "messageBody": "",
            "insertions": 33,
            "deletions": 30
          },
          {
            "hash": "bd8119ee8527d6513cca65c086974461f7f560c4",
            "messageTitle": "Update UserGuide.adoc",
            "messageBody": "",
            "insertions": 35,
            "deletions": 33
          }
        ]
      },
      {
        "insertions": 188,
        "deletions": 61,
        "date": "2019-11-01",
        "commitResults": [
          {
            "hash": "be30633c79fdcef66276ba2b3146fef52f13fe1e",
            "messageTitle": "Improvements to eager evaluation",
            "messageBody": "",
            "insertions": 36,
            "deletions": 8
          },
          {
            "hash": "f6e70bdef3f71fe895338e5a8de1cbfcbe589924",
            "messageTitle": "Adds counter measures for fast typing eager evaluation commands",
            "messageBody": "",
            "insertions": 13,
            "deletions": 5
          },
          {
            "hash": "43a537e409b127da37bd87007473f096b6c01c9c",
            "messageTitle": "Adds missing space in UG",
            "messageBody": "",
            "insertions": 1,
            "deletions": 1
          },
          {
            "hash": "d42e866b515d61e09fe463a6b9fe5b1f4076c665",
            "messageTitle": "Update UG",
            "messageBody": "",
            "insertions": 54,
            "deletions": 9
          },
          {
            "hash": "b9e106bbd30d676fa52d1cb5f0bc7929cae99d78",
            "messageTitle": "Fixes behaviour of change duty shift command",
            "messageBody": "",
            "insertions": 58,
            "deletions": 22
          },
          {
            "hash": "a59f5b6eb7a485406630232ef6facde6376884d7",
            "messageTitle": "Updates Event card",
            "messageBody": "",
            "insertions": 1,
            "deletions": 1
          },
          {
            "hash": "891084e0117090a3acc67a5f0c0914bca62c6b73",
            "messageTitle": "Fixes Cancel duty shift command behaviour",
            "messageBody": "",
            "insertions": 11,
            "deletions": 6
          },
          {
            "hash": "143c840242302de67d1db1a88ebfd44828bb9eac",
            "messageTitle": "Fixes style checks",
            "messageBody": "",
            "insertions": 7,
            "deletions": 1
          },
          {
            "hash": "70005bdfe054847d4ea80fcc053c61ced29f0060",
            "messageTitle": "Fixes error message for Add Room command",
            "messageBody": "",
            "insertions": 1,
            "deletions": 1
          },
          {
            "hash": "2ec39d26b41f06215995d346160285cd3f088fcf",
            "messageTitle": "Fixes add duty command error messages",
            "messageBody": "",
            "insertions": 5,
            "deletions": 5
          },
          {
            "hash": "0c7e0c79a441a83f425988da4e3fea5b808a49f0",
            "messageTitle": "Update UG",
            "messageBody": "",
            "insertions": 1,
            "deletions": 2
          }
        ]
      },
      {
        "insertions": 73,
        "deletions": 82,
        "date": "2019-11-02",
        "commitResults": [
          {
            "hash": "38efdc67d34e8a5ddff37992ed37492fca3367f6",
            "messageTitle": "Updates UG about unresgistering patients and staff",
            "messageBody": "",
            "insertions": 8,
            "deletions": 0
          },
          {
            "hash": "b2eace237b8a7ec2c13f523a575940f2e1c4ac53",
            "messageTitle": "Updates UG about Id is case insensitive",
            "messageBody": "",
            "insertions": 1,
            "deletions": 1
          },
          {
            "hash": "f25b52bcf655da3e78769361f3a1c0c314447b58",
            "messageTitle": "Fixes misspelling of Doctor command in UG",
            "messageBody": "",
            "insertions": 11,
            "deletions": 5
          },
          {
            "hash": "b1d4714dbd43ced5bfa51165815af19d71ec9790",
            "messageTitle": "Fixes command result messages for registering person",
            "messageBody": "",
            "insertions": 10,
            "deletions": 10
          },
          {
            "hash": "a43f645038c5393b93909e15ca06a8e7fa4e81fa",
            "messageTitle": "Revert \"Optimisations and Fixes for Eager Evaluation bug.\"",
            "messageBody": "",
            "insertions": 43,
            "deletions": 66
          }
        ]
      },
      {
        "insertions": 763,
        "deletions": 426,
        "date": "2019-11-03",
        "commitResults": [
          {
            "hash": "45435b2506bc8f2c2588861ac893c9929c63ff59",
            "messageTitle": "Update UG commands",
            "messageBody": "",
            "insertions": 46,
            "deletions": 44
          },
          {
            "hash": "126a4c96c4b22c5032d903f182a73dc6da42488a",
            "messageTitle": "Updates UG",
            "messageBody": "",
            "insertions": 11,
            "deletions": 11
          },
          {
            "hash": "6487d55a6757f9f084f1dda44d3715f3b8f8679c",
            "messageTitle": "Update commands",
            "messageBody": "",
            "insertions": 25,
            "deletions": 17
          },
          {
            "hash": "f9789421cede01033aa92809b88c420f4a31504f",
            "messageTitle": "edits command parsers",
            "messageBody": "",
            "insertions": 134,
            "deletions": 76
          },
          {
            "hash": "c6f24cc8a5c7b1c46ca6ba75e9cd72ed8c9fa051",
            "messageTitle": "Fix eager evaluation bug",
            "messageBody": "",
            "insertions": 13,
            "deletions": 13
          },
          {
            "hash": "c84d45cbee920b786dab72097264ad3019602d34",
            "messageTitle": "Limits reference Id to 10 characters",
            "messageBody": "",
            "insertions": 36,
            "deletions": 12
          },
          {
            "hash": "3c11e2c1d80c0b4698f1413a448bcf30f20bd61f",
            "messageTitle": "Fix style",
            "messageBody": "",
            "insertions": 1,
            "deletions": 1
          },
          {
            "hash": "f0713c08114e0ea27dd62b19d5346f9521c696bf",
            "messageTitle": "Fixes unit test",
            "messageBody": "",
            "insertions": 3,
            "deletions": 3
          },
          {
            "hash": "26100accff64e7d4edc6ae8785e567c856d2be20",
            "messageTitle": "Clarifies error messages",
            "messageBody": "",
            "insertions": 210,
            "deletions": 87
          },
          {
            "hash": "87d302d666d85744b4925d33b609c54cc95e7a1c",
            "messageTitle": "Clarifies Error messages in parsers",
            "messageBody": "",
            "insertions": 46,
            "deletions": 18
          },
          {
            "hash": "203c6792172f9ca593b558c5a31a29921acc3bbd",
            "messageTitle": "Fix Unit test cases",
            "messageBody": "",
            "insertions": 53,
            "deletions": 20
          },
          {
            "hash": "2775c73e9eab0a684e9d775b55c53cda5b06276e",
            "messageTitle": "Fixes unit test case",
            "messageBody": "",
            "insertions": 2,
            "deletions": 1
          },
          {
            "hash": "87f16d4d094cc185e9ad67c3dbf850dc0e7c8a03",
            "messageTitle": "Fixes reference id registration",
            "messageBody": "",
            "insertions": 46,
            "deletions": 1
          },
          {
            "hash": "96ee68d988442971630f9a7a7314bd7fe64e7b07",
            "messageTitle": "Update UG",
            "messageBody": "",
            "insertions": 3,
            "deletions": 3
          },
          {
            "hash": "984b778ad509594fac6bb99eb4f92d5c55e9b925",
            "messageTitle": "Fixes omniTab not restoring on tab change via tab icons",
            "messageBody": "",
            "insertions": 42,
            "deletions": 5
          },
          {
            "hash": "649a3faaea5db9592aaa0ce361a97dc909c74165",
            "messageTitle": "Fix style chack",
            "messageBody": "",
            "insertions": 0,
            "deletions": 2
          },
          {
            "hash": "36b5a2481fada4d1b2cff231d5bdce2630505d51",
            "messageTitle": "Fixes unit test cases",
            "messageBody": "",
            "insertions": 7,
            "deletions": 9
          },
          {
            "hash": "b647953cd0649cfc2710054aaecece2f1c23e975",
            "messageTitle": "Fixes code style",
            "messageBody": "",
            "insertions": 0,
            "deletions": 1
          },
          {
            "hash": "8b2b7639e4214beb5fd9b6c9d15c3b79acd1e2df",
            "messageTitle": "Fixes build.gradle",
            "messageBody": "",
            "insertions": 6,
            "deletions": 1
          },
          {
            "hash": "b0c3ea4ef6d1244cee3a8bf124947f634a70d393",
            "messageTitle": "update gradle to give verbose error",
            "messageBody": "",
            "insertions": 1,
            "deletions": 1
          },
          {
            "hash": "a3f9e92e61c3defffd2497e2c2b3f59e7a22c325",
            "messageTitle": "Fixes mainapptest",
            "messageBody": "",
            "insertions": 6,
            "deletions": 5
          },
          {
            "hash": "24b18d91658c081bc0a2b61901a869acea097d8d",
            "messageTitle": "FIxes test code style",
            "messageBody": "",
            "insertions": 3,
            "deletions": 0
          },
          {
            "hash": "71b276aa5feddae2359b6ad030edd4ca9239dd0f",
            "messageTitle": "Reduce total number of sample data",
            "messageBody": "",
            "insertions": 1,
            "deletions": 1
          },
          {
            "hash": "ae5c7f4f795d47f1eefa71f09238023bd814bdab",
            "messageTitle": "Handles possible data file corrupt",
            "messageBody": "",
            "insertions": 53,
            "deletions": 52
          },
          {
            "hash": "1470d059116dc63b1bcee5baff9188388cd5cff7",
            "messageTitle": "Fixes code style",
            "messageBody": "",
            "insertions": 3,
            "deletions": 5
          },
          {
            "hash": "6b2adc7ba61852fcf8a9d8a0528e39e58ac0f683",
            "messageTitle": "Cleans up MainApp",
            "messageBody": "",
            "insertions": 6,
            "deletions": 11
          },
          {
            "hash": "8c353bda77e63eb2839dbeb3fed591defbc4a8c2",
            "messageTitle": "Fix tabbing behaviour",
            "messageBody": "",
            "insertions": 6,
            "deletions": 26
          }
        ]
      }
    ],
    "wongsm7": [],
    "CarbonGrid": [
      {
        "insertions": 116,
        "deletions": 0,
        "date": "2019-09-19",
        "commitResults": [
          {
            "hash": "8cbab16a14a36c2c5c2b23da3b1925eabb3f9600",
            "messageTitle": "Adds AutoCompleter for query",
            "messageBody": "",
            "insertions": 116,
            "deletions": 0
          }
        ]
      },
      {
        "insertions": 24,
        "deletions": 33,
        "date": "2019-09-23",
        "commitResults": [
          {
            "hash": "01cdacd9b78bf41ea1233a80c63613aad2fecfdf",
            "messageTitle": "Update AboutUs",
            "messageBody": "",
            "insertions": 24,
            "deletions": 33
          }
        ]
      },
      {
        "insertions": 592,
        "deletions": 380,
        "date": "2019-09-28",
        "commitResults": [
          {
            "hash": "99720bdd68a5e6c51a1593be780e78b7878dedca",
            "messageTitle": "Adds Design \u0026 Link for AutoCompleteOverlay",
            "messageBody": "",
            "insertions": 591,
            "deletions": 367
          },
          {
            "hash": "3af90fc7e73ddc0a85a20d5a0f4df4ef6e329cea",
            "messageTitle": "Improves Code Quality",
            "messageBody": "",
            "insertions": 0,
            "deletions": 12
          },
          {
            "hash": "cff122abab0273a894322aff2006c935c7a8d4b2",
            "messageTitle": "Fixes Travis Build.",
            "messageBody": "",
            "insertions": 1,
            "deletions": 1
          }
        ]
      },
      {
        "insertions": 1,
        "deletions": 1,
        "date": "2019-09-30",
        "commitResults": [
          {
            "hash": "6df863a8de61eb21fdcbb7ca97d799dcabadbc9f",
            "messageTitle": "Fixes LoadException caused by removing unused fxml methods.",
            "messageBody": "",
            "insertions": 1,
            "deletions": 1
          }
        ]
      },
      {
        "insertions": 16,
        "deletions": 13,
        "date": "2019-10-07",
        "commitResults": [
          {
            "hash": "5c7ac58cd07e84c84835181401b6cd1cd9f3c74f",
            "messageTitle": "Re-run checks.",
            "messageBody": "",
            "insertions": 6,
            "deletions": 2
          },
          {
            "hash": "aa3f538cd79cfc686fde224cfd72c503c9eeb037",
            "messageTitle": "Updates AboutUs.",
            "messageBody": "",
            "insertions": 4,
            "deletions": 2
          },
          {
            "hash": "58a3378ddcb90e3deaa2a716608c9d93670ab02d",
            "messageTitle": "Updates AboutUs.",
            "messageBody": "",
            "insertions": 2,
            "deletions": 2
          },
          {
            "hash": "a203bad37dbeb28890ffc71810c390fba6d46a08",
            "messageTitle": "Removes AutoCompleter duplicate in UI when AutoCompleter is in Logic.",
            "messageBody": "",
            "insertions": 4,
            "deletions": 7
          }
        ]
      },
      {
        "insertions": 33,
        "deletions": 10,
        "date": "2019-10-08",
        "commitResults": [
          {
            "hash": "356019ebe6275a48a5be162c0f95b5a7448ae249",
            "messageTitle": "Updates AboutUs.",
            "messageBody": "",
            "insertions": 33,
            "deletions": 10
          }
        ]
      },
      {
        "insertions": 601,
        "deletions": 531,
        "date": "2019-10-09",
        "commitResults": [
          {
            "hash": "8507d4befc9768b6bad9d52fe90e19941c4b05d8",
            "messageTitle": "Implements Autofill \u0026 traversing of AutoCompleter and CommandBox.",
            "messageBody": "",
            "insertions": 584,
            "deletions": 418
          },
          {
            "hash": "b1bff1b084b0a0541dbb2c2c3212d38562097c35",
            "messageTitle": "Improved Behaviour of AutoCompleter and ENTER key. And removed 2 files that intended for removal.",
            "messageBody": "",
            "insertions": 4,
            "deletions": 107
          },
          {
            "hash": "38dc32ce04f9520f47f8bf49da6dc4740f1067f4",
            "messageTitle": "Fixed discovered bugs: ~ AutoCompleteOverlay list was not cleared correctly on empty prefix. ~ AutoCompleteOverlay had a tiny grey frame even when set to 0 height. Enhancement: ResultDialog enhanced with monospaced font.",
            "messageBody": "",
            "insertions": 7,
            "deletions": 3
          },
          {
            "hash": "a2ea92e68d6c070c1da090340d163f7844fa9205",
            "messageTitle": "Removed unused import.",
            "messageBody": "",
            "insertions": 0,
            "deletions": 1
          },
          {
            "hash": "b49229f539fedb1270ea79384af6a3c401148ecf",
            "messageTitle": "Hides the overlay completely when it is empty.",
            "messageBody": "",
            "insertions": 6,
            "deletions": 2
          }
        ]
      },
      {
        "insertions": 1,
        "deletions": 1,
        "date": "2019-10-10",
        "commitResults": [
          {
            "hash": "617892f66324105b70d2496d323905cc044a3676",
            "messageTitle": "HOTFIX: Caret no longer fly to end of CommandBox on edit.",
            "messageBody": "",
            "insertions": 1,
            "deletions": 1
          }
        ]
      },
      {
        "insertions": 54,
        "deletions": 0,
        "date": "2019-10-11",
        "commitResults": [
          {
            "hash": "bcc7efe8f5c8f6b5389d87e2882c78eaf8040b9e",
            "messageTitle": "Updates Developer Guide.",
            "messageBody": "",
            "insertions": 54,
            "deletions": 0
          }
        ]
      },
      {
        "insertions": 232,
        "deletions": 112,
        "date": "2019-10-12",
        "commitResults": [
          {
            "hash": "e143c474f76ac4159ea70821a95c62c95b86f5b4",
            "messageTitle": "Enhanced GUI, using tiles as tabs.",
            "messageBody": "",
            "insertions": 229,
            "deletions": 111
          },
          {
            "hash": "0ceed11f0bb218be2b119c804354b49f4a87eec4",
            "messageTitle": "Fixes checkstyle errors.",
            "messageBody": "",
            "insertions": 3,
            "deletions": 1
          }
        ]
      },
      {
        "insertions": 204,
        "deletions": 70,
        "date": "2019-10-13",
        "commitResults": [
          {
            "hash": "166b3c64cf7c48ae31e22d189a8da68b6b97a181",
            "messageTitle": "Implements TestFX.",
            "messageBody": "",
            "insertions": 97,
            "deletions": 11
          },
          {
            "hash": "2e815dfbd51066fc7bcb825954b9bc7b89f6f18f",
            "messageTitle": "Updates travis.yml",
            "messageBody": "",
            "insertions": 22,
            "deletions": 1
          },
          {
            "hash": "a73457de9853c48b6126b0ce84c1ade5af0e60a2",
            "messageTitle": "Updates travis.yml",
            "messageBody": "",
            "insertions": 4,
            "deletions": 15
          },
          {
            "hash": "10d2a193f173a0cc54dd39fa6e7cc64c76e24d5c",
            "messageTitle": "Updates travis.yml",
            "messageBody": "",
            "insertions": 3,
            "deletions": 0
          },
          {
            "hash": "63e85012ad167be6c3d0e0a84b78fad4fb727812",
            "messageTitle": "Updates travis.yml",
            "messageBody": "",
            "insertions": 0,
            "deletions": 3
          },
          {
            "hash": "4273255693ac4a6c8bc47b114434386943df42b3",
            "messageTitle": "Adds new test cases.",
            "messageBody": "",
            "insertions": 42,
            "deletions": 21
          },
          {
            "hash": "fb028331ecd77a8e07e3d93847ef5319699e9a32",
            "messageTitle": "Fixes travis.yml error.",
            "messageBody": "",
            "insertions": 1,
            "deletions": 1
          },
          {
            "hash": "73b89f017a6477291561a21075db17642413f072",
            "messageTitle": "Updates test case.",
            "messageBody": "",
            "insertions": 0,
            "deletions": 2
          },
          {
            "hash": "c7aa6ae1f8528f6b470130439f4c4b973a422339",
            "messageTitle": "Enables traversing within omnipanel.",
            "messageBody": "",
            "insertions": 35,
            "deletions": 16
          }
        ]
      },
      {
        "insertions": 86,
        "deletions": 89,
        "date": "2019-10-16",
        "commitResults": [
          {
            "hash": "f55e8a0c3c9c353b73e78f36d67883bb3e6427ba",
            "messageTitle": "Updates MainAppTest",
            "messageBody": "",
            "insertions": 3,
            "deletions": 19
          },
          {
            "hash": "9006c6640561d6aa098ca82390b1fbae09468da4",
            "messageTitle": "Updates MainAppTest",
            "messageBody": "",
            "insertions": 1,
            "deletions": 2
          },
          {
            "hash": "1c0f4cfea0d34e7b9054c4acf955ac41860c5d9b",
            "messageTitle": "Updates MainAppTest",
            "messageBody": "",
            "insertions": 44,
            "deletions": 30
          },
          {
            "hash": "bddb48708e1ecb2c605df775ca81ea8fd9634e5e",
            "messageTitle": "Updates MainAppTest",
            "messageBody": "",
            "insertions": 20,
            "deletions": 0
          },
          {
            "hash": "f68f3ee596bdf81d52c63ba2b7088934fe6065ea",
            "messageTitle": "Updates MainAppTest",
            "messageBody": "",
            "insertions": 5,
            "deletions": 2
          },
          {
            "hash": "8fbd4fa6d76c1d4a0950058be0d4f26221e26350",
            "messageTitle": "Updates MainAppTest",
            "messageBody": "",
            "insertions": 7,
            "deletions": 12
          },
          {
            "hash": "fe9722e1566cee7fbc3e355ec52a8f7140062c43",
            "messageTitle": "Removes unused import.",
            "messageBody": "",
            "insertions": 0,
            "deletions": 1
          },
          {
            "hash": "bda2ef12c135119792483abffbac641729548d7d",
            "messageTitle": "Updates MainAppTest",
            "messageBody": "",
            "insertions": 3,
            "deletions": 20
          },
          {
            "hash": "da4f4e7c06a4d32c375cf1fbe9e0bec2a7916b9e",
            "messageTitle": "Updates MainAppTest",
            "messageBody": "",
            "insertions": 3,
            "deletions": 3
          }
        ]
      },
      {
        "insertions": 218,
        "deletions": 169,
        "date": "2019-10-17",
        "commitResults": [
          {
            "hash": "32a1c71bb33e34af21f51aa7f353f5c34bb28860",
            "messageTitle": "Testing Remote Branch appointment",
            "messageBody": "",
            "insertions": 7,
            "deletions": 0
          },
          {
            "hash": "c8c31c2746e7dffcad54cbebca56c0d41c2dba48",
            "messageTitle": "Removes Unused Import",
            "messageBody": "",
            "insertions": 0,
            "deletions": 1
          },
          {
            "hash": "3e15cb1066eef5d2c92ccb0cf7ccf500f2cd42cd",
            "messageTitle": "Reactivates MainAppTest",
            "messageBody": "",
            "insertions": 49,
            "deletions": 61
          },
          {
            "hash": "3b4cf5e6deceb65af19009cf8be734d3f8bc4c6e",
            "messageTitle": "Updates README coveralls link \u0026 DateTime validity checking.",
            "messageBody": "",
            "insertions": 2,
            "deletions": 2
          },
          {
            "hash": "9efd6fb1dcd107eaf131789a8c7651aa333dbd4f",
            "messageTitle": "Implements interfaces and enums for OmniPanel, AutoComplete",
            "messageBody": "",
            "insertions": 99,
            "deletions": 70
          },
          {
            "hash": "9037f7ffcd116cebadf71a9c44532391c7d8ea8e",
            "messageTitle": "Fixes checkstyle errors and test cases.",
            "messageBody": "",
            "insertions": 33,
            "deletions": 11
          },
          {
            "hash": "6021cca5f74a323c0c49c65667f161c60fec64a6",
            "messageTitle": "Updates logic.execute()",
            "messageBody": "",
            "insertions": 28,
            "deletions": 24
          }
        ]
      },
      {
        "insertions": 235,
        "deletions": 60,
        "date": "2019-10-21",
        "commitResults": [
          {
            "hash": "139c9dc008444a3f04ba70264d952a4c767258fd",
            "messageTitle": "Implements History \u0026 Moved AutoCompleter out of Logic.",
            "messageBody": "",
            "insertions": 152,
            "deletions": 35
          },
          {
            "hash": "5c24aafbe76d8ec1a679ea42510dbbb7cd3961c2",
            "messageTitle": "Fixes checkstyle errors \u0026 Implemented test case for CommandBoxHistory.",
            "messageBody": "",
            "insertions": 42,
            "deletions": 4
          },
          {
            "hash": "25b03ffdb34273ddba4d1020303f3315cd2c1cd4",
            "messageTitle": "Updates profile documentation \u0026 UI test cases.",
            "messageBody": "",
            "insertions": 41,
            "deletions": 21
          }
        ]
      },
      {
        "insertions": 270,
        "deletions": 270,
        "date": "2019-10-22",
        "commitResults": [
          {
            "hash": "050318f85d73c4289c3509df1326b587e4c30fff",
            "messageTitle": "Updated stylesheet for documentation.",
            "messageBody": "",
            "insertions": 53,
            "deletions": 214
          },
          {
            "hash": "6b4ccab0c7fbe018ed30725d5348b399c8502deb",
            "messageTitle": "Adds missing EOF.",
            "messageBody": "",
            "insertions": 1,
            "deletions": 1
          },
          {
            "hash": "9deeb1d23ac44ac2627fe2c0112ec3211a5318e0",
            "messageTitle": "Updates build.gradle",
            "messageBody": "",
            "insertions": 1,
            "deletions": 1
          },
          {
            "hash": "dae1a3b68a65f01cd0bd8fb6c68f89d775ee2b12",
            "messageTitle": "Restores given stylesheets/gh-pages",
            "messageBody": "",
            "insertions": 215,
            "deletions": 54
          }
        ]
      },
      {
        "insertions": 117,
        "deletions": 44,
        "date": "2019-10-23",
        "commitResults": [
          {
            "hash": "2aa7424ad51af501b5c1623e2835c57b555beaf5",
            "messageTitle": "Updated gradle wrapper.",
            "messageBody": "",
            "insertions": 37,
            "deletions": 5
          },
          {
            "hash": "80ce14054bfc06156717b6bcb5369e175bf9bcdd",
            "messageTitle": "Updated DeveloperGuide.adoc and own profile",
            "messageBody": "",
            "insertions": 80,
            "deletions": 39
          },
          {
            "hash": "90c28d51c9cc9a908ad1ca238b87eb2928f6013a",
            "messageTitle": "Updates UiClassDiagram.",
            "messageBody": "",
            "insertions": 0,
            "deletions": 0
          }
        ]
      },
      {
        "insertions": 45,
        "deletions": 42,
        "date": "2019-10-24",
        "commitResults": [
          {
            "hash": "d2cedff6d1e1ead65c47df888a5d75ec42be6da9",
            "messageTitle": "Updates Gradle config",
            "messageBody": "",
            "insertions": 40,
            "deletions": 35
          },
          {
            "hash": "4a6b768d446373a71618ef14caf390feea413aa7",
            "messageTitle": "Unset cache flag",
            "messageBody": "",
            "insertions": 0,
            "deletions": 1
          },
          {
            "hash": "49e62a965135b3fac9879195e0fa54db4229152c",
            "messageTitle": "Updates Documentation.",
            "messageBody": "",
            "insertions": 4,
            "deletions": 4
          },
          {
            "hash": "71dbe15833cc1f360edb884dee1863d483ed110c",
            "messageTitle": "Removes navbar of seedu.",
            "messageBody": "",
            "insertions": 1,
            "deletions": 2
          }
        ]
      },
      {
        "insertions": 155,
        "deletions": 109,
        "date": "2019-10-27",
        "commitResults": [
          {
            "hash": "4af40b90d7a689703024fddd249d13467a36f43f",
            "messageTitle": "Implements AutoCompleter for arguments. Fixed issue with TabBar not updating after setOmniPanelTab(). Bumped JavaFX from 11.0.2 to 13.0.1.",
            "messageBody": "",
            "insertions": 153,
            "deletions": 108
          },
          {
            "hash": "c62c24e285037f7b658854c245b2868dd4ca1759",
            "messageTitle": "Updates AboutUs.adoc.",
            "messageBody": "",
            "insertions": 2,
            "deletions": 1
          }
        ]
      },
      {
        "insertions": 21,
        "deletions": 28,
        "date": "2019-10-28",
        "commitResults": [
          {
            "hash": "72924b911873bfeb3cdadb07b12b654c0d76a9ca",
            "messageTitle": "Refactors Trie \u0026 TrieNode.",
            "messageBody": "",
            "insertions": 4,
            "deletions": 9
          },
          {
            "hash": "2054d89e87c5bcd7b50b1bc1ddfd24eb0b46944b",
            "messageTitle": "Removes versioning in fxml files.",
            "messageBody": "",
            "insertions": 11,
            "deletions": 14
          },
          {
            "hash": "32e02728a1095af43e6614faffecab5756f93dce",
            "messageTitle": "Improves AutoCompleter\u0027s regex \u0026 Coverage for UI.",
            "messageBody": "",
            "insertions": 6,
            "deletions": 5
          }
        ]
      },
      {
        "insertions": 101,
        "deletions": 126,
        "date": "2019-10-29",
        "commitResults": [
          {
            "hash": "4c56080855b40c3104e179b648fae933cd3bed6c",
            "messageTitle": "Added new tab for dutyShift. Optimised UI Components. Removed hacky accelerator fix occuring in JDK 8 which is long resolved for JDK 11.",
            "messageBody": "",
            "insertions": 50,
            "deletions": 91
          },
          {
            "hash": "73066ccdea37f65462d262535ef7e5a3f8b709c3",
            "messageTitle": "Makes AutoCompleteOverlay beautiful even when command exceeds CommandBox.",
            "messageBody": "",
            "insertions": 19,
            "deletions": 2
          },
          {
            "hash": "263ece2feb586e323d16809128364f85ad063b92",
            "messageTitle": "Adds missing JavaDoc comment.",
            "messageBody": "",
            "insertions": 3,
            "deletions": 0
          },
          {
            "hash": "f34ff10a7ee43174e67e45b0a42031d89277d7df",
            "messageTitle": "Fixed MainWindow::setWindowDefaultSize() bugs.",
            "messageBody": "",
            "insertions": 17,
            "deletions": 3
          },
          {
            "hash": "63825ced8cea52a64abc2a26b9b6f4a8820b8e98",
            "messageTitle": "Fixes MainWindow::setWindowDefaultSize() bugs.",
            "messageBody": "",
            "insertions": 1,
            "deletions": 1
          },
          {
            "hash": "69bd476bdf7b017ffe66dbdf027e1257b6069bd3",
            "messageTitle": "Improves bad continuation indents as per coding standard.",
            "messageBody": "",
            "insertions": 11,
            "deletions": 29
          }
        ]
      },
      {
        "insertions": 36,
        "deletions": 14,
        "date": "2019-10-30",
        "commitResults": [
          {
            "hash": "e2e82ac34f3719dbce784f9bad7d134c5de979e3",
            "messageTitle": "Updates UG.",
            "messageBody": "",
            "insertions": 11,
            "deletions": 2
          },
          {
            "hash": "6793a343ab66cc00e14e1ef1f71356740c2c29d0",
            "messageTitle": "Updates UG.",
            "messageBody": "",
            "insertions": 1,
            "deletions": 1
          },
          {
            "hash": "f6532974706fcc021cb521faab25c6bd225d1cb1",
            "messageTitle": "Modifies regex and defined presets for AutoCompleter.",
            "messageBody": "",
            "insertions": 22,
            "deletions": 9
          },
          {
            "hash": "980ad399aa7cdc8b377cd8cabcbbd2019f6ed41e",
            "messageTitle": "Reduces SamplePersonDataUtil sampling size.",
            "messageBody": "",
            "insertions": 1,
            "deletions": 1
          },
          {
            "hash": "c5f232d0d8caf517e25dd93d1edb793ba5cb5d18",
            "messageTitle": "Removes invisible whitespace.",
            "messageBody": "",
            "insertions": 1,
            "deletions": 1
          }
        ]
      },
      {
        "insertions": 149,
        "deletions": 323,
        "date": "2019-10-31",
        "commitResults": [
          {
            "hash": "8279336a604b037f56ce7ec8966cc2c5a52b2118",
            "messageTitle": "Implements Linux CliSyntax. Optimised access modifiers.",
            "messageBody": "",
            "insertions": 71,
            "deletions": 207
          },
          {
            "hash": "73fa7c936e6f9a38c5f016a84abcb48bf124ba8a",
            "messageTitle": "Fixes bugs with CommandBox Ctrl+A and TabBar focus. Optimises UI \u0026 input events.",
            "messageBody": "",
            "insertions": 33,
            "deletions": 57
          },
          {
            "hash": "60551cd7f2355a9e24bcf393e62eb910be44589f",
            "messageTitle": "Removes non-effective functions.",
            "messageBody": "",
            "insertions": 16,
            "deletions": 39
          },
          {
            "hash": "334669ce25b8a4c7bb11881becfacd370da08a7e",
            "messageTitle": "Removes Unused Import.",
            "messageBody": "",
            "insertions": 0,
            "deletions": 1
          },
          {
            "hash": "9bb7f019bed2b9165028641d45ad13cadaf9c9a2",
            "messageTitle": "Implements non-blocking eager-evaluate.",
            "messageBody": "",
            "insertions": 29,
            "deletions": 19
          }
        ]
      },
      {
        "insertions": 156,
        "deletions": 117,
        "date": "2019-11-02",
        "commitResults": [
          {
            "hash": "6a65e4c27dd2a36c71b19a55b550ec6237098cba",
            "messageTitle": "Updates author of files.",
            "messageBody": "",
            "insertions": 30,
            "deletions": 9
          },
          {
            "hash": "211e978fc3f706f5cfb563d8f3f0c96fa43c3296",
            "messageTitle": "Improved CommandBoxHistory data structure. Optimised AutoCompleter from repeated initialization of regex.",
            "messageBody": "",
            "insertions": 24,
            "deletions": 24
          },
          {
            "hash": "1012d7a2a088a97698e6fbb2cdf582acfd071d2e",
            "messageTitle": "Improved display for exceeding content in OmniPanel. LogicManager now resets last eager evaluated model. Eager Evaluation no longer waits for AutoCompleter before it starts.",
            "messageBody": "",
            "insertions": 66,
            "deletions": 44
          },
          {
            "hash": "399da3137f0e72fc06c6fb2a4804266dc0268dff",
            "messageTitle": "Fixes Regression bugs from incorrect String inequality check. Fixes build failure from checkStyle. Remove redundant attribute in PersonListCard.",
            "messageBody": "",
            "insertions": 6,
            "deletions": 5
          },
          {
            "hash": "385ccde0aea7eb07b137151014b97367bab039c4",
            "messageTitle": "Implements trigger condition for eager evaluation. Adds Assertions to prevent more regressions.",
            "messageBody": "",
            "insertions": 26,
            "deletions": 31
          },
          {
            "hash": "26b5d8304c535810b7907a76eafd41a551e9e218",
            "messageTitle": "Logs exception rather than do nothing.",
            "messageBody": "",
            "insertions": 3,
            "deletions": 3
          },
          {
            "hash": "99fab5559a78d77aa8ed4ba64f2b09805a607e77",
            "messageTitle": "Fixes Travis Fail.",
            "messageBody": "",
            "insertions": 0,
            "deletions": 1
          },
          {
            "hash": "2a97a567edf3b7015c00166b54513666d121ec6a",
            "messageTitle": "Restore missing variable.",
            "messageBody": "",
            "insertions": 1,
            "deletions": 0
          }
        ]
      },
      {
        "insertions": 193,
        "deletions": 124,
        "date": "2019-11-03",
        "commitResults": [
          {
            "hash": "ebda797f4ed10bfb0c50dd37ffd610c81a4bdc11",
            "messageTitle": "Standardise commands in AutoComplete. Implements Check For Update and About Us MenuItems. Simplify and enable horizontal scrolling for long strings in cells. Removes addition eager evalution call in MainWindow.",
            "messageBody": "",
            "insertions": 59,
            "deletions": 50
          },
          {
            "hash": "07751dce07df287ec37698f0ad44fcf1e8cccde7",
            "messageTitle": "Adds requested additions.",
            "messageBody": "",
            "insertions": 4,
            "deletions": 4
          },
          {
            "hash": "a9048a5dc1817f4de29212c431ef978f0e166d10",
            "messageTitle": "Improves Eager Evaluation behaviour. Setup reposense config.",
            "messageBody": "",
            "insertions": 57,
            "deletions": 14
          },
          {
            "hash": "205ea89de1a479efc44e5e4c9b3e2fb439ab35d3",
            "messageTitle": "Removes redundant variable leftover from testing.",
            "messageBody": "",
            "insertions": 13,
            "deletions": 13
          },
          {
            "hash": "4c1eaa2c0bb0f747e16494c173834c094c6ac474",
            "messageTitle": "Fixes EOF checkStyle error.",
            "messageBody": "",
            "insertions": 1,
            "deletions": 1
          },
          {
            "hash": "c8803924281112c715309797f1ecffe9c082029a",
            "messageTitle": "Whitespaces should not trigger eager evaluation. Fixes Severe Bug of AutoComplete not recognizing commands with leading spaces. Fixes Severe Bug of AutoComplete is misplaced relative to commands with leading spaces. Improves Trigger Condition of Restoring from Eager Evaluation.",
            "messageBody": "",
            "insertions": 6,
            "deletions": 3
          },
          {
            "hash": "b23d5a0a91625f5f300a715f2af3c3b93c78b80d",
            "messageTitle": "Prevents eager evaluation for leading and trailing spaces.",
            "messageBody": "",
            "insertions": 4,
            "deletions": 2
          },
          {
            "hash": "d1962461efcb68cc1732b7022dbc36653df0b63e",
            "messageTitle": "Improves handling of eager evaluation.",
            "messageBody": "",
            "insertions": 49,
            "deletions": 36
          },
          {
            "hash": "f56cdc48c5fb4a141865cd2254f2c4f39a6e9e01",
            "messageTitle": "Fixes checkStyle error.",
            "messageBody": "",
            "insertions": 0,
            "deletions": 1
          }
        ]
      },
      {
        "insertions": 13,
        "deletions": 13,
        "date": "2019-11-04",
        "commitResults": [
          {
            "hash": "227c4cae1c89c03ab5f5148f95a37a125cab40ba",
            "messageTitle": "Fixes checkStyle. Tests another plugin.",
            "messageBody": "",
            "insertions": 1,
            "deletions": 1
          },
          {
            "hash": "a707a62ed563b6338385c59b7625c09d983de570",
            "messageTitle": "Changes asciidoctor to 2.0.0.",
            "messageBody": "",
            "insertions": 2,
            "deletions": 3
          },
          {
            "hash": "0290224964fa1d11e3b0170effb5b911b6d61897",
            "messageTitle": "Changes asciidoctor to 1.6.0.",
            "messageBody": "",
            "insertions": 1,
            "deletions": 1
          },
          {
            "hash": "e2f7bb1b1b40f7b285459755524c07fc8fe36080",
            "messageTitle": "Changes asciidoctor to 1.5.8.",
            "messageBody": "",
            "insertions": 2,
            "deletions": 1
          },
          {
            "hash": "1ab747aa0ad7836687bf4cc5ca5e33052eaefd47",
            "messageTitle": "Fixes unnecessary bloating of jar by excluding test dependencies. (16MB+ drops to 12MB+) Bumps gradle wrapper to 5.6.4.",
            "messageBody": "",
            "insertions": 7,
            "deletions": 7
          }
        ]
      }
    ],
    "woon17": []
  },
  "authorFinalContributionMap": {
    "SakuraBlossom": 6170,
    "wongsm7": 0,
    "CarbonGrid": 1916,
    "woon17": 1406
  },
  "authorFileTypeContributionMap": {
    "SakuraBlossom": {
      "docs": 173,
      "tests": 618,
      "functional": 5379
    },
    "wongsm7": {
      "docs": 0,
      "tests": 0,
      "functional": 0
    },
    "CarbonGrid": {
      "docs": 100,
      "tests": 229,
      "functional": 1440,
      "other": 147
    },
    "woon17": {
      "docs": 0,
      "tests": 0,
      "functional": 1406
    }
  },
  "authorContributionVariance": {
    "SakuraBlossom": 104032.734,
    "wongsm7": 0.0,
    "CarbonGrid": 48123.918,
    "woon17": 0.0
  },
  "authorDisplayNameMap": {
    "SakuraBlossom": "SakuraBlossom",
    "wongsm7": "wongsm7",
    "CarbonGrid": "CarbonGrid",
    "woon17": "woon17"
  }
}
