{
  "authorDailyContributionsMap": {
    "SakuraBlossom": [
      {
        "insertions": 4,
        "deletions": 5,
        "date": "2019-09-16",
        "commitResults": [
          {
            "hash": "0a600c3bdce532d1b097a02eb49969ed19d885f6",
            "messageTitle": "Update README.adoc",
            "messageBody": "Updated Travis",
            "insertions": 1,
            "deletions": 1
          },
          {
            "hash": "485605bf5c2ad40464523a5b17850b507d47fb93",
            "messageTitle": "Update README.adoc",
            "messageBody": "Updated Travis for ADoc",
            "insertions": 1,
            "deletions": 1
          },
          {
            "hash": "d6661acfc2fbef4911ca04f39c9609e6bc13f0b7",
            "messageTitle": "Updates Coveralls for ReadMe file",
            "messageBody": "",
            "insertions": 1,
            "deletions": 1
          },
          {
            "hash": "1ea5324d347d072c813dd415c27986d5ed2d278a",
            "messageTitle": "Updates Codacy badge for ReadMe file",
            "messageBody": "",
            "insertions": 1,
            "deletions": 2
          }
        ]
      },
      {
        "insertions": 336,
        "deletions": 33,
        "date": "2019-09-19",
        "commitResults": [
          {
            "hash": "146d49d9efc8e9d058d47e2cad8f455ef8ff7a78",
            "messageTitle": "Adds the ability to Undo destructive actions",
            "messageBody": "",
            "insertions": 250,
            "deletions": 21
          },
          {
            "hash": "c6f040deca1991abb747b9a3c44a3c880abf8db7",
            "messageTitle": "Implements Redo commands",
            "messageBody": "",
            "insertions": 86,
            "deletions": 12
          }
        ]
      },
      {
        "insertions": 386,
        "deletions": 73,
        "date": "2019-09-21",
        "commitResults": [
          {
            "hash": "6ff2fe3f1cd627babd1f3c767b081698a5d174ab",
            "messageTitle": "Adds unit test cases for undo and redo functionality",
            "messageBody": "",
            "insertions": 385,
            "deletions": 29
          },
          {
            "hash": "07ec4cce70bdea79bbbd52ff856b9afe8853e9d6",
            "messageTitle": "Removes the Undo Command",
            "messageBody": "",
            "insertions": 1,
            "deletions": 44
          }
        ]
      },
      {
        "insertions": 16,
        "deletions": 4,
        "date": "2019-09-23",
        "commitResults": [
          {
            "hash": "a8c847e64a206443ec7f5fe4ff75e1cdb8905f60",
            "messageTitle": "Fixes undo Bug for \u0027edit\u0027 and \u0027delete\u0027 commands",
            "messageBody": "",
            "insertions": 16,
            "deletions": 4
          }
        ]
      },
      {
        "insertions": 721,
        "deletions": 201,
        "date": "2019-09-24",
        "commitResults": [
          {
            "hash": "13a307188400b54868af5349d3539f34e20316fa",
            "messageTitle": "Adds Stub models for Scheduler",
            "messageBody": "Of course, this won\u0027t work.",
            "insertions": 418,
            "deletions": 31
          },
          {
            "hash": "e5ac525d0e7320481e7005e3f930444e61977e40",
            "messageTitle": "Adds Reference Id to person object",
            "messageBody": "",
            "insertions": 303,
            "deletions": 170
          }
        ]
      },
      {
        "insertions": 492,
        "deletions": 335,
        "date": "2019-09-25",
        "commitResults": [
          {
            "hash": "83bf3f1b7b810fe41b53ef54be382ce6e8e11087",
            "messageTitle": "Fixes Unit Test Cases",
            "messageBody": "",
            "insertions": 355,
            "deletions": 205
          },
          {
            "hash": "271b7080bb80eea5ddd8bf0ffe83f3c317f11021",
            "messageTitle": "Fixes style checks",
            "messageBody": "",
            "insertions": 18,
            "deletions": 18
          },
          {
            "hash": "4ea9860340e9cc17cdfbe1b6cbdee4317e0f20f2",
            "messageTitle": "Restructures person model",
            "messageBody": "",
            "insertions": 66,
            "deletions": 61
          },
          {
            "hash": "c84c144b62f05783a0b0b300a5c3fefa37cc70f7",
            "messageTitle": "Updates person model structure",
            "messageBody": "",
            "insertions": 53,
            "deletions": 51
          }
        ]
      },
      {
        "insertions": 142,
        "deletions": 45,
        "date": "2019-09-26",
        "commitResults": [
          {
            "hash": "1a92db21b2945169a38426704cddd66705994bf6",
            "messageTitle": "Adds ability to search based on id, name and phone number",
            "messageBody": "",
            "insertions": 17,
            "deletions": 1
          },
          {
            "hash": "56bf5df7cad990b27e5c80a4d12be90fb281690d",
            "messageTitle": "Adds test cases for Contains Keywords Predicate",
            "messageBody": "",
            "insertions": 82,
            "deletions": 5
          },
          {
            "hash": "4370a7623bd647226cda8aa974a7c7ece3a44823",
            "messageTitle": "Renames reversible command types",
            "messageBody": "",
            "insertions": 36,
            "deletions": 36
          },
          {
            "hash": "8988c54c6457e1a4b5ee67cbd292dbc95e2f7e10",
            "messageTitle": "Displays person Ref Id in UI",
            "messageBody": "",
            "insertions": 7,
            "deletions": 3
          }
        ]
      },
      {
        "insertions": 34,
        "deletions": 32,
        "date": "2019-09-27",
        "commitResults": [
          {
            "hash": "d0a87f9b1d71039fe0286a7f106fe03ca7ee9b04",
            "messageTitle": "Refactors person tags",
            "messageBody": "",
            "insertions": 20,
            "deletions": 16
          },
          {
            "hash": "edf017c620b5589f4e4da924d99407bb8e8f8244",
            "messageTitle": "Fixes stylechecks",
            "messageBody": "",
            "insertions": 14,
            "deletions": 16
          }
        ]
      },
      {
        "insertions": 449,
        "deletions": 6,
        "date": "2019-09-28",
        "commitResults": [
          {
            "hash": "9f946bedfeeb4e96ba48f22c6599f6a5f50df054",
            "messageTitle": "Adds exceptions for event manager",
            "messageBody": "",
            "insertions": 17,
            "deletions": 0
          },
          {
            "hash": "4d03ea8a661b153958c6b1828072c9698f454206",
            "messageTitle": "Adds unique list manager for events",
            "messageBody": "",
            "insertions": 145,
            "deletions": 0
          },
          {
            "hash": "03255864cb55d025d03c29dfe7429a743a14b1c0",
            "messageTitle": "Adds Schedule manager for patient appointments",
            "messageBody": "",
            "insertions": 141,
            "deletions": 0
          },
          {
            "hash": "f5f8b5dd3a311211733a05e8261a1357899bc4a1",
            "messageTitle": "Adds schedule manager into main model",
            "messageBody": "",
            "insertions": 146,
            "deletions": 6
          }
        ]
      },
      {
        "insertions": 524,
        "deletions": 132,
        "date": "2019-09-30",
        "commitResults": [
          {
            "hash": "1b7fc1aa80d10ee4f18ea3979e565ff7a762a653",
            "messageTitle": "Adds Timing model for Events",
            "messageBody": "",
            "insertions": 45,
            "deletions": 2
          },
          {
            "hash": "a88ee974d0757b3a838bb49eff662817227a5566",
            "messageTitle": "Adds DateTime class for Events",
            "messageBody": "",
            "insertions": 64,
            "deletions": 49
          },
          {
            "hash": "335140a656968377b3fccabba1156688f92f9d84",
            "messageTitle": "Renames Schedule to Appointment Book",
            "messageBody": "",
            "insertions": 11,
            "deletions": 11
          },
          {
            "hash": "f44be46abc105eba7929f6705c0e736f9697e9e5",
            "messageTitle": "Updates model manager",
            "messageBody": "",
            "insertions": 14,
            "deletions": 14
          },
          {
            "hash": "ed5ea04283c18fdce7b2a7390e2945dcbcd09bfd",
            "messageTitle": "Adds json adapted event class",
            "messageBody": "",
            "insertions": 153,
            "deletions": 0
          },
          {
            "hash": "0486b58269e076219b11eecaf3f847d559e314c0",
            "messageTitle": "Fixes unit test",
            "messageBody": "",
            "insertions": 144,
            "deletions": 44
          },
          {
            "hash": "ae6a9945155f24d428ae62b7539032edcdf8b848",
            "messageTitle": "Adds local appointment data file path to user preference class",
            "messageBody": "",
            "insertions": 93,
            "deletions": 12
          }
        ]
      },
      {
        "insertions": 1,
        "deletions": 2,
        "date": "2019-10-03",
        "commitResults": [
          {
            "hash": "cd23e31e58ce8d7af1caca5daab39a7aafcc1d12",
            "messageTitle": "Updates readme file",
            "messageBody": "",
            "insertions": 1,
            "deletions": 2
          }
        ]
      },
      {
        "insertions": 244,
        "deletions": 27,
        "date": "2019-10-06",
        "commitResults": [
          {
            "hash": "25d25c3339ac7f59ddf668b88dc9913872ebeef1",
            "messageTitle": "Adds storage for appointments",
            "messageBody": "",
            "insertions": 244,
            "deletions": 27
          }
        ]
      },
      {
        "insertions": 401,
        "deletions": 32,
        "date": "2019-10-07",
        "commitResults": [
          {
            "hash": "42b37bf49c493c91d49c8386cfdb384978e084db",
            "messageTitle": "Adds a UI for the queue management system",
            "messageBody": "",
            "insertions": 331,
            "deletions": 7
          },
          {
            "hash": "81abdb0e38ebc4aa68bc4df94de9d0f192d73e76",
            "messageTitle": "Adds equals override for DateTime class",
            "messageBody": "",
            "insertions": 15,
            "deletions": 0
          },
          {
            "hash": "446c4b650b88525e2e2e6d46c3552bb560938f3a",
            "messageTitle": "Adds helper function to check if event conflicts",
            "messageBody": "",
            "insertions": 16,
            "deletions": 0
          },
          {
            "hash": "b90448d543569906ae423eac0808a25187566090",
            "messageTitle": "Refactors reference identifier class",
            "messageBody": "",
            "insertions": 39,
            "deletions": 25
          }
        ]
      },
      {
        "insertions": 317,
        "deletions": 34,
        "date": "2019-10-08",
        "commitResults": [
          {
            "hash": "01d2016577f6b5907446dd58c46433069286db84",
            "messageTitle": "Adds unit test cases for DateTime and Timing class",
            "messageBody": "",
            "insertions": 262,
            "deletions": 16
          },
          {
            "hash": "9ec3e0ec6c7f3dcadbc5222c0d69267ba15e7be8",
            "messageTitle": "Fixes resizing issue",
            "messageBody": "",
            "insertions": 8,
            "deletions": 6
          },
          {
            "hash": "29eacb5f81c36ae506a430432b136feffe09e4f5",
            "messageTitle": "Fixes merge error",
            "messageBody": "",
            "insertions": 0,
            "deletions": 1
          },
          {
            "hash": "39874e55efc53ed3c4a6c25d4bf5f7575f15d4b0",
            "messageTitle": "Adds comparable to Event class",
            "messageBody": "",
            "insertions": 47,
            "deletions": 11
          }
        ]
      },
      {
        "insertions": 524,
        "deletions": 284,
        "date": "2019-10-09",
        "commitResults": [
          {
            "hash": "65a2ca55ab23803682e08def26acdac3e69daaec",
            "messageTitle": "Changes queue ui font colours",
            "messageBody": "",
            "insertions": 7,
            "deletions": 2
          },
          {
            "hash": "5790e92f8eb854a3d419ac7d0197620ab311f35b",
            "messageTitle": "Adds resolver for Reference Id",
            "messageBody": "",
            "insertions": 144,
            "deletions": 36
          },
          {
            "hash": "d066ce031d02af70167de66b0008e56613337592",
            "messageTitle": "Fixes unit test cases",
            "messageBody": "",
            "insertions": 98,
            "deletions": 52
          },
          {
            "hash": "33626cff39cafa9a39cc5987c7841fa9e5c95177",
            "messageTitle": "Fixes Style check for main code base",
            "messageBody": "",
            "insertions": 34,
            "deletions": 23
          },
          {
            "hash": "53a917cd4644f7b8978cb0df5d6b23c4b2ca5b82",
            "messageTitle": "Fixes style checks for unit test cases",
            "messageBody": "",
            "insertions": 14,
            "deletions": 47
          },
          {
            "hash": "a9b5e4bd8c6cd4c0e324d5826226c0ef12920a56",
            "messageTitle": "Refactors Reference Id class",
            "messageBody": "",
            "insertions": 11,
            "deletions": 16
          },
          {
            "hash": "e5ba7fcf1deedb4de050ad7855699d64673f0a6b",
            "messageTitle": "Removes Clear command for address book",
            "messageBody": "",
            "insertions": 0,
            "deletions": 43
          },
          {
            "hash": "b72d8ac3d5957c499485da42cd8c380a2e508ea5",
            "messageTitle": "Adds optional field for Consultation Room class",
            "messageBody": "",
            "insertions": 18,
            "deletions": 22
          },
          {
            "hash": "73dcc2f83d286ab6ebb89480e5edf9f891d3c533",
            "messageTitle": "Fixes queue card ui",
            "messageBody": "",
            "insertions": 1,
            "deletions": 0
          },
          {
            "hash": "d0daeb47c4c828d1a7063b4bc744b743fee3d3ce",
            "messageTitle": "Adds unit test cases for ParserUtil class",
            "messageBody": "",
            "insertions": 127,
            "deletions": 19
          },
          {
            "hash": "e7d86eb4e4b277d58e9604aaa13f6458579ad36b",
            "messageTitle": "Adds test cases for Timing class",
            "messageBody": "",
            "insertions": 43,
            "deletions": 0
          },
          {
            "hash": "c5655cff1b3ed3bb1d06f0e414777241ed858876",
            "messageTitle": "Fixes style checks for ParserUtil unit test cases",
            "messageBody": "",
            "insertions": 19,
            "deletions": 14
          },
          {
            "hash": "5fbcbd831a28770dd9acea48dd09b48f1524e689",
            "messageTitle": "Adds a more aggressive search for person model",
            "messageBody": "",
            "insertions": 6,
            "deletions": 9
          },
          {
            "hash": "0c11bd614f2abc067705df3310a57d511d490150",
            "messageTitle": "Fixes style check for Room model",
            "messageBody": "",
            "insertions": 2,
            "deletions": 1
          }
        ]
      },
      {
        "insertions": 221,
        "deletions": 32,
        "date": "2019-10-10",
        "commitResults": [
          {
            "hash": "344a5a958153bc9671e3baea6e3940c8c9b73527",
            "messageTitle": "Fixes bug #63",
            "messageBody": "",
            "insertions": 13,
            "deletions": 7
          },
          {
            "hash": "bbce70fb8a9d1491018d1e68d4a9ede5a194a524",
            "messageTitle": "Updates About Us",
            "messageBody": "",
            "insertions": 206,
            "deletions": 15
          },
          {
            "hash": "af09b367ef8cd4a391830bac0f7bc08b3ef9ffcd",
            "messageTitle": "Updates responsibilities in About Us doc",
            "messageBody": "",
            "insertions": 2,
            "deletions": 10
          }
        ]
      },
      {
        "insertions": 59,
        "deletions": 20,
        "date": "2019-10-11",
        "commitResults": [
          {
            "hash": "cfa62d0dc3e5ab36bfca2053c95d1441015c4260",
            "messageTitle": "Fixes profile image placeholders in About Us",
            "messageBody": "",
            "insertions": 1,
            "deletions": 1
          },
          {
            "hash": "c0dcaba71a02b2b478a9e0d79937a0d24c238918",
            "messageTitle": "Update UG",
            "messageBody": "",
            "insertions": 15,
            "deletions": 14
          },
          {
            "hash": "98da3874e8df420ab1c2e9b6dba6ff028c5635d6",
            "messageTitle": "Update SakuraBlossom\u0027s profile",
            "messageBody": "",
            "insertions": 1,
            "deletions": 1
          },
          {
            "hash": "ae34ea3da2abcede388017242881bd54cb085cb7",
            "messageTitle": "Updates UG",
            "messageBody": "",
            "insertions": 14,
            "deletions": 3
          },
          {
            "hash": "ac01a97d1a1b6a4ba5c2fc079a164bcc76c3963a",
            "messageTitle": "Updates DG",
            "messageBody": "",
            "insertions": 27,
            "deletions": 0
          },
          {
            "hash": "e323bd17df6bf9e2fcd6386ae1b14be19393630a",
            "messageTitle": "Updates use case in DG",
            "messageBody": "",
            "insertions": 1,
            "deletions": 1
          }
        ]
      },
      {
        "insertions": 1110,
        "deletions": 1351,
        "date": "2019-10-14",
        "commitResults": [
          {
            "hash": "235d082f43de38517d3431413d64c13838b3b39a",
            "messageTitle": "Implements new undo and redo classes",
            "messageBody": "",
            "insertions": 516,
            "deletions": 498
          },
          {
            "hash": "94a4a13e929e1118071b87ef6798733714af1178",
            "messageTitle": "Fixes unit test cases",
            "messageBody": "",
            "insertions": 377,
            "deletions": 611
          },
          {
            "hash": "0a75496e7e779e0f93412dc090a19af8505777c7",
            "messageTitle": "Refactors commands for patients",
            "messageBody": "",
            "insertions": 203,
            "deletions": 168
          },
          {
            "hash": "a8752c459a48ed0e30582f0758c1adacbbe64170",
            "messageTitle": "Refactors undo/redo command class",
            "messageBody": "",
            "insertions": 10,
            "deletions": 19
          },
          {
            "hash": "c1332f34aad4cc1870e6454db19e7457eb47deb2",
            "messageTitle": "Fixes unit test cases for undo/redo commands",
            "messageBody": "",
            "insertions": 4,
            "deletions": 4
          },
          {
            "hash": "50e4a013144f536b777ef9804085f6b70891fe4e",
            "messageTitle": "Refactors reversible commands",
            "messageBody": "",
            "insertions": 0,
            "deletions": 51
          }
        ]
      },
      {
        "insertions": 1174,
        "deletions": 476,
        "date": "2019-10-16",
        "commitResults": [
          {
            "hash": "b99f85a85b5bf972eed99f7e2b6ec7cb65cb3518",
            "messageTitle": "Implements UniqueTreeList",
            "messageBody": "",
            "insertions": 970,
            "deletions": 0
          },
          {
            "hash": "f25ea33de305d3963155b67d22acbb79e895634d",
            "messageTitle": "Refactor models to adopt UniqueTreeList",
            "messageBody": "",
            "insertions": 104,
            "deletions": 257
          },
          {
            "hash": "b45837708246e4eb417999f730f7f706ee7a5197",
            "messageTitle": "Refactors event listing model",
            "messageBody": "",
            "insertions": 100,
            "deletions": 219
          }
        ]
      },
      {
        "insertions": 517,
        "deletions": 11,
        "date": "2019-10-20",
        "commitResults": [
          {
            "hash": "f4a61f2be72b8b9016fa4cdf8980a428ca1a12b6",
            "messageTitle": "Updates PlantUML class diagram of Storage and Models",
            "messageBody": "",
            "insertions": 517,
            "deletions": 11
          }
        ]
      },
      {
        "insertions": 418,
        "deletions": 95,
        "date": "2019-10-23",
        "commitResults": [
          {
            "hash": "fd464b11ec4a77fbe5bedb060f775c52dff9fc24",
            "messageTitle": "Update style.puml",
            "messageBody": "",
            "insertions": 2,
            "deletions": 2
          },
          {
            "hash": "509465ebbbb6498d26ddb6cbae249da2649dd3e0",
            "messageTitle": "Update DG uml diagrams",
            "messageBody": "",
            "insertions": 416,
            "deletions": 93
          }
        ]
      },
      {
        "insertions": 42,
        "deletions": 24,
        "date": "2019-10-24",
        "commitResults": [
          {
            "hash": "5568f490261f1da8cbe33918ef15bcdce423226a",
            "messageTitle": "Update Diagrams",
            "messageBody": "",
            "insertions": 8,
            "deletions": 1
          },
          {
            "hash": "0d3564d1ac16ef4e11857c2a42d7d134dd5adc1a",
            "messageTitle": "Updates DG",
            "messageBody": "",
            "insertions": 27,
            "deletions": 23
          },
          {
            "hash": "e06695a8d94af31f34fff1a27869370d6d61cc4d",
            "messageTitle": "Updates Sequence Diagram",
            "messageBody": "",
            "insertions": 7,
            "deletions": 0
          }
        ]
      }
    ],
    "wongsm7": [
      {
        "insertions": 71,
        "deletions": 73,
        "date": "2019-09-27",
        "commitResults": [
          {
            "hash": "f55b8f5254381378acdb08ed3b91f719448011ae",
            "messageTitle": "Edit user guide",
            "messageBody": "",
            "insertions": 2,
            "deletions": 2
          },
          {
            "hash": "4828b5ba61111b57b0dbf186aeb9e0c852ddc9b6",
            "messageTitle": "Edit user guide",
            "messageBody": "",
            "insertions": 16,
            "deletions": 27
          },
          {
            "hash": "86837296a778ee5ece9b1670a3bbaf8f6c68f560",
            "messageTitle": "Edit user guide",
            "messageBody": "",
            "insertions": 53,
            "deletions": 44
          }
        ]
      },
      {
        "insertions": 25,
        "deletions": 15,
        "date": "2019-09-28",
        "commitResults": [
          {
            "hash": "b14b24929ced216280921df2b2976e1c1e032de4",
            "messageTitle": "Edit readme doc",
            "messageBody": "",
            "insertions": 21,
            "deletions": 11
          },
          {
            "hash": "1393d7d939226c652547dfbacf18f6a596cccc7e",
            "messageTitle": "Edit readme doc",
            "messageBody": "",
            "insertions": 4,
            "deletions": 4
          }
        ]
      },
      {
        "insertions": 172,
        "deletions": 67,
        "date": "2019-09-30",
        "commitResults": [
          {
            "hash": "2f34b8f7fac8e041cb5700f51236d76d574bdfdb",
            "messageTitle": "Edit readme doc",
            "messageBody": "",
            "insertions": 7,
            "deletions": 7
          },
          {
            "hash": "e335ab6f3f23246fdfd36e6f1f5b24af351a9cec",
            "messageTitle": "Update developer guide",
            "messageBody": "",
            "insertions": 116,
            "deletions": 18
          },
          {
            "hash": "b64da1e9923b0822e15d8dcb93271e51f94fae56",
            "messageTitle": "Update developer guide",
            "messageBody": "",
            "insertions": 4,
            "deletions": 1
          },
          {
            "hash": "a38f0f32eae29a584bfe01732925c8d6f6a13028",
            "messageTitle": "Update readme doc",
            "messageBody": "",
            "insertions": 1,
            "deletions": 1
          },
          {
            "hash": "a2848a9eef59e6d27d04daff4a61c6cf79dab1bd",
            "messageTitle": "Edit developer guide",
            "messageBody": "",
            "insertions": 44,
            "deletions": 40
          }
        ]
      },
      {
        "insertions": 1841,
        "deletions": 45,
        "date": "2019-10-08",
        "commitResults": [
          {
            "hash": "e8595a9ebb8aaaecd1343447d657f3724724c4d1",
            "messageTitle": "Added queue model, enqueue and dequeue commands",
            "messageBody": "",
            "insertions": 1812,
            "deletions": 42
          },
          {
            "hash": "7849dd7412d0a247a4ae28b1176bf08934ab1d63",
            "messageTitle": "Integrate queue logic into UI",
            "messageBody": "",
            "insertions": 29,
            "deletions": 3
          }
        ]
      },
      {
        "insertions": 834,
        "deletions": 965,
        "date": "2019-10-09",
        "commitResults": [
          {
            "hash": "b9c925c241fd5584e2d09ce6197f1c7a3d50aec2",
            "messageTitle": "Changes arguments for enqueue command",
            "messageBody": "",
            "insertions": 309,
            "deletions": 176
          },
          {
            "hash": "5a14096749a0bb75c6c907fda433402410037eb8",
            "messageTitle": "Update test",
            "messageBody": "",
            "insertions": 380,
            "deletions": 425
          },
          {
            "hash": "c4207834565e6064e45f4be9050ce9897a0f9ded",
            "messageTitle": "Add newline at EOF",
            "messageBody": "",
            "insertions": 2,
            "deletions": 5
          },
          {
            "hash": "ef85390d1885894961365507950a9a6e6468765b",
            "messageTitle": "Fixes style checks",
            "messageBody": "",
            "insertions": 89,
            "deletions": 61
          },
          {
            "hash": "bba9b45ac8b57241223c24132585599461398389",
            "messageTitle": "Add function for serve",
            "messageBody": "",
            "insertions": 3,
            "deletions": 0
          },
          {
            "hash": "b6583559e5b14910bcf4a60809b6200ded70cf88",
            "messageTitle": "Change test cases",
            "messageBody": "",
            "insertions": 16,
            "deletions": 250
          },
          {
            "hash": "29a1f82c31d95940c5aa2bb1be40f03ef80f599b",
            "messageTitle": "Remove unused imports",
            "messageBody": "",
            "insertions": 0,
            "deletions": 6
          },
          {
            "hash": "2c250f6660658535ff15a42f770debc3eff4269a",
            "messageTitle": "Fix style checks",
            "messageBody": "",
            "insertions": 0,
            "deletions": 6
          },
          {
            "hash": "5435ac9563650839b6dafbf4601b2f52f0c9ef47",
            "messageTitle": "Edit method names",
            "messageBody": "",
            "insertions": 33,
            "deletions": 34
          },
          {
            "hash": "01b1b070d22e5298ee47bb2f42b9eeb73b4e2b4f",
            "messageTitle": "Edit code in test",
            "messageBody": "",
            "insertions": 2,
            "deletions": 2
          }
        ]
      },
      {
        "insertions": 34,
        "deletions": 37,
        "date": "2019-10-11",
        "commitResults": [
          {
            "hash": "914cf73dcbd2433a820f9171f0be9a5607e04532",
            "messageTitle": "Update developer guide",
            "messageBody": "",
            "insertions": 29,
            "deletions": 32
          },
          {
            "hash": "c6ce19ebe9353f829260cc7a24827ad2823c861c",
            "messageTitle": "Update developer guide",
            "messageBody": "",
            "insertions": 5,
            "deletions": 5
          }
        ]
      },
      {
        "insertions": 101,
        "deletions": 13,
        "date": "2019-10-14",
        "commitResults": [
          {
            "hash": "f1f01f69cfeb4f59e76787666d359e362522fe2f",
            "messageTitle": "Add next command",
            "messageBody": "",
            "insertions": 101,
            "deletions": 13
          }
        ]
      },
      {
        "insertions": 592,
        "deletions": 76,
        "date": "2019-10-16",
        "commitResults": [
          {
            "hash": "037ee634015f2a031c0266c3a0c174aaecbc487f",
            "messageTitle": "Implement addRoom and removeRoom commands, fix enqueue and dequeue commands",
            "messageBody": "",
            "insertions": 540,
            "deletions": 58
          },
          {
            "hash": "e74769615e1086fb53b44b5263ad3f1425146ccd",
            "messageTitle": "Add test cases for QueueManager",
            "messageBody": "",
            "insertions": 39,
            "deletions": 2
          },
          {
            "hash": "523df61e1e8ab6caa8c45f95bf32e3d40057a310",
            "messageTitle": "Remove next command",
            "messageBody": "",
            "insertions": 7,
            "deletions": 4
          },
          {
            "hash": "63522ad8e20034282535768424215deeb9e68a29",
            "messageTitle": "Fix checkstyle error",
            "messageBody": "",
            "insertions": 0,
            "deletions": 1
          },
          {
            "hash": "56b12a77141d14305f68cd032f91528e5dc8d7b2",
            "messageTitle": "Fix checkstyle error",
            "messageBody": "",
            "insertions": 0,
            "deletions": 1
          },
          {
            "hash": "64f7f4ca0ee464ea3465923dd3999e94bccbf52b",
            "messageTitle": "Fix command messages",
            "messageBody": "",
            "insertions": 6,
            "deletions": 10
          }
        ]
      },
      {
        "insertions": 478,
        "deletions": 133,
        "date": "2019-10-21",
        "commitResults": [
          {
            "hash": "4f472d30ffe68727b0351245870288856fac71b3",
            "messageTitle": "Refactor addRoom, removeRoom classes. Implement next, break and resume commands",
            "messageBody": "",
            "insertions": 478,
            "deletions": 133
          }
        ]
      },
      {
        "insertions": 537,
        "deletions": 103,
        "date": "2019-10-23",
        "commitResults": [
          {
            "hash": "58a071ca4f54ff1799cdf9d6e379e902fe838dac",
            "messageTitle": "Add javadocs to model class",
            "messageBody": "",
            "insertions": 30,
            "deletions": 36
          },
          {
            "hash": "d46fa84b78b0a8770666120bb5d38eac5c0142c5",
            "messageTitle": "Add exception to NextCommandParser",
            "messageBody": "",
            "insertions": 3,
            "deletions": 0
          },
          {
            "hash": "a4bf2159d16fda0ae2e480b529cec7e7cc7aa8f2",
            "messageTitle": "Add UML diagrams",
            "messageBody": "",
            "insertions": 303,
            "deletions": 0
          },
          {
            "hash": "bc12e5df6e9efefd1806813a59b153ef4a95257a",
            "messageTitle": "Add DeletePatientSequenceDiagram",
            "messageBody": "",
            "insertions": 4,
            "deletions": 4
          },
          {
            "hash": "f5fb63f7832f66b1b2ca930efd27a77cd2264bb8",
            "messageTitle": "Change file name for diagram",
            "messageBody": "",
            "insertions": 0,
            "deletions": 0
          },
          {
            "hash": "ab62a44dca26bf8a88365a97499b26cc66a040af",
            "messageTitle": "Edit queue commands",
            "messageBody": "",
            "insertions": 10,
            "deletions": 1
          },
          {
            "hash": "690dca3d545e545179c686142b285a8e198dad77",
            "messageTitle": "Edit format for queue commands",
            "messageBody": "",
            "insertions": 2,
            "deletions": 2
          },
          {
            "hash": "616b6796a955d4784fb752138dd64cacd43dbc32",
            "messageTitle": "Add newline at EOF",
            "messageBody": "",
            "insertions": 3,
            "deletions": 3
          },
          {
            "hash": "24666a8dcfc9abff9557084c4976dd3640235f97",
            "messageTitle": "Update Developer Guide",
            "messageBody": "",
            "insertions": 121,
            "deletions": 14
          },
          {
            "hash": "69e4667baf0d7077ea447d541a3e56657e1b2347",
            "messageTitle": "Update use cases",
            "messageBody": "",
            "insertions": 6,
            "deletions": 6
          },
          {
            "hash": "74c64edd0b313ad9f6ae67e3a5f2f6e91426f58a",
            "messageTitle": "Update developer guide design",
            "messageBody": "",
            "insertions": 22,
            "deletions": 0
          },
          {
            "hash": "af1c6637adc8d1838863472d8d49903dc2fcc100",
            "messageTitle": "Update use cases",
            "messageBody": "",
            "insertions": 20,
            "deletions": 18
          },
          {
            "hash": "f5031158d9a146126daa597a021a3c3a136ac614",
            "messageTitle": "Update architecture diagram",
            "messageBody": "",
            "insertions": 8,
            "deletions": 16
          },
          {
            "hash": "a956367e1c6967b31d9d6449486c6190a1e863d1",
            "messageTitle": "Update architecture diagram #2",
            "messageBody": "",
            "insertions": 4,
            "deletions": 2
          },
          {
            "hash": "eaed212acdf53d12c2880eeb6e67fbe93e3ef220",
            "messageTitle": "Add newline for EOF",
            "messageBody": "",
            "insertions": 1,
            "deletions": 1
          }
        ]
      }
    ],
    "CarbonGrid": [
      {
        "insertions": 116,
        "deletions": 0,
        "date": "2019-09-19",
        "commitResults": [
          {
            "hash": "8cbab16a14a36c2c5c2b23da3b1925eabb3f9600",
            "messageTitle": "Adds AutoCompleter for query",
            "messageBody": "",
            "insertions": 116,
            "deletions": 0
          }
        ]
      },
      {
        "insertions": 24,
        "deletions": 33,
        "date": "2019-09-23",
        "commitResults": [
          {
            "hash": "01cdacd9b78bf41ea1233a80c63613aad2fecfdf",
            "messageTitle": "Update AboutUs",
            "messageBody": "",
            "insertions": 24,
            "deletions": 33
          }
        ]
      },
      {
        "insertions": 592,
        "deletions": 380,
        "date": "2019-09-28",
        "commitResults": [
          {
            "hash": "99720bdd68a5e6c51a1593be780e78b7878dedca",
            "messageTitle": "Adds Design \u0026 Link for AutoCompleteOverlay",
            "messageBody": "",
            "insertions": 591,
            "deletions": 367
          },
          {
            "hash": "3af90fc7e73ddc0a85a20d5a0f4df4ef6e329cea",
            "messageTitle": "Improves Code Quality",
            "messageBody": "",
            "insertions": 0,
            "deletions": 12
          },
          {
            "hash": "cff122abab0273a894322aff2006c935c7a8d4b2",
            "messageTitle": "Fixes Travis Build.",
            "messageBody": "",
            "insertions": 1,
            "deletions": 1
          }
        ]
      },
      {
        "insertions": 1,
        "deletions": 1,
        "date": "2019-09-30",
        "commitResults": [
          {
            "hash": "6df863a8de61eb21fdcbb7ca97d799dcabadbc9f",
            "messageTitle": "Fixes LoadException caused by removing unused fxml methods.",
            "messageBody": "",
            "insertions": 1,
            "deletions": 1
          }
        ]
      },
      {
        "insertions": 16,
        "deletions": 13,
        "date": "2019-10-07",
        "commitResults": [
          {
            "hash": "5c7ac58cd07e84c84835181401b6cd1cd9f3c74f",
            "messageTitle": "Re-run checks.",
            "messageBody": "",
            "insertions": 6,
            "deletions": 2
          },
          {
            "hash": "aa3f538cd79cfc686fde224cfd72c503c9eeb037",
            "messageTitle": "Updates AboutUs.",
            "messageBody": "",
            "insertions": 4,
            "deletions": 2
          },
          {
            "hash": "58a3378ddcb90e3deaa2a716608c9d93670ab02d",
            "messageTitle": "Updates AboutUs.",
            "messageBody": "",
            "insertions": 2,
            "deletions": 2
          },
          {
            "hash": "a203bad37dbeb28890ffc71810c390fba6d46a08",
            "messageTitle": "Removes AutoCompleter duplicate in UI when AutoCompleter is in Logic.",
            "messageBody": "",
            "insertions": 4,
            "deletions": 7
          }
        ]
      },
      {
        "insertions": 33,
        "deletions": 10,
        "date": "2019-10-08",
        "commitResults": [
          {
            "hash": "356019ebe6275a48a5be162c0f95b5a7448ae249",
            "messageTitle": "Updates AboutUs.",
            "messageBody": "",
            "insertions": 33,
            "deletions": 10
          }
        ]
      },
      {
        "insertions": 474,
        "deletions": 430,
        "date": "2019-10-09",
        "commitResults": [
          {
            "hash": "8507d4befc9768b6bad9d52fe90e19941c4b05d8",
            "messageTitle": "Implements Autofill \u0026 traversing of AutoCompleter and CommandBox.",
            "messageBody": "",
            "insertions": 457,
            "deletions": 317
          },
          {
            "hash": "b1bff1b084b0a0541dbb2c2c3212d38562097c35",
            "messageTitle": "Improved Behaviour of AutoCompleter and ENTER key. And removed 2 files that intended for removal.",
            "messageBody": "",
            "insertions": 4,
            "deletions": 107
          },
          {
            "hash": "38dc32ce04f9520f47f8bf49da6dc4740f1067f4",
            "messageTitle": "Fixed discovered bugs: ~ AutoCompleteOverlay list was not cleared correctly on empty prefix. ~ AutoCompleteOverlay had a tiny grey frame even when set to 0 height. Enhancement: ResultDialog enhanced with monospaced font.",
            "messageBody": "",
            "insertions": 7,
            "deletions": 3
          },
          {
            "hash": "a2ea92e68d6c070c1da090340d163f7844fa9205",
            "messageTitle": "Removed unused import.",
            "messageBody": "",
            "insertions": 0,
            "deletions": 1
          },
          {
            "hash": "b49229f539fedb1270ea79384af6a3c401148ecf",
            "messageTitle": "Hides the overlay completely when it is empty.",
            "messageBody": "",
            "insertions": 6,
            "deletions": 2
          }
        ]
      },
      {
        "insertions": 1,
        "deletions": 1,
        "date": "2019-10-10",
        "commitResults": [
          {
            "hash": "617892f66324105b70d2496d323905cc044a3676",
            "messageTitle": "HOTFIX: Caret no longer fly to end of CommandBox on edit.",
            "messageBody": "",
            "insertions": 1,
            "deletions": 1
          }
        ]
      },
      {
        "insertions": 54,
        "deletions": 0,
        "date": "2019-10-11",
        "commitResults": [
          {
            "hash": "bcc7efe8f5c8f6b5389d87e2882c78eaf8040b9e",
            "messageTitle": "Updates Developer Guide.",
            "messageBody": "",
            "insertions": 54,
            "deletions": 0
          }
        ]
      },
      {
        "insertions": 232,
        "deletions": 112,
        "date": "2019-10-12",
        "commitResults": [
          {
            "hash": "e143c474f76ac4159ea70821a95c62c95b86f5b4",
            "messageTitle": "Enhanced GUI, using tiles as tabs.",
            "messageBody": "",
            "insertions": 229,
            "deletions": 111
          },
          {
            "hash": "0ceed11f0bb218be2b119c804354b49f4a87eec4",
            "messageTitle": "Fixes checkstyle errors.",
            "messageBody": "",
            "insertions": 3,
            "deletions": 1
          }
        ]
      },
      {
        "insertions": 170,
        "deletions": 41,
        "date": "2019-10-13",
        "commitResults": [
          {
            "hash": "166b3c64cf7c48ae31e22d189a8da68b6b97a181",
            "messageTitle": "Implements TestFX.",
            "messageBody": "",
            "insertions": 95,
            "deletions": 11
          },
          {
            "hash": "4273255693ac4a6c8bc47b114434386943df42b3",
            "messageTitle": "Adds new test cases.",
            "messageBody": "",
            "insertions": 40,
            "deletions": 17
          },
          {
            "hash": "73b89f017a6477291561a21075db17642413f072",
            "messageTitle": "Updates test case.",
            "messageBody": "",
            "insertions": 0,
            "deletions": 2
          },
          {
            "hash": "c7aa6ae1f8528f6b470130439f4c4b973a422339",
            "messageTitle": "Enables traversing within omnipanel.",
            "messageBody": "",
            "insertions": 35,
            "deletions": 11
          }
        ]
      },
      {
        "insertions": 86,
        "deletions": 89,
        "date": "2019-10-16",
        "commitResults": [
          {
            "hash": "f55e8a0c3c9c353b73e78f36d67883bb3e6427ba",
            "messageTitle": "Updates MainAppTest",
            "messageBody": "",
            "insertions": 3,
            "deletions": 19
          },
          {
            "hash": "9006c6640561d6aa098ca82390b1fbae09468da4",
            "messageTitle": "Updates MainAppTest",
            "messageBody": "",
            "insertions": 1,
            "deletions": 2
          },
          {
            "hash": "1c0f4cfea0d34e7b9054c4acf955ac41860c5d9b",
            "messageTitle": "Updates MainAppTest",
            "messageBody": "",
            "insertions": 44,
            "deletions": 30
          },
          {
            "hash": "bddb48708e1ecb2c605df775ca81ea8fd9634e5e",
            "messageTitle": "Updates MainAppTest",
            "messageBody": "",
            "insertions": 20,
            "deletions": 0
          },
          {
            "hash": "f68f3ee596bdf81d52c63ba2b7088934fe6065ea",
            "messageTitle": "Updates MainAppTest",
            "messageBody": "",
            "insertions": 5,
            "deletions": 2
          },
          {
            "hash": "8fbd4fa6d76c1d4a0950058be0d4f26221e26350",
            "messageTitle": "Updates MainAppTest",
            "messageBody": "",
            "insertions": 7,
            "deletions": 12
          },
          {
            "hash": "fe9722e1566cee7fbc3e355ec52a8f7140062c43",
            "messageTitle": "Removes unused import.",
            "messageBody": "",
            "insertions": 0,
            "deletions": 1
          },
          {
            "hash": "bda2ef12c135119792483abffbac641729548d7d",
            "messageTitle": "Updates MainAppTest",
            "messageBody": "",
            "insertions": 3,
            "deletions": 20
          },
          {
            "hash": "da4f4e7c06a4d32c375cf1fbe9e0bec2a7916b9e",
            "messageTitle": "Updates MainAppTest",
            "messageBody": "",
            "insertions": 3,
            "deletions": 3
          }
        ]
      },
      {
        "insertions": 215,
        "deletions": 166,
        "date": "2019-10-17",
        "commitResults": [
          {
            "hash": "32a1c71bb33e34af21f51aa7f353f5c34bb28860",
            "messageTitle": "Testing Remote Branch appointment",
            "messageBody": "",
            "insertions": 7,
            "deletions": 0
          },
          {
            "hash": "c8c31c2746e7dffcad54cbebca56c0d41c2dba48",
            "messageTitle": "Removes Unused Import",
            "messageBody": "",
            "insertions": 0,
            "deletions": 1
          },
          {
            "hash": "3e15cb1066eef5d2c92ccb0cf7ccf500f2cd42cd",
            "messageTitle": "Reactivates MainAppTest",
            "messageBody": "",
            "insertions": 46,
            "deletions": 58
          },
          {
            "hash": "3b4cf5e6deceb65af19009cf8be734d3f8bc4c6e",
            "messageTitle": "Updates README coveralls link \u0026 DateTime validity checking.",
            "messageBody": "",
            "insertions": 2,
            "deletions": 2
          },
          {
            "hash": "9efd6fb1dcd107eaf131789a8c7651aa333dbd4f",
            "messageTitle": "Implements interfaces and enums for OmniPanel, AutoComplete",
            "messageBody": "",
            "insertions": 99,
            "deletions": 70
          },
          {
            "hash": "9037f7ffcd116cebadf71a9c44532391c7d8ea8e",
            "messageTitle": "Fixes checkstyle errors and test cases.",
            "messageBody": "",
            "insertions": 33,
            "deletions": 11
          },
          {
            "hash": "6021cca5f74a323c0c49c65667f161c60fec64a6",
            "messageTitle": "Updates logic.execute()",
            "messageBody": "",
            "insertions": 28,
            "deletions": 24
          }
        ]
      },
      {
        "insertions": 235,
        "deletions": 60,
        "date": "2019-10-21",
        "commitResults": [
          {
            "hash": "139c9dc008444a3f04ba70264d952a4c767258fd",
            "messageTitle": "Implements History \u0026 Moved AutoCompleter out of Logic.",
            "messageBody": "",
            "insertions": 152,
            "deletions": 35
          },
          {
            "hash": "5c24aafbe76d8ec1a679ea42510dbbb7cd3961c2",
            "messageTitle": "Fixes checkstyle errors \u0026 Implemented test case for CommandBoxHistory.",
            "messageBody": "",
            "insertions": 42,
            "deletions": 4
          },
          {
            "hash": "25b03ffdb34273ddba4d1020303f3315cd2c1cd4",
            "messageTitle": "Updates profile documentation \u0026 UI test cases.",
            "messageBody": "",
            "insertions": 41,
            "deletions": 21
          }
        ]
      },
      {
        "insertions": 270,
        "deletions": 270,
        "date": "2019-10-22",
        "commitResults": [
          {
            "hash": "050318f85d73c4289c3509df1326b587e4c30fff",
            "messageTitle": "Updated stylesheet for documentation.",
            "messageBody": "",
            "insertions": 53,
            "deletions": 214
          },
          {
            "hash": "6b4ccab0c7fbe018ed30725d5348b399c8502deb",
            "messageTitle": "Adds missing EOF.",
            "messageBody": "",
            "insertions": 1,
            "deletions": 1
          },
          {
            "hash": "9deeb1d23ac44ac2627fe2c0112ec3211a5318e0",
            "messageTitle": "Updates build.gradle",
            "messageBody": "",
            "insertions": 1,
            "deletions": 1
          },
          {
            "hash": "dae1a3b68a65f01cd0bd8fb6c68f89d775ee2b12",
            "messageTitle": "Restores given stylesheets/gh-pages",
            "messageBody": "",
            "insertions": 215,
            "deletions": 54
          }
        ]
      },
      {
        "insertions": 97,
        "deletions": 40,
        "date": "2019-10-23",
        "commitResults": [
          {
            "hash": "2aa7424ad51af501b5c1623e2835c57b555beaf5",
            "messageTitle": "Updated gradle wrapper.",
            "messageBody": "",
            "insertions": 17,
            "deletions": 1
          },
          {
            "hash": "80ce14054bfc06156717b6bcb5369e175bf9bcdd",
            "messageTitle": "Updated DeveloperGuide.adoc and own profile",
            "messageBody": "",
            "insertions": 80,
            "deletions": 39
          }
        ]
      },
      {
        "insertions": 43,
        "deletions": 40,
        "date": "2019-10-24",
        "commitResults": [
          {
            "hash": "d2cedff6d1e1ead65c47df888a5d75ec42be6da9",
            "messageTitle": "Updates Gradle config",
            "messageBody": "",
            "insertions": 38,
            "deletions": 34
          },
          {
            "hash": "49e62a965135b3fac9879195e0fa54db4229152c",
            "messageTitle": "Updates Documentation.",
            "messageBody": "",
            "insertions": 4,
            "deletions": 4
          },
          {
            "hash": "71dbe15833cc1f360edb884dee1863d483ed110c",
            "messageTitle": "Removes navbar of seedu.",
            "messageBody": "",
            "insertions": 1,
            "deletions": 2
          }
        ]
      }
    ],
    "woon17": [
      {
        "insertions": 327,
        "deletions": 33,
        "date": "2019-09-24",
        "commitResults": [
          {
            "hash": "760309417f714154079668b285f60c4b2d398be3",
            "messageTitle": "add enum Status",
            "messageBody": "",
            "insertions": 16,
            "deletions": 2
          },
          {
            "hash": "391882fb47d78653e678da43381f7599fe73ff8e",
            "messageTitle": "add working for app",
            "messageBody": "",
            "insertions": 311,
            "deletions": 31
          }
        ]
      },
      {
        "insertions": 217,
        "deletions": 175,
        "date": "2019-09-27",
        "commitResults": [
          {
            "hash": "370d9c571e8a474f6d4f006273c0acdb3b731867",
            "messageTitle": "work with redo and undo",
            "messageBody": "",
            "insertions": 168,
            "deletions": 169
          },
          {
            "hash": "004c90209f2fc38d783afa6b7b6a8020d527084f",
            "messageTitle": "edit doc",
            "messageBody": "",
            "insertions": 49,
            "deletions": 6
          }
        ]
      },
      {
        "insertions": 36,
        "deletions": 60,
        "date": "2019-09-28",
        "commitResults": [
          {
            "hash": "25cfd7a742cded375e93eba2a05b08d031a5eb6c",
            "messageTitle": "edit from doc",
            "messageBody": "",
            "insertions": 29,
            "deletions": 51
          },
          {
            "hash": "f40032fc960fe37898368af609fba0d12cd5d656",
            "messageTitle": "edit UG",
            "messageBody": "",
            "insertions": 7,
            "deletions": 9
          }
        ]
      },
      {
        "insertions": 241,
        "deletions": 162,
        "date": "2019-09-29",
        "commitResults": [
          {
            "hash": "5f9d49cb1e77554b0dca313ce75a3fe578d2c96c",
            "messageTitle": "edit addAppt command",
            "messageBody": "",
            "insertions": 227,
            "deletions": 153
          },
          {
            "hash": "12ca362296107f29c1039639c957c123bd7b5f46",
            "messageTitle": "edit TIming.java",
            "messageBody": "",
            "insertions": 14,
            "deletions": 9
          }
        ]
      },
      {
        "insertions": 502,
        "deletions": 254,
        "date": "2019-09-30",
        "commitResults": [
          {
            "hash": "ae4a19c530fe6608f36562c4c4a7b0e7341cf63e",
            "messageTitle": "before correct Timing.java",
            "messageBody": "",
            "insertions": 232,
            "deletions": 55
          },
          {
            "hash": "0dba725b881b69e99e341baafee29193989df6be",
            "messageTitle": "edit UG",
            "messageBody": "",
            "insertions": 10,
            "deletions": 10
          },
          {
            "hash": "bbc6ec339a053df8e02979a1c1997ed7a434cb4e",
            "messageTitle": "edit ContactUs",
            "messageBody": "",
            "insertions": 3,
            "deletions": 3
          },
          {
            "hash": "31c49b6d118b0f69561082ebb8f475daa29f5e77",
            "messageTitle": "update UG",
            "messageBody": "",
            "insertions": 25,
            "deletions": 2
          },
          {
            "hash": "6b67601355ab58a0aaed8ba37646c35bc08baece",
            "messageTitle": "edit UG: using \u003cENTRY_ID\u003e",
            "messageBody": "",
            "insertions": 43,
            "deletions": 34
          },
          {
            "hash": "7045b13634aa5d8bfa07fca7c908021f563cc397",
            "messageTitle": "remove extra space",
            "messageBody": "",
            "insertions": 2,
            "deletions": 2
          },
          {
            "hash": "93a125ed14a68066d087a196fcd9fba615c94270",
            "messageTitle": "add newLine",
            "messageBody": "",
            "insertions": 1,
            "deletions": 1
          },
          {
            "hash": "a2a2fa7aca16a3c56e2207ac54bea1999dd76003",
            "messageTitle": "change team name",
            "messageBody": "",
            "insertions": 4,
            "deletions": 4
          },
          {
            "hash": "8697c0b6e64b3601ee97db3b166f106fb16a9931",
            "messageTitle": "remove extra space",
            "messageBody": "",
            "insertions": 2,
            "deletions": 2
          },
          {
            "hash": "08171b4f605bb622720fff4f6eca5a26786483eb",
            "messageTitle": "edit timing class",
            "messageBody": "",
            "insertions": 1,
            "deletions": 0
          },
          {
            "hash": "1e01b89aba0e1d38d5b2a0ee594deff2c0e8f6df",
            "messageTitle": "work done for addappt",
            "messageBody": "",
            "insertions": 133,
            "deletions": 136
          },
          {
            "hash": "a4cf1dba79f0d6b88db551e282c7f0b8226289e8",
            "messageTitle": "make sure the appointment time is after current dateTime",
            "messageBody": "",
            "insertions": 46,
            "deletions": 5
          }
        ]
      },
      {
        "insertions": 258,
        "deletions": 6,
        "date": "2019-10-01",
        "commitResults": [
          {
            "hash": "de8b47e55039dfb9debcd777e64fa6465fa59e05",
            "messageTitle": "edit related fxml file for appointment",
            "messageBody": "waiting to settle duplicate appointment in list",
            "insertions": 258,
            "deletions": 6
          }
        ]
      },
      {
        "insertions": 105,
        "deletions": 124,
        "date": "2019-10-07",
        "commitResults": [
          {
            "hash": "e57347cdd77941baf0546ae0537fe82a1ce55c86",
            "messageTitle": "add storage for appointments",
            "messageBody": "",
            "insertions": 17,
            "deletions": 23
          },
          {
            "hash": "19959b36f7a680c1a459333480ab2dc8ff627d52",
            "messageTitle": "add for addapp command",
            "messageBody": "",
            "insertions": 88,
            "deletions": 101
          }
        ]
      },
      {
        "insertions": 1714,
        "deletions": 1430,
        "date": "2019-10-09",
        "commitResults": [
          {
            "hash": "d4443c4719b05a77684a5308f4db259266c68d28",
            "messageTitle": "work in ackappt but still need to make sure call appointments first",
            "messageBody": "",
            "insertions": 345,
            "deletions": 150
          },
          {
            "hash": "a041a0b77fc53061c42cac5c288504a01877ac3e",
            "messageTitle": "add change enum to be status class",
            "messageBody": "",
            "insertions": 93,
            "deletions": 98
          },
          {
            "hash": "593b1ea48e54d1161705ded3662b825a3d543ba9",
            "messageTitle": "need to fix not_full_referenceId for ackappt",
            "messageBody": "",
            "insertions": 137,
            "deletions": 92
          },
          {
            "hash": "0bd27c7b7710758ca51eee14fe3be1ad5ce99dd2",
            "messageTitle": "use enum for event.Status",
            "messageBody": "",
            "insertions": 70,
            "deletions": 50
          },
          {
            "hash": "f3c8425379404653570c0614f2fac46ce5200a45",
            "messageTitle": "make status be final",
            "messageBody": "",
            "insertions": 156,
            "deletions": 74
          },
          {
            "hash": "c914d7a608e83f13fe4035e44915eb6a4059c476",
            "messageTitle": "perfect first 3 commands",
            "messageBody": "",
            "insertions": 3,
            "deletions": 2
          },
          {
            "hash": "92ad9198a9d32326cf96793ef792950adc0656cf",
            "messageTitle": "delete clearComamandTest",
            "messageBody": "",
            "insertions": 0,
            "deletions": 33
          },
          {
            "hash": "08a892b15905d8d888f4166288d927c2ffa77e08",
            "messageTitle": "edit test folder",
            "messageBody": "",
            "insertions": 26,
            "deletions": 194
          },
          {
            "hash": "79b7c95e1f16e5ee54fc78c706f395baafda1545",
            "messageTitle": "fix checkStyle",
            "messageBody": "",
            "insertions": 151,
            "deletions": 132
          },
          {
            "hash": "3123679022b1444c3d75e7855da0110a5b1eb7a5",
            "messageTitle": "fix checkStyle",
            "messageBody": "",
            "insertions": 89,
            "deletions": 86
          },
          {
            "hash": "33a0724399210d26b95d7ec90b68796de1d2e48b",
            "messageTitle": "choose LF as default",
            "messageBody": "",
            "insertions": 340,
            "deletions": 340
          },
          {
            "hash": "b1e9b88226c4755f2c6e60bc8fabf72175a70c1d",
            "messageTitle": "use LF in EventCard.fxml",
            "messageBody": "",
            "insertions": 49,
            "deletions": 49
          },
          {
            "hash": "80fe92527088ee241b2146bd4fa0af32dc1690b8",
            "messageTitle": "change appointments to be final in AckAppCommand.java",
            "messageBody": "",
            "insertions": 25,
            "deletions": 8
          },
          {
            "hash": "857b4be944298403d94694f77d57e7c2a8bddd37",
            "messageTitle": "add new class for testing usage",
            "messageBody": "",
            "insertions": 121,
            "deletions": 1
          },
          {
            "hash": "8ae16d576c703b02099e62e927fa7bbca696377f",
            "messageTitle": "Fixes style checks for unit test cases",
            "messageBody": "",
            "insertions": 0,
            "deletions": 12
          },
          {
            "hash": "f0f7599f0cdcd3b8a65a425e14cc84a600cf076a",
            "messageTitle": "change to LF type",
            "messageBody": "",
            "insertions": 109,
            "deletions": 109
          }
        ]
      },
      {
        "insertions": 705,
        "deletions": 134,
        "date": "2019-10-14",
        "commitResults": [
          {
            "hash": "22010af49d25a0cd328f4fe74fda22fed8c95c10",
            "messageTitle": "Updates use cases which are related to appointment",
            "messageBody": "",
            "insertions": 74,
            "deletions": 15
          },
          {
            "hash": "23d166dea5fb2e4b7643ed6d6222db4585dc89ad",
            "messageTitle": "works with cancelAppt command",
            "messageBody": "",
            "insertions": 192,
            "deletions": 72
          },
          {
            "hash": "0efd43c28d91bca6b2c4bcf1898676a2d4b5adf4",
            "messageTitle": "works with changeAppt command",
            "messageBody": "",
            "insertions": 139,
            "deletions": 4
          },
          {
            "hash": "bde3335472d0abef55c61a595cec7f9f34aed498",
            "messageTitle": "works with missAppt command",
            "messageBody": "",
            "insertions": 99,
            "deletions": 8
          },
          {
            "hash": "3b65ba68311ee0f207ecff4c5aa99aa7801eb200",
            "messageTitle": "works with settleAppt command",
            "messageBody": "",
            "insertions": 158,
            "deletions": 28
          },
          {
            "hash": "ad4546884b59ac093f16cfc7f5cf5c5ae62f9143",
            "messageTitle": "adds method 1, use predicate for appointments command",
            "messageBody": "",
            "insertions": 43,
            "deletions": 7
          }
        ]
      },
      {
        "insertions": 71,
        "deletions": 33,
        "date": "2019-10-15",
        "commitResults": [
          {
            "hash": "a6df19dc346148f56fece5297f20e92d28cae0ee",
            "messageTitle": "edits appointments command for displaying upcoming appointments only",
            "messageBody": "never display missed, settled and acknowledged appointments ",
            "insertions": 54,
            "deletions": 22
          },
          {
            "hash": "7ed0ef24236f2823c174c190731ffca40f79011c",
            "messageTitle": "merges new design of redo and undo feature",
            "messageBody": "only works in missappt and appointments command, need to fix the rest command class",
            "insertions": 17,
            "deletions": 11
          }
        ]
      },
      {
        "insertions": 1284,
        "deletions": 1353,
        "date": "2019-10-16",
        "commitResults": [
          {
            "hash": "8b0c1424ee5dc7fcc15098c6b1993488f1a9a953",
            "messageTitle": "edits addAppt and cancelAppt with new reversible features",
            "messageBody": "",
            "insertions": 107,
            "deletions": 59
          },
          {
            "hash": "cd74ed227a8270bee199b75d23cfb7d559202159",
            "messageTitle": "fixs appointments command with invalid referenceId",
            "messageBody": "",
            "insertions": 16,
            "deletions": 3
          },
          {
            "hash": "cafb6b39419ff0bd553bfe4fd9ef090d31a40aee",
            "messageTitle": "deletes unwanted comment",
            "messageBody": "",
            "insertions": 0,
            "deletions": 56
          },
          {
            "hash": "e312ce9decbf747bb3919ac1d49384eed0374cf0",
            "messageTitle": "problems with acked command",
            "messageBody": "",
            "insertions": 238,
            "deletions": 141
          },
          {
            "hash": "cdb55fc2cce085b3c435a5e7bf1bf073f07533a8",
            "messageTitle": "adds Comparable to display appointments in order",
            "messageBody": "",
            "insertions": 2,
            "deletions": 2
          },
          {
            "hash": "113f2336ad826ea9e458a96e9a327c24501b62be",
            "messageTitle": "edits ackAppt with new reversible feature",
            "messageBody": "",
            "insertions": 17,
            "deletions": 47
          },
          {
            "hash": "ac4d90bfad2041fffeabd05f9cc7110bfc8b4c46",
            "messageTitle": "deletes unwanted comment",
            "messageBody": "",
            "insertions": 3,
            "deletions": 171
          },
          {
            "hash": "2e805be5c6059e9f79ed1b7a48fd0bb56f6ba95a",
            "messageTitle": "edits addAppt to display the patient\u0027s appointment list",
            "messageBody": "",
            "insertions": 1,
            "deletions": 0
          },
          {
            "hash": "fc4a539d7fedfc22d28f613c7b6b4023b410eb0c",
            "messageTitle": "edits achnageAppt with new reversible feature",
            "messageBody": "",
            "insertions": 164,
            "deletions": 62
          },
          {
            "hash": "d65d092a95cff5fbfa121d2b460c7e70cccf954d",
            "messageTitle": "edits settleAppt with new reversible feature",
            "messageBody": "",
            "insertions": 73,
            "deletions": 58
          },
          {
            "hash": "a5f344be9f38f0e88986eeac898a1563a6ca0627",
            "messageTitle": "changes variable names and deletes extra comment",
            "messageBody": "",
            "insertions": 35,
            "deletions": 153
          },
          {
            "hash": "ff447dee14c8e4603254b71735b6c9044fcb7bd3",
            "messageTitle": "edits for checkStyle",
            "messageBody": "",
            "insertions": 124,
            "deletions": 97
          },
          {
            "hash": "f4fc6aa669c9e62a3b8873879815d97e85062f13",
            "messageTitle": "edits for checkStyleTest",
            "messageBody": "",
            "insertions": 26,
            "deletions": 25
          },
          {
            "hash": "850d18a4ef6fe9e4cfd3fe27c99d80ac14102b29",
            "messageTitle": "edits sign as changed compareTo()",
            "messageBody": "",
            "insertions": 10,
            "deletions": 10
          },
          {
            "hash": "887b32683c1f97b2364c740b46efed043b9cc489",
            "messageTitle": "edits as problem comes from merging",
            "messageBody": "",
            "insertions": 25,
            "deletions": 25
          },
          {
            "hash": "eaaa83001eab0dae381f5bd4933753c3de3edf3c",
            "messageTitle": "edits for checkStyle[Test]",
            "messageBody": "",
            "insertions": 27,
            "deletions": 20
          },
          {
            "hash": "fc61a11b787458b11c3005ba32863747939ba9d2",
            "messageTitle": "edits name to be \"User\"",
            "messageBody": "",
            "insertions": 10,
            "deletions": 11
          },
          {
            "hash": "f4cb69ff265fea74ca27118bb192835ae6e4565b",
            "messageTitle": "edits MainAppTest to fix bugs",
            "messageBody": "",
            "insertions": 9,
            "deletions": 16
          },
          {
            "hash": "460762b85797a597d08b62b954c5769cdd645a2f",
            "messageTitle": "changes keyword for appointments command",
            "messageBody": "",
            "insertions": 18,
            "deletions": 18
          },
          {
            "hash": "a48103ba27e448b0e58071b199d14397b3fc772a",
            "messageTitle": "MainAppTest.java have bugs, need to fix",
            "messageBody": "",
            "insertions": 91,
            "deletions": 91
          },
          {
            "hash": "cb1c6391416aaddc05eec3a24a9408957035fad6",
            "messageTitle": "tries to fix bugs",
            "messageBody": "",
            "insertions": 1,
            "deletions": 1
          },
          {
            "hash": "dbac504a4041d526e553e7ff8bda9aac17adc95e",
            "messageTitle": "edits MainAppTest",
            "messageBody": "",
            "insertions": 20,
            "deletions": 20
          },
          {
            "hash": "a61c6562261e3db5d967975c2c7703c8ee074c7a",
            "messageTitle": "Auto stash before merge of \"appointment\" and \"CarbonGrid/master\"",
            "messageBody": "",
            "insertions": 22,
            "deletions": 22
          },
          {
            "hash": "382030244a91d7e0e67e6e31326254f9c68763bd",
            "messageTitle": "adds new line at end",
            "messageBody": "",
            "insertions": 1,
            "deletions": 1
          },
          {
            "hash": "40fe9962ed8d38e040df37d6cdb965d68e7dcfe4",
            "messageTitle": "needs to fix bugs",
            "messageBody": "",
            "insertions": 122,
            "deletions": 122
          },
          {
            "hash": "1997d26f47f4a57d883338db9901ce4bd9a7df18",
            "messageTitle": "fails in MainAppTest",
            "messageBody": "",
            "insertions": 122,
            "deletions": 122
          }
        ]
      },
      {
        "insertions": 51,
        "deletions": 48,
        "date": "2019-10-17",
        "commitResults": [
          {
            "hash": "91c61a0f92c0126294bfcd364ad1d4c97ff0d367",
            "messageTitle": "fixs bugs due to a number",
            "messageBody": "",
            "insertions": 50,
            "deletions": 47
          },
          {
            "hash": "f085cf63e88f7ef62905b02e91d3b2fdc92bb23c",
            "messageTitle": "edits settleAppt to be settleappt",
            "messageBody": "",
            "insertions": 1,
            "deletions": 1
          }
        ]
      },
      {
        "insertions": 74,
        "deletions": 44,
        "date": "2019-10-22",
        "commitResults": [
          {
            "hash": "76dfc7fff1e3aa36d00d73ac9648b27dd6ac935f",
            "messageTitle": "edits message displayed",
            "messageBody": "",
            "insertions": 73,
            "deletions": 42
          },
          {
            "hash": "34d5edd5b603d44af818256c96432d80738a7adf",
            "messageTitle": "solves bugs in appointments cmd",
            "messageBody": "",
            "insertions": 1,
            "deletions": 0
          },
          {
            "hash": "29e96380fd3220a6dde12ace6d3367627593529a",
            "messageTitle": "deletes unused lines",
            "messageBody": "",
            "insertions": 0,
            "deletions": 2
          }
        ]
      },
      {
        "insertions": 720,
        "deletions": 295,
        "date": "2019-10-23",
        "commitResults": [
          {
            "hash": "b3ebf4c832afac1684d78d2b94b8461e97ade5b9",
            "messageTitle": "adds recursively appointment",
            "messageBody": "weekly, monthly, yearly",
            "insertions": 180,
            "deletions": 11
          },
          {
            "hash": "70c37c9279639c6fa6d203050daef05b2a4a8c7b",
            "messageTitle": "changes message displayed and edits checkStyle",
            "messageBody": "",
            "insertions": 77,
            "deletions": 25
          },
          {
            "hash": "bd7d13284ebbc45ff29ad2267878db92a4393d2b",
            "messageTitle": "adds dayly recusively for addAppt",
            "messageBody": "",
            "insertions": 29,
            "deletions": 1
          },
          {
            "hash": "5510520c73088422aa3f9ce61b0644bf38d92635",
            "messageTitle": "simplify if else block",
            "messageBody": "",
            "insertions": 21,
            "deletions": 21
          },
          {
            "hash": "ad6c4dae04d73966c38f402e2427a08219bb4e0a",
            "messageTitle": "add AddAppointmentActivityDiagram",
            "messageBody": "",
            "insertions": 35,
            "deletions": 0
          },
          {
            "hash": "7ed1de0e6a467fa69c19f5f9000f2c8be7c81424",
            "messageTitle": "add CancleAppointmentSequenceDiagram",
            "messageBody": "",
            "insertions": 69,
            "deletions": 0
          },
          {
            "hash": "eaaa7467ff3d4efe64bba07c14925c29f5b449dc",
            "messageTitle": "add ChangeAppointmentActivityDiagram",
            "messageBody": "",
            "insertions": 25,
            "deletions": 0
          },
          {
            "hash": "9ec7d7f434442329041385b4541d3d3f7db0f77f",
            "messageTitle": "edits diagrams",
            "messageBody": "",
            "insertions": 14,
            "deletions": 19
          },
          {
            "hash": "d6f6662d234594d3bc85f1000d29d16720fc4832",
            "messageTitle": "edits DG",
            "messageBody": "",
            "insertions": 57,
            "deletions": 5
          },
          {
            "hash": "df45ea4249f9ef5ad0260029e2731325f676e87d",
            "messageTitle": "adds use case of cancelappt",
            "messageBody": "",
            "insertions": 52,
            "deletions": 16
          },
          {
            "hash": "31a13aa22537fc7d1c5f95f7173aa17450d73ec5",
            "messageTitle": "edits UG",
            "messageBody": "",
            "insertions": 14,
            "deletions": 7
          },
          {
            "hash": "661e8795eb38a340462414d0bd059d66aa9413b5",
            "messageTitle": "edits DG",
            "messageBody": "",
            "insertions": 144,
            "deletions": 188
          },
          {
            "hash": "bfe3a41ee00fd2424c6f0e40193d336ba9333491",
            "messageTitle": "add new lines",
            "messageBody": "",
            "insertions": 1,
            "deletions": 1
          },
          {
            "hash": "243a2bd581154b600c00091e49e2303c7ab7941c",
            "messageTitle": "add new lines for diagram",
            "messageBody": "",
            "insertions": 2,
            "deletions": 1
          }
        ]
      },
      {
        "insertions": 306,
        "deletions": 292,
        "date": "2019-10-24",
        "commitResults": [
          {
            "hash": "1a1979109a70588afd14ef4a5da6fda6ef275d65",
            "messageTitle": "corrects diagram name",
            "messageBody": "",
            "insertions": 1,
            "deletions": 1
          },
          {
            "hash": "d9f1603c5f0e6e0b5a7b30fb3a631bbd3fb785fd",
            "messageTitle": "add correct DG",
            "messageBody": "",
            "insertions": 162,
            "deletions": 236
          },
          {
            "hash": "436bd18df82591c4db5e988eb1a11c5b760a7f72",
            "messageTitle": "edits DG",
            "messageBody": "",
            "insertions": 118,
            "deletions": 7
          },
          {
            "hash": "78f82fb3eaced7c8ac0a3d37cb1681141566ffb3",
            "messageTitle": "correct DG",
            "messageBody": "",
            "insertions": 23,
            "deletions": 26
          },
          {
            "hash": "cea2319e5bdf6a6e2a05319fe77b7aee51a6317a",
            "messageTitle": "remove GUI (UC11)",
            "messageBody": "",
            "insertions": 2,
            "deletions": 22
          }
        ]
      }
    ]
  },
  "authorFinalContributionMap": {
    "SakuraBlossom": 6348,
    "wongsm7": 2747,
    "CarbonGrid": 1204,
    "woon17": 2305
  },
  "authorFileTypeContributionMap": {
    "SakuraBlossom": {
      "docs": 72,
      "tests": 1829,
      "functional": 3576,
      "other": 871
    },
    "wongsm7": {
      "docs": 250,
      "tests": 368,
      "functional": 1824,
      "other": 305
    },
    "CarbonGrid": {
      "docs": 80,
      "tests": 157,
      "functional": 873,
      "other": 94
    },
    "woon17": {
      "docs": 310,
      "tests": 204,
      "functional": 1666,
      "other": 125
    }
  },
  "authorContributionVariance": {
    "SakuraBlossom": 211119.86,
    "wongsm7": 149642.98,
    "CarbonGrid": 43713.45,
    "woon17": 359585.1
  },
  "authorDisplayNameMap": {
    "SakuraBlossom": "CS2103T-T09-3 LUM C ... SHAWN",
    "wongsm7": "CS2103T-T09-3 WONG  ... N MIN",
    "CarbonGrid": "CS2103T-T09-3 DANIE ...  XIAN",
    "woon17": "CS2103T-T09-3 WEN S ... SHUFA"
  }
}
