{
  "authorDailyContributionsMap": {
    "geshuming": [
      {
        "insertions": 2,
        "deletions": 4,
        "date": "2019-09-11",
        "commitResults": [
          {
            "hash": "2abf1bff4bbdec6c4dcc7ce991ff934f4b8026ce",
            "messageTitle": "Update Badges on Readme",
            "messageBody": "",
            "insertions": 2,
            "deletions": 4
          }
        ]
      },
      {
        "insertions": 82,
        "deletions": 33,
        "date": "2019-10-01",
        "commitResults": [
          {
            "hash": "91460c508cc9579840c5a7d3007c7d2d3e9329f2",
            "messageTitle": "Update developer guide (#9)",
            "messageBody": "* Update Developer Guide\r\n\r\n* Update DeveloperGuide.adoc\r\n\r\n* Update DeveloperGuide.adoc\r\n",
            "insertions": 82,
            "deletions": 33
          }
        ]
      },
      {
        "insertions": 573,
        "deletions": 33,
        "date": "2019-10-12",
        "commitResults": [
          {
            "hash": "3b7484443e7c2f9559e789a164553c659413c324",
            "messageTitle": "Add archivedModules.json (#28)",
            "messageBody": "* Add archivedModules.json\r\n\r\n* Update README.adoc\r\n\r\n* Update archivedModules.json\r\n",
            "insertions": 3,
            "deletions": 0
          },
          {
            "hash": "7d758be6f80930ed60c3f5b71f6152d5cb238fcc",
            "messageTitle": "Add ArchivedModule and Storage support (#27)",
            "messageBody": "* Implement ArchivedModule and ArchivedModuleList\r\n\r\n* Add archivedModules.json\r\n\r\n* Modify ModuleBook to aggregate ArchivedModule\r\n\r\n* Add support to read ArchivedModules from file\r\n\r\n* Revert \"Add archiveModules.json\"\r\n\r\n* Fix equals method in ArchivedModule\r\n\r\n* Add tests for JsonArchivedModule\r\n\r\n* Extract readArchivedModules into JsonArchivedModuleList\r\n\r\n* Rename isSameModule -\u003e isSameArchivedModule\r\n\r\n* Rename ModuleBuilder -\u003e ArchivedModuleBuilder\r\n\r\n* Add ArchivedModuleTest\r\n\r\n* Add ArchivedModuleListTest\r\n\r\n* Add JsonArchivedModuleListTest.java\r\n\r\n* Update JsonUtilTest\r\n\r\n* Revert JsonModuleBookStorageTest\r\n",
            "insertions": 570,
            "deletions": 33
          }
        ]
      },
      {
        "insertions": 32,
        "deletions": 85,
        "date": "2019-10-17",
        "commitResults": [
          {
            "hash": "426c2aa97697c7083da2ad95fe2ec8221353a595",
            "messageTitle": "Fix image not showing in github website (#26)",
            "messageBody": "",
            "insertions": 1,
            "deletions": 1
          },
          {
            "hash": "3895598cd002d39d005a50a4a550b39f1795b393",
            "messageTitle": "Modify JsonArchivedModuleList to read from resource directly (#44)",
            "messageBody": "",
            "insertions": 31,
            "deletions": 84
          }
        ]
      },
      {
        "insertions": 27,
        "deletions": 41,
        "date": "2019-10-20",
        "commitResults": [
          {
            "hash": "99ff595c432e781e0953c70541b1c9b7b4d73723",
            "messageTitle": "Update ModelClassDiagram and DeveloperGuide (#29)",
            "messageBody": "* Update ModelClassDiagram\r\n\r\n* Update ModelClassDiagram for #31\r\n\r\n* Update ModelClassDiagram for #31\r\n\r\n* Update DeveloperGuide\r\n",
            "insertions": 27,
            "deletions": 41
          }
        ]
      },
      {
        "insertions": 522,
        "deletions": 50,
        "date": "2019-10-21",
        "commitResults": [
          {
            "hash": "3615c9beece91a53e258fb377c929a0eeefcb59b",
            "messageTitle": "Implement Module Viewing Feature (#46)",
            "messageBody": "* Updated GUI to include a main panel\r\n\r\n* Add View Command\r\n\r\n* Update GUI to reflect new module view\r\n\r\n* Fix failing tests\r\n\r\n* Add Back Command\r\n\r\n* Refactor to use Optional for displayedModule\r\n\r\n* Add BackCommandTest\r\n\r\n* Fix ModelManager.setModuleBook not resetting the filtered lists\r\n\r\n* Add ViewCommandTest\r\n\r\n* Fix failing checkstyle\r\n\r\n* Update javadocs\r\n",
            "insertions": 502,
            "deletions": 42
          },
          {
            "hash": "198d48940a1cdfd1aae38db677b3aab2ebfcc8cb",
            "messageTitle": "Update StorageClassDiagram and DeveloperGuide (#30)",
            "messageBody": "* Update Storage Diagram\r\n\r\n* Update StorageClassDiagram for #33\r\n\r\n* Fix arrow showing extension instead of dependency\r\n\r\n* Update DeveloperGuide\r\n",
            "insertions": 20,
            "deletions": 8
          }
        ]
      },
      {
        "insertions": 547,
        "deletions": 562,
        "date": "2019-10-22",
        "commitResults": [
          {
            "hash": "74d235d9776de1f20cedac0f499984d381e4e9cc",
            "messageTitle": "Add extra check to run travis check scripts (#56)",
            "messageBody": "",
            "insertions": 8,
            "deletions": 0
          },
          {
            "hash": "4b0099a5c8ebe7497fb7d083216fd0ae4ea7c959",
            "messageTitle": "Cleanup DG (#52)",
            "messageBody": "* Cleanup DG\r\n\r\n* Remove unreferenced images\r\n",
            "insertions": 12,
            "deletions": 277
          },
          {
            "hash": "6b4bffbe323e17ec49e787e829d8d27dd7714a51",
            "messageTitle": "Update UG and DG for Module View Feature (#47)",
            "messageBody": "* Update User Guide\r\n\r\n* Update Developer Guide\r\n\r\n* Update ModuleViewSequenceDiagram\r\n",
            "insertions": 175,
            "deletions": 3
          },
          {
            "hash": "110a7aa4ff2d4e04d7be08866f8f7b7a258b5396",
            "messageTitle": "Cleanup docs to remove references to addressbook (#59)",
            "messageBody": "* Remove header bar\r\n\r\n* Remove unnecessary pages\r\n\r\n* Update testing page\r\n\r\n* Revert \"Remove unnecessary pages\"\r\n\r\nThis reverts commit 4a1a83f5cab3845467bde9d8a46c01ea8088a90a.\r\n\r\n* Clean up references to AddressBook\r\n",
            "insertions": 9,
            "deletions": 9
          },
          {
            "hash": "c1379f3af5445570b308ba5ed04657a6ccff1832",
            "messageTitle": "Fix and Update tests for logic package (#55)",
            "messageBody": "* Fix CommandResult and tests\r\n\r\n* Fix and test ViewCommandParser\r\n\r\n* Update ModuleBookParserTest.\r\n\r\n* Update LogicManagerTest\r\n\r\n* Add test for getDisplayedModule\r\n",
            "insertions": 343,
            "deletions": 273
          }
        ]
      },
      {
        "insertions": 528,
        "deletions": 584,
        "date": "2019-10-24",
        "commitResults": [
          {
            "hash": "2a98d67012664bca2c080a485ebe4b295d05e14b",
            "messageTitle": "Update Module View Documentation (#62)",
            "messageBody": "* Update Module View Documentation\r\n\r\n* Add extra details\r\n\r\n* Add heading for images\r\n\r\n* Update FindModule diagram\r\n\r\n* Update FindModule image\r\n",
            "insertions": 38,
            "deletions": 4
          },
          {
            "hash": "f16b6976efa962b209521b9aa14fcee34845aa86",
            "messageTitle": "Revert default fontsize change (#67)",
            "messageBody": "",
            "insertions": 0,
            "deletions": 1
          },
          {
            "hash": "65a85316a1db1b6018723ad319341160a9ee56b0",
            "messageTitle": "Update tests for model package (#68)",
            "messageBody": "* Update Module unit tests\r\n\r\n* Update ModuleBookTest\r\n\r\n* Update ModelManagerTest\r\n",
            "insertions": 201,
            "deletions": 250
          },
          {
            "hash": "226bafae34ae59641e24d1a8279eacf3b106e380",
            "messageTitle": "Update tests for storage package (#69)",
            "messageBody": "* Update JsonSerializableModuleBookTest\r\n\r\n* Update JsonAdaptedModuleTest\r\n\r\n* Fix and update JsonModuleBookStorageTest\r\n\r\n* Update StorageManagerTest\r\n",
            "insertions": 289,
            "deletions": 329
          }
        ]
      },
      {
        "insertions": 562,
        "deletions": 61,
        "date": "2019-10-28",
        "commitResults": [
          {
            "hash": "c72b1571185a35e057a5418dd3441e5dc377c39b",
            "messageTitle": "Add more fields to Module View (#72)",
            "messageBody": "* Refactor tests to use builder classes\r\n\r\n* Add prerequisite field to ArchivedModule\r\n\r\n* Add semesterData to ArchivedModule\r\n\r\n* Fix regression\r\n\r\n* Add SemesterDetail to ArchivedModule\r\n\r\n* Add preclusion to ArchivedModule\r\n\r\n* Refactor ModuleViewPanel to make it scrollable\r\n\r\n* Cleanup Ui\r\n",
            "insertions": 562,
            "deletions": 61
          }
        ]
      },
      {
        "insertions": 71,
        "deletions": 103,
        "date": "2019-10-29",
        "commitResults": [
          {
            "hash": "4442baa94880c3070bd6449694fca89d705709c5",
            "messageTitle": "Fix datetime stuck in UTC (#78)",
            "messageBody": "",
            "insertions": 3,
            "deletions": 4
          },
          {
            "hash": "6f23e695c1299523deac126c59a5816261b0b571",
            "messageTitle": "Update user guide and Ui.png for 1.3 (#80)",
            "messageBody": "* Update user guide for 1.3\r\n\r\n* Update delete command in user guide\r\n\r\n* Remove multiple user profiles\r\n",
            "insertions": 68,
            "deletions": 99
          }
        ]
      },
      {
        "insertions": 429,
        "deletions": 236,
        "date": "2019-11-03",
        "commitResults": [
          {
            "hash": "fd0c29810b98a1a72beb99cd15e71f7cecb67e4c",
            "messageTitle": "Add text wrap to result display (#141)",
            "messageBody": "",
            "insertions": 3,
            "deletions": 3
          },
          {
            "hash": "317b755e2b73256a8db9cc515a65366b1dd4f212",
            "messageTitle": "Refactor module list and add tracking status (#142)",
            "messageBody": "* Add trackedStatus label\r\n\r\n* Update gui\r\n\r\n* Overhaul displayedlist to show tracked modules in place of archived modules\r\n\r\n* Fix broken tests\r\n\r\n* Revert getTrackedModuleByIndex changes\r\n\r\n* Add border around trackedStatus pane\r\n",
            "insertions": 201,
            "deletions": 182
          },
          {
            "hash": "65bea787373b2f238ecf2ed50eb99214b224b864",
            "messageTitle": "Update GUi (#144)",
            "messageBody": "* Cleanup CSS and Ui\r\n\r\n* Add accordion to module view\r\n\r\n* Update home page\r\n",
            "insertions": 225,
            "deletions": 51
          }
        ]
      },
      {
        "insertions": 193,
        "deletions": 32,
        "date": "2019-11-07",
        "commitResults": [
          {
            "hash": "e1695c1282d9fe1a93cc860de27e939be0d7dcd7",
            "messageTitle": "Add onClick handler to moduleListCell  (#152)",
            "messageBody": "* Add onClick handler to display module when clicked\r\n\r\n* Add test for logic setDisplayedModule\r\n\r\n* Update UG to reflect new feature\r\n",
            "insertions": 52,
            "deletions": 4
          },
          {
            "hash": "f6a4cf31ed5402fe5d3c4ba870f54b62fd9a03b8",
            "messageTitle": "Add sample data (#153)",
            "messageBody": "",
            "insertions": 70,
            "deletions": 8
          },
          {
            "hash": "f5649a2ca8cf87cbacbd2a2ca1378132b0815170",
            "messageTitle": "Add accordions (#154)",
            "messageBody": "* Add accordions\r\n\r\n* Fix Height issues\r\n\r\n* Remove link label\r\n",
            "insertions": 65,
            "deletions": 20
          },
          {
            "hash": "6791186a93f0322860efa76b0580775982792cfe",
            "messageTitle": "Attribute code from #33 (#155)",
            "messageBody": "",
            "insertions": 6,
            "deletions": 0
          }
        ]
      },
      {
        "insertions": 134,
        "deletions": 54,
        "date": "2019-11-09",
        "commitResults": [
          {
            "hash": "20217fa293dd41652fd0c4193b4e3d535dc94e01",
            "messageTitle": "Fix images not showing (#158)",
            "messageBody": "",
            "insertions": 2,
            "deletions": 2
          },
          {
            "hash": "2795f18a0fee22b130d1361dd60f280150826125",
            "messageTitle": "Update DG (#159)",
            "messageBody": "* Remove reference diagram\r\n\r\n* Add new proposed feature: module status\r\n\r\n* Add activity diagram to view feature\r\n\r\n* Add bolding\r\n\r\n* Add code literal\r\n",
            "insertions": 119,
            "deletions": 48
          },
          {
            "hash": "7aa9aeb3ee51eadf2211438a1874148a3e6de0a8",
            "messageTitle": "Update UG (#161)",
            "messageBody": "* Add new images for glossary\r\n\r\n* Move some images\r\n",
            "insertions": 13,
            "deletions": 4
          }
        ]
      },
      {
        "insertions": 127,
        "deletions": 19,
        "date": "2019-11-10",
        "commitResults": [
          {
            "hash": "1637f6f60f1423dd00a76585ec49ce15723ef91d",
            "messageTitle": "Update css for website (#164)",
            "messageBody": "* Add text-align:center",
            "insertions": 2,
            "deletions": 1
          },
          {
            "hash": "8841e490a15a8583603f389db64807d9d11a2cff",
            "messageTitle": "Fix issue when too many arguments are given to some commands (#171)",
            "messageBody": "",
            "insertions": 15,
            "deletions": 0
          },
          {
            "hash": "0c66b21b5f5dc1091bd4acb63d9e5c6d887f3304",
            "messageTitle": "Update ModuleViewFindModuleActivityDiagram (#170)",
            "messageBody": "",
            "insertions": 13,
            "deletions": 17
          },
          {
            "hash": "c386cd7a0f19cb66fa1d98d96b80fce1f4a6ebb4",
            "messageTitle": "Add PPP (#167)",
            "messageBody": "* Draft PPP\r\n\r\n* Update PPP\r\n\r\n* Add link to portfolio\r\n\r\n* Add page breaks\r\n",
            "insertions": 97,
            "deletions": 1
          }
        ]
      }
    ],
    "Kzrthikz": [
      {
        "insertions": 1,
        "deletions": 2,
        "date": "2019-09-30",
        "commitResults": [
          {
            "hash": "d4eb5aa87833fa8c7e6fd4c787e5057d01e64761",
            "messageTitle": "Update Contact Us Page (#11)",
            "messageBody": "* null commit\r\n\r\n* null commit\r\n\r\n* contact us updated\r\n\r\n* updated contact-us\r\n",
            "insertions": 1,
            "deletions": 2
          }
        ]
      },
      {
        "insertions": 751,
        "deletions": 68,
        "date": "2019-10-21",
        "commitResults": [
          {
            "hash": "559d31e32ce1281c9cac1b8040dbdd55d8694a40",
            "messageTitle": "Add deadline feature (#38)",
            "messageBody": "* AddDeadlineCommand and DeleteDeadlineCommand class\r\n\r\n* add ArgumentMultimap and ArgumentTokenizer\r\n\r\n* add ArgumentMultimap and ArgumentTokenizer\r\n\r\n* editing AddDeadlineCommandParser\r\n\r\n* edit deadline, pending to integrate into gui\r\n\r\n* setModule from ModuleBook\r\n\r\n* setModule from ModuleBook\r\n\r\n* add deadline to module completed\r\n\r\n* edited UserGuide doc\r\n\r\n* writing some tests\r\n\r\n* refractored TrackedModule and ArchivedModule\r\n\r\n* tests for TrackedModule\r\n\r\n* cleanup code\r\n\r\n* cleanup code\r\n\r\n* Fix broken code\r\n",
            "insertions": 751,
            "deletions": 68
          }
        ]
      },
      {
        "insertions": 306,
        "deletions": 91,
        "date": "2019-10-22",
        "commitResults": [
          {
            "hash": "40af73bb6c7b65b8ffe3d14dd7bbe7748bef1d90",
            "messageTitle": "Refractor Deadline  (#57)",
            "messageBody": "* AddDeadlineCommand and DeleteDeadlineCommand class\r\n\r\n* add ArgumentMultimap and ArgumentTokenizer\r\n\r\n* add ArgumentMultimap and ArgumentTokenizer\r\n\r\n* editing AddDeadlineCommandParser\r\n\r\n* edit deadline, pending to integrate into gui\r\n\r\n* setModule from ModuleBook\r\n\r\n* setModule from ModuleBook\r\n\r\n* add deadline to module completed\r\n\r\n* edited UserGuide doc\r\n\r\n* writing some tests\r\n\r\n* refractored TrackedModule and ArchivedModule\r\n\r\n* tests for TrackedModule\r\n\r\n* cleanup code\r\n\r\n* cleanup code\r\n\r\n* Fix broken code\r\n\r\n* split into respective DeadlineCommands, DeadlineCommandParser, Create List for Deadlines\r\n\r\n* split into respective DeadlineCommands, DeadlineCommandParser, Create List for Deadlines\r\n\r\n* Fix minor changes\r\n\r\n* Commit changes\r\n\r\n* Refractor Deadline commands\r\n",
            "insertions": 196,
            "deletions": 86
          },
          {
            "hash": "620bb54b759560eab1ccadef93c7e11c61e88d97",
            "messageTitle": "Update UG Deadline (#54)",
            "messageBody": "* null commit\r\n\r\n* null commit\r\n\r\n* Update User Guide\r\n\r\n* Update User Guide\r\n",
            "insertions": 110,
            "deletions": 5
          }
        ]
      },
      {
        "insertions": 153,
        "deletions": 1,
        "date": "2019-10-23",
        "commitResults": [
          {
            "hash": "42cfef59c23bac1627517fd04e897bb01d74c716",
            "messageTitle": "Update DG for deadline feature (#65)",
            "messageBody": "* null commit\r\n\r\n* null commit\r\n\r\n* update DG\r\n\r\n* add new line at EOF\r\n\r\n* minor updates\r\n\r\n* edit addDeadlineSequenceDiagram\r\n\r\n* edit size of text in addDeadlineSequenceDiagram\r\n",
            "insertions": 153,
            "deletions": 1
          }
        ]
      },
      {
        "insertions": 697,
        "deletions": 89,
        "date": "2019-10-29",
        "commitResults": [
          {
            "hash": "0a86e6e6c16b93c07881aa81e50ce3a749ac891f",
            "messageTitle": "More Deadline Features  (#76)",
            "messageBody": "* AddDeadlineCommand and DeleteDeadlineCommand class\r\n\r\n* add ArgumentMultimap and ArgumentTokenizer\r\n\r\n* add ArgumentMultimap and ArgumentTokenizer\r\n\r\n* editing AddDeadlineCommandParser\r\n\r\n* edit deadline, pending to integrate into gui\r\n\r\n* setModule from ModuleBook\r\n\r\n* setModule from ModuleBook\r\n\r\n* add deadline to module completed\r\n\r\n* edited UserGuide doc\r\n\r\n* writing some tests\r\n\r\n* refractored TrackedModule and ArchivedModule\r\n\r\n* tests for TrackedModule\r\n\r\n* cleanup code\r\n\r\n* cleanup code\r\n\r\n* Fix broken code\r\n\r\n* split into respective DeadlineCommands, DeadlineCommandParser, Create List for Deadlines\r\n\r\n* split into respective DeadlineCommands, DeadlineCommandParser, Create List for Deadlines\r\n\r\n* Fix minor changes\r\n\r\n* Commit changes\r\n\r\n* Refractor Deadline commands\r\n\r\n* delete deadline feature\r\n\r\n* done and in progress deadline feature\r\n\r\n* implementing priority command\r\n\r\n* clean up existing command features\r\n\r\n* Extracted out some common impl\r\n",
            "insertions": 697,
            "deletions": 89
          }
        ]
      },
      {
        "insertions": 18,
        "deletions": 17,
        "date": "2019-10-31",
        "commitResults": [
          {
            "hash": "9af6579226568431736e0f959047e8acad8117de",
            "messageTitle": "Update and fix deadline UI (#87)",
            "messageBody": "* AddDeadlineCommand and DeleteDeadlineCommand class\r\n\r\n* add ArgumentMultimap and ArgumentTokenizer\r\n\r\n* add ArgumentMultimap and ArgumentTokenizer\r\n\r\n* editing AddDeadlineCommandParser\r\n\r\n* edit deadline, pending to integrate into gui\r\n\r\n* setModule from ModuleBook\r\n\r\n* setModule from ModuleBook\r\n\r\n* add deadline to module completed\r\n\r\n* edited UserGuide doc\r\n\r\n* writing some tests\r\n\r\n* refractored TrackedModule and ArchivedModule\r\n\r\n* tests for TrackedModule\r\n\r\n* cleanup code\r\n\r\n* cleanup code\r\n\r\n* Fix broken code\r\n\r\n* split into respective DeadlineCommands, DeadlineCommandParser, Create List for Deadlines\r\n\r\n* split into respective DeadlineCommands, DeadlineCommandParser, Create List for Deadlines\r\n\r\n* Fix minor changes\r\n\r\n* Commit changes\r\n\r\n* Refractor Deadline commands\r\n\r\n* delete deadline feature\r\n\r\n* done and in progress deadline feature\r\n\r\n* implementing priority command\r\n\r\n* clean up existing command features\r\n\r\n* Extracted out some common impl\r\n\r\n* Fix broken code. Update UI to ModuleViewPanel.\r\n\r\n* fix travis fail\r\n\r\n* fix checkstyle\r\n",
            "insertions": 18,
            "deletions": 17
          }
        ]
      },
      {
        "insertions": 25,
        "deletions": 62,
        "date": "2019-11-01",
        "commitResults": [
          {
            "hash": "0bd202c6dbf62d2fdb718006e7d6be7e5da35845",
            "messageTitle": "Update UG deadline for dry run (#91)",
            "messageBody": "* null commit\r\n\r\n* null commit\r\n\r\n* update UG for dry run\r\n",
            "insertions": 25,
            "deletions": 62
          }
        ]
      },
      {
        "insertions": 713,
        "deletions": 128,
        "date": "2019-11-09",
        "commitResults": [
          {
            "hash": "c5742f48a7e92cad5189438532b290cf36e281bd",
            "messageTitle": "Fix issues for Deadline  (#147)",
            "messageBody": "* null commit\r\n\r\n* null commit\r\n\r\n* fix some issues, format date and time, sort by date, time and priority\r\n\r\n* implement deleteAll and doneAll commands\r\n\r\n* update UG for deleteAll and doneAll commands\r\n\r\n* fix deadline issues\r\n\r\n* fix deadline issues\r\n\r\n* create unique exception classes\r\n\r\n* Fixed all the exception issues\r\n\r\n* checkStyle\r\n\r\n* Fix storage error\r\n\r\n* remove unused exception\r\n",
            "insertions": 591,
            "deletions": 70
          },
          {
            "hash": "af83636a6436b556dbeaaebb901567c22b542f51",
            "messageTitle": "Edit and undone feature deadline exceptions (#160)",
            "messageBody": "* null commit\r\n\r\n* null commit\r\n\r\n* Edit and undone error messages\r\n\r\n* CheckStyle\r\n\r\n* clean up error messages\r\n\r\n* remove \"Deadline\" from deadline drop box in ui\r\n",
            "insertions": 45,
            "deletions": 29
          },
          {
            "hash": "3727a224341f996ac8fecc518ae2dd5c9f8e28fb",
            "messageTitle": "Update UG and DG Deadline (#162)",
            "messageBody": "* null commit\r\n\r\n* null commit\r\n\r\n* update UG\r\n\r\n* update UG and DG\r\n\r\n* add eof\r\n\r\n* edit size of activity diagram\r\n\r\n* edit typo\r\n",
            "insertions": 77,
            "deletions": 29
          }
        ]
      },
      {
        "insertions": 422,
        "deletions": 1,
        "date": "2019-11-10",
        "commitResults": [
          {
            "hash": "ddaaa47669499c9f692fe6ced467304410742436",
            "messageTitle": "Deadline testcases (#169)",
            "messageBody": "* null commit\r\n\r\n* null commit\r\n\r\n* tests invalid module, task number \u0026 Duplicate task.\r\n",
            "insertions": 330,
            "deletions": 0
          },
          {
            "hash": "e774ed82777045ff8f76ffbef72019b43aec2e97",
            "messageTitle": "Add PPP  (#165)",
            "messageBody": "* null commit\r\n\r\n* null commit\r\n\r\n* Update PPP\r\n\r\n* added eof line\r\n\r\n* update PPP\r\n\r\n* clean up PPP\r\n",
            "insertions": 92,
            "deletions": 1
          }
        ]
      }
    ],
    "bitterg0d": [
      {
        "insertions": 8,
        "deletions": 8,
        "date": "2019-10-01",
        "commitResults": [
          {
            "hash": "b4baf9df766ae1eaffe197b9a7bf68526fe8d541",
            "messageTitle": "Update README.adoc (#13)",
            "messageBody": "* updated README.adoc and Ui.png\r\n\r\n* updated README.adoc\r\n\r\n* Update README.adoc\r\n",
            "insertions": 8,
            "deletions": 8
          }
        ]
      }
    ],
    "alexwxh": [
      {
        "insertions": 116,
        "deletions": 49,
        "date": "2019-10-08",
        "commitResults": [
          {
            "hash": "bca645ea8d1edb45034959568667b644fa282c7a",
            "messageTitle": "update user guide (#12)",
            "messageBody": "* update UG\r\n\r\n* update UG according to feedback\r\n\r\n* add newline at EOF\r\n",
            "insertions": 116,
            "deletions": 49
          }
        ]
      },
      {
        "insertions": 486,
        "deletions": 14,
        "date": "2019-10-23",
        "commitResults": [
          {
            "hash": "85a7caf7760d316f844a1f91fbb5ff16b81999a7",
            "messageTitle": "add feature Link (#40)",
            "messageBody": "* update UG\r\n\r\n* Revert \"update UG\"\r\n\r\nThis reverts commit d3c5affab88db6fe69609dff663562291c7b4ff8.\r\n\r\n* add feature link\r\n\r\n* cleanup\r\n\r\n* change parsing to prefix-based\r\n\r\n* split linkcommand classes\r\n\r\n* minor cleanup\r\n\r\n* checkstyle\r\n\r\n* fix checkstyle\r\n\r\n* checkstyle version revert\r\n\r\n* checkstyle\r\n\r\n* update userguide link feature\r\n\r\n* add link feature to ui\r\n",
            "insertions": 486,
            "deletions": 14
          }
        ]
      },
      {
        "insertions": 166,
        "deletions": 0,
        "date": "2019-10-24",
        "commitResults": [
          {
            "hash": "28e0d75eba0c7ca878ec248287c7687e3be299e1",
            "messageTitle": "added link feature to DG (#66)",
            "messageBody": "* update UG\r\n\r\n* Revert \"update UG\"\r\n\r\nThis reverts commit d3c5affab88db6fe69609dff663562291c7b4ff8.\r\n\r\n* add feature link\r\n\r\n* cleanup\r\n\r\n* change parsing to prefix-based\r\n\r\n* split linkcommand classes\r\n\r\n* minor cleanup\r\n\r\n* checkstyle\r\n\r\n* fix checkstyle\r\n\r\n* checkstyle version revert\r\n\r\n* checkstyle\r\n\r\n* update userguide link feature\r\n\r\n* add link feature to ui\r\n\r\n* DG update link\r\n\r\n* minor updates to link DG\r\n\r\n* DG update\r\n",
            "insertions": 166,
            "deletions": 0
          }
        ]
      },
      {
        "insertions": 120,
        "deletions": 55,
        "date": "2019-10-29",
        "commitResults": [
          {
            "hash": "a843ca98946166e27a3ebaafb87a4ac1cb319069",
            "messageTitle": "Update link feature (#79)",
            "messageBody": "* update UG\r\n\r\n* Revert \"update UG\"\r\n\r\nThis reverts commit d3c5affab88db6fe69609dff663562291c7b4ff8.\r\n\r\n* refactored link command to work in moduleview + add delete link\r\n\r\n* update UG\r\n\r\n* edit LinkCommand\r\n\r\n* remove unused imports\r\n",
            "insertions": 120,
            "deletions": 55
          }
        ]
      },
      {
        "insertions": 122,
        "deletions": 7,
        "date": "2019-11-05",
        "commitResults": [
          {
            "hash": "978eff0d722b6966800d39a34617b3138e78936c",
            "messageTitle": "fix link-related issues (#143)",
            "messageBody": "* update UG\r\n\r\n* Revert \"update UG\"\r\n\r\nThis reverts commit d3c5affab88db6fe69609dff663562291c7b4ff8.\r\n\r\n* change ui layout for links + fix link adding\r\n\r\n* checkstyle\r\n\r\n* removed hotfix\r\n\r\n* implement edit link command\r\n",
            "insertions": 122,
            "deletions": 7
          }
        ]
      },
      {
        "insertions": 184,
        "deletions": 11,
        "date": "2019-11-06",
        "commitResults": [
          {
            "hash": "1a735b245982ba9eec37ca02f08c90dcbfeaf44f",
            "messageTitle": "New link features (#150)",
            "messageBody": "* update UG\r\n\r\n* Revert \"update UG\"\r\n\r\nThis reverts commit d3c5affab88db6fe69609dff663562291c7b4ff8.\r\n\r\n* change ui layout for links + fix link adding\r\n\r\n* checkstyle\r\n\r\n* removed hotfix\r\n\r\n* implement edit link command\r\n\r\n* add mark command and button hover text\r\n\r\n* checkstyle\r\n\r\n* edit link UI\r\n\r\n* update userguide\r\n\r\n* update UG unmark\r\n",
            "insertions": 184,
            "deletions": 11
          }
        ]
      },
      {
        "insertions": 50,
        "deletions": 45,
        "date": "2019-11-08",
        "commitResults": [
          {
            "hash": "ecca3a7aa8391488bdfdeecb31f0073488b41e7b",
            "messageTitle": "Add error message for invalid url provided (#157)",
            "messageBody": "* update UG\r\n\r\n* Revert \"update UG\"\r\n\r\nThis reverts commit d3c5affab88db6fe69609dff663562291c7b4ff8.\r\n\r\n* change ui layout for links + fix link adding\r\n\r\n* checkstyle\r\n\r\n* removed hotfix\r\n\r\n* implement edit link command\r\n\r\n* include invalid url input exception\r\n\r\n* Revert \"include invalid url input exception\"\r\n\r\nThis reverts commit f790f620ff0714e4a95017e82033c0a5d7611457.\r\n\r\n* refactor error handling\r\n\r\n* checkstyle\r\n",
            "insertions": 50,
            "deletions": 45
          }
        ]
      }
    ],
    "CowSaysBaa": [
      {
        "insertions": 23,
        "deletions": 96,
        "date": "2019-10-01",
        "commitResults": [
          {
            "hash": "4c9b2dd1819bab2bb2e1c11a148c659fc8c1d2f8",
            "messageTitle": "Updated AboutUs.adoc (#10)",
            "messageBody": "* added some images and changed AboutUs.adoc\r\n\r\n* updated photos and AboutUs.adoc\r\n\r\n* Added all photos and updated AboutUs.adoc\r\n\r\n* Updated AboutUs title\r\n\r\n* Delete johndoe.adoc\r\n\r\n* deleted some unused images\r\n\r\n* Merge branch \u0027master\u0027 of https://github.com/AY1920S1-CS2103T-W13-1/main\r\n",
            "insertions": 23,
            "deletions": 96
          }
        ]
      },
      {
        "insertions": 3914,
        "deletions": 6619,
        "date": "2019-10-10",
        "commitResults": [
          {
            "hash": "72fcba0d039a5fcb0336bfa34d7fe522792bf386",
            "messageTitle": "Migrate AddressBook -\u003e ModuleBook (#16)",
            "messageBody": "* added some images and changed AboutUs.adoc\r\n\r\n* updated photos and AboutUs.adoc\r\n\r\n* Added all photos and updated AboutUs.adoc\r\n\r\n* Renamed Person to Module\r\n\r\n* Removed all unnecessary classes, created stub for AddCommand\r\n\r\n* renamed some classes with person to modules\r\nfixed ability to delete entries\r\nbase skeleton should be functional\r\n\r\n* Fixed checkstyle\r\n\r\n* Merge branch \u0027skeleton-branch\u0027 of https://github.com/CowSaysBaa/main\r\n\r\n# Conflicts:\r\n#\tdocs/UserGuide.adoc (resolved)\r\n\r\n* Remove tutorial.\r\nResolves issues related to naming and spacing.\r\n\r\n* deleted tutorials\r\n\r\n* Resolved issues with naming and spacing\r\n\r\n* Resolved whitespacing issue in JsonUtil.java\r\n\r\n* Rename address/person -\u003e module\r\n\r\n* Rename main package address -\u003e module\r\n\r\n* Update build.gradle\r\n\r\n* Rename test package address -\u003e module\r\n\r\n* Overhaul test package for migration to ModuleBook\r\n\r\n* Modify help window constants\r\n\r\n* Fix failing checkstyle issues\r\n\r\n* Rename address -\u003e module in LogsCenter\r\n\r\n* Remove setModule\r\n\r\n* Modify Module\u0027s identity fields\r\n",
            "insertions": 3914,
            "deletions": 6619
          }
        ]
      },
      {
        "insertions": 295,
        "deletions": 201,
        "date": "2019-10-13",
        "commitResults": [
          {
            "hash": "66f99dba48f33aed5db6d38bb6d0ffe263a0cfd2",
            "messageTitle": "Find command (#31)",
            "messageBody": "* Changed the logic for the find command to search within ArchivedModuleList instead of ModuleList\r\nAdded ArchivedNameContainsKeywordsPredicate.java\r\n\r\n* Added some fullstops to javadocs.\r\n\r\n* Updated ModuleBook to copy ArchiveModuleList as well.\r\n\r\n* Renamed: Module -\u003e TrackedModule.\r\n\r\n* Added: Module.java interface.\r\n\r\n* Type migrated TrackedModule to Module in NameContainsKeywordsPredicate.java\r\n\r\n* Deleted ArchivedNameContainsKeywordsPredicate.java.\r\nMade some type migration.\r\n\r\n* Added displayedList to ModelManager.java.\r\nChanged UI to display displayedList instead.\r\n\r\n* Changed how displayedList works to dislay ArchivedList and TrackedList.\r\nList and Find command should work now.\r\n\r\n* Reverted checkstyle.xml.\r\n\r\n* Reverted unintentional renames.\r\n\r\n* Reverted unintentional renames.\r\n\r\n* Fixed checkstyle.\r\n\r\n* Fixed checkstyles.\r\n\r\n* Fixed typing issues.\r\nFixed some naming issues.\r\n\r\n* Split changeDisplayedList to displayArchivedList and displayTrackedList.\r\nFixed some styling.\r\n\r\n* Fixed naming issue.\r\n",
            "insertions": 295,
            "deletions": 201
          }
        ]
      },
      {
        "insertions": 97,
        "deletions": 132,
        "date": "2019-10-14",
        "commitResults": [
          {
            "hash": "e907915faa2d3a911c35a53c2cdcf68ae6c91036",
            "messageTitle": "Add and delete command (#33)",
            "messageBody": "* added some images and changed AboutUs.adoc\r\n\r\n* updated photos and AboutUs.adoc\r\n\r\n* Added all photos and updated AboutUs.adoc\r\n\r\n* Fixed DeleteCommand.java.\r\nDeleteCommand should now work.\r\n\r\n* Changed the fields and accessors within TrackedModule.java.\r\n\r\n* Deleted ArchiveStub.\r\nTrackedModule now reference ArchivedModule.\r\nChanged how add command works.\r\n\r\n* Require ModuleBook to init with ArchivedModuleList\r\n\r\n* Fix JsonAdaptedModule\r\n\r\n* Fix checkstyle issues\r\n\r\n* Delete SampleDataUtil\r\n\r\n* Simplify ModuleBook constructor\r\n\r\n* Fix ModuleBook not initializing with archived modules\r\n\r\n* Fix Add Command not refreshing displayed list\r\n",
            "insertions": 97,
            "deletions": 132
          }
        ]
      },
      {
        "insertions": 286,
        "deletions": 72,
        "date": "2019-10-22",
        "commitResults": [
          {
            "hash": "666acbbcb1e181c357dd68d84cd390748b215211",
            "messageTitle": "Update UG and DG for ListView operations. (#58)",
            "messageBody": "* Updated listview commands on UG.\r\nUpdated ArchitectureSequenceDiagram.puml\r\nUpdated ArchitectureSequenceDiagram.png\r\n\r\n* Renamed DeleteSequenceDiagram to AddSequenceDiagram\r\nUpdated AddSequenceDiagram.puml\r\nUpdated AddSequenceDiagram.png\r\n\r\n* Updated DG to include SearchFiltering extension.\r\nAdded FindSequenceDiagram.puml and png.\r\n\r\n* Resolved merge conflict in UserGuide.adoc\r\n",
            "insertions": 286,
            "deletions": 72
          }
        ]
      },
      {
        "insertions": 319,
        "deletions": 551,
        "date": "2019-10-25",
        "commitResults": [
          {
            "hash": "0396487191c9198b23e95e55879de5e6e10484fc",
            "messageTitle": "Refactor Add command. (#70)",
            "messageBody": "* Added Model#findArchivedModue and Module#findTrackedModule.\r\nAdded ModelManager#findArchivedModue and ModelManager#findTrackedModule.\r\nChanged AddCommand ViewCommand to use findArchivedModule and findTrackedModule.\r\nChanged AddCommandParser to use Predicate\u003cModule\u003e.\r\n\r\n* Added SameModuleCodePredicate.java.\r\nChanged AddCommandParser.java and ViewCommand.java to use SameModulePredicate.java.\r\nFixed AddCommandParserTest.java\r\n\r\n* Fixed ModuleBookParserTest#parseCommand_add()\r\n\r\n* Fixed AddCommandTest.java\r\n\r\n* Fixed checkstyle\r\n\r\n* Changed implementation of ViewCommand to look nicer.\r\n\r\n* Removed redundant code.\r\n\r\n* Removed unused imports.\r\n",
            "insertions": 206,
            "deletions": 371
          },
          {
            "hash": "74934f97c40ab1198c6ea1b233d2f9f59c93511a",
            "messageTitle": "Re implement delete command (#71)",
            "messageBody": "* Updated DeleteCommand and DeleteCommandParser to use modulecode instead of index.\r\n\r\n* Updated some DeletecommandParserTest test cases.\r\n\r\n* Fixed checkstyle.\r\n\r\n* Updated DG and UG for delete command.\r\n",
            "insertions": 113,
            "deletions": 180
          }
        ]
      },
      {
        "insertions": 589,
        "deletions": 172,
        "date": "2019-10-29",
        "commitResults": [
          {
            "hash": "d5fd797e3807c82765ec5833601ff203376af797",
            "messageTitle": "Filtered search (#74)",
            "messageBody": "* Created package predicate in module. Moved NameContainsKeywordsPredicate.java and SameModuleCodePredicate.java to predicate.\r\n\r\n* Added ModuleCodeContainsKeywordsPredicate.java\r\n\r\n* Updated FindCommand and FindCommandParser to test a list of predicates.\r\nUpdated CommandParserTest.java.\r\n\r\n* Fixed test cases in FindCommandTest.java.\r\n\r\n* Fixed a test case in ModuleBookParser.\r\n\r\n* Changed FindCommand to take in a list of predicates instead of an arraylist of predicates.\r\n\r\n* Added DescriptionContainsKeywordsPredicate.java.\r\nAdded ability to filter by description.\r\n\r\n* Updated UG and DG for filtered search.\r\n\r\n* Fixed checkstyle.\r\n\r\n* Added PrerequisiteContainsKeywordsPredicate.java.\r\nAdded ability to filter search by preculsions.\r\n\r\n* Added PreclusionContainsKeywordsPredicate.java\r\nAdded ability to filter by preclusion.\r\n\r\n* Added SemesterContainsKeywordsPredicate.java.\r\nAdded ability to filter modules by semester.\r\n\r\n* Updated UG and DG.\r\n\r\n* Fixed Checkstyle.\r\n\r\n* Fixed test cases.\r\n",
            "insertions": 589,
            "deletions": 172
          }
        ]
      },
      {
        "insertions": 52,
        "deletions": 7,
        "date": "2019-11-02",
        "commitResults": [
          {
            "hash": "17ae8dd10d0f855c8595e744e03498812a34f5c6",
            "messageTitle": "Added TitleContainsKeywordsPredicate.java (#118)",
            "messageBody": "Added ability to filter by title\r\nFixed inability to add modules after some search\r\nFixed UG for search command",
            "insertions": 52,
            "deletions": 7
          }
        ]
      },
      {
        "insertions": 263,
        "deletions": 1,
        "date": "2019-11-05",
        "commitResults": [
          {
            "hash": "3345cadf46a1810678e71f88b817b4e8da2608df",
            "messageTitle": "Added Search UI. (#145)",
            "messageBody": "",
            "insertions": 263,
            "deletions": 1
          }
        ]
      },
      {
        "insertions": 303,
        "deletions": 7,
        "date": "2019-11-06",
        "commitResults": [
          {
            "hash": "ab7d32521072be92bac14e831be7ef38f84c2dee",
            "messageTitle": "Fuzzy search (#148)",
            "messageBody": "* Added LevenshteinDistanceChecker.java.\r\nAdded support for fuzzy search.\r\nAdded test for fuzzy search.\r\n\r\n* Added ability to list all archived modules.\r\n\r\n* Updated UG.\r\n\r\n* Fixed checkstyle.\r\n",
            "insertions": 303,
            "deletions": 7
          }
        ]
      },
      {
        "insertions": 59,
        "deletions": 139,
        "date": "2019-11-08",
        "commitResults": [
          {
            "hash": "5e6d61c0ae36a40c7c54557e1d6f2b4b44f84b05",
            "messageTitle": "Optimised search (#156)",
            "messageBody": "*  Changed search by description to search by keywords instead of sentence.\r\n\r\n* Changed search by title to search keywords instead of a sentence.\r\n\r\n* Updated UG.\r\n\r\n* Changed seach by description and title to match all keywords instead of matching at least one.\r\n",
            "insertions": 59,
            "deletions": 139
          }
        ]
      },
      {
        "insertions": 709,
        "deletions": 129,
        "date": "2019-11-10",
        "commitResults": [
          {
            "hash": "6ff3f372c1494c070c188d21ad7714a936b7bfa7",
            "messageTitle": "Added test cases for predicates. (#166)",
            "messageBody": "* Updated NameContainsKeywordsPredicateTest.java\r\n\r\n* Removed unnecessary tests. Fixed some style.\r\n\r\n* Moved NameContainsKeywordsPredicateTest.java\r\n\r\n* Added SameModuleCodePredicateTest.java\r\n\r\n* Added DescriptionCodeContainsKeywordsPredicateTest.java\r\n\r\n* Added ModuleCodeContainsKeywordsPredicateTest.java\r\n\r\n* Added TitleContainsKeywordsPredicate.java\r\n\r\n* Added PreclusionContainsKeywordsPredicateTest.java\r\n\r\n* Added PrerequisiteContainsKeywordsPredicateTest.java\r\n\r\n* Added equals test.\r\nFixed checkstyle.\r\n\r\n* Changed modulecode assertion.\r\n",
            "insertions": 707,
            "deletions": 111
          },
          {
            "hash": "8023ba76744c7778113a7355d55bdb7a3e7984b7",
            "messageTitle": "Changed how SameModuleCodePredicate works. (#173)",
            "messageBody": "",
            "insertions": 2,
            "deletions": 18
          }
        ]
      }
    ]
  },
  "authorFinalContributionMap": {
    "geshuming": 3127,
    "Kzrthikz": 2341,
    "bitterg0d": 7,
    "alexwxh": 1033,
    "CowSaysBaa": 4515
  },
  "authorFileTypeContributionMap": {
    "geshuming": {
      "docs": 335,
      "tests": 1001,
      "functional": 1575,
      "other": 216
    },
    "Kzrthikz": {
      "docs": 259,
      "tests": 445,
      "functional": 1530,
      "other": 107
    },
    "bitterg0d": {
      "docs": 7,
      "tests": 0,
      "functional": 0
    },
    "alexwxh": {
      "docs": 121,
      "tests": 0,
      "functional": 795,
      "other": 117
    },
    "CowSaysBaa": {
      "docs": 128,
      "tests": 1969,
      "functional": 2229,
      "other": 189
    }
  },
  "authorContributionVariance": {
    "geshuming": 55508.51,
    "Kzrthikz": 32946.754,
    "bitterg0d": 3.8200228,
    "alexwxh": 5580.7554,
    "CowSaysBaa": 1669797.8
  },
  "authorDisplayNameMap": {
    "geshuming": "CS2103T-W13-1 GE SH ... UMING",
    "Kzrthikz": "CS2103T-W13-1 MURUG ... THIKA",
    "bitterg0d": "CS2103T-W13-1 WANG  ... IRLEY",
    "alexwxh": "CS2103T-W13-1 WU XI ...  ALEX",
    "CowSaysBaa": "CS2103T-W13-1 GUO Z ...  ZILI"
  }
}
