{
  "repoSenseVersion": "a90ec6bda5",
  "reportGeneratedTime": "Thu Nov 14 21:07:46 2019 UTC+08:00",
  "repos": [
    {
      "location": {
        "location": "https://github.com/AY1920S1-CS2103-F09-1/main.git",
        "repoName": "main",
        "organization": "AY1920S1-CS2103-F09-1"
      },
      "branch": "master",
      "displayName": "AY1920S1-CS2103-F09-1/main[master]",
      "outputFolderName": "AY1920S1-CS2103-F09-1_main_master"
    },
    {
      "location": {
        "location": "https://github.com/AY1920S1-CS2103-F09-2/main.git",
        "repoName": "main",
        "organization": "AY1920S1-CS2103-F09-2"
      },
      "branch": "master",
      "displayName": "AY1920S1-CS2103-F09-2/main[master]",
      "outputFolderName": "AY1920S1-CS2103-F09-2_main_master"
    },
    {
      "location": {
        "location": "https://github.com/AY1920S1-CS2103-F09-3/main.git",
        "repoName": "main",
        "organization": "AY1920S1-CS2103-F09-3"
      },
      "branch": "master",
      "displayName": "AY1920S1-CS2103-F09-3/main[master]",
      "outputFolderName": "AY1920S1-CS2103-F09-3_main_master"
    },
    {
      "location": {
        "location": "https://github.com/AY1920S1-CS2103-F09-4/main.git",
        "repoName": "main",
        "organization": "AY1920S1-CS2103-F09-4"
      },
      "branch": "master",
      "displayName": "AY1920S1-CS2103-F09-4/main[master]",
      "outputFolderName": "AY1920S1-CS2103-F09-4_main_master"
    },
    {
      "location": {
        "location": "https://github.com/AY1920S1-CS2103-F10-1/main.git",
        "repoName": "main",
        "organization": "AY1920S1-CS2103-F10-1"
      },
      "branch": "master",
      "displayName": "AY1920S1-CS2103-F10-1/main[master]",
      "outputFolderName": "AY1920S1-CS2103-F10-1_main_master"
    },
    {
      "location": {
        "location": "https://github.com/AY1920S1-CS2103-F10-2/main.git",
        "repoName": "main",
        "organization": "AY1920S1-CS2103-F10-2"
      },
      "branch": "master",
      "displayName": "AY1920S1-CS2103-F10-2/main[master]",
      "outputFolderName": "AY1920S1-CS2103-F10-2_main_master"
    },
    {
      "location": {
        "location": "https://github.com/AY1920S1-CS2103-F10-3/main.git",
        "repoName": "main",
        "organization": "AY1920S1-CS2103-F10-3"
      },
      "branch": "master",
      "displayName": "AY1920S1-CS2103-F10-3/main[master]",
      "outputFolderName": "AY1920S1-CS2103-F10-3_main_master"
    },
    {
      "location": {
        "location": "https://github.com/AY1920S1-CS2103-T11-1/main.git",
        "repoName": "main",
        "organization": "AY1920S1-CS2103-T11-1"
      },
      "branch": "master",
      "displayName": "AY1920S1-CS2103-T11-1/main[master]",
      "outputFolderName": "AY1920S1-CS2103-T11-1_main_master"
    },
    {
      "location": {
        "location": "https://github.com/AY1920S1-CS2103-T11-2/main.git",
        "repoName": "main",
        "organization": "AY1920S1-CS2103-T11-2"
      },
      "branch": "master",
      "displayName": "AY1920S1-CS2103-T11-2/main[master]",
      "outputFolderName": "AY1920S1-CS2103-T11-2_main_master"
    },
    {
      "location": {
        "location": "https://github.com/AY1920S1-CS2103-T11-3/main.git",
        "repoName": "main",
        "organization": "AY1920S1-CS2103-T11-3"
      },
      "branch": "master",
      "displayName": "AY1920S1-CS2103-T11-3/main[master]",
      "outputFolderName": "AY1920S1-CS2103-T11-3_main_master"
    },
    {
      "location": {
        "location": "https://github.com/AY1920S1-CS2103-T14-1/main.git",
        "repoName": "main",
        "organization": "AY1920S1-CS2103-T14-1"
      },
      "branch": "master",
      "displayName": "AY1920S1-CS2103-T14-1/main[master]",
      "outputFolderName": "AY1920S1-CS2103-T14-1_main_master"
    },
    {
      "location": {
        "location": "https://github.com/AY1920S1-CS2103-T14-2/main.git",
        "repoName": "main",
        "organization": "AY1920S1-CS2103-T14-2"
      },
      "branch": "master",
      "displayName": "AY1920S1-CS2103-T14-2/main[master]",
      "outputFolderName": "AY1920S1-CS2103-T14-2_main_master"
    },
    {
      "location": {
        "location": "https://github.com/AY1920S1-CS2103-T14-3/main.git",
        "repoName": "main",
        "organization": "AY1920S1-CS2103-T14-3"
      },
      "branch": "master",
      "displayName": "AY1920S1-CS2103-T14-3/main[master]",
      "outputFolderName": "AY1920S1-CS2103-T14-3_main_master"
    },
    {
      "location": {
        "location": "https://github.com/AY1920S1-CS2103-T14-4/main.git",
        "repoName": "main",
        "organization": "AY1920S1-CS2103-T14-4"
      },
      "branch": "master",
      "displayName": "AY1920S1-CS2103-T14-4/main[master]",
      "outputFolderName": "AY1920S1-CS2103-T14-4_main_master"
    },
    {
      "location": {
        "location": "https://github.com/AY1920S1-CS2103-T16-1/main.git",
        "repoName": "main",
        "organization": "AY1920S1-CS2103-T16-1"
      },
      "branch": "master",
      "displayName": "AY1920S1-CS2103-T16-1/main[master]",
      "outputFolderName": "AY1920S1-CS2103-T16-1_main_master"
    },
    {
      "location": {
        "location": "https://github.com/AY1920S1-CS2103-T16-2/main.git",
        "repoName": "main",
        "organization": "AY1920S1-CS2103-T16-2"
      },
      "branch": "master",
      "displayName": "AY1920S1-CS2103-T16-2/main[master]",
      "outputFolderName": "AY1920S1-CS2103-T16-2_main_master"
    },
    {
      "location": {
        "location": "https://github.com/AY1920S1-CS2103-T16-3/main.git",
        "repoName": "main",
        "organization": "AY1920S1-CS2103-T16-3"
      },
      "branch": "master",
      "displayName": "AY1920S1-CS2103-T16-3/main[master]",
      "outputFolderName": "AY1920S1-CS2103-T16-3_main_master"
    },
    {
      "location": {
        "location": "https://github.com/AY1920S1-CS2103-T16-4/main.git",
        "repoName": "main",
        "organization": "AY1920S1-CS2103-T16-4"
      },
      "branch": "master",
      "displayName": "AY1920S1-CS2103-T16-4/main[master]",
      "outputFolderName": "AY1920S1-CS2103-T16-4_main_master"
    },
    {
      "location": {
        "location": "https://github.com/AY1920S1-CS2103T-F11-1/main.git",
        "repoName": "main",
        "organization": "AY1920S1-CS2103T-F11-1"
      },
      "branch": "master",
      "displayName": "AY1920S1-CS2103T-F11-1/main[master]",
      "outputFolderName": "AY1920S1-CS2103T-F11-1_main_master"
    },
    {
      "location": {
        "location": "https://github.com/AY1920S1-CS2103T-F11-2/main.git",
        "repoName": "main",
        "organization": "AY1920S1-CS2103T-F11-2"
      },
      "branch": "master",
      "displayName": "AY1920S1-CS2103T-F11-2/main[master]",
      "outputFolderName": "AY1920S1-CS2103T-F11-2_main_master"
    },
    {
      "location": {
        "location": "https://github.com/AY1920S1-CS2103T-F11-3/main.git",
        "repoName": "main",
        "organization": "AY1920S1-CS2103T-F11-3"
      },
      "branch": "master",
      "displayName": "AY1920S1-CS2103T-F11-3/main[master]",
      "outputFolderName": "AY1920S1-CS2103T-F11-3_main_master"
    },
    {
      "location": {
        "location": "https://github.com/AY1920S1-CS2103T-F11-4/main.git",
        "repoName": "main",
        "organization": "AY1920S1-CS2103T-F11-4"
      },
      "branch": "master",
      "displayName": "AY1920S1-CS2103T-F11-4/main[master]",
      "outputFolderName": "AY1920S1-CS2103T-F11-4_main_master"
    },
    {
      "location": {
        "location": "https://github.com/AY1920S1-CS2103T-F12-1/main.git",
        "repoName": "main",
        "organization": "AY1920S1-CS2103T-F12-1"
      },
      "branch": "master",
      "displayName": "AY1920S1-CS2103T-F12-1/main[master]",
      "outputFolderName": "AY1920S1-CS2103T-F12-1_main_master"
    },
    {
      "location": {
        "location": "https://github.com/AY1920S1-CS2103T-F12-2/main.git",
        "repoName": "main",
        "organization": "AY1920S1-CS2103T-F12-2"
      },
      "branch": "master",
      "displayName": "AY1920S1-CS2103T-F12-2/main[master]",
      "outputFolderName": "AY1920S1-CS2103T-F12-2_main_master"
    },
    {
      "location": {
        "location": "https://github.com/AY1920S1-CS2103T-F12-3/main.git",
        "repoName": "main",
        "organization": "AY1920S1-CS2103T-F12-3"
      },
      "branch": "master",
      "displayName": "AY1920S1-CS2103T-F12-3/main[master]",
      "outputFolderName": "AY1920S1-CS2103T-F12-3_main_master"
    },
    {
      "location": {
        "location": "https://github.com/AY1920S1-CS2103T-F12-4/main.git",
        "repoName": "main",
        "organization": "AY1920S1-CS2103T-F12-4"
      },
      "branch": "master",
      "displayName": "AY1920S1-CS2103T-F12-4/main[master]",
      "outputFolderName": "AY1920S1-CS2103T-F12-4_main_master"
    },
    {
      "location": {
        "location": "https://github.com/AY1920S1-CS2103T-F13-1/main.git",
        "repoName": "main",
        "organization": "AY1920S1-CS2103T-F13-1"
      },
      "branch": "master",
      "displayName": "AY1920S1-CS2103T-F13-1/main[master]",
      "outputFolderName": "AY1920S1-CS2103T-F13-1_main_master"
    },
    {
      "location": {
        "location": "https://github.com/AY1920S1-CS2103T-F13-2/main.git",
        "repoName": "main",
        "organization": "AY1920S1-CS2103T-F13-2"
      },
      "branch": "master",
      "displayName": "AY1920S1-CS2103T-F13-2/main[master]",
      "outputFolderName": "AY1920S1-CS2103T-F13-2_main_master"
    },
    {
      "location": {
        "location": "https://github.com/AY1920S1-CS2103T-F13-3/main.git",
        "repoName": "main",
        "organization": "AY1920S1-CS2103T-F13-3"
      },
      "branch": "master",
      "displayName": "AY1920S1-CS2103T-F13-3/main[master]",
      "outputFolderName": "AY1920S1-CS2103T-F13-3_main_master"
    },
    {
      "location": {
        "location": "https://github.com/AY1920S1-CS2103T-F13-4/main.git",
        "repoName": "main",
        "organization": "AY1920S1-CS2103T-F13-4"
      },
      "branch": "master",
      "displayName": "AY1920S1-CS2103T-F13-4/main[master]",
      "outputFolderName": "AY1920S1-CS2103T-F13-4_main_master"
    },
    {
      "location": {
        "location": "https://github.com/AY1920S1-CS2103T-F14-1/main.git",
        "repoName": "main",
        "organization": "AY1920S1-CS2103T-F14-1"
      },
      "branch": "master",
      "displayName": "AY1920S1-CS2103T-F14-1/main[master]",
      "outputFolderName": "AY1920S1-CS2103T-F14-1_main_master"
    },
    {
      "location": {
        "location": "https://github.com/AY1920S1-CS2103T-F14-2/main.git",
        "repoName": "main",
        "organization": "AY1920S1-CS2103T-F14-2"
      },
      "branch": "master",
      "displayName": "AY1920S1-CS2103T-F14-2/main[master]",
      "outputFolderName": "AY1920S1-CS2103T-F14-2_main_master"
    },
    {
      "location": {
        "location": "https://github.com/AY1920S1-CS2103T-F14-3/main.git",
        "repoName": "main",
        "organization": "AY1920S1-CS2103T-F14-3"
      },
      "branch": "master",
      "displayName": "AY1920S1-CS2103T-F14-3/main[master]",
      "outputFolderName": "AY1920S1-CS2103T-F14-3_main_master"
    },
    {
      "location": {
        "location": "https://github.com/AY1920S1-CS2103T-F14-4/main.git",
        "repoName": "main",
        "organization": "AY1920S1-CS2103T-F14-4"
      },
      "branch": "master",
      "displayName": "AY1920S1-CS2103T-F14-4/main[master]",
      "outputFolderName": "AY1920S1-CS2103T-F14-4_main_master"
    },
    {
      "location": {
        "location": "https://github.com/AY1920S1-CS2103T-T09-1/main.git",
        "repoName": "main",
        "organization": "AY1920S1-CS2103T-T09-1"
      },
      "branch": "master",
      "displayName": "AY1920S1-CS2103T-T09-1/main[master]",
      "outputFolderName": "AY1920S1-CS2103T-T09-1_main_master"
    },
    {
      "location": {
        "location": "https://github.com/AY1920S1-CS2103T-T09-2/main.git",
        "repoName": "main",
        "organization": "AY1920S1-CS2103T-T09-2"
      },
      "branch": "master",
      "displayName": "AY1920S1-CS2103T-T09-2/main[master]",
      "outputFolderName": "AY1920S1-CS2103T-T09-2_main_master"
    },
    {
      "location": {
        "location": "https://github.com/AY1920S1-CS2103T-T09-3/main.git",
        "repoName": "main",
        "organization": "AY1920S1-CS2103T-T09-3"
      },
      "branch": "master",
      "displayName": "AY1920S1-CS2103T-T09-3/main[master]",
      "outputFolderName": "AY1920S1-CS2103T-T09-3_main_master"
    },
    {
      "location": {
        "location": "https://github.com/AY1920S1-CS2103T-T09-4/main.git",
        "repoName": "main",
        "organization": "AY1920S1-CS2103T-T09-4"
      },
      "branch": "master",
      "displayName": "AY1920S1-CS2103T-T09-4/main[master]",
      "outputFolderName": "AY1920S1-CS2103T-T09-4_main_master"
    },
    {
      "location": {
        "location": "https://github.com/AY1920S1-CS2103T-T10-1/main.git",
        "repoName": "main",
        "organization": "AY1920S1-CS2103T-T10-1"
      },
      "branch": "master",
      "displayName": "AY1920S1-CS2103T-T10-1/main[master]",
      "outputFolderName": "AY1920S1-CS2103T-T10-1_main_master"
    },
    {
      "location": {
        "location": "https://github.com/AY1920S1-CS2103T-T10-2/main.git",
        "repoName": "main",
        "organization": "AY1920S1-CS2103T-T10-2"
      },
      "branch": "master",
      "displayName": "AY1920S1-CS2103T-T10-2/main[master]",
      "outputFolderName": "AY1920S1-CS2103T-T10-2_main_master"
    },
    {
      "location": {
        "location": "https://github.com/AY1920S1-CS2103T-T10-3/main.git",
        "repoName": "main",
        "organization": "AY1920S1-CS2103T-T10-3"
      },
      "branch": "master",
      "displayName": "AY1920S1-CS2103T-T10-3/main[master]",
      "outputFolderName": "AY1920S1-CS2103T-T10-3_main_master"
    },
    {
      "location": {
        "location": "https://github.com/AY1920S1-CS2103T-T10-4/main.git",
        "repoName": "main",
        "organization": "AY1920S1-CS2103T-T10-4"
      },
      "branch": "master",
      "displayName": "AY1920S1-CS2103T-T10-4/main[master]",
      "outputFolderName": "AY1920S1-CS2103T-T10-4_main_master"
    },
    {
      "location": {
        "location": "https://github.com/AY1920S1-CS2103T-T11-1/main.git",
        "repoName": "main",
        "organization": "AY1920S1-CS2103T-T11-1"
      },
      "branch": "master",
      "displayName": "AY1920S1-CS2103T-T11-1/main[master]",
      "outputFolderName": "AY1920S1-CS2103T-T11-1_main_master"
    },
    {
      "location": {
        "location": "https://github.com/AY1920S1-CS2103T-T11-2/main.git",
        "repoName": "main",
        "organization": "AY1920S1-CS2103T-T11-2"
      },
      "branch": "master",
      "displayName": "AY1920S1-CS2103T-T11-2/main[master]",
      "outputFolderName": "AY1920S1-CS2103T-T11-2_main_master"
    },
    {
      "location": {
        "location": "https://github.com/AY1920S1-CS2103T-T11-3/main.git",
        "repoName": "main",
        "organization": "AY1920S1-CS2103T-T11-3"
      },
      "branch": "master",
      "displayName": "AY1920S1-CS2103T-T11-3/main[master]",
      "outputFolderName": "AY1920S1-CS2103T-T11-3_main_master"
    },
    {
      "location": {
        "location": "https://github.com/AY1920S1-CS2103T-T11-4/main.git",
        "repoName": "main",
        "organization": "AY1920S1-CS2103T-T11-4"
      },
      "branch": "master",
      "displayName": "AY1920S1-CS2103T-T11-4/main[master]",
      "outputFolderName": "AY1920S1-CS2103T-T11-4_main_master"
    },
    {
      "location": {
        "location": "https://github.com/AY1920S1-CS2103T-T12-1/main.git",
        "repoName": "main",
        "organization": "AY1920S1-CS2103T-T12-1"
      },
      "branch": "master",
      "displayName": "AY1920S1-CS2103T-T12-1/main[master]",
      "outputFolderName": "AY1920S1-CS2103T-T12-1_main_master"
    },
    {
      "location": {
        "location": "https://github.com/AY1920S1-CS2103T-T12-2/main.git",
        "repoName": "main",
        "organization": "AY1920S1-CS2103T-T12-2"
      },
      "branch": "master",
      "displayName": "AY1920S1-CS2103T-T12-2/main[master]",
      "outputFolderName": "AY1920S1-CS2103T-T12-2_main_master"
    },
    {
      "location": {
        "location": "https://github.com/AY1920S1-CS2103T-T12-3/main.git",
        "repoName": "main",
        "organization": "AY1920S1-CS2103T-T12-3"
      },
      "branch": "master",
      "displayName": "AY1920S1-CS2103T-T12-3/main[master]",
      "outputFolderName": "AY1920S1-CS2103T-T12-3_main_master"
    },
    {
      "location": {
        "location": "https://github.com/AY1920S1-CS2103T-T12-4/main.git",
        "repoName": "main",
        "organization": "AY1920S1-CS2103T-T12-4"
      },
      "branch": "master",
      "displayName": "AY1920S1-CS2103T-T12-4/main[master]",
      "outputFolderName": "AY1920S1-CS2103T-T12-4_main_master"
    },
    {
      "location": {
        "location": "https://github.com/AY1920S1-CS2103T-T13-1/main.git",
        "repoName": "main",
        "organization": "AY1920S1-CS2103T-T13-1"
      },
      "branch": "master",
      "displayName": "AY1920S1-CS2103T-T13-1/main[master]",
      "outputFolderName": "AY1920S1-CS2103T-T13-1_main_master"
    },
    {
      "location": {
        "location": "https://github.com/AY1920S1-CS2103T-T13-2/main.git",
        "repoName": "main",
        "organization": "AY1920S1-CS2103T-T13-2"
      },
      "branch": "master",
      "displayName": "AY1920S1-CS2103T-T13-2/main[master]",
      "outputFolderName": "AY1920S1-CS2103T-T13-2_main_master"
    },
    {
      "location": {
        "location": "https://github.com/AY1920S1-CS2103T-T13-3/main.git",
        "repoName": "main",
        "organization": "AY1920S1-CS2103T-T13-3"
      },
      "branch": "master",
      "displayName": "AY1920S1-CS2103T-T13-3/main[master]",
      "outputFolderName": "AY1920S1-CS2103T-T13-3_main_master"
    },
    {
      "location": {
        "location": "https://github.com/AY1920S1-CS2103T-T13-4/main.git",
        "repoName": "main",
        "organization": "AY1920S1-CS2103T-T13-4"
      },
      "branch": "master",
      "displayName": "AY1920S1-CS2103T-T13-4/main[master]",
      "outputFolderName": "AY1920S1-CS2103T-T13-4_main_master"
    },
    {
      "location": {
        "location": "https://github.com/AY1920S1-CS2103T-T17-1/main.git",
        "repoName": "main",
        "organization": "AY1920S1-CS2103T-T17-1"
      },
      "branch": "master",
      "displayName": "AY1920S1-CS2103T-T17-1/main[master]",
      "outputFolderName": "AY1920S1-CS2103T-T17-1_main_master"
    },
    {
      "location": {
        "location": "https://github.com/AY1920S1-CS2103T-T17-2/main.git",
        "repoName": "main",
        "organization": "AY1920S1-CS2103T-T17-2"
      },
      "branch": "master",
      "displayName": "AY1920S1-CS2103T-T17-2/main[master]",
      "outputFolderName": "AY1920S1-CS2103T-T17-2_main_master"
    },
    {
      "location": {
        "location": "https://github.com/AY1920S1-CS2103T-W11-1/main.git",
        "repoName": "main",
        "organization": "AY1920S1-CS2103T-W11-1"
      },
      "branch": "master",
      "displayName": "AY1920S1-CS2103T-W11-1/main[master]",
      "outputFolderName": "AY1920S1-CS2103T-W11-1_main_master"
    },
    {
      "location": {
        "location": "https://github.com/AY1920S1-CS2103T-W11-2/main.git",
        "repoName": "main",
        "organization": "AY1920S1-CS2103T-W11-2"
      },
      "branch": "master",
      "displayName": "AY1920S1-CS2103T-W11-2/main[master]",
      "outputFolderName": "AY1920S1-CS2103T-W11-2_main_master"
    },
    {
      "location": {
        "location": "https://github.com/AY1920S1-CS2103T-W11-3/main.git",
        "repoName": "main",
        "organization": "AY1920S1-CS2103T-W11-3"
      },
      "branch": "master",
      "displayName": "AY1920S1-CS2103T-W11-3/main[master]",
      "outputFolderName": "AY1920S1-CS2103T-W11-3_main_master"
    },
    {
      "location": {
        "location": "https://github.com/AY1920S1-CS2103T-W11-4/main.git",
        "repoName": "main",
        "organization": "AY1920S1-CS2103T-W11-4"
      },
      "branch": "master",
      "displayName": "AY1920S1-CS2103T-W11-4/main[master]",
      "outputFolderName": "AY1920S1-CS2103T-W11-4_main_master"
    },
    {
      "location": {
        "location": "https://github.com/AY1920S1-CS2103T-W12-1/main.git",
        "repoName": "main",
        "organization": "AY1920S1-CS2103T-W12-1"
      },
      "branch": "master",
      "displayName": "AY1920S1-CS2103T-W12-1/main[master]",
      "outputFolderName": "AY1920S1-CS2103T-W12-1_main_master"
    },
    {
      "location": {
        "location": "https://github.com/AY1920S1-CS2103T-W12-2/main.git",
        "repoName": "main",
        "organization": "AY1920S1-CS2103T-W12-2"
      },
      "branch": "master",
      "displayName": "AY1920S1-CS2103T-W12-2/main[master]",
      "outputFolderName": "AY1920S1-CS2103T-W12-2_main_master"
    },
    {
      "location": {
        "location": "https://github.com/AY1920S1-CS2103T-W12-3/main.git",
        "repoName": "main",
        "organization": "AY1920S1-CS2103T-W12-3"
      },
      "branch": "master",
      "displayName": "AY1920S1-CS2103T-W12-3/main[master]",
      "outputFolderName": "AY1920S1-CS2103T-W12-3_main_master"
    },
    {
      "location": {
        "location": "https://github.com/AY1920S1-CS2103T-W12-4/main.git",
        "repoName": "main",
        "organization": "AY1920S1-CS2103T-W12-4"
      },
      "branch": "master",
      "displayName": "AY1920S1-CS2103T-W12-4/main[master]",
      "outputFolderName": "AY1920S1-CS2103T-W12-4_main_master"
    },
    {
      "location": {
        "location": "https://github.com/AY1920S1-CS2103T-W13-1/main.git",
        "repoName": "main",
        "organization": "AY1920S1-CS2103T-W13-1"
      },
      "branch": "master",
      "displayName": "AY1920S1-CS2103T-W13-1/main[master]",
      "outputFolderName": "AY1920S1-CS2103T-W13-1_main_master"
    },
    {
      "location": {
        "location": "https://github.com/AY1920S1-CS2103T-W13-2/main.git",
        "repoName": "main",
        "organization": "AY1920S1-CS2103T-W13-2"
      },
      "branch": "master",
      "displayName": "AY1920S1-CS2103T-W13-2/main[master]",
      "outputFolderName": "AY1920S1-CS2103T-W13-2_main_master"
    },
    {
      "location": {
        "location": "https://github.com/AY1920S1-CS2103T-W13-3/main.git",
        "repoName": "main",
        "organization": "AY1920S1-CS2103T-W13-3"
      },
      "branch": "master",
      "displayName": "AY1920S1-CS2103T-W13-3/main[master]",
      "outputFolderName": "AY1920S1-CS2103T-W13-3_main_master"
    },
    {
      "location": {
        "location": "https://github.com/AY1920S1-CS2103T-W13-4/main.git",
        "repoName": "main",
        "organization": "AY1920S1-CS2103T-W13-4"
      },
      "branch": "master",
      "displayName": "AY1920S1-CS2103T-W13-4/main[master]",
      "outputFolderName": "AY1920S1-CS2103T-W13-4_main_master"
    }
  ],
  "errorList": [],
  "sinceDate": "2019-09-06",
  "untilDate": "2019-11-14",
  "isSinceDateProvided": true,
  "isUntilDateProvided": false
}
