{
  "authorDailyContributionsMap": {
    "jeongyh99": [
      {
        "insertions": 29,
        "deletions": 9,
        "date": "2019-10-01",
        "commitResults": [
          {
            "hash": "8fdc5b758e4d7570bb2a1485d5272b02c7d20b72",
            "messageTitle": "Update Glossary and Product Survey",
            "messageBody": "Updated Glossary and Product Survey to define key terms and pros and cons of Njoy\n",
            "insertions": 21,
            "deletions": 6
          },
          {
            "hash": "d3242bf7ce3b0a0d79ecf74c015247ff6de79318",
            "messageTitle": "Update README Title, Developer Guide target User Proposition and Glossary",
            "messageBody": "",
            "insertions": 8,
            "deletions": 3
          }
        ]
      },
      {
        "insertions": 561,
        "deletions": 27,
        "date": "2019-10-08",
        "commitResults": [
          {
            "hash": "681ec9bcd9a2d267dccdc45f7ee6ae45005634b1",
            "messageTitle": "Add Note Command",
            "messageBody": "Add Note Command\n",
            "insertions": 505,
            "deletions": 0
          },
          {
            "hash": "2a5b5e470c9313a7379e587e3d0112fed51f939e",
            "messageTitle": "Checkstyle fix",
            "messageBody": "",
            "insertions": 10,
            "deletions": 13
          },
          {
            "hash": "6b2aa83b487a4052ced7731bdd7f6cf3827eda23",
            "messageTitle": "Fix styling error",
            "messageBody": "",
            "insertions": 46,
            "deletions": 14
          }
        ]
      },
      {
        "insertions": 1629,
        "deletions": 1326,
        "date": "2019-10-11",
        "commitResults": [
          {
            "hash": "6d3e43ab247d2280e099f3c1cc70cc80975ec1f2",
            "messageTitle": "Write to Storage",
            "messageBody": "Write to Storage\n",
            "insertions": 196,
            "deletions": 24
          },
          {
            "hash": "271bc464406bc8499a735b20290a5378ae825094",
            "messageTitle": "Enable writing to storage for adding students",
            "messageBody": "",
            "insertions": 150,
            "deletions": 108
          },
          {
            "hash": "6150dc65b99a00de3a0a5fc0c3f68676efa3cceb",
            "messageTitle": "Refactor Student CRUD Commands",
            "messageBody": "",
            "insertions": 53,
            "deletions": 45
          },
          {
            "hash": "73250235af2b1e56e1cc99e9610fa9cae2965eaa",
            "messageTitle": "Clean up unused code for Student Addition",
            "messageBody": "",
            "insertions": 279,
            "deletions": 207
          },
          {
            "hash": "20a07b36b09a119358ab7548bbd84e49927e9811",
            "messageTitle": "Implement Edit Update Student entity",
            "messageBody": "",
            "insertions": 34,
            "deletions": 24
          },
          {
            "hash": "4669e2d4bdf4785c6282f16eb693a503dbb14bdf",
            "messageTitle": "Fix checkstyle",
            "messageBody": "",
            "insertions": 6,
            "deletions": 7
          },
          {
            "hash": "94e34550659d1f006ad5bbfdc465b350bf610007",
            "messageTitle": "Disable invalid/delayed tests",
            "messageBody": "",
            "insertions": 911,
            "deletions": 911
          }
        ]
      },
      {
        "insertions": 996,
        "deletions": 367,
        "date": "2019-10-17",
        "commitResults": [
          {
            "hash": "23075796d8ddff87db26af1cfca7051c0ab4fcf9",
            "messageTitle": "Write notes to storage",
            "messageBody": "",
            "insertions": 996,
            "deletions": 367
          }
        ]
      },
      {
        "insertions": 380,
        "deletions": 118,
        "date": "2019-10-18",
        "commitResults": [
          {
            "hash": "69df5aa565be75cc1f1b690e0985b995ab660622",
            "messageTitle": "Fix bugs in note storage",
            "messageBody": "",
            "insertions": 25,
            "deletions": 8
          },
          {
            "hash": "eec5966a7cca3bbd50ab8099a648de16707c95f1",
            "messageTitle": "Alter UI stage size",
            "messageBody": "",
            "insertions": 6,
            "deletions": 5
          },
          {
            "hash": "740be1924ccb80ea4731cc0f2f7bb0f03be05ae5",
            "messageTitle": "Implement Notes UI",
            "messageBody": "",
            "insertions": 213,
            "deletions": 3
          },
          {
            "hash": "b141be08c656a255b30b0aac38d9c9cd469530fc",
            "messageTitle": "Fix checkstyle for notes and javadoc",
            "messageBody": "",
            "insertions": 90,
            "deletions": 84
          },
          {
            "hash": "64e52eb57e563ba30b8d7cd4fc04c2fe899e1f1c",
            "messageTitle": "note test",
            "messageBody": "",
            "insertions": 44,
            "deletions": 11
          },
          {
            "hash": "3b2b2eaa006af4126ad0d56f2a2d5d5d9b7b205b",
            "messageTitle": "fix test checkstyle",
            "messageBody": "",
            "insertions": 2,
            "deletions": 7
          }
        ]
      },
      {
        "insertions": 647,
        "deletions": 17,
        "date": "2019-10-19",
        "commitResults": [
          {
            "hash": "572e6b4539dcdacc097d69b6742a19e86661a258",
            "messageTitle": "Parse statistics command",
            "messageBody": "",
            "insertions": 202,
            "deletions": 2
          },
          {
            "hash": "ee60f5638ab6fdc07862e13f1c9faf13480e5252",
            "messageTitle": "Create stateful statistics widget at UI side and implement logic for generating and parsing user data",
            "messageBody": "",
            "insertions": 445,
            "deletions": 15
          }
        ]
      },
      {
        "insertions": 468,
        "deletions": 176,
        "date": "2019-10-20",
        "commitResults": [
          {
            "hash": "3542d15714e9f148148fae82282818b72fe0b6e6",
            "messageTitle": "Generate Frequency Distribution Report",
            "messageBody": "",
            "insertions": 67,
            "deletions": 31
          },
          {
            "hash": "6a5801f23718557977183b903c00505c8a8982cd",
            "messageTitle": "Migrate Reports UI to new window",
            "messageBody": "",
            "insertions": 206,
            "deletions": 49
          },
          {
            "hash": "1ea1fa4b6c62fccd47666f8259acf6a0048efde5",
            "messageTitle": "GUI Improvements",
            "messageBody": "",
            "insertions": 136,
            "deletions": 63
          },
          {
            "hash": "806b222c8a678bc1302e91e4a2627b5246509856",
            "messageTitle": "Complete UI for StatsReport window",
            "messageBody": "",
            "insertions": 59,
            "deletions": 33
          }
        ]
      },
      {
        "insertions": 207,
        "deletions": 140,
        "date": "2019-10-22",
        "commitResults": [
          {
            "hash": "73338f8e1c1da06e449a0ff954b6f75bd53b7e36",
            "messageTitle": "Fix checkstlye",
            "messageBody": "",
            "insertions": 84,
            "deletions": 93
          },
          {
            "hash": "6d670b5d7c62228a9a1436a1abf17271c3630964",
            "messageTitle": "Fix Failing Tests",
            "messageBody": "",
            "insertions": 15,
            "deletions": 16
          },
          {
            "hash": "f01e93b3f3a1fda2f7621fb0fce7692ff507a6c7",
            "messageTitle": "Fix EOF error",
            "messageBody": "",
            "insertions": 2,
            "deletions": 1
          },
          {
            "hash": "28b0649d3d5f79c9dc2af5705e81115a17fccf61",
            "messageTitle": "Fix EOF for CSS files",
            "messageBody": "",
            "insertions": 1,
            "deletions": 2
          },
          {
            "hash": "c2e4d5a69799205856dd0aa85d3da463e50be373",
            "messageTitle": "Statistics Command Parser tests",
            "messageBody": "",
            "insertions": 17,
            "deletions": 19
          },
          {
            "hash": "d701e18d93401a63265cf5980b4ef7cb467efd40",
            "messageTitle": "Add Valid Sample Statistics Data",
            "messageBody": "",
            "insertions": 15,
            "deletions": 7
          },
          {
            "hash": "adc975ef1a83950a494a75d0eaf3873f249d5aea",
            "messageTitle": "Developer Guide for Statistics (Without UML diagrams)",
            "messageBody": "",
            "insertions": 73,
            "deletions": 2
          }
        ]
      },
      {
        "insertions": 595,
        "deletions": 426,
        "date": "2019-10-26",
        "commitResults": [
          {
            "hash": "387fae1d553236467072eb29871807f4379fa144",
            "messageTitle": "Refactoring code for Statistics",
            "messageBody": "",
            "insertions": 298,
            "deletions": 155
          },
          {
            "hash": "6ca501b520a4c4eb740575545979f470220bb3b4",
            "messageTitle": "Refactor code for Notes",
            "messageBody": "",
            "insertions": 119,
            "deletions": 108
          },
          {
            "hash": "34323f820c14e05436083ade872409b1a0696cf9",
            "messageTitle": "Refactor Notes UI elements",
            "messageBody": "",
            "insertions": 28,
            "deletions": 20
          },
          {
            "hash": "ad4989c34dd258e7b91e5f6e729cbe4c32d9abce",
            "messageTitle": "Refactor general code (Use of enum instead of booleans, Note and Statistics)",
            "messageBody": "",
            "insertions": 75,
            "deletions": 139
          },
          {
            "hash": "07794b5cc6d823d9b98ed1a2b250163af2327e31",
            "messageTitle": "Fix test checkstyle",
            "messageBody": "",
            "insertions": 4,
            "deletions": 1
          },
          {
            "hash": "dc3baddde7a8b467f4ca102700b5a49199d62195",
            "messageTitle": "Fix eof error",
            "messageBody": "",
            "insertions": 3,
            "deletions": 0
          },
          {
            "hash": "9e39e2bbd937e240bf89b7a0d2ecd44422ffc95b",
            "messageTitle": "Developer guide Statistics text",
            "messageBody": "",
            "insertions": 68,
            "deletions": 3
          }
        ]
      },
      {
        "insertions": 115,
        "deletions": 79,
        "date": "2019-10-27",
        "commitResults": [
          {
            "hash": "4fd92bb179a0d3e82f1834e328d9caef949dbb39",
            "messageTitle": "Add documenation and uml for Statistics",
            "messageBody": "",
            "insertions": 2,
            "deletions": 8
          },
          {
            "hash": "8b77990513983b682c2f31e7e897b1765adc3ce6",
            "messageTitle": "Add uml diagrams for notes and correct uml mistakes for statistics diagrams",
            "messageBody": "",
            "insertions": 49,
            "deletions": 67
          },
          {
            "hash": "e4200269a4e1f38b327bb79229ea4005a419df2c",
            "messageTitle": "Documentation for the Notes feature",
            "messageBody": "",
            "insertions": 63,
            "deletions": 3
          },
          {
            "hash": "bd4b14af38fecdd8f550f0be7efd6b3fd0a7802a",
            "messageTitle": "Fix checkstyle",
            "messageBody": "",
            "insertions": 1,
            "deletions": 1
          }
        ]
      }
    ],
    "lumwb": [
      {
        "insertions": 4,
        "deletions": 6,
        "date": "2019-09-17",
        "commitResults": [
          {
            "hash": "57900a64be739ab38da2f8cea62e4b97c7d45479",
            "messageTitle": "yml test",
            "messageBody": "",
            "insertions": 1,
            "deletions": 1
          },
          {
            "hash": "08ecf99c3073cccb70cac831e4df15a0d67a5f0f",
            "messageTitle": "add newline to test.txt",
            "messageBody": "",
            "insertions": 1,
            "deletions": 1
          },
          {
            "hash": "cf36cd6cd67bb87e92144436f72a1b2d5bd431d3",
            "messageTitle": "Removed codacy badge to test documentation",
            "messageBody": "",
            "insertions": 0,
            "deletions": 1
          },
          {
            "hash": "334a3c87faae68377316a22fa7bac0fe55ef764b",
            "messageTitle": "Add CODACY badge to readme",
            "messageBody": "",
            "insertions": 1,
            "deletions": 0
          },
          {
            "hash": "525c9c9dadfd5fd870f4a5ebfab9d4b3a0e942de",
            "messageTitle": "Remove test.txt file",
            "messageBody": "",
            "insertions": 0,
            "deletions": 1
          },
          {
            "hash": "0a0c73c2f8815edbda0b3c12248ebdf0e85bbec8",
            "messageTitle": "Remove Codacy Test Auto-Publishing",
            "messageBody": "",
            "insertions": 0,
            "deletions": 1
          },
          {
            "hash": "66a05027dcf64a7f31f07e93673b6eef8209000a",
            "messageTitle": "Auto Documentation",
            "messageBody": "",
            "insertions": 1,
            "deletions": 1
          }
        ]
      },
      {
        "insertions": 976,
        "deletions": 250,
        "date": "2019-10-08",
        "commitResults": [
          {
            "hash": "dcf47cf87d1320057d654b2a1c370843911e0bd8",
            "messageTitle": "added basic student model and student storage",
            "messageBody": "",
            "insertions": 690,
            "deletions": 10
          },
          {
            "hash": "420a730256018db88ec88a000f8b0a3810837fc6",
            "messageTitle": "StorageManager Student Record Fix",
            "messageBody": "",
            "insertions": 44,
            "deletions": 2
          },
          {
            "hash": "de6d82181d92dda7a7bb493b05d0714680ba8956",
            "messageTitle": "StorageManager bug fix",
            "messageBody": "",
            "insertions": 1,
            "deletions": 1
          },
          {
            "hash": "3a5a43b0c0e12d72985423387909c5bc009eaa80",
            "messageTitle": "modify gitignore to include preferenes.json and config.json",
            "messageBody": "",
            "insertions": 4,
            "deletions": 0
          },
          {
            "hash": "07499fa1717a844e291288bfdbe65c22219646c8",
            "messageTitle": "checkstyle fix",
            "messageBody": "",
            "insertions": 169,
            "deletions": 169
          },
          {
            "hash": "09cc0460a1328f3b5cc3ffafc93c9ce75a32be90",
            "messageTitle": "comment out storageTest temporarily",
            "messageBody": "",
            "insertions": 68,
            "deletions": 68
          }
        ]
      },
      {
        "insertions": 115,
        "deletions": 32,
        "date": "2019-10-15",
        "commitResults": [
          {
            "hash": "390034c387f26564ad38fc1239c208290948ab6f",
            "messageTitle": "String Similarity Comparision",
            "messageBody": "",
            "insertions": 42,
            "deletions": 0
          },
          {
            "hash": "e69fbb5b57e9172dc91fdf35c467ff6ef4205a58",
            "messageTitle": "edit levenshteinDistance function",
            "messageBody": "",
            "insertions": 40,
            "deletions": 12
          },
          {
            "hash": "060fbacebb8262b91639b2f677c6d22e3fa8b90e",
            "messageTitle": "CheckStyle Fix",
            "messageBody": "",
            "insertions": 7,
            "deletions": 8
          },
          {
            "hash": "e7d717b026f156e8478a57c7e2123712a23b8521",
            "messageTitle": "adoc asciiDoctor fix",
            "messageBody": "",
            "insertions": 6,
            "deletions": 6
          },
          {
            "hash": "94fc428e27e6fa69f189e421d874531629e7370d",
            "messageTitle": "Added Testing for StringUtil",
            "messageBody": "",
            "insertions": 18,
            "deletions": 5
          },
          {
            "hash": "0ff3e0bf8fe7c48f4763ffdca111a6f751a2e0a3",
            "messageTitle": "StringUtilTest Checkstyle Fix",
            "messageBody": "",
            "insertions": 2,
            "deletions": 1
          }
        ]
      },
      {
        "insertions": 30,
        "deletions": 4,
        "date": "2019-10-16",
        "commitResults": [
          {
            "hash": "af64711eb04b80080462ef3abbc3a7f095ccb1d0",
            "messageTitle": "Added Sample Student Data",
            "messageBody": "",
            "insertions": 18,
            "deletions": 1
          },
          {
            "hash": "66f094ef8f9e9388e7940f04de2f290a184fdbb7",
            "messageTitle": "added calculateStringSimilarity function",
            "messageBody": "",
            "insertions": 12,
            "deletions": 3
          }
        ]
      },
      {
        "insertions": 145,
        "deletions": 0,
        "date": "2019-10-17",
        "commitResults": [
          {
            "hash": "2d49088a58ba72af8641b839d514c23e2b5a0316",
            "messageTitle": "SchedularPane Changes",
            "messageBody": "",
            "insertions": 145,
            "deletions": 0
          }
        ]
      },
      {
        "insertions": 1412,
        "deletions": 174,
        "date": "2019-10-21",
        "commitResults": [
          {
            "hash": "d468b45fbaf6219209322242daf6fe216b79ff5f",
            "messageTitle": "event model and storage",
            "messageBody": "",
            "insertions": 941,
            "deletions": 40
          },
          {
            "hash": "13d0f10d1f9252bc73556b8deef9f301e2bc623a",
            "messageTitle": "resolve model merge conflcit",
            "messageBody": "",
            "insertions": 0,
            "deletions": 3
          },
          {
            "hash": "3a5a73c80d971a80b8d521b5918bddbedfda3150",
            "messageTitle": "added addEvent command",
            "messageBody": "",
            "insertions": 471,
            "deletions": 131
          }
        ]
      },
      {
        "insertions": 76,
        "deletions": 28,
        "date": "2019-10-22",
        "commitResults": [
          {
            "hash": "da00984dab2f93a916a66c26144eed75cded0c11",
            "messageTitle": "Messages invalid event update",
            "messageBody": "",
            "insertions": 52,
            "deletions": 0
          },
          {
            "hash": "ade7c7622f4a017c0025f1b77c6ffd9619df5c2f",
            "messageTitle": "messages update event",
            "messageBody": "",
            "insertions": 24,
            "deletions": 28
          }
        ]
      },
      {
        "insertions": 83,
        "deletions": 42,
        "date": "2019-10-23",
        "commitResults": [
          {
            "hash": "b81cf418e821da729befa304d048fd548e3452aa",
            "messageTitle": "added newline at EOF as required by checkstyle",
            "messageBody": "",
            "insertions": 41,
            "deletions": 1
          },
          {
            "hash": "a536158e76ac0866d621953a2a90ae1d44457153",
            "messageTitle": "Updated DG.adoc for event management",
            "messageBody": "",
            "insertions": 22,
            "deletions": 26
          },
          {
            "hash": "322e0968d143065a5381c157e1ec693a73ac8cd0",
            "messageTitle": "fixed testing bugs",
            "messageBody": "",
            "insertions": 13,
            "deletions": 10
          },
          {
            "hash": "ba60df1ddfb9c451d964eb3ff83c77fbc2e95dda",
            "messageTitle": "fix test checkstyle",
            "messageBody": "",
            "insertions": 6,
            "deletions": 4
          },
          {
            "hash": "0c5f94c42053e0b7aac29158a374cba4153d1073",
            "messageTitle": "checkstyle fix",
            "messageBody": "",
            "insertions": 1,
            "deletions": 1
          }
        ]
      },
      {
        "insertions": 548,
        "deletions": 116,
        "date": "2019-10-24",
        "commitResults": [
          {
            "hash": "4be90a06836077efd24bc539129857415194e8c8",
            "messageTitle": "added main panel switching functionality",
            "messageBody": "",
            "insertions": 548,
            "deletions": 116
          }
        ]
      },
      {
        "insertions": 134,
        "deletions": 79,
        "date": "2019-10-25",
        "commitResults": [
          {
            "hash": "7c81ed5469b89be66ce4f238fc84f65236858862",
            "messageTitle": "windows calendar bug fix",
            "messageBody": "",
            "insertions": 119,
            "deletions": 69
          },
          {
            "hash": "1077b7acce4bcface122f23444a65e0663f49cb1",
            "messageTitle": "checkstyle import fix for eventCommandParser",
            "messageBody": "",
            "insertions": 1,
            "deletions": 1
          },
          {
            "hash": "9440628fff3bac09e2837da2e19bd48e6f6fc942",
            "messageTitle": "checkstyle commandresult java test fix",
            "messageBody": "",
            "insertions": 14,
            "deletions": 9
          }
        ]
      },
      {
        "insertions": 99,
        "deletions": 27,
        "date": "2019-10-26",
        "commitResults": [
          {
            "hash": "375e55273e28a6720e0968e025005dd706e31369",
            "messageTitle": "Added delete and edit event functionality",
            "messageBody": "",
            "insertions": 78,
            "deletions": 11
          },
          {
            "hash": "1bb699c48ea3a352c60992f28ea16070bad5a514",
            "messageTitle": "preferences path fixing",
            "messageBody": "",
            "insertions": 17,
            "deletions": 12
          },
          {
            "hash": "8e0fa4575f132b94756252f509b4fcd922db0952",
            "messageTitle": "storageManager eventRecord update",
            "messageBody": "",
            "insertions": 2,
            "deletions": 1
          },
          {
            "hash": "d0e826722c0ea7af862b0e9ae52f8927dca92647",
            "messageTitle": "update event view command with new command result constructor",
            "messageBody": "",
            "insertions": 2,
            "deletions": 2
          },
          {
            "hash": "93437344ffa0c50a051fdacd86f84d231ac4f239",
            "messageTitle": "added new line to EOF for preferences and user json files",
            "messageBody": "",
            "insertions": 0,
            "deletions": 1
          }
        ]
      }
    ],
    "alages97": [
      {
        "insertions": 31,
        "deletions": 30,
        "date": "2019-09-30",
        "commitResults": [
          {
            "hash": "585a0ca9d0562b75d21d2ff6c6d4cccf07e70ccc",
            "messageTitle": "rebase",
            "messageBody": "",
            "insertions": 10,
            "deletions": 5
          },
          {
            "hash": "f352df989dfce6ea74ba79c3f57154a43342d1c2",
            "messageTitle": "updated aboutus",
            "messageBody": "",
            "insertions": 19,
            "deletions": 23
          },
          {
            "hash": "e3a6cd362f316910a02ab46847584a3d45b6484d",
            "messageTitle": "updated russell and fabian pics",
            "messageBody": "",
            "insertions": 2,
            "deletions": 2
          }
        ]
      },
      {
        "insertions": 4,
        "deletions": 4,
        "date": "2019-10-01",
        "commitResults": [
          {
            "hash": "b719e817bee2b0754b26368f86c566eaa777af85",
            "messageTitle": "updated description of readme",
            "messageBody": "",
            "insertions": 3,
            "deletions": 3
          },
          {
            "hash": "dc2c0412354287ae3622b343aa1075c0dfdde2f0",
            "messageTitle": "updated readme description v2",
            "messageBody": "",
            "insertions": 1,
            "deletions": 1
          }
        ]
      },
      {
        "insertions": 412,
        "deletions": 24,
        "date": "2019-10-08",
        "commitResults": [
          {
            "hash": "dc7a43901b846882e1a653df7df547e1e445f064",
            "messageTitle": "Student commands",
            "messageBody": "",
            "insertions": 344,
            "deletions": 0
          },
          {
            "hash": "78fff59d25f50b03863768cdb16890ec674da25e",
            "messageTitle": "student commands",
            "messageBody": "",
            "insertions": 59,
            "deletions": 20
          },
          {
            "hash": "ae7ebc910bfb06026cefae271edc03a0898cced3",
            "messageTitle": "Fixed student commands",
            "messageBody": "",
            "insertions": 8,
            "deletions": 3
          },
          {
            "hash": "d7909acf42fba65e0fc0059798e4db9561af53a0",
            "messageTitle": "Config and Preferences Checkstyle fix",
            "messageBody": "",
            "insertions": 1,
            "deletions": 1
          }
        ]
      },
      {
        "insertions": 780,
        "deletions": 199,
        "date": "2019-10-16",
        "commitResults": [
          {
            "hash": "e854518c2f02ab77bd1d25f95dd90e277c3c9e94",
            "messageTitle": "merge(from my side)",
            "messageBody": "",
            "insertions": 616,
            "deletions": 3
          },
          {
            "hash": "c6be02529b4469bc961ffbd01a719375a4114a03",
            "messageTitle": "to merge",
            "messageBody": "",
            "insertions": 0,
            "deletions": 103
          },
          {
            "hash": "dce30914d04e086616d9a0554ed113381ea00d74",
            "messageTitle": "Update LogicManager.java",
            "messageBody": "",
            "insertions": 5,
            "deletions": 3
          },
          {
            "hash": "c81eab59f9612e4210fe872998977b832fd6819d",
            "messageTitle": "fixed Student commands",
            "messageBody": "",
            "insertions": 19,
            "deletions": 7
          },
          {
            "hash": "2636abe4ac85beb0fdca77fa2a49244952a71eed",
            "messageTitle": "fixed group commands",
            "messageBody": "",
            "insertions": 32,
            "deletions": 13
          },
          {
            "hash": "d19a42b6a7171b1fa237fc735f29223d32d596b0",
            "messageTitle": "checkstyle",
            "messageBody": "",
            "insertions": 89,
            "deletions": 49
          },
          {
            "hash": "612d6092b2cd955b710b0340d04888d2d5777c7a",
            "messageTitle": "checkstyle",
            "messageBody": "",
            "insertions": 19,
            "deletions": 21
          }
        ]
      },
      {
        "insertions": 267,
        "deletions": 113,
        "date": "2019-10-22",
        "commitResults": [
          {
            "hash": "61c37507820a180b06051164b70c0a65808e75f8",
            "messageTitle": "show students on main panel",
            "messageBody": "",
            "insertions": 209,
            "deletions": 42
          },
          {
            "hash": "da332fe33ec2a488593f374524366faa70d999c0",
            "messageTitle": "fixed EOF",
            "messageBody": "",
            "insertions": 1,
            "deletions": 1
          },
          {
            "hash": "e4535924c67a21800b88001af1d6451bb975dcfb",
            "messageTitle": "checkstyle",
            "messageBody": "",
            "insertions": 56,
            "deletions": 40
          },
          {
            "hash": "b61fc9701479da7b0cf0f1b252bc3d2ed3d6eb98",
            "messageTitle": "checkstyle",
            "messageBody": "",
            "insertions": 1,
            "deletions": 26
          },
          {
            "hash": "c34d76a86b371507a28e1a3478416839eb05a213",
            "messageTitle": "Update SampleDataUtil.java",
            "messageBody": "",
            "insertions": 0,
            "deletions": 4
          }
        ]
      },
      {
        "insertions": 6759,
        "deletions": 5865,
        "date": "2019-10-26",
        "commitResults": [
          {
            "hash": "19174130079066c04e37b517a0d2d517df194b1a",
            "messageTitle": "Add tag and mark commands",
            "messageBody": "",
            "insertions": 951,
            "deletions": 205
          },
          {
            "hash": "02ddb78d81cc44a2275b0f86663bc7cabdd74e43",
            "messageTitle": "Revert \"Merge branch \u0027master\u0027 into master\"",
            "messageBody": "This reverts commit 0a66c0c6b4441a0e7c2835b4ebffddca14f7f162, reversing\nchanges made to 497cfbdc7ef783e844d1a8e6bff3f8d1f4702f2f.\n",
            "insertions": 202,
            "deletions": 949
          },
          {
            "hash": "8c7f1ae83660d2e49978d5549f12b3eb002264df",
            "messageTitle": "Update Model.java",
            "messageBody": "",
            "insertions": 1,
            "deletions": 1
          },
          {
            "hash": "533d020b422628e3ccbc79cfe0a5a968589001a2",
            "messageTitle": "Revert \"Merge branch \u0027master\u0027 into master\"",
            "messageBody": "This reverts commit ff6b92bcd8f78b8cd4ac88e20affe5d33dafddac, reversing\nchanges made to 8c7f1ae83660d2e49978d5549f12b3eb002264df.\n",
            "insertions": 1458,
            "deletions": 3967
          },
          {
            "hash": "bae74e05928a28e63187f19716c0dcd01b916507",
            "messageTitle": "Group UI",
            "messageBody": "",
            "insertions": 313,
            "deletions": 14
          },
          {
            "hash": "0a7b091e85d0f7658c89936c1294a6f8b0cddfd9",
            "messageTitle": "merge fix",
            "messageBody": "",
            "insertions": 1191,
            "deletions": 0
          },
          {
            "hash": "f7fe4fdd537e55d839f7f4a1af85ba2bd6e42a83",
            "messageTitle": "tag/mark commands and group show UI",
            "messageBody": "",
            "insertions": 2408,
            "deletions": 563
          },
          {
            "hash": "c99756eaab1caaad60656e5c6e205ed1abc4f008",
            "messageTitle": "eof error fix",
            "messageBody": "",
            "insertions": 1,
            "deletions": 1
          },
          {
            "hash": "413e1ed5044c2ff070d8b1f64114f269e3a40ccb",
            "messageTitle": "checkstyle errors fix",
            "messageBody": "",
            "insertions": 173,
            "deletions": 95
          },
          {
            "hash": "4f9ca180fbb823aa6f1b9e00c7ddca4b5071f93a",
            "messageTitle": "checkstyle",
            "messageBody": "",
            "insertions": 29,
            "deletions": 14
          },
          {
            "hash": "e65144ef52a6b734e2fbdc6fdda27fc2da2f248b",
            "messageTitle": "checkstyle",
            "messageBody": "",
            "insertions": 23,
            "deletions": 5
          },
          {
            "hash": "9d87b76ebe41fb7fdecfd5d065d6b89e9e79ae16",
            "messageTitle": "checkstyle",
            "messageBody": "",
            "insertions": 3,
            "deletions": 6
          },
          {
            "hash": "e4a673374e67e74b010872bc9fdd7204ef94b90a",
            "messageTitle": "checkstyle for jsonadaptedtag",
            "messageBody": "",
            "insertions": 2,
            "deletions": 45
          },
          {
            "hash": "08f70d46f7b6cfd227be7567315e131a37023f6f",
            "messageTitle": "checkstyle",
            "messageBody": "",
            "insertions": 3,
            "deletions": 0
          },
          {
            "hash": "3ec73bccea5e537e5ed62c9f36547a731454b739",
            "messageTitle": "import fix",
            "messageBody": "",
            "insertions": 1,
            "deletions": 0
          }
        ]
      }
    ],
    "Russell-Loh-NUS": [
      {
        "insertions": 115,
        "deletions": 138,
        "date": "2019-09-29",
        "commitResults": [
          {
            "hash": "050843222492bc2fcb1ff48878f04780327511c8",
            "messageTitle": "Add draft UG",
            "messageBody": "",
            "insertions": 108,
            "deletions": 131
          },
          {
            "hash": "5ee5020e088d595c9106935df725df0fe9b42777",
            "messageTitle": "Edit styling of user guide",
            "messageBody": "",
            "insertions": 7,
            "deletions": 7
          }
        ]
      },
      {
        "insertions": 274,
        "deletions": 29,
        "date": "2019-09-30",
        "commitResults": [
          {
            "hash": "25491b87ed320b1a109cf2d98f20a5bd0cd29092",
            "messageTitle": "-Add use cases to developer guide -Adjust user guide features description -Adjust user guide formatting -Add UI Mockup for Timetable",
            "messageBody": "",
            "insertions": 267,
            "deletions": 21
          },
          {
            "hash": "9967c62e114b1c398c70776f00bd7d461cf8e641",
            "messageTitle": "-Adjust profile images naming -Remove learning outcomes",
            "messageBody": "",
            "insertions": 7,
            "deletions": 8
          }
        ]
      },
      {
        "insertions": 302,
        "deletions": 15,
        "date": "2019-10-06",
        "commitResults": [
          {
            "hash": "cb8c9bc18bbf82956e24b672732ec94f6f5b96c4",
            "messageTitle": "Add Question Command, Question types and Prefix for questions",
            "messageBody": "",
            "insertions": 182,
            "deletions": 0
          },
          {
            "hash": "839cdfa15383908784a9eb83ba22ec876ab44cf1",
            "messageTitle": "Add QuestionList to manage questions Format code to follow checkstyle",
            "messageBody": "",
            "insertions": 120,
            "deletions": 15
          }
        ]
      },
      {
        "insertions": 503,
        "deletions": 137,
        "date": "2019-10-08",
        "commitResults": [
          {
            "hash": "a855be85ed575c2f0931ec5fd5ea9c2c330740e9",
            "messageTitle": "Add SE-EDU Acknowledgement Adjust question user story",
            "messageBody": "",
            "insertions": 3,
            "deletions": 3
          },
          {
            "hash": "d389e169b54a41555ed50d383b33e5f9ebeef426",
            "messageTitle": "Comment out AddCommandTest",
            "messageBody": "*Test not relevant to project\n",
            "insertions": 19,
            "deletions": 0
          },
          {
            "hash": "cc7232fa17953e8240ce3065acee98ef25d84ee4",
            "messageTitle": "Comment imports under AddCommandTest",
            "messageBody": "",
            "insertions": 2,
            "deletions": 1
          },
          {
            "hash": "9239d18b9e01281e8398558e5d6479d4e726fe20",
            "messageTitle": "Abstract Question and Question commands Add Edit Command",
            "messageBody": "",
            "insertions": 338,
            "deletions": 102
          },
          {
            "hash": "86164260636d66bea9882b8aba010d5d8946fcee",
            "messageTitle": "Add Question List, Question Delete command Add prefix for list and delete",
            "messageBody": "",
            "insertions": 141,
            "deletions": 31
          }
        ]
      },
      {
        "insertions": 1147,
        "deletions": 737,
        "date": "2019-10-14",
        "commitResults": [
          {
            "hash": "c987640aff5c83129f547f7195928647c57c17c4",
            "messageTitle": "Link questions to storage, Add options and prefix for mcq questions, Adjust edit and add command for mcq questions",
            "messageBody": "",
            "insertions": 1043,
            "deletions": 123
          },
          {
            "hash": "fdeaf92355ba3a07d415d7869fb5ebc95a1bb24e",
            "messageTitle": "Add test cases for add/edit/delete question parser, Rename AddressBookParser to NjoyParser, Remove AddressBook Add/Edit/Delete parser classes and test cases",
            "messageBody": "",
            "insertions": 104,
            "deletions": 614
          }
        ]
      },
      {
        "insertions": 245,
        "deletions": 23,
        "date": "2019-10-15",
        "commitResults": [
          {
            "hash": "7710c3fd55fc2459be04975aca7c19b5893e5730",
            "messageTitle": "Add slideshow class and fxml",
            "messageBody": "",
            "insertions": 245,
            "deletions": 23
          }
        ]
      },
      {
        "insertions": 410,
        "deletions": 109,
        "date": "2019-10-20",
        "commitResults": [
          {
            "hash": "a3e2bd9960fc14c0cad8f1354dfd93af3b872a8a",
            "messageTitle": "Link questions to slideshow, Add slideshow controls, Amend slideshow command to allow questions input",
            "messageBody": "",
            "insertions": 410,
            "deletions": 109
          }
        ]
      },
      {
        "insertions": 654,
        "deletions": 30,
        "date": "2019-10-22",
        "commitResults": [
          {
            "hash": "f54498e2a28d012b307f58577e92f37cd07eb649",
            "messageTitle": "Add slideshow feature to DG, Adjust command usage",
            "messageBody": "",
            "insertions": 74,
            "deletions": 3
          },
          {
            "hash": "900dcf02c02e8d59fe188d762e9430691e073d20",
            "messageTitle": "Add tests for Add/Edit/Delete commands, Adjust tip for slideshow",
            "messageBody": "",
            "insertions": 456,
            "deletions": 2
          },
          {
            "hash": "2df9bcfc65b25b0ed9100d142fc7768d9f514b99",
            "messageTitle": "Add question feature to DG, Adjust formatting",
            "messageBody": "",
            "insertions": 113,
            "deletions": 13
          },
          {
            "hash": "87a27a91b97a4a7e405cb9a1400a63fb51b9f619",
            "messageTitle": "Adjust DG formatting",
            "messageBody": "",
            "insertions": 5,
            "deletions": 4
          },
          {
            "hash": "ca447b07857e3a039aea1446f19132f47c87e67d",
            "messageTitle": "Remove hiding of screen for left control if index less than 0 for slideshow",
            "messageBody": "",
            "insertions": 4,
            "deletions": 7
          },
          {
            "hash": "a3e544545dc7d7601f81160d9123c37c57978a72",
            "messageTitle": "Comment out addressbook proposed feature from DG",
            "messageBody": "",
            "insertions": 2,
            "deletions": 1
          }
        ]
      }
    ],
    "fabbbbbbyy": [
      {
        "insertions": 3,
        "deletions": 2,
        "date": "2019-09-15",
        "commitResults": [
          {
            "hash": "d95a80e9b6915ba58a948b9b72af12cccf9d17fc",
            "messageTitle": "Add test.txt for testing",
            "messageBody": "",
            "insertions": 0,
            "deletions": 0
          },
          {
            "hash": "8c442a1896a21bd3ae87a240320c515e9cf13eab",
            "messageTitle": "Update test to test Travis CI",
            "messageBody": "",
            "insertions": 1,
            "deletions": 0
          },
          {
            "hash": "b98b4824e834ec776045fb00be48bf0aa93948a4",
            "messageTitle": "Update badge link",
            "messageBody": "",
            "insertions": 2,
            "deletions": 2
          }
        ]
      },
      {
        "insertions": 3,
        "deletions": 4,
        "date": "2019-09-18",
        "commitResults": [
          {
            "hash": "1364419487719141d79b676d1165dd6b3bc6cef6",
            "messageTitle": "Test.",
            "messageBody": "",
            "insertions": 0,
            "deletions": 0
          },
          {
            "hash": "f998430cab4190e91899e07bf53bbf3ddb12ec65",
            "messageTitle": "Update badges",
            "messageBody": "",
            "insertions": 2,
            "deletions": 1
          },
          {
            "hash": "97629dfcfc6f88e195761c04f4c74df748272366",
            "messageTitle": "Update Coverall io badge",
            "messageBody": "",
            "insertions": 1,
            "deletions": 2
          },
          {
            "hash": "f7215d7a93ded244e6ae700609bb53143be8e256",
            "messageTitle": "Remove Codacy badge",
            "messageBody": "",
            "insertions": 0,
            "deletions": 1
          }
        ]
      },
      {
        "insertions": 38,
        "deletions": 7,
        "date": "2019-10-01",
        "commitResults": [
          {
            "hash": "5a21fd84833bc88277c3d3e134b475a785ec6855",
            "messageTitle": "Add user stories and some glossary words",
            "messageBody": "",
            "insertions": 38,
            "deletions": 7
          }
        ]
      },
      {
        "insertions": 1060,
        "deletions": 23,
        "date": "2019-10-10",
        "commitResults": [
          {
            "hash": "92cca60d590ab27c6194f5ef9f1dfbb9c24e5a6d",
            "messageTitle": "Change QuestionList to QuestionBank",
            "messageBody": "",
            "insertions": 52,
            "deletions": 3
          },
          {
            "hash": "d441c724044444cb1a99eaf1b41473db10a07d3c",
            "messageTitle": "Add methods to Question classes, add Options to McqQuestions",
            "messageBody": "",
            "insertions": 71,
            "deletions": 1
          },
          {
            "hash": "9e733d94944b044d74ce388cfffd716307e3dd72",
            "messageTitle": "Comment out irrelevant failing tests",
            "messageBody": "",
            "insertions": 14,
            "deletions": 10
          },
          {
            "hash": "84c699dbbcc8f3f94a12fb1048a35eedfd27c25e",
            "messageTitle": "Add Quiz relevant classes",
            "messageBody": "",
            "insertions": 274,
            "deletions": 0
          },
          {
            "hash": "ab86d4e1040133fbf4cd62aa0e00a1d32f5db103",
            "messageTitle": "Add Quiz Command",
            "messageBody": "",
            "insertions": 12,
            "deletions": 0
          },
          {
            "hash": "864696db6596c24bf02d4978a45315aac8284ae4",
            "messageTitle": "Add QuizAddQuestion, QuizCreateAutomatically, QuizCreateManually, QuizGetQuestionsAndAnswers and QuizRemoveQuestion Commands",
            "messageBody": "",
            "insertions": 359,
            "deletions": 0
          },
          {
            "hash": "3e4eafad3a431eee6c11a1d539ae92dd0fdf3077",
            "messageTitle": "Add QuizCommandParser and update AddressBookParser with relevant changes",
            "messageBody": "",
            "insertions": 138,
            "deletions": 0
          },
          {
            "hash": "315046933a93f2943a081d05a881c9278c8cf89d",
            "messageTitle": "Update Model API and ModelManager",
            "messageBody": "",
            "insertions": 140,
            "deletions": 9
          }
        ]
      },
      {
        "insertions": 217,
        "deletions": 189,
        "date": "2019-10-11",
        "commitResults": [
          {
            "hash": "7b0e9f28b002ef59eb7f9900dfbd9dbc204db5ce",
            "messageTitle": "Remove merge comments",
            "messageBody": "",
            "insertions": 6,
            "deletions": 7
          },
          {
            "hash": "56eb5291a1adde4f6f737eb0887bac981a86e7a3",
            "messageTitle": "Fix changes",
            "messageBody": "",
            "insertions": 0,
            "deletions": 4
          },
          {
            "hash": "2e80c01674261a3799f771b2c1121e6aaba23283",
            "messageTitle": "Add newline",
            "messageBody": "",
            "insertions": 2,
            "deletions": 0
          },
          {
            "hash": "56c6032d6f25299616fdbb4fdb7ae5b9cb56e36f",
            "messageTitle": "Add newline",
            "messageBody": "",
            "insertions": 3,
            "deletions": 5
          },
          {
            "hash": "3343ee6ea0b165a1fd5bea8a0ffd559e21ec8d3e",
            "messageTitle": "Fix checkstyle",
            "messageBody": "",
            "insertions": 167,
            "deletions": 141
          },
          {
            "hash": "893283b0bc9d08e3b9b41381b159375ff51ab3a1",
            "messageTitle": "Add newline at EOF",
            "messageBody": "",
            "insertions": 3,
            "deletions": 3
          },
          {
            "hash": "8584a10248a3b963ea4a72d3acee30f44dd9a558",
            "messageTitle": "Fix checkstyle",
            "messageBody": "",
            "insertions": 22,
            "deletions": 21
          },
          {
            "hash": "85243ec286da54c472b2cc280d8bee6b21bcc4ec",
            "messageTitle": "Fix checkstyle",
            "messageBody": "",
            "insertions": 1,
            "deletions": 1
          },
          {
            "hash": "37828b54dfe8b657c1070abdbd6917fa17c8f5f9",
            "messageTitle": "Comment out failing tests",
            "messageBody": "",
            "insertions": 8,
            "deletions": 4
          },
          {
            "hash": "a102208b1d8d31de1b3674afb2e51b5d39e72fb1",
            "messageTitle": "Comment out unused imports",
            "messageBody": "",
            "insertions": 4,
            "deletions": 3
          },
          {
            "hash": "8832c41f7c86798dfd744ed822bc981dbd504acd",
            "messageTitle": "Separate import by one line",
            "messageBody": "",
            "insertions": 1,
            "deletions": 0
          }
        ]
      },
      {
        "insertions": 938,
        "deletions": 127,
        "date": "2019-10-21",
        "commitResults": [
          {
            "hash": "65f816e5f9a888b1847d8566154a8418648b09ba",
            "messageTitle": "v1.2 v1.3 Increments",
            "messageBody": "",
            "insertions": 903,
            "deletions": 98
          },
          {
            "hash": "641dddbe6b7914172a440abc067429dd3e33129a",
            "messageTitle": "Fix newline at EOF",
            "messageBody": "",
            "insertions": 2,
            "deletions": 2
          },
          {
            "hash": "f552c19c74c356133588e34d1ce99c99d51e54d3",
            "messageTitle": "Fix checkstyle",
            "messageBody": "",
            "insertions": 33,
            "deletions": 27
          }
        ]
      },
      {
        "insertions": 108,
        "deletions": 1,
        "date": "2019-10-22",
        "commitResults": [
          {
            "hash": "b777afb30f12797f2f4165ecf591c1ab63345155",
            "messageTitle": "Update DeveloperGuide.adoc",
            "messageBody": "Add Quiz DevGuide stuff",
            "insertions": 87,
            "deletions": 0
          },
          {
            "hash": "30c963cf1aead1e710ceae008bb93fd89166d2f0",
            "messageTitle": "Update UserGuide.adoc",
            "messageBody": "Add Quiz UserGuide",
            "insertions": 20,
            "deletions": 0
          },
          {
            "hash": "34b97a662ec6218fdba09609ca8ac87d47b1656b",
            "messageTitle": "Remove typos",
            "messageBody": "",
            "insertions": 1,
            "deletions": 1
          }
        ]
      },
      {
        "insertions": 4,
        "deletions": 4,
        "date": "2019-10-23",
        "commitResults": [
          {
            "hash": "51878cb47a7372f72f2a405d675d45e42c6f3cfe",
            "messageTitle": "Remove trailing whitespaces",
            "messageBody": "",
            "insertions": 4,
            "deletions": 4
          }
        ]
      },
      {
        "insertions": 385,
        "deletions": 141,
        "date": "2019-10-25",
        "commitResults": [
          {
            "hash": "cb071f43e1bd929a681f28574359a12f6481af85",
            "messageTitle": "Add Quiz Export feature",
            "messageBody": "",
            "insertions": 252,
            "deletions": 42
          },
          {
            "hash": "02ed48477ed1a99eeba247b2b65d729373c419ea",
            "messageTitle": "Update checkstyle",
            "messageBody": "",
            "insertions": 18,
            "deletions": 52
          },
          {
            "hash": "4914f792cd0639a72a12795c12dc483837d8cca3",
            "messageTitle": "Add newline at EOF",
            "messageBody": "",
            "insertions": 1,
            "deletions": 1
          },
          {
            "hash": "ffb4b144c6c3187bcc18e702ed21d9f3e2c2fdac",
            "messageTitle": "Fix checkstyle",
            "messageBody": "",
            "insertions": 59,
            "deletions": 28
          },
          {
            "hash": "0f807a5956ab0ffea0e99ba0e6a277d2ad00da31",
            "messageTitle": "Update test",
            "messageBody": "",
            "insertions": 2,
            "deletions": 1
          },
          {
            "hash": "f23130d2b13b2b598e41fb451cfeb6112f889733",
            "messageTitle": "Add more edge cases",
            "messageBody": "",
            "insertions": 52,
            "deletions": 16
          },
          {
            "hash": "f346b63ef0ff233cf4f8cd9c7940a8f47fe19869",
            "messageTitle": "Add whitespace",
            "messageBody": "",
            "insertions": 1,
            "deletions": 1
          }
        ]
      }
    ]
  },
  "authorFinalContributionMap": {
    "jeongyh99": 4015,
    "lumwb": 2521,
    "alages97": 2709,
    "Russell-Loh-NUS": 3069,
    "fabbbbbbyy": 2229
  },
  "authorFileTypeContributionMap": {
    "jeongyh99": {
      "docs": 199,
      "tests": 966,
      "functional": 2847,
      "other": 3
    },
    "lumwb": {
      "docs": 43,
      "tests": 87,
      "functional": 2387,
      "other": 4
    },
    "alages97": {
      "docs": 16,
      "tests": 3,
      "functional": 2690
    },
    "Russell-Loh-NUS": {
      "docs": 536,
      "tests": 502,
      "functional": 2031
    },
    "fabbbbbbyy": {
      "docs": 140,
      "tests": 2,
      "functional": 2087
    }
  },
  "authorContributionVariance": {
    "jeongyh99": 229085.84,
    "lumwb": 81192.58,
    "alages97": 3012029.2,
    "Russell-Loh-NUS": 87859.33,
    "fabbbbbbyy": 49212.395
  },
  "authorDisplayNameMap": {
    "jeongyh99": "CS2103T-W13-2 JEONG ... U HAN",
    "lumwb": "CS2103T-W13-2 LUM W ...  BOON",
    "alages97": "CS2103T-W13-2 K ALA ... LAGES",
    "Russell-Loh-NUS": "CS2103T-W13-2 RUSSE ... UN FA",
    "fabbbbbbyy": "CS2103T-W13-2 FABIA ...  PENG"
  }
}
