{
  "authorDailyContributionsMap": {
    "Cary-Xx": [
      {
        "insertions": 1,
        "deletions": 3,
        "date": "2019-10-01",
        "commitResults": [
          {
            "hash": "2e81b35b62cb5854c0b0db832de7c52cea07b4a1",
            "messageTitle": "Fix Travis CI",
            "messageBody": "",
            "insertions": 1,
            "deletions": 2
          },
          {
            "hash": "9391c55d82a1c10e6112543f41b18762a94cead8",
            "messageTitle": "Remove codacy badge",
            "messageBody": "",
            "insertions": 0,
            "deletions": 1
          }
        ]
      },
      {
        "insertions": 29,
        "deletions": 13,
        "date": "2019-10-02",
        "commitResults": [
          {
            "hash": "ea3008f7eba7fa577376b3412804e33f87dbe428",
            "messageTitle": "Update UG skeleton",
            "messageBody": "",
            "insertions": 29,
            "deletions": 13
          }
        ]
      },
      {
        "insertions": 69,
        "deletions": 68,
        "date": "2019-10-09",
        "commitResults": [
          {
            "hash": "13930ae8b87b34c6d5bab860c0f7dcc25b6b32fb",
            "messageTitle": "Set up AppVeyor and Coveralls",
            "messageBody": "",
            "insertions": 13,
            "deletions": 9
          },
          {
            "hash": "eeb4d7117ab23adb7aa1d15112d4488fd3699133",
            "messageTitle": "Update doc",
            "messageBody": "",
            "insertions": 11,
            "deletions": 11
          },
          {
            "hash": "970281f3e26911495e6898f3131bd46368f382bc",
            "messageTitle": "Update",
            "messageBody": "",
            "insertions": 45,
            "deletions": 48
          }
        ]
      },
      {
        "insertions": 4,
        "deletions": 6,
        "date": "2019-10-10",
        "commitResults": [
          {
            "hash": "0623dec9c6041372ce4db65913b4c868c2dfa8b8",
            "messageTitle": "Fix corrupted URL",
            "messageBody": "",
            "insertions": 4,
            "deletions": 6
          }
        ]
      },
      {
        "insertions": 1720,
        "deletions": 1774,
        "date": "2019-10-11",
        "commitResults": [
          {
            "hash": "4235649bf33b5a10980ac4df41084cd73de2220a",
            "messageTitle": "Refactor to MYMorise",
            "messageBody": "",
            "insertions": 1638,
            "deletions": 1689
          },
          {
            "hash": "8ebd9f15ba79cd9b8531d63e0b329695b010f222",
            "messageTitle": "Fix checkstyle",
            "messageBody": "",
            "insertions": 6,
            "deletions": 5
          },
          {
            "hash": "7ce6d535cdbd24a31e4184984431a2142b1a41ec",
            "messageTitle": "Update diagram",
            "messageBody": "",
            "insertions": 76,
            "deletions": 80
          }
        ]
      },
      {
        "insertions": 12,
        "deletions": 10,
        "date": "2019-10-12",
        "commitResults": [
          {
            "hash": "464679fe7691f5182dee553e542408ea7fcf096c",
            "messageTitle": "Fix",
            "messageBody": "",
            "insertions": 3,
            "deletions": 4
          },
          {
            "hash": "6186fe17fafa6d3322dfeb2876ba0be05be20d5e",
            "messageTitle": "Fix matching case",
            "messageBody": "",
            "insertions": 3,
            "deletions": 2
          },
          {
            "hash": "9fe63944ee66d403c949a6e483c84b54a3bd8ed8",
            "messageTitle": "Fix saving and loading issue",
            "messageBody": "",
            "insertions": 6,
            "deletions": 4
          }
        ]
      },
      {
        "insertions": 1,
        "deletions": 1,
        "date": "2019-10-13",
        "commitResults": [
          {
            "hash": "29292116976c7a94428fa50a0092e7b56515f894",
            "messageTitle": "Fix Json",
            "messageBody": "",
            "insertions": 1,
            "deletions": 1
          }
        ]
      },
      {
        "insertions": 1,
        "deletions": 2,
        "date": "2019-10-14",
        "commitResults": [
          {
            "hash": "ea0ba058d580949e9a59c3f4960e001be38dc5e8",
            "messageTitle": "Fix format for Date",
            "messageBody": "",
            "insertions": 1,
            "deletions": 2
          }
        ]
      },
      {
        "insertions": 265,
        "deletions": 113,
        "date": "2019-10-15",
        "commitResults": [
          {
            "hash": "f705ff856ff7d0ebb199042911b67d3c46777c7f",
            "messageTitle": "Fix test and Update date and name regex",
            "messageBody": "",
            "insertions": 156,
            "deletions": 61
          },
          {
            "hash": "c1b08ec4cafdd09f51ce5787976f093692c118a3",
            "messageTitle": "Make date optional and fix minor issues",
            "messageBody": "",
            "insertions": 77,
            "deletions": 35
          },
          {
            "hash": "750e24f87b288fbf87a1ab4e9fa41bdce710cd09",
            "messageTitle": "Minor fix",
            "messageBody": "",
            "insertions": 28,
            "deletions": 17
          },
          {
            "hash": "1a1822573b7008c1e14cad13e4b4db65b936baa9",
            "messageTitle": "Add test",
            "messageBody": "",
            "insertions": 4,
            "deletions": 0
          }
        ]
      },
      {
        "insertions": 36,
        "deletions": 23,
        "date": "2019-10-16",
        "commitResults": [
          {
            "hash": "41989a66ae4b3f72d421ade7ad9e786253d3ebb8",
            "messageTitle": "Update doc",
            "messageBody": "",
            "insertions": 2,
            "deletions": 2
          },
          {
            "hash": "ca2de324ab95ee9d78d6046aceb772c3fa2c0971",
            "messageTitle": "Uniform expense format",
            "messageBody": "",
            "insertions": 34,
            "deletions": 21
          }
        ]
      },
      {
        "insertions": 143,
        "deletions": 116,
        "date": "2019-10-17",
        "commitResults": [
          {
            "hash": "b92c5c33f9a817de25fdee781f3d7da73ac89bbd",
            "messageTitle": "Update test and minor fix (#67)",
            "messageBody": "* Update test and minor fix\r\n\r\n* Fix\r\n",
            "insertions": 143,
            "deletions": 116
          }
        ]
      },
      {
        "insertions": 695,
        "deletions": 148,
        "date": "2019-10-22",
        "commitResults": [
          {
            "hash": "831203f49156454ce21544c2bf35a4840f26743b",
            "messageTitle": "Add autocomplete for user input",
            "messageBody": "",
            "insertions": 600,
            "deletions": 104
          },
          {
            "hash": "3bf4b05c7124b7ea3ef2ab67efb587077a660ba6",
            "messageTitle": "Fix reading logic and caret selection issue",
            "messageBody": "",
            "insertions": 95,
            "deletions": 44
          }
        ]
      },
      {
        "insertions": 168,
        "deletions": 34,
        "date": "2019-10-23",
        "commitResults": [
          {
            "hash": "af33fdfbaf7578b00423f42e9160e9332f8ababc",
            "messageTitle": "Arrange",
            "messageBody": "",
            "insertions": 11,
            "deletions": 9
          },
          {
            "hash": "e9d51563f65d3329343df1f43ac43d4060d31a25",
            "messageTitle": "Update developer guide",
            "messageBody": "",
            "insertions": 146,
            "deletions": 13
          },
          {
            "hash": "bbf696f23e4a10f296f57d88828a8f9fc4f73e7d",
            "messageTitle": "Prepare for release v1.2.1",
            "messageBody": "",
            "insertions": 4,
            "deletions": 5
          },
          {
            "hash": "f44de59857b6e580968e41c60e6c08d3e6ea3307",
            "messageTitle": "Fix",
            "messageBody": "",
            "insertions": 2,
            "deletions": 3
          },
          {
            "hash": "f46a873a51b2c900062748479e3d86332c3f66e2",
            "messageTitle": "Fix",
            "messageBody": "",
            "insertions": 0,
            "deletions": 4
          },
          {
            "hash": "d9925a9501ca7d9418928e705c5b1da6623b5e1b",
            "messageTitle": "Revert \"Fix\"",
            "messageBody": "",
            "insertions": 5,
            "deletions": 0
          }
        ]
      },
      {
        "insertions": 288,
        "deletions": 59,
        "date": "2019-10-27",
        "commitResults": [
          {
            "hash": "ccf96b1092d63899719775d569c1507b0526e74f",
            "messageTitle": "Fix autocomplete bug and date invalidation",
            "messageBody": "",
            "insertions": 287,
            "deletions": 57
          },
          {
            "hash": "512f2b7609e83c60af0c2ab3e795a09d570fe52f",
            "messageTitle": "Fix test",
            "messageBody": "",
            "insertions": 1,
            "deletions": 1
          },
          {
            "hash": "dabf63e5db134c231fe7faca151bddd5c5d0b975",
            "messageTitle": "Fix",
            "messageBody": "",
            "insertions": 0,
            "deletions": 1
          }
        ]
      },
      {
        "insertions": 330,
        "deletions": 282,
        "date": "2019-10-30",
        "commitResults": [
          {
            "hash": "437fb508172afe585d28927c5fd10b0564381da9",
            "messageTitle": "Fix expenseList and budgetList display issue",
            "messageBody": "",
            "insertions": 205,
            "deletions": 156
          },
          {
            "hash": "f3dbfaee63bd69f794d19c48696868babb852dfa",
            "messageTitle": "Fix",
            "messageBody": "",
            "insertions": 80,
            "deletions": 102
          },
          {
            "hash": "fb5aaa831b0f7819dfe5c48603b164b30e76cecf",
            "messageTitle": "update ug",
            "messageBody": "",
            "insertions": 28,
            "deletions": 16
          },
          {
            "hash": "a056cfbf128caddf01547d0a4e0c530632fc85d2",
            "messageTitle": "Fix release",
            "messageBody": "",
            "insertions": 15,
            "deletions": 6
          },
          {
            "hash": "e874b3a5c91a42623a78943b1dac72ad293d89de",
            "messageTitle": "Fix DG",
            "messageBody": "",
            "insertions": 2,
            "deletions": 2
          }
        ]
      },
      {
        "insertions": 168,
        "deletions": 38,
        "date": "2019-10-31",
        "commitResults": [
          {
            "hash": "0a0054d7e12c277f7fa57860f20a693a02d48aaf",
            "messageTitle": "Fix budget and update UI",
            "messageBody": "",
            "insertions": 168,
            "deletions": 38
          }
        ]
      },
      {
        "insertions": 693,
        "deletions": 445,
        "date": "2019-11-01",
        "commitResults": [
          {
            "hash": "e119ee72120202b0da0d7bad699c48088d579d6c",
            "messageTitle": "Fix expenseList and budgetList display issue",
            "messageBody": "",
            "insertions": 205,
            "deletions": 156
          },
          {
            "hash": "83a2efecabb0edcd7e3cbdc52afc43884becbb1a",
            "messageTitle": "Fix",
            "messageBody": "",
            "insertions": 80,
            "deletions": 102
          },
          {
            "hash": "0361d27847c4bf31c2577e7f40d630a1ba0dce31",
            "messageTitle": "Fix budget and update UI",
            "messageBody": "",
            "insertions": 168,
            "deletions": 38
          },
          {
            "hash": "8495afc95b540092a29c5179f8a64f4c8f840494",
            "messageTitle": "Fix for PE v1.3",
            "messageBody": "",
            "insertions": 147,
            "deletions": 88
          },
          {
            "hash": "e87d248f7a70262fa7f7fc53b51b24f2c3c32e4d",
            "messageTitle": "Fix",
            "messageBody": "",
            "insertions": 1,
            "deletions": 1
          },
          {
            "hash": "210212599331b8c9573262993c0996c630ef4560",
            "messageTitle": "Fix tests",
            "messageBody": "",
            "insertions": 77,
            "deletions": 47
          },
          {
            "hash": "0a0da211f1a62502f151e06ea6b3e4bde90445b3",
            "messageTitle": "Fix",
            "messageBody": "",
            "insertions": 4,
            "deletions": 4
          },
          {
            "hash": "4cdedd23c3e9aedecec4e47b8ec1af8e6399968d",
            "messageTitle": "Fix UI",
            "messageBody": "",
            "insertions": 10,
            "deletions": 9
          },
          {
            "hash": "2a59942df541f10b2c5126f528a07e64075bfbac",
            "messageTitle": "Update UI",
            "messageBody": "",
            "insertions": 1,
            "deletions": 0
          }
        ]
      },
      {
        "insertions": 12,
        "deletions": 15,
        "date": "2019-11-06",
        "commitResults": [
          {
            "hash": "37cf515aff53be8bb8e838a8b1d8158cc7b72026",
            "messageTitle": "PPP draft",
            "messageBody": "",
            "insertions": 11,
            "deletions": 13
          },
          {
            "hash": "deb848b667160e952e796c313062d865bf76869f",
            "messageTitle": "Fix",
            "messageBody": "",
            "insertions": 1,
            "deletions": 2
          }
        ]
      }
    ],
    "limxuanhui": [],
    "choonx99": [
      {
        "insertions": 2,
        "deletions": 1,
        "date": "2019-09-17",
        "commitResults": [
          {
            "hash": "be1da12b207e480f49caf04904cc313b06be2b1b",
            "messageTitle": "Added build status badge",
            "messageBody": "",
            "insertions": 1,
            "deletions": 0
          },
          {
            "hash": "abc037433c0ca3352bab2722d13591e60709c74d",
            "messageTitle": "Removed codacy badge",
            "messageBody": "",
            "insertions": 0,
            "deletions": 1
          },
          {
            "hash": "21f1978ccca8b2c0c318d4a56437faa4cb00cbd6",
            "messageTitle": "Re-added codacy badge",
            "messageBody": "",
            "insertions": 1,
            "deletions": 0
          }
        ]
      },
      {
        "insertions": 33,
        "deletions": 22,
        "date": "2019-10-02",
        "commitResults": [
          {
            "hash": "d77d7823784605f852e9f0a9f77a9c09b5a0b84f",
            "messageTitle": "updated ContactUs, README and AboutUs",
            "messageBody": "",
            "insertions": 27,
            "deletions": 16
          },
          {
            "hash": "bc208c4998791282e4566bc62d9b0dde8e78ddcc",
            "messageTitle": "Remove trailing space",
            "messageBody": "",
            "insertions": 2,
            "deletions": 2
          },
          {
            "hash": "83f7aedd6a1a9bc0e2880f8d0957a11714854e99",
            "messageTitle": "Remove trailing spaces",
            "messageBody": "",
            "insertions": 4,
            "deletions": 4
          }
        ]
      },
      {
        "insertions": 49,
        "deletions": 25,
        "date": "2019-10-09",
        "commitResults": [
          {
            "hash": "66e0cc0f1b90d1885aca494ea3b04478ed5b9890",
            "messageTitle": "Minor updates to UG and DG",
            "messageBody": "",
            "insertions": 49,
            "deletions": 25
          }
        ]
      },
      {
        "insertions": 1077,
        "deletions": 1160,
        "date": "2019-10-13",
        "commitResults": [
          {
            "hash": "6a2a2384b7a9ca64d128314885666cde6789c9aa",
            "messageTitle": "refactored test data, test commons and testutil files",
            "messageBody": "",
            "insertions": 335,
            "deletions": 359
          },
          {
            "hash": "6f57844d93f26b93e6900ad371a50f98135cb9c3",
            "messageTitle": "refactored test storage files",
            "messageBody": "",
            "insertions": 229,
            "deletions": 244
          },
          {
            "hash": "12bfb3b0e5f092e1202195ffc440342cbd727643",
            "messageTitle": "refactored test model files and minor updates to test data files",
            "messageBody": "",
            "insertions": 513,
            "deletions": 557
          }
        ]
      },
      {
        "insertions": 636,
        "deletions": 694,
        "date": "2019-10-14",
        "commitResults": [
          {
            "hash": "45041f682393243efc3db4ef11d4bc75b1e5728b",
            "messageTitle": "refactored test logic files and minor refactors to main java files",
            "messageBody": "",
            "insertions": 530,
            "deletions": 590
          },
          {
            "hash": "b2b29fdd6ad5e31dcf47eb4f87a2ce08037bcfe2",
            "messageTitle": "fix checkstyle",
            "messageBody": "",
            "insertions": 46,
            "deletions": 44
          },
          {
            "hash": "53eba2dbdac9341b34d461bfa98222292fe2c3ce",
            "messageTitle": "fix checkstyle",
            "messageBody": "",
            "insertions": 5,
            "deletions": 5
          },
          {
            "hash": "12418c87958d86a6eec1be03fda553d3d145c66f",
            "messageTitle": "fix checkstyle",
            "messageBody": "",
            "insertions": 2,
            "deletions": 2
          },
          {
            "hash": "14af918a89b4349898492c7a412fdafc292a96fc",
            "messageTitle": "fix test case errors",
            "messageBody": "",
            "insertions": 5,
            "deletions": 5
          },
          {
            "hash": "16f0499b3409dfe07831c8283b5f7d5ecc9493dd",
            "messageTitle": "fix checkstyle",
            "messageBody": "",
            "insertions": 1,
            "deletions": 1
          },
          {
            "hash": "af16eeb2d5cbb7ad22a718b1e2de7d08c8269cc6",
            "messageTitle": "commented failed date TCs",
            "messageBody": "",
            "insertions": 22,
            "deletions": 22
          },
          {
            "hash": "bde5a5f572e2dce76eccb9dfd7ddfdef883a18c4",
            "messageTitle": "fix test case error",
            "messageBody": "",
            "insertions": 24,
            "deletions": 24
          },
          {
            "hash": "332617aac414b5f48436ddd77cfad75ae7e62478",
            "messageTitle": "fix tc error",
            "messageBody": "",
            "insertions": 1,
            "deletions": 1
          }
        ]
      },
      {
        "insertions": 2,
        "deletions": 2,
        "date": "2019-10-16",
        "commitResults": [
          {
            "hash": "8462c764bc0775eb059084b4e284bf4352f929e1",
            "messageTitle": "Update app name, icon and userguide link (#62)",
            "messageBody": "",
            "insertions": 2,
            "deletions": 2
          }
        ]
      },
      {
        "insertions": 1139,
        "deletions": 22,
        "date": "2019-10-21",
        "commitResults": [
          {
            "hash": "c43ce95d12c2df3caaa14fdb3d6bbf4db790fe0f",
            "messageTitle": "added add budget function, checks to prevent budget period clashes, expenses to auto include into budget if date falls into budget period",
            "messageBody": "",
            "insertions": 1139,
            "deletions": 22
          }
        ]
      },
      {
        "insertions": 406,
        "deletions": 87,
        "date": "2019-10-22",
        "commitResults": [
          {
            "hash": "7db015d6143b7361f6b9f89ee5f9306a78ad4447",
            "messageTitle": "Fixed test cases for add budget",
            "messageBody": "",
            "insertions": 406,
            "deletions": 87
          }
        ]
      },
      {
        "insertions": 212,
        "deletions": 169,
        "date": "2019-10-23",
        "commitResults": [
          {
            "hash": "d879fea8045cf152cf78caf59b2a6e0867db8f52",
            "messageTitle": "fixed expenselist storage inside budget and checkstyle errors",
            "messageBody": "",
            "insertions": 18,
            "deletions": 11
          },
          {
            "hash": "0172a6b0861b69f38bf37723cd02693a82639426",
            "messageTitle": "fix checkstyle error",
            "messageBody": "",
            "insertions": 2,
            "deletions": 4
          },
          {
            "hash": "1085fc8e1dd0b0294e6ff3e24af10c2cd104f94f",
            "messageTitle": "fixed checkstyle error",
            "messageBody": "",
            "insertions": 82,
            "deletions": 65
          },
          {
            "hash": "580d14e6e79090030bcc5f1f875d88bda98741e5",
            "messageTitle": "update Userguide",
            "messageBody": "",
            "insertions": 35,
            "deletions": 32
          },
          {
            "hash": "7b6ec8b3932b0a68b63b79532683b3bc98d6dd67",
            "messageTitle": "update Developerguide",
            "messageBody": "",
            "insertions": 53,
            "deletions": 45
          },
          {
            "hash": "06928deea203c299b09a79891c35590f43316110",
            "messageTitle": "update developer guide diagrams",
            "messageBody": "",
            "insertions": 22,
            "deletions": 12
          }
        ]
      },
      {
        "insertions": 1015,
        "deletions": 149,
        "date": "2019-10-30",
        "commitResults": [
          {
            "hash": "b8132ffc7d555cad2193fb6b51888aa73648f5ae",
            "messageTitle": "update ug",
            "messageBody": "",
            "insertions": 101,
            "deletions": 63
          },
          {
            "hash": "a39b2e827534eb2e31db44cf9822012007bf2840",
            "messageTitle": "added currency to budget",
            "messageBody": "",
            "insertions": 47,
            "deletions": 8
          },
          {
            "hash": "3339ab0e8dec41b63ed2cc595659affcbf039603",
            "messageTitle": "updated delete and edit for budget, view budget list,",
            "messageBody": "",
            "insertions": 747,
            "deletions": 16
          },
          {
            "hash": "267f8198b4460fccae5f6a41408e27c07b926b28",
            "messageTitle": "fixed test case errors",
            "messageBody": "",
            "insertions": 36,
            "deletions": 25
          },
          {
            "hash": "2a3da654bae8ca2a7cbad473679d1d8e9571da2f",
            "messageTitle": "update delete hack",
            "messageBody": "",
            "insertions": 77,
            "deletions": 36
          },
          {
            "hash": "800e36ae906f5e09ac88a17107173bfa04dd4e98",
            "messageTitle": "update user stories for budget in DG",
            "messageBody": "",
            "insertions": 7,
            "deletions": 1
          }
        ]
      },
      {
        "insertions": 188,
        "deletions": 115,
        "date": "2019-10-31",
        "commitResults": [
          {
            "hash": "dc57788315693d5879b90c47dde978858550f743",
            "messageTitle": "fixed delete and edit functions",
            "messageBody": "",
            "insertions": 94,
            "deletions": 10
          },
          {
            "hash": "b6e6ba78762b5c1941397bc8bf811911a7a9127b",
            "messageTitle": "fix amount to remove currency prefix and convert to 2 decimals",
            "messageBody": "",
            "insertions": 28,
            "deletions": 24
          },
          {
            "hash": "03658eb49f466346cfcb3fb5c267bc179c633c98",
            "messageTitle": "update editBudget to change state after edit",
            "messageBody": "",
            "insertions": 3,
            "deletions": 1
          },
          {
            "hash": "3161e4811a1f575afe65e6a89ed7fa55e55668ae",
            "messageTitle": "Update UG for Practical dry run",
            "messageBody": "",
            "insertions": 63,
            "deletions": 80
          }
        ]
      },
      {
        "insertions": 1032,
        "deletions": 121,
        "date": "2019-11-01",
        "commitResults": [
          {
            "hash": "2004ac7ea1c516d8b82ae80acfc7d84c170c46b7",
            "messageTitle": "added currency to budget",
            "messageBody": "",
            "insertions": 47,
            "deletions": 8
          },
          {
            "hash": "27f4ca2d49deb772ef47c9e40835c6f99ea08379",
            "messageTitle": "updated delete and edit for budget, view budget list,",
            "messageBody": "",
            "insertions": 747,
            "deletions": 16
          },
          {
            "hash": "bda876354f587e67869ba5bbca9e2d3844ea014b",
            "messageTitle": "fixed test case errors",
            "messageBody": "",
            "insertions": 36,
            "deletions": 25
          },
          {
            "hash": "80a58e13e5cdb1245658f2f7992f61c122d68edc",
            "messageTitle": "update delete hack",
            "messageBody": "",
            "insertions": 77,
            "deletions": 36
          },
          {
            "hash": "11eebe43910679006a22f3cde59e1b95a38ae6c3",
            "messageTitle": "fixed delete and edit functions",
            "messageBody": "",
            "insertions": 94,
            "deletions": 10
          },
          {
            "hash": "e0ed3f6d8ef89cf7b0658fed3578c6c9d8f461c6",
            "messageTitle": "fix amount to remove currency prefix and convert to 2 decimals",
            "messageBody": "",
            "insertions": 28,
            "deletions": 25
          },
          {
            "hash": "13932aed46d1cadc478acff5346419e4bb2c3efa",
            "messageTitle": "update editBudget to change state after edit",
            "messageBody": "",
            "insertions": 3,
            "deletions": 1
          }
        ]
      },
      {
        "insertions": 106,
        "deletions": 78,
        "date": "2019-11-04",
        "commitResults": [
          {
            "hash": "239e686552b3f421132179cc96b27e0a0a278374",
            "messageTitle": "GUI fix",
            "messageBody": "",
            "insertions": 78,
            "deletions": 54
          },
          {
            "hash": "d7389c916808429c10b22500206f3497186bbc5d",
            "messageTitle": "fix prevent amount 0, added extra check to prevent overlapping budget periods, update edit command to show correct error message",
            "messageBody": "",
            "insertions": 17,
            "deletions": 13
          },
          {
            "hash": "1d6b6e2db86e7ac6490c004c5242ab88a2d6d9e4",
            "messageTitle": "convert expenselist name to defaultexpenselist in modelmanager only",
            "messageBody": "",
            "insertions": 11,
            "deletions": 11
          }
        ]
      },
      {
        "insertions": 53,
        "deletions": 31,
        "date": "2019-11-05",
        "commitResults": [
          {
            "hash": "b50c1dca06c566081c1f999eecb18a93c86bea9b",
            "messageTitle": "converted viewstate to use enumeration. fixed list command and other commands to display centre panel properly",
            "messageBody": "",
            "insertions": 53,
            "deletions": 31
          }
        ]
      },
      {
        "insertions": 47,
        "deletions": 29,
        "date": "2019-11-06",
        "commitResults": [
          {
            "hash": "b09e9135f779c0dd83a34d9c4f0a84c129025992",
            "messageTitle": "Update docs cw (#130)",
            "messageBody": "* update UG\r\n\r\n* update UG\r\n\r\n* update ppp\r\n\r\n* update ppp\r\n",
            "insertions": 47,
            "deletions": 29
          }
        ]
      }
    ],
    "muhammadaljunied": [
      {
        "insertions": 247,
        "deletions": 29,
        "date": "2019-10-08",
        "commitResults": [
          {
            "hash": "93de6fbc12d2907036c287c195b1640057f2ffe1",
            "messageTitle": "Update AboutUs, Contact Us, Images and Individual team docs.",
            "messageBody": "",
            "insertions": 247,
            "deletions": 29
          }
        ]
      },
      {
        "insertions": 712,
        "deletions": 94,
        "date": "2019-10-09",
        "commitResults": [
          {
            "hash": "e3439d7f1ddacba348c66ff8c41be5d9b02b8a05",
            "messageTitle": "Updated Developer Guide with: Target user profile Value proposition User Stories Use Cases (Based on user Stories) Non-Functional Requirements",
            "messageBody": "",
            "insertions": 712,
            "deletions": 94
          }
        ]
      },
      {
        "insertions": 367,
        "deletions": 132,
        "date": "2019-10-16",
        "commitResults": [
          {
            "hash": "186acbc413fde96d07f83263d43389db2a140b8e",
            "messageTitle": "Add Currency Class",
            "messageBody": "",
            "insertions": 53,
            "deletions": 0
          },
          {
            "hash": "e0e7a2e9cf235a2e1a337e336d46db25e2b311eb",
            "messageTitle": "Added Currency to Expense",
            "messageBody": "",
            "insertions": 237,
            "deletions": 61
          },
          {
            "hash": "8c74b30e28b579ed4e55223155765b8bae4fca70",
            "messageTitle": "Resolve Test failure",
            "messageBody": "",
            "insertions": 62,
            "deletions": 62
          },
          {
            "hash": "73d10fd76160adfa96e03c767526b3c9ec6f29de",
            "messageTitle": "Resolve Checkstyle",
            "messageBody": "",
            "insertions": 15,
            "deletions": 9
          }
        ]
      },
      {
        "insertions": 100,
        "deletions": 101,
        "date": "2019-10-17",
        "commitResults": [
          {
            "hash": "bbef29e6132de337758f156f759e064409334df0",
            "messageTitle": "Resolve CheckstyleTest",
            "messageBody": "",
            "insertions": 100,
            "deletions": 101
          }
        ]
      },
      {
        "insertions": 830,
        "deletions": 274,
        "date": "2019-10-23",
        "commitResults": [
          {
            "hash": "803a86348c5b6440f00766233f85b001f7e7752e",
            "messageTitle": "Added JSON Parsing for exchange rate file.",
            "messageBody": "",
            "insertions": 596,
            "deletions": 42
          },
          {
            "hash": "762aab1ef23f6f95d14f062b2af1ca750347e1ed",
            "messageTitle": "Comment out failing test cases.",
            "messageBody": "",
            "insertions": 232,
            "deletions": 232
          },
          {
            "hash": "3dceb9507faf163198524744bf57c3d2a6df1743",
            "messageTitle": "Update DG and PUML",
            "messageBody": "",
            "insertions": 2,
            "deletions": 0
          }
        ]
      },
      {
        "insertions": 118,
        "deletions": 184,
        "date": "2019-10-24",
        "commitResults": [
          {
            "hash": "23cc73e013b4222a0c5a1256eed6e6a1d8cb8739",
            "messageTitle": "Resolve checkstyle issues on main and test",
            "messageBody": "",
            "insertions": 107,
            "deletions": 161
          },
          {
            "hash": "3341c1b9ff17038c32ef55fab5fa1f085be4b8a1",
            "messageTitle": "comment out failing test",
            "messageBody": "",
            "insertions": 11,
            "deletions": 11
          },
          {
            "hash": "14efa8cb7f4cc8273edc7dcc260eba35f3174229",
            "messageTitle": "resolve checkstyle",
            "messageBody": "",
            "insertions": 0,
            "deletions": 12
          }
        ]
      },
      {
        "insertions": 78,
        "deletions": 10,
        "date": "2019-10-30",
        "commitResults": [
          {
            "hash": "ddad6a6a708d6db798761767199660b8c65d3f01",
            "messageTitle": "HTTP Client",
            "messageBody": "",
            "insertions": 9,
            "deletions": 0
          },
          {
            "hash": "aca1e69ebc857cb90709b868f65a7e34c618a588",
            "messageTitle": "Updated UG for Currency Conversion",
            "messageBody": "",
            "insertions": 11,
            "deletions": 4
          },
          {
            "hash": "5d84fb65d7be4d9009b179e511753b33efa74c91",
            "messageTitle": "Update UG \u0026 DG",
            "messageBody": "",
            "insertions": 56,
            "deletions": 5
          },
          {
            "hash": "bb63a27f7af577d7bb3bbd426299303b1ef3361e",
            "messageTitle": "Todos",
            "messageBody": "",
            "insertions": 2,
            "deletions": 1
          }
        ]
      },
      {
        "insertions": 230,
        "deletions": 262,
        "date": "2019-10-31",
        "commitResults": [
          {
            "hash": "f47c7d027e48360de5b17a9bb68acec8d89cc164",
            "messageTitle": "Undo test cases comment",
            "messageBody": "",
            "insertions": 230,
            "deletions": 262
          }
        ]
      },
      {
        "insertions": 280,
        "deletions": 100,
        "date": "2019-11-06",
        "commitResults": [
          {
            "hash": "6a3aeca7b100e0247edd82fa1f461b65691a6389",
            "messageTitle": "Added automatic conversion of Foreign Currency",
            "messageBody": "",
            "insertions": 9,
            "deletions": 1
          },
          {
            "hash": "b13991e75597fdca3a3eac4a70e4f76d6a3c4c90",
            "messageTitle": "-Fixed broken test-cases -Added new logic for currency conversion -Added Singleton to expose conversion data",
            "messageBody": "",
            "insertions": 195,
            "deletions": 28
          },
          {
            "hash": "a52b0f3e4d265a8e09b2075b9fe0ca0f564e88fc",
            "messageTitle": "Checkstyle and CheckstyleTest correction",
            "messageBody": "",
            "insertions": 48,
            "deletions": 48
          },
          {
            "hash": "de4c6d1e534a233ab8e4cde7d1388710895abad8",
            "messageTitle": "Trigger check\u0027s rerun",
            "messageBody": "",
            "insertions": 1,
            "deletions": 1
          },
          {
            "hash": "5579ddbf03611699705434368b16c703c302cc32",
            "messageTitle": "Trigger Checks again",
            "messageBody": "",
            "insertions": 0,
            "deletions": 1
          },
          {
            "hash": "6749342eac167355b19254b61ecbd3bc41b1abbf",
            "messageTitle": "Trigger checks again",
            "messageBody": "",
            "insertions": 1,
            "deletions": 1
          },
          {
            "hash": "4739e492cf97afb1e45a929dad845d4e7fd0d472",
            "messageTitle": "PPP Draft",
            "messageBody": "",
            "insertions": 14,
            "deletions": 11
          },
          {
            "hash": "846cf72281348b8d0544551a3a4a5b7f22b39fdb",
            "messageTitle": "Correct some typos and checkstyle",
            "messageBody": "",
            "insertions": 12,
            "deletions": 9
          }
        ]
      }
    ]
  },
  "authorFinalContributionMap": {
    "Cary-Xx": 3130,
    "limxuanhui": 0,
    "choonx99": 3905,
    "muhammadaljunied": 1719
  },
  "authorFileTypeContributionMap": {
    "Cary-Xx": {
      "docs": 140,
      "tests": 305,
      "functional": 2522,
      "other": 163
    },
    "limxuanhui": {
      "docs": 0,
      "tests": 0,
      "functional": 0
    },
    "choonx99": {
      "docs": 276,
      "tests": 1658,
      "functional": 1949,
      "other": 22
    },
    "muhammadaljunied": {
      "docs": 621,
      "tests": 316,
      "functional": 781,
      "other": 1
    }
  },
  "authorContributionVariance": {
    "Cary-Xx": 226608.38,
    "limxuanhui": 0.0,
    "choonx99": 163212.23,
    "muhammadaljunied": 39385.918
  },
  "authorDisplayNameMap": {
    "Cary-Xx": "CS2103-T14-4 XIU Z ... IHENG",
    "limxuanhui": "CS2103-T14-4 LIM X ... N HUI",
    "choonx99": "CS2103-T14-4 NG CH ... N WAH",
    "muhammadaljunied": "CS2103-T14-4 SYED  ... UNIED"
  }
}
