{
  "authorDailyContributionsMap": {
    "wilfredbtan": [
      {
        "insertions": 160,
        "deletions": 78,
        "date": "2019-09-27",
        "commitResults": [
          {
            "hash": "1ff7cd4bc4e0cb68346318f11d5111e1d7022687",
            "messageTitle": "update user guide",
            "messageBody": "",
            "insertions": 155,
            "deletions": 72
          },
          {
            "hash": "cd198f89bb3a601761db7cab38895d0fdba73bfc",
            "messageTitle": "Update user guide spelling errors",
            "messageBody": "",
            "insertions": 5,
            "deletions": 6
          }
        ]
      },
      {
        "insertions": 5,
        "deletions": 5,
        "date": "2019-10-03",
        "commitResults": [
          {
            "hash": "db051b6fc06119b7469a7a58999a8a025a28edaa",
            "messageTitle": "Rename to CS2103/T Revision Tool",
            "messageBody": "",
            "insertions": 5,
            "deletions": 5
          }
        ]
      },
      {
        "insertions": 2117,
        "deletions": 3687,
        "date": "2019-10-10",
        "commitResults": [
          {
            "hash": "41d88b1562a0f314972d20e0dd3eb7b55a697865",
            "messageTitle": "remove Email class",
            "messageBody": "",
            "insertions": 89,
            "deletions": 1656
          },
          {
            "hash": "6cce2ee089bf54f765f60968ed6ab831d4b4bb1a",
            "messageTitle": "rename Name to Question",
            "messageBody": "",
            "insertions": 455,
            "deletions": 458
          },
          {
            "hash": "5846107000d6b2d7b9c0d96508f24e1e40cd69c0",
            "messageTitle": "rename Phone to Difficulty",
            "messageBody": "",
            "insertions": 177,
            "deletions": 177
          },
          {
            "hash": "84953df06ce1c807917060deab3c4609d34d78cc",
            "messageTitle": "rename Address to Category, update clisyntax prefixes. E.g. a/ to cat/",
            "messageBody": "",
            "insertions": 161,
            "deletions": 160
          },
          {
            "hash": "949d344312fab2c4a2600de0c22cebe1407236c1",
            "messageTitle": "refactor Person into Answerable",
            "messageBody": "",
            "insertions": 1235,
            "deletions": 1236
          }
        ]
      },
      {
        "insertions": 594,
        "deletions": 172,
        "date": "2019-10-11",
        "commitResults": [
          {
            "hash": "c99cbd68833bbaef7ef0f9997a0e4df86abcc0c7",
            "messageTitle": "implement basic add Question functionality",
            "messageBody": "",
            "insertions": 339,
            "deletions": 55
          },
          {
            "hash": "4d87156445f06225e40e00bbbb2fe3fa986175a7",
            "messageTitle": "correct typo errors",
            "messageBody": "",
            "insertions": 7,
            "deletions": 7
          },
          {
            "hash": "653c16b658af0e6c2f4121d4b1448ce245e05e68",
            "messageTitle": "improve add functionality to take in answers",
            "messageBody": "",
            "insertions": 236,
            "deletions": 109
          },
          {
            "hash": "c416fa0a56d4d1b7dc5a62bdb3736e8611a7335a",
            "messageTitle": "fix saving Answerable issue. Test Bank able to load Answerables",
            "messageBody": "",
            "insertions": 12,
            "deletions": 1
          }
        ]
      },
      {
        "insertions": 255,
        "deletions": 210,
        "date": "2019-10-12",
        "commitResults": [
          {
            "hash": "77487064aff690f40d31022ae5b6e4c730165b34",
            "messageTitle": "complete AddCommand. Updated Test Cases. Buggy implementation of EditCommand",
            "messageBody": "",
            "insertions": 255,
            "deletions": 210
          }
        ]
      },
      {
        "insertions": 78,
        "deletions": 53,
        "date": "2019-10-15",
        "commitResults": [
          {
            "hash": "7be13b39e6a196b20f08878aae571a24726d63af",
            "messageTitle": "pass all tests, edit and add functions properly",
            "messageBody": "",
            "insertions": 69,
            "deletions": 50
          },
          {
            "hash": "5e65d325d74a6d6c533a786e199496a6b2a15383",
            "messageTitle": "Update TracingCode.adoc",
            "messageBody": "",
            "insertions": 1,
            "deletions": 1
          },
          {
            "hash": "c1667752daf77f8cd8fe0e935a6f36862f7b3d4e",
            "messageTitle": "change edit command",
            "messageBody": "",
            "insertions": 8,
            "deletions": 2
          }
        ]
      },
      {
        "insertions": 1566,
        "deletions": 1583,
        "date": "2019-10-18",
        "commitResults": [
          {
            "hash": "c36735d3d6b8c54aed132212826892927d6bdf69",
            "messageTitle": "merged dependencies, EditCommand works",
            "messageBody": "",
            "insertions": 443,
            "deletions": 586
          },
          {
            "hash": "50008615a367c5ed0523afc5e2acbbc36b4716c2",
            "messageTitle": "fix all tests except list",
            "messageBody": "",
            "insertions": 5,
            "deletions": 18
          },
          {
            "hash": "60e45ccb2dbb45497fd45b6efc4602b11a7bfc1d",
            "messageTitle": "refactor address into revision. Update Khiang Leon\u0027s delete command",
            "messageBody": "",
            "insertions": 884,
            "deletions": 844
          },
          {
            "hash": "295f7a69e10d6d947b7bf861b8d627d86084b43e",
            "messageTitle": "prepare for merge",
            "messageBody": "",
            "insertions": 15,
            "deletions": 27
          },
          {
            "hash": "db67d69091e44ded31ca4e2c2bf85c326acd6878",
            "messageTitle": "tests passed",
            "messageBody": "",
            "insertions": 15,
            "deletions": 27
          },
          {
            "hash": "7e2b1b20bc3ca148ba91e55e4bae0da62965a71c",
            "messageTitle": "integrate multiple delete functionality",
            "messageBody": "",
            "insertions": 88,
            "deletions": 46
          },
          {
            "hash": "5f222907d1d3c430fff96c9470ae92f943ac7382",
            "messageTitle": "v1.2",
            "messageBody": "",
            "insertions": 70,
            "deletions": 9
          },
          {
            "hash": "63ade4d873e4ecd8d181291b4613ae2dec521acd",
            "messageTitle": "add JSON support for SAQ, allow duplicate Mcq and Saq with same question description",
            "messageBody": "",
            "insertions": 46,
            "deletions": 26
          }
        ]
      },
      {
        "insertions": 539,
        "deletions": 540,
        "date": "2019-10-22",
        "commitResults": [
          {
            "hash": "4ce4fda60b9a25cf296a3b0d6835360f576c1844",
            "messageTitle": "debug start quiz",
            "messageBody": "",
            "insertions": 32,
            "deletions": 34
          },
          {
            "hash": "fa102154e5f37f4ac442093c585a80b32e03386b",
            "messageTitle": "fix main screen able to show questions and answers",
            "messageBody": "",
            "insertions": 9,
            "deletions": 57
          },
          {
            "hash": "90edaa1f65fa73ec4cb28f3395ffbfac15955974",
            "messageTitle": "add labels for question type, answers, minor ui changes",
            "messageBody": "",
            "insertions": 65,
            "deletions": 8
          },
          {
            "hash": "807e226c0c4c10687274602b9b5d975dbc7df734",
            "messageTitle": "extend Window for MainWidow",
            "messageBody": "",
            "insertions": 148,
            "deletions": 98
          },
          {
            "hash": "79a31c693bb0de0b5859bb4789ce669c69a72806",
            "messageTitle": "extend Window for StartQuizWindow",
            "messageBody": "",
            "insertions": 8,
            "deletions": 113
          },
          {
            "hash": "50efe5782fcaa1db4b2db758fc47a2d88636844d",
            "messageTitle": "able to retrieve first question from answerable list",
            "messageBody": "",
            "insertions": 20,
            "deletions": 34
          },
          {
            "hash": "8e6e2faa8992d699116be1cb71e2060fe0a6fc19",
            "messageTitle": "complete iterator through quiz functionality, end popup can be displayed",
            "messageBody": "",
            "insertions": 193,
            "deletions": 36
          },
          {
            "hash": "2bdfaf1d3545655d11cf64323c3a61f98bea97a1",
            "messageTitle": "implement quiz end and quiz restart",
            "messageBody": "",
            "insertions": 64,
            "deletions": 160
          }
        ]
      },
      {
        "insertions": 464,
        "deletions": 241,
        "date": "2019-10-23",
        "commitResults": [
          {
            "hash": "1fe4b230b162f3bef1f522b0377b282b24ad3444",
            "messageTitle": "complete quiz functionality. Start by cat/diff. Able to restart/quit upon end.",
            "messageBody": "",
            "insertions": 318,
            "deletions": 188
          },
          {
            "hash": "ad376615732ec3232a176ba6ba4147688eadfb53",
            "messageTitle": "partially fix filter list issue when quiz is start with a category/diff",
            "messageBody": "",
            "insertions": 11,
            "deletions": 1
          },
          {
            "hash": "b547a77e406803b30c23fc889a230d0d09ec425b",
            "messageTitle": "add progress bar for quiz",
            "messageBody": "",
            "insertions": 118,
            "deletions": 10
          },
          {
            "hash": "a4c3e05f36cbccaac61bb242e14d8c728d4f1025",
            "messageTitle": "add number progress to progress bar",
            "messageBody": "",
            "insertions": 2,
            "deletions": 2
          },
          {
            "hash": "49935f5a5ff4b553d0bd4974256c5ca31a09d7cd",
            "messageTitle": "clean up code",
            "messageBody": "",
            "insertions": 11,
            "deletions": 38
          },
          {
            "hash": "8468d47bfe762d847b0f26606448c8bdda95b48b",
            "messageTitle": "fix minor bug for progress bar",
            "messageBody": "",
            "insertions": 4,
            "deletions": 2
          }
        ]
      },
      {
        "insertions": 1274,
        "deletions": 1365,
        "date": "2019-10-29",
        "commitResults": [
          {
            "hash": "d0f7b4ee80e3feb1f32b8c2bbcd187359350af9c",
            "messageTitle": "validate EditCommand",
            "messageBody": "",
            "insertions": 182,
            "deletions": 45
          },
          {
            "hash": "494fe7171de326aca6fb02232dddb3bde84e014c",
            "messageTitle": "change Answer into concrete class",
            "messageBody": "",
            "insertions": 203,
            "deletions": 49
          },
          {
            "hash": "30d231be2cf5fadaaab0e0a0d264a2bec6e61bc9",
            "messageTitle": "improve edit to allow only true/false for T/F questions. Any x/ is is ommitted.",
            "messageBody": "",
            "insertions": 145,
            "deletions": 483
          },
          {
            "hash": "a45ee5ef14502f5d7737593814a3870f04710674",
            "messageTitle": "working TrueFalse in quiz mode",
            "messageBody": "",
            "insertions": 8,
            "deletions": 6
          },
          {
            "hash": "bb4b60b94b36dfb1c74ea998d52cbcac5662f784",
            "messageTitle": "pass checkstyle",
            "messageBody": "",
            "insertions": 94,
            "deletions": 164
          },
          {
            "hash": "9aac39435ad34cc5905a66f74fe69825bfdfe7db",
            "messageTitle": "start quiz with mode",
            "messageBody": "",
            "insertions": 71,
            "deletions": 41
          },
          {
            "hash": "498c4fc88043e5cf3908c9c143e56622b96d314a",
            "messageTitle": "refactor ListCommand to take in only one Predicate\u003cAnswerable\u003e",
            "messageBody": "",
            "insertions": 35,
            "deletions": 35
          },
          {
            "hash": "ea205d2d46887bbf1a7aae231523a14362a722b4",
            "messageTitle": "implement sort and filter for question bank",
            "messageBody": "",
            "insertions": 116,
            "deletions": 77
          },
          {
            "hash": "d48966c90a346b451973923c5c4247a7ce4738bf",
            "messageTitle": "remove QuizLogic",
            "messageBody": "",
            "insertions": 55,
            "deletions": 171
          },
          {
            "hash": "2119a1ce9a65cba92c2bbec5ee1275077c78d326",
            "messageTitle": "implement Normal Mode structure when starting quiz",
            "messageBody": "",
            "insertions": 76,
            "deletions": 59
          },
          {
            "hash": "50ecbbc13fd3d65acd08ddfcea08bb0e698aa204",
            "messageTitle": "implement progression to next level in quiz session",
            "messageBody": "",
            "insertions": 66,
            "deletions": 29
          },
          {
            "hash": "aa360aaf8d3065336a20229b4128b167bc7fc216",
            "messageTitle": "implement flexible UI between True/False and MCQ",
            "messageBody": "",
            "insertions": 27,
            "deletions": 42
          },
          {
            "hash": "ca3799aa4e4bcf0eadd4e5d50b69bc709df15289",
            "messageTitle": "update UI for mcq and TrueFalse",
            "messageBody": "",
            "insertions": 11,
            "deletions": 9
          },
          {
            "hash": "6ca55d1158e7527aa16220aff949d71babe5a7b7",
            "messageTitle": "refactor CommandResult into a factory class",
            "messageBody": "",
            "insertions": 185,
            "deletions": 155
          }
        ]
      },
      {
        "insertions": 45,
        "deletions": 42,
        "date": "2019-10-30",
        "commitResults": [
          {
            "hash": "ab1e6614276b75d87d56961759cd0ebff3773604",
            "messageTitle": "update user guide",
            "messageBody": "",
            "insertions": 45,
            "deletions": 42
          }
        ]
      },
      {
        "insertions": 597,
        "deletions": 557,
        "date": "2019-10-31",
        "commitResults": [
          {
            "hash": "e699e8795eef92597977b18d7f86a9c0e89973f1",
            "messageTitle": "update UserGuide, add customisable timer, extend Mode for NormalMode",
            "messageBody": "",
            "insertions": 181,
            "deletions": 102
          },
          {
            "hash": "c1fa388a8371dfd3cf985ce4351530eaabcf35af",
            "messageTitle": "add Custom Mode",
            "messageBody": "",
            "insertions": 54,
            "deletions": 9
          },
          {
            "hash": "963db89e169b9f9ed4346a157b4e6a2b4e5a3742",
            "messageTitle": "set Answer word limit and update SampleDataUtil",
            "messageBody": "",
            "insertions": 118,
            "deletions": 140
          },
          {
            "hash": "4f37a59c2cb444ac22718c4a71b56158933304a1",
            "messageTitle": "clean up SampleDataUtil",
            "messageBody": "",
            "insertions": 13,
            "deletions": 25
          },
          {
            "hash": "b1116a126efb222a9756bcce882945d9f985318a",
            "messageTitle": "pass checkstyle",
            "messageBody": "",
            "insertions": 180,
            "deletions": 230
          },
          {
            "hash": "123201e47d34ab81bb960e877e6f202f167d63ac",
            "messageTitle": "minor ui updates",
            "messageBody": "",
            "insertions": 24,
            "deletions": 20
          },
          {
            "hash": "49339a20a4aff847784c788195c78b73071f087b",
            "messageTitle": "enable ui to change between mcq, saq, truefalse",
            "messageBody": "",
            "insertions": 27,
            "deletions": 25
          },
          {
            "hash": "7b54fffa21bcbc7b5a14176f558a7b02bc6f4332",
            "messageTitle": "pass checkstyle",
            "messageBody": "",
            "insertions": 0,
            "deletions": 6
          }
        ]
      },
      {
        "insertions": 108,
        "deletions": 13,
        "date": "2019-11-01",
        "commitResults": [
          {
            "hash": "279a6abda190da0cae784a2b3d7e131424469ac1",
            "messageTitle": "update ui",
            "messageBody": "",
            "insertions": 6,
            "deletions": 2
          },
          {
            "hash": "52355a55a0cd5703202c152bb1afa08c8db6551f",
            "messageTitle": "update user guide with quiz mode",
            "messageBody": "",
            "insertions": 27,
            "deletions": 5
          },
          {
            "hash": "ef2db8fd953a98b8d00dd234a151a867580ec9c7",
            "messageTitle": "add EOF",
            "messageBody": "",
            "insertions": 1,
            "deletions": 1
          },
          {
            "hash": "d8e9c58e180ccd33301fa71a0484ef0371b9c6c0",
            "messageTitle": "give Window subclasses their own FXML",
            "messageBody": "",
            "insertions": 74,
            "deletions": 5
          }
        ]
      },
      {
        "insertions": 344,
        "deletions": 268,
        "date": "2019-11-02",
        "commitResults": [
          {
            "hash": "9e0bbaa86f79adf8785b4c0e694edd5a9d4c02a0",
            "messageTitle": "refactor mode, remove need to get list by mode",
            "messageBody": "",
            "insertions": 30,
            "deletions": 64
          },
          {
            "hash": "3b7597e415163bc98a5bfc7f2d477e71e10654aa",
            "messageTitle": "add Modes enum",
            "messageBody": "",
            "insertions": 30,
            "deletions": 25
          },
          {
            "hash": "cd894cfcb432a276288700ee4c65bf1ecd1e17c0",
            "messageTitle": "make mcq/tf buttons unclickable",
            "messageBody": "",
            "insertions": 45,
            "deletions": 55
          },
          {
            "hash": "7f5cd2aba685d380f4f7a9efd34b5ab6f5b2eadc",
            "messageTitle": "add icons to quiz popups",
            "messageBody": "",
            "insertions": 46,
            "deletions": 28
          },
          {
            "hash": "94b71e8209e66b6a5b87e0c70b4e3943a67ea15b",
            "messageTitle": "change ui color",
            "messageBody": "",
            "insertions": 76,
            "deletions": 60
          },
          {
            "hash": "50024998c04df4b583f66d10b3f11d74da22d063",
            "messageTitle": "add level label and touch up ui",
            "messageBody": "",
            "insertions": 117,
            "deletions": 36
          }
        ]
      },
      {
        "insertions": 712,
        "deletions": 1260,
        "date": "2019-11-03",
        "commitResults": [
          {
            "hash": "d409dbeb62dcf6dd8cfad60bbff800d01527924b",
            "messageTitle": "add AnswerTest, improve QuestionTest, add McqBuilder class",
            "messageBody": "",
            "insertions": 228,
            "deletions": 146
          },
          {
            "hash": "c0f094210e8bc82826bf3a43b86995b13e363957",
            "messageTitle": "add tests for Mcq class",
            "messageBody": "",
            "insertions": 167,
            "deletions": 101
          },
          {
            "hash": "b77fbc6f9901e0d0edec2d57ab1a7a7fa2f8efc9",
            "messageTitle": "pass checkstyle and tests",
            "messageBody": "",
            "insertions": 41,
            "deletions": 40
          },
          {
            "hash": "ed4544ad9f357e40d025f1d2af2e019b08837a81",
            "messageTitle": "remove duplicate UserGuide",
            "messageBody": "",
            "insertions": 0,
            "deletions": 803
          },
          {
            "hash": "475116635bb860cf99f10c39ba86d88539f97e35",
            "messageTitle": "update icon",
            "messageBody": "",
            "insertions": 4,
            "deletions": 5
          },
          {
            "hash": "0ec69ee0d852f33d46bce77eff760eccf3df3c3a",
            "messageTitle": "improve duplicate Answerable check by making notion of equality weaker",
            "messageBody": "",
            "insertions": 32,
            "deletions": 38
          },
          {
            "hash": "cad326573e1d2a59fdf76176d11d4cb8bd9d4848",
            "messageTitle": "make valid answer check more stringent by ensuring no duplicates",
            "messageBody": "",
            "insertions": 10,
            "deletions": 4
          },
          {
            "hash": "f793145c482c3489b7e63951e8b825cdaa232c65",
            "messageTitle": "fix timer bug for HelpCommand and restarting timer whenever a wrong input is given",
            "messageBody": "",
            "insertions": 12,
            "deletions": 5
          },
          {
            "hash": "7b200d1f68fbd66cf45ee7bb80b926f30778e58a",
            "messageTitle": "fix EditCommand by disallowing change of mcq types or multiple correct, restore list to original size when exiting the quiz",
            "messageBody": "",
            "insertions": 38,
            "deletions": 33
          },
          {
            "hash": "866c034ac37303135884b89f224ffbae24eec555",
            "messageTitle": "add second ui image to display quiz mode",
            "messageBody": "",
            "insertions": 1,
            "deletions": 0
          },
          {
            "hash": "bed8b8c23764be50a83c899495a9a67504456f70",
            "messageTitle": "add tests for EditCommandTest, EditCommandParserTest, QuizCommandParserTest, AddCommandParserTest, McqTest",
            "messageBody": "",
            "insertions": 164,
            "deletions": 68
          },
          {
            "hash": "e162468b989203980dbf443140ad2d8a9c27ea73",
            "messageTitle": "pass checkstyle",
            "messageBody": "",
            "insertions": 15,
            "deletions": 17
          }
        ]
      }
    ],
    "neoshh": [
      {
        "insertions": 62,
        "deletions": 15,
        "date": "2019-09-30",
        "commitResults": [
          {
            "hash": "c1782319e25a2f443cc06db74818929c5f356dbc",
            "messageTitle": "added user stories to developer guide",
            "messageBody": "",
            "insertions": 62,
            "deletions": 15
          }
        ]
      },
      {
        "insertions": 20,
        "deletions": 51,
        "date": "2019-10-01",
        "commitResults": [
          {
            "hash": "7400d30d0a4f66aa99e93b035d57b1b28b1f87d2",
            "messageTitle": "added implementation to developer guide",
            "messageBody": "",
            "insertions": 20,
            "deletions": 51
          }
        ]
      },
      {
        "insertions": 174,
        "deletions": 5,
        "date": "2019-10-29",
        "commitResults": [
          {
            "hash": "352a531b4a1f550bc16bfa8e9d4867420c95566f",
            "messageTitle": "added StanfordCoreNLP Pipeline class",
            "messageBody": "",
            "insertions": 29,
            "deletions": 0
          },
          {
            "hash": "be5c40c0403ba621eae8813b9f74b7e639bb0a5a",
            "messageTitle": "added AnswerChecker Class",
            "messageBody": "",
            "insertions": 50,
            "deletions": 0
          },
          {
            "hash": "d1046d813cb2d38e2c5f2076f726cdbdd032c79d",
            "messageTitle": "added keywords analysis to AnswerChecker class",
            "messageBody": "",
            "insertions": 7,
            "deletions": 3
          },
          {
            "hash": "974fea394d19e16f03c76766dbbefd75de6eff36",
            "messageTitle": "added sentiment analysis to AnswerChecker class",
            "messageBody": "",
            "insertions": 19,
            "deletions": 2
          },
          {
            "hash": "f3b77d7c3d51844f2067985ca38a49979a2f8420",
            "messageTitle": "added SaqInputCommand and parser",
            "messageBody": "",
            "insertions": 69,
            "deletions": 0
          }
        ]
      },
      {
        "insertions": 107,
        "deletions": 90,
        "date": "2019-10-30",
        "commitResults": [
          {
            "hash": "d69ac2576ae4707829c41fbb049112d4248e8295",
            "messageTitle": "added SaqAnswersGridPane class",
            "messageBody": "",
            "insertions": 61,
            "deletions": 1
          },
          {
            "hash": "a423be4fff0493a4317db05eb44d020f8b26cbd0",
            "messageTitle": "update isCorrect method in Saq class",
            "messageBody": "",
            "insertions": 17,
            "deletions": 2
          },
          {
            "hash": "12f59d973872a888857c014e0da3b1430f966671",
            "messageTitle": "update QuizCommandParser to parse Saq input",
            "messageBody": "",
            "insertions": 29,
            "deletions": 87
          }
        ]
      },
      {
        "insertions": 108,
        "deletions": 21,
        "date": "2019-10-31",
        "commitResults": [
          {
            "hash": "b6f9dd2fc3bda3391c9a3c7f6b9f2b08eaa4717f",
            "messageTitle": "update saq AnswerChecker to check for numbers in number format and word format",
            "messageBody": "",
            "insertions": 12,
            "deletions": 3
          },
          {
            "hash": "1b217e5a8c1923207b57d00484d593983de3f779",
            "messageTitle": "added javadoc for answerchecker class",
            "messageBody": "",
            "insertions": 28,
            "deletions": 3
          },
          {
            "hash": "3c8bf9624d5fac18473d24ed24cb98ebfcad1013",
            "messageTitle": "resolved some travis issues",
            "messageBody": "",
            "insertions": 16,
            "deletions": 15
          },
          {
            "hash": "a6b8d5d83576d3172f689d567146d0cd8c4a54aa",
            "messageTitle": "added SaqAnswersGridPane to initialise an empty pane for Saq",
            "messageBody": "",
            "insertions": 52,
            "deletions": 0
          }
        ]
      }
    ],
    "jxofficial": [
      {
        "insertions": 29,
        "deletions": 23,
        "date": "2019-09-26",
        "commitResults": [
          {
            "hash": "54290b74968fca70cd3aa54229fce5fbdedd5037",
            "messageTitle": "Edit team member names and roles Add jxofficial.png to docs/images folder",
            "messageBody": "",
            "insertions": 27,
            "deletions": 19
          },
          {
            "hash": "46e65a6ca39eceb1f26549d01afca6216ed58fbd",
            "messageTitle": "Edit email and repo link",
            "messageBody": "",
            "insertions": 2,
            "deletions": 4
          }
        ]
      },
      {
        "insertions": 4,
        "deletions": 4,
        "date": "2019-09-27",
        "commitResults": [
          {
            "hash": "e065cd6769989ba1fc716f7ae9269cedcb330b58",
            "messageTitle": "Add member pictures into aboutUs.adoc",
            "messageBody": "",
            "insertions": 4,
            "deletions": 4
          }
        ]
      },
      {
        "insertions": 432,
        "deletions": 415,
        "date": "2019-10-15",
        "commitResults": [
          {
            "hash": "550e85e2e2f21df70faa8fdc3d253a83f191e7a8",
            "messageTitle": "Implement list functionality by category and difficulty",
            "messageBody": "",
            "insertions": 427,
            "deletions": 410
          },
          {
            "hash": "62e3cb6070b21724a98957b900243e167246c7fb",
            "messageTitle": "Prepare for pull",
            "messageBody": "",
            "insertions": 1,
            "deletions": 1
          },
          {
            "hash": "cfaa209af9199675307315a6f86cf7ec848c50e3",
            "messageTitle": "Correct typos",
            "messageBody": "",
            "insertions": 4,
            "deletions": 4
          }
        ]
      },
      {
        "insertions": 203,
        "deletions": 14,
        "date": "2019-10-18",
        "commitResults": [
          {
            "hash": "954ec421b3c43d799ccc5907b47829aa9691a8bd",
            "messageTitle": "Display fixed answers on AnswerableListPanel",
            "messageBody": "",
            "insertions": 127,
            "deletions": 2
          },
          {
            "hash": "944ceaaa0039a03b1603984adb42313f8efc74bf",
            "messageTitle": "Fit all four MCQ options into AnswersGridPane",
            "messageBody": "",
            "insertions": 76,
            "deletions": 12
          }
        ]
      },
      {
        "insertions": 47,
        "deletions": 86,
        "date": "2019-10-21",
        "commitResults": [
          {
            "hash": "4ca983a6a074f7231067c6c7b1cfd7680e08c2a4",
            "messageTitle": "Remove AnswerableListPanelWithAnswers.java",
            "messageBody": "",
            "insertions": 0,
            "deletions": 48
          },
          {
            "hash": "126a511e72c3fa2e481773ce8e4a85bba8afd19d",
            "messageTitle": "Implement combinedAnswerSet in Answerable.java",
            "messageBody": "",
            "insertions": 47,
            "deletions": 38
          }
        ]
      },
      {
        "insertions": 507,
        "deletions": 241,
        "date": "2019-10-22",
        "commitResults": [
          {
            "hash": "65acf84d1d624cb4f52213ad4d2dcbb5692b1360",
            "messageTitle": "Implement QuizParser, McqInputCommand, McqInputCommandParser Implement overloaded execute method in LogicManager",
            "messageBody": "",
            "insertions": 282,
            "deletions": 93
          },
          {
            "hash": "8f31b45b833b74446cb9d83050e741823f02d279",
            "messageTitle": "Add QuizLogicManager Refactor Logic to MainLogic",
            "messageBody": "",
            "insertions": 225,
            "deletions": 148
          }
        ]
      },
      {
        "insertions": 14,
        "deletions": 9,
        "date": "2019-10-24",
        "commitResults": [
          {
            "hash": "217b0d94931d988954ce4c79b2c6c3b95d72e85d",
            "messageTitle": "Implement UI messages to inform user to type \u0027list\u0027 after: start cat/nosuchcat or escape quiz",
            "messageBody": "",
            "insertions": 14,
            "deletions": 9
          }
        ]
      },
      {
        "insertions": 350,
        "deletions": 150,
        "date": "2019-10-25",
        "commitResults": [
          {
            "hash": "107334f1bf78ef57f81db370e32c2c470ee7c5f8",
            "messageTitle": "Refactor AddCommandParser#validfyQuestionType",
            "messageBody": "",
            "insertions": 100,
            "deletions": 23
          },
          {
            "hash": "487d68f3ab9109f6a0d15419e6db8e3fead02422",
            "messageTitle": "Refactor AddCommandParser to parse mcq, tf and saq",
            "messageBody": "",
            "insertions": 250,
            "deletions": 127
          }
        ]
      },
      {
        "insertions": 47,
        "deletions": 30,
        "date": "2019-10-26",
        "commitResults": [
          {
            "hash": "676e5c2d8cdef14ae1ca0bac23de434863ca1f1c",
            "messageTitle": "Unstable copy for tutor to debug, problems with accessing question type in EditCommandParser",
            "messageBody": "",
            "insertions": 47,
            "deletions": 30
          }
        ]
      },
      {
        "insertions": 362,
        "deletions": 59,
        "date": "2019-10-28",
        "commitResults": [
          {
            "hash": "832b53f843f6e2cbcfd4f1786300a705741a23f0",
            "messageTitle": "Add TfAnswersGridPane.fxml Add and Edit commands working User forced to input type/ for EditCommandParser, can be easily abused by user because input type/ should be same as the Answerable to be edited JsonAdaptedAnswerable#toModelType not working",
            "messageBody": "",
            "insertions": 357,
            "deletions": 59
          },
          {
            "hash": "8fa90e3396ea06910f7e2de2baa3658f1d2a24c5",
            "messageTitle": "Resolved missing Answer.java import statements Issues with locating Answerable class",
            "messageBody": "",
            "insertions": 5,
            "deletions": 0
          }
        ]
      },
      {
        "insertions": 94,
        "deletions": 30,
        "date": "2019-10-29",
        "commitResults": [
          {
            "hash": "29d7184d97bbccdc680094635cb9b387afa67d6c",
            "messageTitle": "Change Progress bar and timer UI (side by side)",
            "messageBody": "",
            "insertions": 0,
            "deletions": 0
          },
          {
            "hash": "e22ae38f916aba57f145f80165e48b645d114ce8",
            "messageTitle": "no message",
            "messageBody": "",
            "insertions": 94,
            "deletions": 30
          }
        ]
      },
      {
        "insertions": 214,
        "deletions": 71,
        "date": "2019-10-30",
        "commitResults": [
          {
            "hash": "94552eb3a7885ba95940887eff084b09658399fe",
            "messageTitle": "Implement timer countdown functionality",
            "messageBody": "",
            "insertions": 150,
            "deletions": 23
          },
          {
            "hash": "85bb55969a60e069409290dd1cb2089aacb1e403",
            "messageTitle": "Make timer stop after every command in StartQuizWindow#executeCommand",
            "messageBody": "",
            "insertions": 37,
            "deletions": 25
          },
          {
            "hash": "c4b28d3c0753e9003d23e80c552efee9555258e6",
            "messageTitle": "Fix progress bar to show 8/8 Fix popup window displaying when user inputs command Todo: popup when timer reaches 0 for last question of level",
            "messageBody": "",
            "insertions": 15,
            "deletions": 12
          },
          {
            "hash": "168781d02889f1bd7bacd8c5916e3bd4eed3d831",
            "messageTitle": "Shift order of code in startQuizWindow#executeCommand 1. update bar 2. check if next question is next stage, if yes, confirmation message then create new timer and bar if no, reset timer 3. update the question options and question text",
            "messageBody": "",
            "insertions": 12,
            "deletions": 11
          }
        ]
      },
      {
        "insertions": 278,
        "deletions": 99,
        "date": "2019-10-31",
        "commitResults": [
          {
            "hash": "efe05abc693d82c4d0cd310acfdc6561d37c3b2d",
            "messageTitle": "Add CustomMode.java",
            "messageBody": "",
            "insertions": 83,
            "deletions": 3
          },
          {
            "hash": "08ea46e4159f09a1b1da9c63d6e9d938f7431bd6",
            "messageTitle": "Refactor CustomMode to factory to accomodate optional values for timer, category and difficulty",
            "messageBody": "",
            "insertions": 32,
            "deletions": 28
          },
          {
            "hash": "cb58bad836ceb2543b0c339893d00393b26a8692",
            "messageTitle": "-",
            "messageBody": "",
            "insertions": 5,
            "deletions": 5
          },
          {
            "hash": "3ec80cdcd3dde7c4339bcc883d8cb99aa91dfe84",
            "messageTitle": "Edit StartQuizCommandParser to parse predicates",
            "messageBody": "",
            "insertions": 66,
            "deletions": 21
          },
          {
            "hash": "57630269ac1d669660abb76b03680d569911df88",
            "messageTitle": "Implement custom mode v1.0",
            "messageBody": "",
            "insertions": 91,
            "deletions": 41
          },
          {
            "hash": "08136bb4357c62b8d9476554ff362b3151fd0f7d",
            "messageTitle": "Resolve bug in ArcadeMode",
            "messageBody": "",
            "insertions": 1,
            "deletions": 1
          }
        ]
      }
    ],
    "khiangleon": [
      {
        "insertions": 22,
        "deletions": 22,
        "date": "2019-10-03",
        "commitResults": [
          {
            "hash": "a8e344ac8e14ca77bfd6be071b8da92b208c1590",
            "messageTitle": "Setting up project",
            "messageBody": "",
            "insertions": 7,
            "deletions": 8
          },
          {
            "hash": "45466d1a5f767f6ef4d33052589530b267aad98a",
            "messageTitle": "Tutorial 1 - Tracing a command execution path",
            "messageBody": "",
            "insertions": 5,
            "deletions": 0
          },
          {
            "hash": "0d92338dc28bd9a9a828c618a043202b5ba301f7",
            "messageTitle": "Add UI mockup, update README.adoc, update links of badges, Travis, update website heading",
            "messageBody": "",
            "insertions": 6,
            "deletions": 8
          },
          {
            "hash": "ecbcb4fc11fd077ada9c8e25bc96c00276bd2a51",
            "messageTitle": "Remove trailing white space",
            "messageBody": "",
            "insertions": 1,
            "deletions": 2
          },
          {
            "hash": "5d4d6305f43f9b41545fc95c5da969bf2cc28172",
            "messageTitle": "Add new line",
            "messageBody": "",
            "insertions": 2,
            "deletions": 2
          },
          {
            "hash": "d75bf4486989239db69ee6d75af29daa0667a7fb",
            "messageTitle": "Remove learning outcomes",
            "messageBody": "",
            "insertions": 0,
            "deletions": 1
          },
          {
            "hash": "e697084f98dbad32368997821672c40f6e9b7a70",
            "messageTitle": "Edit",
            "messageBody": "",
            "insertions": 1,
            "deletions": 1
          }
        ]
      },
      {
        "insertions": 1,
        "deletions": 0,
        "date": "2019-10-04",
        "commitResults": [
          {
            "hash": "363b80321de5d25d73e1b62caa8ec816dc0cf067",
            "messageTitle": "Add Netlify",
            "messageBody": "",
            "insertions": 1,
            "deletions": 0
          }
        ]
      },
      {
        "insertions": 241,
        "deletions": 180,
        "date": "2019-10-24",
        "commitResults": [
          {
            "hash": "49939795d59d3d3d28d26ee7280eebec00e031d6",
            "messageTitle": "Correcting checkstyle",
            "messageBody": "",
            "insertions": 241,
            "deletions": 180
          }
        ]
      },
      {
        "insertions": 237,
        "deletions": 181,
        "date": "2019-10-25",
        "commitResults": [
          {
            "hash": "b241ad597c1aa9b64a95d51b5a4d06229ec78029",
            "messageTitle": "Resolves checkstyle",
            "messageBody": "",
            "insertions": 236,
            "deletions": 180
          },
          {
            "hash": "da28d7f03f9b8e7d01e222092fd8c80596f70a65",
            "messageTitle": "Add new line",
            "messageBody": "",
            "insertions": 1,
            "deletions": 1
          }
        ]
      },
      {
        "insertions": 162,
        "deletions": 17,
        "date": "2019-10-27",
        "commitResults": [
          {
            "hash": "d45626ef73891b45539067c4a1cef412593091f6",
            "messageTitle": "Add and load sample data for mcq",
            "messageBody": "",
            "insertions": 162,
            "deletions": 17
          }
        ]
      }
    ],
    "ShaunNgTX": [
      {
        "insertions": 7,
        "deletions": 7,
        "date": "2019-09-27",
        "commitResults": [
          {
            "hash": "6dfb7c7ac7e8de1399bda6d74a23559be6ceaa87",
            "messageTitle": "Update DeveloperGuide",
            "messageBody": "",
            "insertions": 2,
            "deletions": 2
          },
          {
            "hash": "91a78608cc4099ab28c8da8fd44381c7367f68a2",
            "messageTitle": "Update DeveloperGuide (till line 160 - no UML)",
            "messageBody": "",
            "insertions": 5,
            "deletions": 5
          }
        ]
      },
      {
        "insertions": 9,
        "deletions": 9,
        "date": "2019-09-30",
        "commitResults": [
          {
            "hash": "4ed7e1294c354da861056390a3ee1fe719990bdd",
            "messageTitle": "Update DeveloperGuide (till line 152 - UML Settled)",
            "messageBody": "",
            "insertions": 9,
            "deletions": 9
          }
        ]
      },
      {
        "insertions": 112,
        "deletions": 2,
        "date": "2019-10-15",
        "commitResults": [
          {
            "hash": "d4b9ce95261478aa55d83b1b5dd6ca1b360ca469",
            "messageTitle": "add StartQuizCommand.java and StartQuizParser.java",
            "messageBody": "",
            "insertions": 99,
            "deletions": 0
          },
          {
            "hash": "04bd90fb3761844a1e80e53d8b763877a89fee62",
            "messageTitle": "aded in dependecies for StartQuizCommand.java",
            "messageBody": "",
            "insertions": 10,
            "deletions": 2
          },
          {
            "hash": "76239ec238f3a3af1c823251a4664623c490d74e",
            "messageTitle": "Testing hard code stuff",
            "messageBody": "",
            "insertions": 3,
            "deletions": 0
          }
        ]
      },
      {
        "insertions": 151,
        "deletions": 16,
        "date": "2019-10-16",
        "commitResults": [
          {
            "hash": "eaa02b3558d1446d9a6dc82f8876eefde1d7c0dd",
            "messageTitle": "Added StartQuizCommand.java and StartQuizCommandParser.java  - parser might not be used",
            "messageBody": "",
            "insertions": 4,
            "deletions": 9
          },
          {
            "hash": "65e749122aceafab5a6be59b097afb581bfe20a0",
            "messageTitle": "Added AnswerableCardWithAnswers.java - this file is supposed to set display to UI with answers shown Updated AnswerableListCard.fxml to allow ONE ui to show answer",
            "messageBody": "",
            "insertions": 120,
            "deletions": 2
          },
          {
            "hash": "0ef866fadad3296307e5ed04788e04067745c1ae",
            "messageTitle": "Updated AnswerableListCard.fxml to allow ONE ui to show answer",
            "messageBody": "",
            "insertions": 1,
            "deletions": 0
          },
          {
            "hash": "ec84233f88a9dac91feeacf380922f923ebf565e",
            "messageTitle": "Updated AnswerableListPanel.java to provide on more setGraphic method to call answer UI (incomplete)",
            "messageBody": "",
            "insertions": 3,
            "deletions": 0
          },
          {
            "hash": "804da2b0d9bb4c258b165e8cc3dcaf6f38058e73",
            "messageTitle": "Updated AnswerSet.java to include a combinedAnswerSet - includes both wrong and correct answers",
            "messageBody": "",
            "insertions": 23,
            "deletions": 5
          }
        ]
      },
      {
        "insertions": 80,
        "deletions": 0,
        "date": "2019-10-19",
        "commitResults": [
          {
            "hash": "e99df7d36986d84c021c658057e21b3acb9585a7",
            "messageTitle": "Edit StartWindow.fxml and created AnswerableListPanelWithAnswers.fxml",
            "messageBody": "",
            "insertions": 80,
            "deletions": 0
          }
        ]
      },
      {
        "insertions": 285,
        "deletions": 50,
        "date": "2019-10-21",
        "commitResults": [
          {
            "hash": "79e94c4f3242749e5cb5a368873d76da26d78a73",
            "messageTitle": "Pulled from JX and made startQuiz 2 separate screens",
            "messageBody": "",
            "insertions": 285,
            "deletions": 50
          }
        ]
      },
      {
        "insertions": 1,
        "deletions": 1,
        "date": "2019-10-26",
        "commitResults": [
          {
            "hash": "3fe25f8dd44aa39af8133274e65aacf46ac7575a",
            "messageTitle": "Edited AddCommand help message",
            "messageBody": "",
            "insertions": 1,
            "deletions": 1
          }
        ]
      },
      {
        "insertions": 315,
        "deletions": 31,
        "date": "2019-10-27",
        "commitResults": [
          {
            "hash": "787b83d0ef0dc8c3cf58c8fbee2add578b133e3f",
            "messageTitle": "Created RestoreCommand and related files to support restore command",
            "messageBody": "",
            "insertions": 22,
            "deletions": 0
          },
          {
            "hash": "960897174355d014021b6527851dc9c2e7b046e4",
            "messageTitle": "Edited RestoreCommand files and MainWindow and RestoreWindow to make restore command have a dummy pop up",
            "messageBody": "",
            "insertions": 224,
            "deletions": 14
          },
          {
            "hash": "fbeb6babf159b9c23d97c5e7490a16b966007a0d",
            "messageTitle": "Restore command - upon clicking \"yes\" at the pop up will delete the addressbook.json",
            "messageBody": "",
            "insertions": 69,
            "deletions": 17
          }
        ]
      },
      {
        "insertions": 42,
        "deletions": 28,
        "date": "2019-10-28",
        "commitResults": [
          {
            "hash": "2fd679ce8eca7baae46cdcfb3a000152c5f5da0b",
            "messageTitle": "Pass model file in to mainWindow for Restore",
            "messageBody": "",
            "insertions": 25,
            "deletions": 13
          },
          {
            "hash": "c1d49f215eb04b4ee6ee76c4991252928e25751a",
            "messageTitle": "Used SampleDataUtil to restore questions - working",
            "messageBody": "",
            "insertions": 17,
            "deletions": 15
          }
        ]
      },
      {
        "insertions": 5,
        "deletions": 172,
        "date": "2019-10-29",
        "commitResults": [
          {
            "hash": "912bc0e5a329a4125480019b89026380c344795d",
            "messageTitle": "Updated Restore Command to remove unnecssary files and removed overloaded commandResult",
            "messageBody": "",
            "insertions": 5,
            "deletions": 172
          }
        ]
      },
      {
        "insertions": 153,
        "deletions": 9,
        "date": "2019-10-30",
        "commitResults": [
          {
            "hash": "0a1aa49658486eb2d8ec122ba3d2d631743a62ed",
            "messageTitle": "Added AutoComplete feature. Ammended CommandBox java and fxml file to support",
            "messageBody": "",
            "insertions": 150,
            "deletions": 9
          },
          {
            "hash": "343b6316f75396eee36397ae08b579b407000b05",
            "messageTitle": "added more command_usage for autoComplete function in AddCommand.java and ListCommand.java",
            "messageBody": "",
            "insertions": 3,
            "deletions": 0
          }
        ]
      },
      {
        "insertions": 60,
        "deletions": 25,
        "date": "2019-10-31",
        "commitResults": [
          {
            "hash": "d4943c93d6bab329eeaba543fb33fa48d4d89229",
            "messageTitle": "Edited files for checkstyle Edited test cases (added questionType in json file)",
            "messageBody": "",
            "insertions": 23,
            "deletions": 13
          },
          {
            "hash": "0311691131a9035bace33987b224509717dcb065",
            "messageTitle": "add eof for McqAnswersGridPane.fxml and TfAnswersGridPane.fxml",
            "messageBody": "",
            "insertions": 2,
            "deletions": 2
          },
          {
            "hash": "93625cb5755f1f4a920ef457bc69bb85ea0910f1",
            "messageTitle": "Add \"start mode/\" command for the autocomplete",
            "messageBody": "",
            "insertions": 3,
            "deletions": 1
          },
          {
            "hash": "4a6ab5b1b41d6708b1afe1e93dd7693d90baf117",
            "messageTitle": "Updated user guide",
            "messageBody": "",
            "insertions": 31,
            "deletions": 8
          },
          {
            "hash": "391fd70d5080e47eb26ef691fb8d43775a959f46",
            "messageTitle": "Edit helpCommand URL",
            "messageBody": "",
            "insertions": 1,
            "deletions": 1
          }
        ]
      }
    ]
  },
  "authorFinalContributionMap": {
    "wilfredbtan": 4738,
    "neoshh": 335,
    "jxofficial": 1363,
    "khiangleon": 371,
    "ShaunNgTX": 408
  },
  "authorFileTypeContributionMap": {
    "wilfredbtan": {
      "docs": 168,
      "tests": 1618,
      "functional": 2950,
      "other": 2
    },
    "neoshh": {
      "docs": 78,
      "tests": 0,
      "functional": 254,
      "other": 3
    },
    "jxofficial": {
      "docs": 31,
      "tests": 106,
      "functional": 1212,
      "other": 14
    },
    "khiangleon": {
      "docs": 14,
      "tests": 190,
      "functional": 165,
      "other": 2
    },
    "ShaunNgTX": {
      "docs": 32,
      "tests": 1,
      "functional": 375
    }
  },
  "authorContributionVariance": {
    "wilfredbtan": 892329.06,
    "neoshh": 1546.3346,
    "jxofficial": 30010.07,
    "khiangleon": 6216.7983,
    "ShaunNgTX": 5214.745
  },
  "authorDisplayNameMap": {
    "wilfredbtan": "CS2103-F10-3 WILFR ... Y TAN",
    "neoshh": "CS2103-F10-3 NEO S ... I HAO",
    "jxofficial": "CS2103-F10-3 KENG  ...  XIAN",
    "khiangleon": "CS2103-F10-3 SIM K ...  LEON",
    "ShaunNgTX": "CS2103-F10-3 NG TZ ... SHAUN"
  }
}
