{
  "authorDailyContributionsMap": {
    "linyutinglyt": [
      {
        "insertions": 2,
        "deletions": 2,
        "date": "2019-09-29",
        "commitResults": [
          {
            "hash": "0846251f3248723e6fbe524c72a2b7b8e23c6b93",
            "messageTitle": "update ContactUs.adoc",
            "messageBody": "",
            "insertions": 2,
            "deletions": 2
          }
        ]
      },
      {
        "insertions": 671,
        "deletions": 268,
        "date": "2019-09-30",
        "commitResults": [
          {
            "hash": "1422b2e69bb1ba794588169f5c98f3ebdf45ecbe",
            "messageTitle": "resolve merge conflict",
            "messageBody": "",
            "insertions": 0,
            "deletions": 135
          },
          {
            "hash": "652c7a09039e934b510b96b9fb3a2fbed48dbff7",
            "messageTitle": "resolve error",
            "messageBody": "",
            "insertions": 1,
            "deletions": 0
          },
          {
            "hash": "91df6b6040603294bb5f8c58d08d15894a8f4ee9",
            "messageTitle": "Fix wronge merge",
            "messageBody": "",
            "insertions": 0,
            "deletions": 97
          },
          {
            "hash": "3f5b787a0c6b81c6fc72c96921a5220019bc4b5e",
            "messageTitle": "Created Borrower Class, its fields\u0027 classes and BorrowerRecords Class",
            "messageBody": "",
            "insertions": 670,
            "deletions": 36
          }
        ]
      },
      {
        "insertions": 3,
        "deletions": 2,
        "date": "2019-10-01",
        "commitResults": [
          {
            "hash": "058bacc900abdd67299ef803b2a3ee30e802bf4b",
            "messageTitle": "Update borrower id after increasing current borrowerid index",
            "messageBody": "",
            "insertions": 1,
            "deletions": 0
          },
          {
            "hash": "51b80e3c75fa0b340eea86a96c62a7766edce080",
            "messageTitle": "Update comment from Person to Borrower",
            "messageBody": "",
            "insertions": 1,
            "deletions": 1
          },
          {
            "hash": "41063a14de572026a2b784020f087aba2c6cdc35",
            "messageTitle": "Update comment from Person to Borrower",
            "messageBody": "",
            "insertions": 1,
            "deletions": 1
          }
        ]
      },
      {
        "insertions": 11,
        "deletions": 8,
        "date": "2019-10-04",
        "commitResults": [
          {
            "hash": "c1917710d05fd6c5ef398241f5d264ffc04a29f1",
            "messageTitle": "update user stories",
            "messageBody": "",
            "insertions": 10,
            "deletions": 7
          },
          {
            "hash": "b30df8e6bf0e24e9fae2a77308714d3d20b0cc16",
            "messageTitle": "update user stories in UG",
            "messageBody": "",
            "insertions": 1,
            "deletions": 1
          }
        ]
      },
      {
        "insertions": 190,
        "deletions": 11,
        "date": "2019-10-06",
        "commitResults": [
          {
            "hash": "091e20a56027eefddb04edcec471d166c5973ef3",
            "messageTitle": "update BorrowerTest and TypicalBorrowers",
            "messageBody": "",
            "insertions": 4,
            "deletions": 0
          },
          {
            "hash": "533999ba35340166713249a649d0c678e010ec0a",
            "messageTitle": "update BorrowerTest and TypicalBorrowers",
            "messageBody": "",
            "insertions": 179,
            "deletions": 5
          },
          {
            "hash": "481252504811e5e490fb78808b4e1912cc0c0b24",
            "messageTitle": "fix travis errors in borrowertest",
            "messageBody": "",
            "insertions": 7,
            "deletions": 6
          }
        ]
      },
      {
        "insertions": 9,
        "deletions": 8,
        "date": "2019-10-07",
        "commitResults": [
          {
            "hash": "00d2a090acefe3398a97502e0e62ca981259cd13",
            "messageTitle": "change condition fo isSameBorrower",
            "messageBody": "",
            "insertions": 9,
            "deletions": 8
          }
        ]
      },
      {
        "insertions": 70,
        "deletions": 6,
        "date": "2019-10-08",
        "commitResults": [
          {
            "hash": "479c0ebb4bf4b7dc39fc3a5577b18b10743f7357",
            "messageTitle": "update BorrowerIdGeneratorTest and BorrowerRecordsTest",
            "messageBody": "",
            "insertions": 70,
            "deletions": 6
          }
        ]
      },
      {
        "insertions": 1,
        "deletions": 1,
        "date": "2019-10-09",
        "commitResults": [
          {
            "hash": "dfaea554be756882d4921e5401c7c17dde0390aa",
            "messageTitle": "update hasborrower method",
            "messageBody": "",
            "insertions": 1,
            "deletions": 1
          }
        ]
      },
      {
        "insertions": 85,
        "deletions": 8,
        "date": "2019-10-10",
        "commitResults": [
          {
            "hash": "984832e4ea8268452545e95368239c94d0d84571",
            "messageTitle": "added registercommand",
            "messageBody": "",
            "insertions": 72,
            "deletions": 0
          },
          {
            "hash": "63e58111ff56bf415f051200ce0c1811e185e73e",
            "messageTitle": "remove borrower from model",
            "messageBody": "",
            "insertions": 13,
            "deletions": 8
          }
        ]
      },
      {
        "insertions": 137,
        "deletions": 19,
        "date": "2019-10-12",
        "commitResults": [
          {
            "hash": "823158d5ab43f52b80f16b4049994237d6c117f9",
            "messageTitle": "complete coverage for registercommand",
            "messageBody": "",
            "insertions": 124,
            "deletions": 8
          },
          {
            "hash": "5defdcd99511c1ce2d5c579c03473f31157bfdcb",
            "messageTitle": "fix checkstyle errors",
            "messageBody": "",
            "insertions": 13,
            "deletions": 11
          }
        ]
      },
      {
        "insertions": 11,
        "deletions": 56,
        "date": "2019-10-13",
        "commitResults": [
          {
            "hash": "93182b8479992d00098f84e569c8a772474b61b7",
            "messageTitle": "change hasBorrower condtition and remove irrelevant comment",
            "messageBody": "",
            "insertions": 3,
            "deletions": 18
          },
          {
            "hash": "8fd9862ed5cd929d29dacad131f202829a2a58db",
            "messageTitle": "fix travis",
            "messageBody": "",
            "insertions": 5,
            "deletions": 0
          },
          {
            "hash": "a4bef4fb9663e6c12f9940c7531e25aa5281c9c2",
            "messageTitle": "remove getOverDueBooksBorrowers",
            "messageBody": "",
            "insertions": 3,
            "deletions": 38
          }
        ]
      },
      {
        "insertions": 389,
        "deletions": 43,
        "date": "2019-10-14",
        "commitResults": [
          {
            "hash": "bd60b63d2d32c6bca13dded88fac4cb51119615b",
            "messageTitle": "added parser for register command",
            "messageBody": "",
            "insertions": 142,
            "deletions": 0
          },
          {
            "hash": "3785e93b2dc25bd1bdb1be14e03379949967e982",
            "messageTitle": "serve command implemented with tests",
            "messageBody": "",
            "insertions": 118,
            "deletions": 21
          },
          {
            "hash": "fafb94ac2460c0240a6629df53b4c5bd66e7ec0a",
            "messageTitle": "fix checkstyle errors",
            "messageBody": "",
            "insertions": 20,
            "deletions": 14
          },
          {
            "hash": "eb07452ef790a79932116b8aeddc41cc187db2cf",
            "messageTitle": "fix minior errors in pull request",
            "messageBody": "",
            "insertions": 9,
            "deletions": 7
          },
          {
            "hash": "38a16d3637869e84b098b5baee62874d5957a213",
            "messageTitle": "updated serveCommandParser",
            "messageBody": "",
            "insertions": 99,
            "deletions": 0
          },
          {
            "hash": "3d186083ccd8a8d5b71af59275336e5774de1ae0",
            "messageTitle": "fix typo in ServeCommand",
            "messageBody": "",
            "insertions": 1,
            "deletions": 1
          }
        ]
      },
      {
        "insertions": 142,
        "deletions": 7,
        "date": "2019-10-15",
        "commitResults": [
          {
            "hash": "ad2644f301618efd4d8c0ece6ff033a923cf9fe7",
            "messageTitle": "updated DoneCommand and DoneCommandParser with tests",
            "messageBody": "",
            "insertions": 16,
            "deletions": 0
          },
          {
            "hash": "e0b9d1bc7851e2ae4921d444b3d619f2c6608bd1",
            "messageTitle": "DoneCommand and DoneParsers",
            "messageBody": "",
            "insertions": 124,
            "deletions": 2
          },
          {
            "hash": "df45231431ef7825f7347db4a3a3b5dff6690702",
            "messageTitle": "minor fixes on coding style",
            "messageBody": "",
            "insertions": 2,
            "deletions": 5
          }
        ]
      },
      {
        "insertions": 53,
        "deletions": 11,
        "date": "2019-10-17",
        "commitResults": [
          {
            "hash": "e104d203064b9467c1dbe83fd22aeda77b00333b",
            "messageTitle": "get borrowerbooks in modelmanager",
            "messageBody": "",
            "insertions": 45,
            "deletions": 3
          },
          {
            "hash": "92867c06619d9479cbfe4c4b81cd938a492d0a7d",
            "messageTitle": "change prefix of name from u/ to n/ in UserGuide",
            "messageBody": "",
            "insertions": 6,
            "deletions": 6
          },
          {
            "hash": "1a41fdb3eeadf47d76b911fdb291f4fef023b201",
            "messageTitle": "fix travis errors",
            "messageBody": "",
            "insertions": 2,
            "deletions": 2
          }
        ]
      },
      {
        "insertions": 481,
        "deletions": 27,
        "date": "2019-10-22",
        "commitResults": [
          {
            "hash": "8d972f1d005f36142dc9063d0628bcab61f2f912",
            "messageTitle": "change architectures sequence diagram to liberry context",
            "messageBody": "",
            "insertions": 3,
            "deletions": 3
          },
          {
            "hash": "a3b3bd2523f9383ec90f3c3d9d4ab4069f5a3e13",
            "messageTitle": "updating the user guide for edit borrowers",
            "messageBody": "",
            "insertions": 5,
            "deletions": 5
          },
          {
            "hash": "1a30b5dee969f9623ff8353f307f1f9cd86168d7",
            "messageTitle": "update editborrowercommand class",
            "messageBody": "",
            "insertions": 4,
            "deletions": 0
          },
          {
            "hash": "055930fa3cd3659ce8dff29e6671589f617d7bbd",
            "messageTitle": "update editborrowercommand class",
            "messageBody": "",
            "insertions": 188,
            "deletions": 1
          },
          {
            "hash": "fc9b6bb9f32b92f6eea716e239d449acc2da1e37",
            "messageTitle": "added editBorrowerCommand with tests",
            "messageBody": "",
            "insertions": 238,
            "deletions": 2
          },
          {
            "hash": "94bbd4edf15757b352767a25dee5385345aa0121",
            "messageTitle": "fix checkstyle errors",
            "messageBody": "",
            "insertions": 43,
            "deletions": 16
          }
        ]
      },
      {
        "insertions": 136,
        "deletions": 221,
        "date": "2019-10-24",
        "commitResults": [
          {
            "hash": "7f1e90c45625c20a45e096adf103e50fe3d07b45",
            "messageTitle": "added register borrower feature",
            "messageBody": "",
            "insertions": 23,
            "deletions": 0
          },
          {
            "hash": "aed6fbd144044f9f72616b513bc5f3ea590f873f",
            "messageTitle": "implement editing borrower in modelmanager",
            "messageBody": "",
            "insertions": 8,
            "deletions": 3
          },
          {
            "hash": "06252a77b98717ba63a4c1cd990227d74ea9c83f",
            "messageTitle": "added condition of checking if borrower id exists",
            "messageBody": "",
            "insertions": 3,
            "deletions": 3
          },
          {
            "hash": "db7395479e7ddfd271414212de409bd1d55b5099",
            "messageTitle": "fix checkstyle errors",
            "messageBody": "",
            "insertions": 6,
            "deletions": 1
          },
          {
            "hash": "86d6d1c4b2937bdb49f2fb0f9ef0b5d22aca8d80",
            "messageTitle": "change to return edit borrower command",
            "messageBody": "",
            "insertions": 96,
            "deletions": 214
          }
        ]
      },
      {
        "insertions": 65,
        "deletions": 28,
        "date": "2019-10-26",
        "commitResults": [
          {
            "hash": "29a1b2c0eca5d79d1dd0a1d6bfb704debf12861c",
            "messageTitle": "included additional test",
            "messageBody": "",
            "insertions": 5,
            "deletions": 0
          },
          {
            "hash": "c04c582f9b75e6ef464d61f8938959d87c4f8f34",
            "messageTitle": "implement getEditBorrowerDescriptor method",
            "messageBody": "",
            "insertions": 25,
            "deletions": 0
          },
          {
            "hash": "95c660aa7102388c1fd8995b363a60225135591e",
            "messageTitle": "commented out methods that are not tested",
            "messageBody": "",
            "insertions": 11,
            "deletions": 12
          },
          {
            "hash": "18ea410e530664e12b9a6012c39fc52cdf836f8a",
            "messageTitle": "modify editCommandParser test to editBorrowerCommand context",
            "messageBody": "",
            "insertions": 14,
            "deletions": 10
          },
          {
            "hash": "5dae27e89e981b6f581ff28e217dcabe3e68eacf",
            "messageTitle": "declare throwing of commandexception at method name",
            "messageBody": "",
            "insertions": 4,
            "deletions": 4
          },
          {
            "hash": "7c3a18eee8dadfb5cca97334887e4c6bfa323d98",
            "messageTitle": "catch CommandException in assertParseSuccess and assertParseFailure",
            "messageBody": "",
            "insertions": 6,
            "deletions": 2
          }
        ]
      },
      {
        "insertions": 1,
        "deletions": 1,
        "date": "2019-10-27",
        "commitResults": [
          {
            "hash": "70bf568ae616034708a907e827282bdc0e3d3b65",
            "messageTitle": "remove borrowerId instead of borrower in borrowersMap",
            "messageBody": "",
            "insertions": 1,
            "deletions": 1
          }
        ]
      }
    ],
    "hoholyin": [
      {
        "insertions": 232,
        "deletions": 19,
        "date": "2019-09-18",
        "commitResults": [
          {
            "hash": "ec80f1aa25cfe23571bf99902285918d1f7c5770",
            "messageTitle": "add remark command",
            "messageBody": "",
            "insertions": 230,
            "deletions": 17
          },
          {
            "hash": "04f46c6e5d2d82be971960d071a8a6f0d02996cd",
            "messageTitle": "Travis fixes",
            "messageBody": "",
            "insertions": 2,
            "deletions": 2
          }
        ]
      },
      {
        "insertions": 52,
        "deletions": 20,
        "date": "2019-09-19",
        "commitResults": [
          {
            "hash": "e78b65416dee5066510a519afeb17a6e5f0c0545",
            "messageTitle": "Travis fix",
            "messageBody": "",
            "insertions": 34,
            "deletions": 9
          },
          {
            "hash": "5c09e06d21da871857e8592364e580b4136f0826",
            "messageTitle": "updated JSONAdaptedPersonTest",
            "messageBody": "",
            "insertions": 12,
            "deletions": 9
          },
          {
            "hash": "4c7461d31d0782aeec3b256a454f5539010c96fd",
            "messageTitle": "Test fixes",
            "messageBody": "",
            "insertions": 6,
            "deletions": 2
          }
        ]
      },
      {
        "insertions": 49,
        "deletions": 21,
        "date": "2019-09-20",
        "commitResults": [
          {
            "hash": "c5ef9ffe97188315980ea7588600bf155c3ae11f",
            "messageTitle": "Modify test to include remark",
            "messageBody": "",
            "insertions": 49,
            "deletions": 20
          },
          {
            "hash": "00c676b2e927575e1171eee6a78b7d13b905420d",
            "messageTitle": "remove unused import",
            "messageBody": "",
            "insertions": 0,
            "deletions": 1
          }
        ]
      },
      {
        "insertions": 2432,
        "deletions": 3144,
        "date": "2019-09-23",
        "commitResults": [
          {
            "hash": "f066285704b740ab1ad51e8560e3357bf9476ceb",
            "messageTitle": "Refactor Person into Books",
            "messageBody": "",
            "insertions": 2432,
            "deletions": 3144
          }
        ]
      },
      {
        "insertions": 533,
        "deletions": 507,
        "date": "2019-09-24",
        "commitResults": [
          {
            "hash": "9a82812842de724ecc06011f99a5aae14f871a94",
            "messageTitle": "Change catalogue to catalog and ammend .xml files",
            "messageBody": "",
            "insertions": 323,
            "deletions": 323
          },
          {
            "hash": "a2fa34554f77106255af84ef43bdb0334d5bf00d",
            "messageTitle": "Revert .adoc",
            "messageBody": "",
            "insertions": 53,
            "deletions": 53
          },
          {
            "hash": "474d66c10ba003347257af2053ed53192871eceb",
            "messageTitle": "Revert .adoc",
            "messageBody": "",
            "insertions": 4,
            "deletions": 4
          },
          {
            "hash": "f776cccf9e3ba91434c2140a8320b626f7d4585b",
            "messageTitle": "revert Architecture sequence",
            "messageBody": "",
            "insertions": 1,
            "deletions": 1
          },
          {
            "hash": "efd1cf40f064fe9d5c397ec0710586189701774e",
            "messageTitle": "Write up AboutUs.adoc",
            "messageBody": "",
            "insertions": 26,
            "deletions": 27
          },
          {
            "hash": "f209626ed971c90770593db32bc85cbf222ad094",
            "messageTitle": "Test and checkstyle fixes",
            "messageBody": "",
            "insertions": 108,
            "deletions": 82
          },
          {
            "hash": "3ba7a201597946dc2dbbd017672d01f30410f40d",
            "messageTitle": "Fixed checkstyle main",
            "messageBody": "",
            "insertions": 18,
            "deletions": 17
          }
        ]
      },
      {
        "insertions": 611,
        "deletions": 356,
        "date": "2019-09-28",
        "commitResults": [
          {
            "hash": "ceb855e43af1b5fb26267ca4b50aa2f277c58ca3",
            "messageTitle": "Add serial number generator",
            "messageBody": "",
            "insertions": 249,
            "deletions": 156
          },
          {
            "hash": "bb7202955280803cb0e1a45f795945a8fa78fd17",
            "messageTitle": "Manual merge Serial Number Generator",
            "messageBody": "",
            "insertions": 328,
            "deletions": 169
          },
          {
            "hash": "48d29594ec0ade7529824a49c9435fa721b68fc3",
            "messageTitle": "fix checkstyleTest",
            "messageBody": "",
            "insertions": 0,
            "deletions": 1
          },
          {
            "hash": "7e0229038310f161bd2f42d096e474d30c5c0120",
            "messageTitle": "fixes",
            "messageBody": "",
            "insertions": 4,
            "deletions": 1
          },
          {
            "hash": "e7a5d99933f1ba92d4ab2d22dbd346dd32d1c701",
            "messageTitle": "Removed method to populate loans and borrowers",
            "messageBody": "",
            "insertions": 17,
            "deletions": 20
          },
          {
            "hash": "8f7aae5895be8ecdc799ebb5f2be06a2be6d4232",
            "messageTitle": "edit UG to make serial number consistent with valid serial number",
            "messageBody": "",
            "insertions": 13,
            "deletions": 9
          }
        ]
      },
      {
        "insertions": 266,
        "deletions": 147,
        "date": "2019-09-29",
        "commitResults": [
          {
            "hash": "486071c6f4064d6a8a8fc7c15549b8b807e33568",
            "messageTitle": "Add Book and Edit Book feature, tests updated",
            "messageBody": "",
            "insertions": 266,
            "deletions": 147
          }
        ]
      },
      {
        "insertions": 44,
        "deletions": 41,
        "date": "2019-09-30",
        "commitResults": [
          {
            "hash": "e8167a3bed040fa7e61e8c9e1cdd193d06106475",
            "messageTitle": "Change Serial Number to prefix B followed by 5digits",
            "messageBody": "",
            "insertions": 44,
            "deletions": 41
          }
        ]
      },
      {
        "insertions": 452,
        "deletions": 202,
        "date": "2019-10-02",
        "commitResults": [
          {
            "hash": "f2adaff4ef404b7422d6fde81356dd70bae342d0",
            "messageTitle": "Delete book feature",
            "messageBody": "",
            "insertions": 133,
            "deletions": 18
          },
          {
            "hash": "b8f11b6f551dc7a8741cacf075a74b19c4b56484",
            "messageTitle": "Abstracted out the different delete commands to different classes",
            "messageBody": "",
            "insertions": 194,
            "deletions": 156
          },
          {
            "hash": "f1ecfad1c70cff75326ac7ecba8464f7e45b2f81",
            "messageTitle": "Moved constants to parent class",
            "messageBody": "",
            "insertions": 8,
            "deletions": 8
          },
          {
            "hash": "149e7f24de4e7bf43b330917195999217d13a1d4",
            "messageTitle": "Add tests for DeleteBySerialNumberCommand class",
            "messageBody": "",
            "insertions": 104,
            "deletions": 13
          },
          {
            "hash": "d730bd355e0e55824c95b51f720cc24fef9e7bbf",
            "messageTitle": "Increase test coverage for commands",
            "messageBody": "",
            "insertions": 13,
            "deletions": 7
          }
        ]
      },
      {
        "insertions": 233,
        "deletions": 25,
        "date": "2019-10-04",
        "commitResults": [
          {
            "hash": "3128ff32d6020c44a6895d88e741b4414c68965d",
            "messageTitle": "Add Loan object to Book",
            "messageBody": "",
            "insertions": 84,
            "deletions": 22
          },
          {
            "hash": "a0b2bf3a5cab0fa248c2709ea79b3f89211e28cb",
            "messageTitle": "Added tests to increase coverage for book and catalog",
            "messageBody": "",
            "insertions": 149,
            "deletions": 3
          }
        ]
      },
      {
        "insertions": 26,
        "deletions": 0,
        "date": "2019-10-07",
        "commitResults": [
          {
            "hash": "66acb511048a3abf61bf831e5468d513dfc4826a",
            "messageTitle": "Included tests for returning book",
            "messageBody": "",
            "insertions": 26,
            "deletions": 0
          }
        ]
      },
      {
        "insertions": 16,
        "deletions": 4,
        "date": "2019-10-08",
        "commitResults": [
          {
            "hash": "e78c2cd18ff7b2f079937573b76dcb4d56f3073a",
            "messageTitle": "Updated tests and documentation",
            "messageBody": "",
            "insertions": 16,
            "deletions": 4
          }
        ]
      },
      {
        "insertions": 353,
        "deletions": 63,
        "date": "2019-10-09",
        "commitResults": [
          {
            "hash": "44321d3b86dc179d8e07d6e9cd930d95dc801b54",
            "messageTitle": "Add feature to check overdue books and their borrowers from Model",
            "messageBody": "",
            "insertions": 353,
            "deletions": 63
          }
        ]
      },
      {
        "insertions": 110,
        "deletions": 175,
        "date": "2019-10-10",
        "commitResults": [
          {
            "hash": "7189088a545959971d5cebf5589e96f5db42910f",
            "messageTitle": "Ammend borrowerId to correct format",
            "messageBody": "",
            "insertions": 3,
            "deletions": 3
          },
          {
            "hash": "b1ecae7b708b5dc96098ab5e5211cdf56202be90",
            "messageTitle": "Resolve merge conflict",
            "messageBody": "",
            "insertions": 1,
            "deletions": 48
          },
          {
            "hash": "b4de7808ee9e93ba08e1ea585f3a6ab2984fbfeb",
            "messageTitle": "Add hashmap for borrowers close #112",
            "messageBody": "",
            "insertions": 12,
            "deletions": 15
          },
          {
            "hash": "c724bd50e18272fdba18ebf5cba17b08998e6e1e",
            "messageTitle": "Fixed checkstyle",
            "messageBody": "",
            "insertions": 10,
            "deletions": 1
          },
          {
            "hash": "ec779e88a2b91781933817092602ba3f5ddefa30",
            "messageTitle": "Update README.adoc",
            "messageBody": "",
            "insertions": 1,
            "deletions": 1
          },
          {
            "hash": "5e945710c502c31e3414640bb15a8c1e50d4060a",
            "messageTitle": "Update README.adoc",
            "messageBody": "",
            "insertions": 1,
            "deletions": 1
          },
          {
            "hash": "327f233fc9ef8040cd564b64f1dec5bf78d8da16",
            "messageTitle": "Increased test coverage and removed overdueborrowers method",
            "messageBody": "",
            "insertions": 39,
            "deletions": 77
          },
          {
            "hash": "b5965459acf0f24eeff4f7040755420e5a55e1b5",
            "messageTitle": "Re-trigger coveralls",
            "messageBody": "",
            "insertions": 1,
            "deletions": 1
          },
          {
            "hash": "5a28f96537ad5a4e382b376d2f1c9f4e3b150d0b",
            "messageTitle": "Update README.adoc",
            "messageBody": "",
            "insertions": 1,
            "deletions": 1
          },
          {
            "hash": "3a1efd180be209ea1bab033b8896b88dbdcb8e6f",
            "messageTitle": "Optimised serialnumbergenerator using treeset",
            "messageBody": "",
            "insertions": 41,
            "deletions": 27
          }
        ]
      },
      {
        "insertions": 22,
        "deletions": 17,
        "date": "2019-10-11",
        "commitResults": [
          {
            "hash": "5c4b41c05736d2445f84f3e68a982fd22f0cac5a",
            "messageTitle": "Performed abstraction in serial number generator",
            "messageBody": "",
            "insertions": 18,
            "deletions": 9
          },
          {
            "hash": "363493ba014cb38d47260f7c9d044bf3591be6b0",
            "messageTitle": "Optimise setCatalog",
            "messageBody": "",
            "insertions": 3,
            "deletions": 4
          },
          {
            "hash": "0d3b30549d877e25b466919e090f53ed16ec1d3c",
            "messageTitle": "Optimise setCatalog",
            "messageBody": "",
            "insertions": 1,
            "deletions": 2
          },
          {
            "hash": "a972b41e7911f7378f32877d654f605e3cf88d7e",
            "messageTitle": "Fix checkstyle",
            "messageBody": "",
            "insertions": 0,
            "deletions": 2
          }
        ]
      },
      {
        "insertions": 21,
        "deletions": 10,
        "date": "2019-10-12",
        "commitResults": [
          {
            "hash": "e93657986fc38c6f7df3cb2c50d20caa070e83bc",
            "messageTitle": "Removed test for iterator in UniqueBookList",
            "messageBody": "",
            "insertions": 0,
            "deletions": 6
          },
          {
            "hash": "df05a43ccdde2049b40b212d3f080f063136c774",
            "messageTitle": "Add checks to handle null floorkey and tests to assert behaviour",
            "messageBody": "",
            "insertions": 21,
            "deletions": 4
          }
        ]
      },
      {
        "insertions": 14,
        "deletions": 7,
        "date": "2019-10-13",
        "commitResults": [
          {
            "hash": "6ea8072bf6520dcb31bb4f149fbce9f2b6e2e746",
            "messageTitle": "Add hashmap in uniquebooklist for faster checks",
            "messageBody": "",
            "insertions": 14,
            "deletions": 2
          },
          {
            "hash": "cb44378c532346ccf8b1aec77886b3c1e04c6173",
            "messageTitle": "removed iterator test",
            "messageBody": "",
            "insertions": 0,
            "deletions": 5
          }
        ]
      },
      {
        "insertions": 273,
        "deletions": 18,
        "date": "2019-10-14",
        "commitResults": [
          {
            "hash": "b2a7c88824b52d2612776630e2a9d395592c1ac0",
            "messageTitle": "Info command skeleton",
            "messageBody": "",
            "insertions": 272,
            "deletions": 18
          },
          {
            "hash": "11a9f60d8125e33ad737ce6c378ac08dd63e4ea4",
            "messageTitle": "Fix: merge conflict with Borrower implementation",
            "messageBody": "",
            "insertions": 1,
            "deletions": 0
          }
        ]
      },
      {
        "insertions": 38,
        "deletions": 6,
        "date": "2019-10-15",
        "commitResults": [
          {
            "hash": "bf186b6d1cd59131502f488c320e09828a1d206c",
            "messageTitle": "Attempt on puml. Will work on further UML diagrams on separate branch",
            "messageBody": "",
            "insertions": 34,
            "deletions": 2
          },
          {
            "hash": "67dc4f70fc0554a952f811b8610b97d41adba43c",
            "messageTitle": "Add AddBook.png UML diagram",
            "messageBody": "",
            "insertions": 4,
            "deletions": 4
          }
        ]
      },
      {
        "insertions": 90,
        "deletions": 6,
        "date": "2019-10-16",
        "commitResults": [
          {
            "hash": "1152fdfb2343df689e9bdd308a65017ff5852e27",
            "messageTitle": "Renamed constants",
            "messageBody": "",
            "insertions": 5,
            "deletions": 5
          },
          {
            "hash": "488a01e95ed480246d1aea3fd32487f4811006b0",
            "messageTitle": "Draft writeup",
            "messageBody": "",
            "insertions": 84,
            "deletions": 0
          },
          {
            "hash": "a2df71370a14971761ab2bcd081c9d27a1d88b78",
            "messageTitle": "Draft PPP",
            "messageBody": "",
            "insertions": 1,
            "deletions": 1
          }
        ]
      },
      {
        "insertions": 7,
        "deletions": 11,
        "date": "2019-10-17",
        "commitResults": [
          {
            "hash": "11f6d9ae2b159bf6305a2b15318f2e43f23ac94a",
            "messageTitle": "Ammend user guide for set function",
            "messageBody": "",
            "insertions": 7,
            "deletions": 11
          }
        ]
      },
      {
        "insertions": 138,
        "deletions": 66,
        "date": "2019-10-18",
        "commitResults": [
          {
            "hash": "0ed1b1205e6286c5efd45ecff740a32aaafeb8db",
            "messageTitle": "update PPP",
            "messageBody": "",
            "insertions": 15,
            "deletions": 10
          },
          {
            "hash": "b3d1d72a2b908df1753182b163b7cbc328ead680",
            "messageTitle": "Made book immutable",
            "messageBody": "",
            "insertions": 58,
            "deletions": 32
          },
          {
            "hash": "fb07f05a391cb3755b7a73982f73255bd6846fee",
            "messageTitle": "Remove unsued method",
            "messageBody": "",
            "insertions": 0,
            "deletions": 3
          },
          {
            "hash": "271634b95b6f415e471ffbc13a9fcdb8bb49d3fd",
            "messageTitle": "Model class diagram",
            "messageBody": "",
            "insertions": 65,
            "deletions": 21
          }
        ]
      },
      {
        "insertions": 133,
        "deletions": 0,
        "date": "2019-10-20",
        "commitResults": [
          {
            "hash": "b41f1769635d56db8634f74eeca3e58334ee781a",
            "messageTitle": "Able to create pdf loan slip",
            "messageBody": "",
            "insertions": 133,
            "deletions": 0
          }
        ]
      },
      {
        "insertions": 439,
        "deletions": 174,
        "date": "2019-10-21",
        "commitResults": [
          {
            "hash": "9cb45fdf48f9b7da0883cd671d02226d7cadb1bb",
            "messageTitle": "First version of loan slip completed",
            "messageBody": "",
            "insertions": 438,
            "deletions": 143
          },
          {
            "hash": "8f17cd686d098751610815c5473be0b5b47570fe",
            "messageTitle": "Removed unused methods",
            "messageBody": "",
            "insertions": 0,
            "deletions": 15
          },
          {
            "hash": "a7c1265f10c681e545533546f67bee46def52d71",
            "messageTitle": "removed unused imports",
            "messageBody": "",
            "insertions": 0,
            "deletions": 1
          },
          {
            "hash": "b8192f4017ce08d44fe50130a0af059a6c509c5e",
            "messageTitle": "Increased test coverage",
            "messageBody": "",
            "insertions": 1,
            "deletions": 15
          }
        ]
      },
      {
        "insertions": 318,
        "deletions": 111,
        "date": "2019-10-22",
        "commitResults": [
          {
            "hash": "1a733c43805d0d2b17c3a9267ce806efdddcd131",
            "messageTitle": "Increase test coverage from other files",
            "messageBody": "",
            "insertions": 107,
            "deletions": 20
          },
          {
            "hash": "c9973289d021ab886c44569527f1db27e6060bdf",
            "messageTitle": "Increase test coverage",
            "messageBody": "",
            "insertions": 21,
            "deletions": 0
          },
          {
            "hash": "7339c036ea32b469c3770bf0b5b9b26c28a28d25",
            "messageTitle": "Complete model uml",
            "messageBody": "",
            "insertions": 7,
            "deletions": 9
          },
          {
            "hash": "0d853a5713bc3c17ec843a66b4f2d87d2cfb3077",
            "messageTitle": "Abstracted to make methods more readable",
            "messageBody": "",
            "insertions": 142,
            "deletions": 45
          },
          {
            "hash": "b55ceaa2f6ec42827cd04df6776ce4e1ff79972e",
            "messageTitle": "Fixed styling errors and moved formatdate Method",
            "messageBody": "",
            "insertions": 20,
            "deletions": 20
          },
          {
            "hash": "47e156a16b3d7a4e658d540e06a72433940ed54e",
            "messageTitle": "Changed parameter of formatDate",
            "messageBody": "",
            "insertions": 3,
            "deletions": 3
          },
          {
            "hash": "0f1592609d8fd159293fea45b331080b8a15be3d",
            "messageTitle": "Attempt to increase code coverage",
            "messageBody": "",
            "insertions": 14,
            "deletions": 11
          },
          {
            "hash": "77f34e631f9fa55ed4cc5953bc756bd9a519cf1f",
            "messageTitle": "added constant for scale factor",
            "messageBody": "",
            "insertions": 3,
            "deletions": 2
          },
          {
            "hash": "1c651b5a3b9d4ea47c9814396da7b1c7dd0435f0",
            "messageTitle": "Update execute command in uml diagram",
            "messageBody": "",
            "insertions": 1,
            "deletions": 1
          }
        ]
      },
      {
        "insertions": 197,
        "deletions": 98,
        "date": "2019-10-23",
        "commitResults": [
          {
            "hash": "42ed71ad858983c54ad85b2530fdc040a7536317",
            "messageTitle": "Updated addbook and print loan slip feature in DG",
            "messageBody": "",
            "insertions": 194,
            "deletions": 95
          },
          {
            "hash": "3d639aa9cf716610d926c76bb8e2171b082adcb1",
            "messageTitle": "Include newline at EOF",
            "messageBody": "",
            "insertions": 3,
            "deletions": 3
          }
        ]
      },
      {
        "insertions": 172,
        "deletions": 81,
        "date": "2019-10-24",
        "commitResults": [
          {
            "hash": "3dd7c1937dd340c2487d09ad87d0c8ac7e0bf78b",
            "messageTitle": "Update portfolio",
            "messageBody": "",
            "insertions": 4,
            "deletions": 4
          },
          {
            "hash": "3ba88fa866435bfe549e9ce2699b972b015e716b",
            "messageTitle": "Update portfolio",
            "messageBody": "",
            "insertions": 121,
            "deletions": 52
          },
          {
            "hash": "5a7c106aaa7e528775fa8ed7894f3d77011c6210",
            "messageTitle": "removed script",
            "messageBody": "",
            "insertions": 0,
            "deletions": 3
          },
          {
            "hash": "64dacbc4f16338c1b3e869405282c118cfa192dd",
            "messageTitle": "DG fixes",
            "messageBody": "",
            "insertions": 20,
            "deletions": 1
          },
          {
            "hash": "a955575e84c3623771dfe24679cc1eebf7d03f11",
            "messageTitle": "fix width",
            "messageBody": "",
            "insertions": 8,
            "deletions": 8
          },
          {
            "hash": "a5819db08b4ea858babcdfb98c129e7bfdcae31b",
            "messageTitle": "Grammer error fixes",
            "messageBody": "",
            "insertions": 1,
            "deletions": 1
          },
          {
            "hash": "76aec995c9165da581046d9fbc36b210e20f02b9",
            "messageTitle": "Add figure name",
            "messageBody": "",
            "insertions": 3,
            "deletions": 0
          },
          {
            "hash": "468d7b8cd4917b2ef5e6515c8fb523bb001f3cb0",
            "messageTitle": "Add numbering",
            "messageBody": "",
            "insertions": 9,
            "deletions": 9
          },
          {
            "hash": "1d56a04b3a95d6493ed6dc2dff072b391fa7fff7",
            "messageTitle": "Fix format",
            "messageBody": "",
            "insertions": 1,
            "deletions": 1
          },
          {
            "hash": "d983a814bde37f2d25a8ee382270404ca72453cb",
            "messageTitle": "fixes base on feedback",
            "messageBody": "",
            "insertions": 5,
            "deletions": 2
          }
        ]
      },
      {
        "insertions": 98,
        "deletions": 26,
        "date": "2019-10-25",
        "commitResults": [
          {
            "hash": "fd9233a9ce20fd9265732b809877d031a0f095aa",
            "messageTitle": "Update Architecture in DG",
            "messageBody": "",
            "insertions": 98,
            "deletions": 26
          }
        ]
      }
    ],
    "seeziyang": [
      {
        "insertions": 78,
        "deletions": 22,
        "date": "2019-09-26",
        "commitResults": [
          {
            "hash": "6fabc4daae9108ca8b8fdbe733a61380c7336cb5",
            "messageTitle": "Update product scope",
            "messageBody": "",
            "insertions": 3,
            "deletions": 2
          },
          {
            "hash": "a5352f62a22912b3943ebd4739876fb3c300001f",
            "messageTitle": "Update NFR and use cases",
            "messageBody": "",
            "insertions": 10,
            "deletions": 8
          },
          {
            "hash": "bceece7e5dcc7e896d64943124b7bbb83207ab89",
            "messageTitle": "Update user stories",
            "messageBody": "",
            "insertions": 63,
            "deletions": 10
          },
          {
            "hash": "85e3497a8723c20be0bd62ba423d026e788fc24a",
            "messageTitle": "Minor spelling and grammar fixes",
            "messageBody": "",
            "insertions": 2,
            "deletions": 2
          }
        ]
      },
      {
        "insertions": 320,
        "deletions": 142,
        "date": "2019-09-28",
        "commitResults": [
          {
            "hash": "67715fb43f896348670b0d1a32f5c3c3ee16459a",
            "messageTitle": "Add DateUtil class",
            "messageBody": "",
            "insertions": 17,
            "deletions": 0
          },
          {
            "hash": "614ab9935e0b2cadd2e2daa900804b963cee5f61",
            "messageTitle": "Update the link to the \u0027build status\u0027 badge to our repo\u0027s",
            "messageBody": "",
            "insertions": 1,
            "deletions": 1
          },
          {
            "hash": "1c7fc79c352ede4ba34020a9c4c7b247f4e15bc2",
            "messageTitle": "Add helper methods to DateUtil",
            "messageBody": "",
            "insertions": 34,
            "deletions": 1
          },
          {
            "hash": "612ed874ec0a3d61fa500024b2415cb552345432",
            "messageTitle": "Add DateUtilTest",
            "messageBody": "",
            "insertions": 45,
            "deletions": 0
          },
          {
            "hash": "f0adfcf21bb167baacd77c218dc5f16dd0acb2a9",
            "messageTitle": "Add Loan class",
            "messageBody": "",
            "insertions": 53,
            "deletions": 6
          },
          {
            "hash": "7b3d7ae2741c2d9d62c64fb6e3020c185e425af9",
            "messageTitle": "Change JsonAdaptedLoan",
            "messageBody": "",
            "insertions": 165,
            "deletions": 130
          },
          {
            "hash": "0e601ce3d5d94a1fb0c2b09cde7ec7b90356f8c0",
            "messageTitle": "Fix checkstyle",
            "messageBody": "",
            "insertions": 4,
            "deletions": 3
          },
          {
            "hash": "428e8832c2594f90f37108603098ef0f3571290a",
            "messageTitle": "Change date message constraints in JsonAdaptedLoan",
            "messageBody": "",
            "insertions": 1,
            "deletions": 1
          }
        ]
      },
      {
        "insertions": 43,
        "deletions": 38,
        "date": "2019-10-01",
        "commitResults": [
          {
            "hash": "2bcce4554139b5d42ec9ac4cf11b3fe3f1dfd107",
            "messageTitle": "Fix developer photos not showing up on dashboard",
            "messageBody": "",
            "insertions": 7,
            "deletions": 7
          },
          {
            "hash": "4d356b3d82a68d2844a79e4da19f16561cdf278e",
            "messageTitle": "Update roles and responsibilities",
            "messageBody": "",
            "insertions": 15,
            "deletions": 10
          },
          {
            "hash": "fcf1325651b7d0fd45e9b41d08ac70e3c71df431",
            "messageTitle": "Update Contact Us",
            "messageBody": "",
            "insertions": 4,
            "deletions": 2
          },
          {
            "hash": "33577da5f157b73670167471e2a1146103a78373",
            "messageTitle": "Update README, DG, UG",
            "messageBody": "",
            "insertions": 13,
            "deletions": 13
          },
          {
            "hash": "e7847f2dc4b0e77b20c175f4cf673c11048a78f0",
            "messageTitle": "Hide site header",
            "messageBody": "",
            "insertions": 2,
            "deletions": 1
          },
          {
            "hash": "983c901326ebdea36e809db54fc0dd1a9972074a",
            "messageTitle": "Update badges",
            "messageBody": "",
            "insertions": 2,
            "deletions": 4
          },
          {
            "hash": "fa5414bc25408b3874db5e796c73f65fa1d19001",
            "messageTitle": "Test removing header",
            "messageBody": "",
            "insertions": 0,
            "deletions": 1
          }
        ]
      },
      {
        "insertions": 2,
        "deletions": 2,
        "date": "2019-10-03",
        "commitResults": [
          {
            "hash": "681bdbc5332c9a8175d44f82b2d997c081231b1a",
            "messageTitle": "Fix Ui.png not showing on website and wrong link for View on Github",
            "messageBody": "",
            "insertions": 2,
            "deletions": 2
          }
        ]
      },
      {
        "insertions": 250,
        "deletions": 14,
        "date": "2019-10-09",
        "commitResults": [
          {
            "hash": "2b725b38813467b770101b56b027e4d5ae782169",
            "messageTitle": "Update DateUtil tests",
            "messageBody": "",
            "insertions": 56,
            "deletions": 6
          },
          {
            "hash": "3c17923ba23a68245838ffe2770082131180f884",
            "messageTitle": "Update Loan tests",
            "messageBody": "",
            "insertions": 81,
            "deletions": 6
          },
          {
            "hash": "b698171d8ef63ecadc5c26cfa131ee386e8c4e40",
            "messageTitle": "Add Serve mode stub in Model",
            "messageBody": "",
            "insertions": 51,
            "deletions": 2
          },
          {
            "hash": "171b12e1f7eeda3206078fce5770c5b6c0a0cd0c",
            "messageTitle": "Add LoanCommand skeleton",
            "messageBody": "",
            "insertions": 62,
            "deletions": 0
          }
        ]
      },
      {
        "insertions": 472,
        "deletions": 250,
        "date": "2019-10-10",
        "commitResults": [
          {
            "hash": "b20ba223960203a266b813b24d16ffc731848bff",
            "messageTitle": "Add LoanCommandParser skeleton",
            "messageBody": "",
            "insertions": 25,
            "deletions": 1
          },
          {
            "hash": "c883698d8fd9c6324462876f92104e1004d36dc6",
            "messageTitle": "Fix checkstyle",
            "messageBody": "",
            "insertions": 3,
            "deletions": 2
          },
          {
            "hash": "c09a032c33bed59697c4f540812bcb8df66be765",
            "messageTitle": "Add LoanId and LoanIdTest",
            "messageBody": "",
            "insertions": 119,
            "deletions": 2
          },
          {
            "hash": "93bb509b418d193ad1691e9575336f6bc76e5754",
            "messageTitle": "Move SerialNumberGenerator to book package and BorrowerIdGenerator to borrower package",
            "messageBody": "",
            "insertions": 14,
            "deletions": 14
          },
          {
            "hash": "e051cbb0898429270fc0f55924ab9e34d8893928",
            "messageTitle": "Add LoanIdGenerator skeleton",
            "messageBody": "",
            "insertions": 38,
            "deletions": 0
          },
          {
            "hash": "c41e80122a052b5c977ef2d4bfaf21b05111ffd3",
            "messageTitle": "Add LoanId to Loan, WIP updating Model and tests",
            "messageBody": "",
            "insertions": 273,
            "deletions": 231
          }
        ]
      },
      {
        "insertions": 61,
        "deletions": 19,
        "date": "2019-10-11",
        "commitResults": [
          {
            "hash": "3dc64e5eaab291fd54d49d0993c700599c603c14",
            "messageTitle": "Update LoanRecords",
            "messageBody": "",
            "insertions": 35,
            "deletions": 8
          },
          {
            "hash": "5c10160b7612d39ffa3757e2ce2950aa22b4f39a",
            "messageTitle": "Change LoanCommand to use Book Serial Number and update LoanCommandParser",
            "messageBody": "",
            "insertions": 26,
            "deletions": 11
          }
        ]
      },
      {
        "insertions": 288,
        "deletions": 75,
        "date": "2019-10-13",
        "commitResults": [
          {
            "hash": "7a39f149b30de2a4606ec09092afa1d9ff2e7676",
            "messageTitle": "WIP excute LoanCommand",
            "messageBody": "",
            "insertions": 26,
            "deletions": 0
          },
          {
            "hash": "fce0dc8ddc44a6b7fc0b05ec19146e13f5dca7d2",
            "messageTitle": "Change HashSet in UniqueBookList to HashMap",
            "messageBody": "",
            "insertions": 12,
            "deletions": 12
          },
          {
            "hash": "0948d6e1acce85f1d91c54abaeffdbd206333b3e",
            "messageTitle": "Make LoanCommand add loan to book, WIP add loan to borrower",
            "messageBody": "",
            "insertions": 67,
            "deletions": 18
          },
          {
            "hash": "2f085fe26560c8a0e1488a80b43c38c3119ce588",
            "messageTitle": "Update LoanIdGenerator and fix LoanCommand",
            "messageBody": "",
            "insertions": 24,
            "deletions": 33
          },
          {
            "hash": "bd13e7b5c0589eef6e09936276a5ede84c00b9e3",
            "messageTitle": "Add LoanBuilder and Typical Loans",
            "messageBody": "",
            "insertions": 151,
            "deletions": 5
          },
          {
            "hash": "d94cc257cb9182737245d6e1caf2781187ca307b",
            "messageTitle": "Fix merge conflicts",
            "messageBody": "",
            "insertions": 7,
            "deletions": 6
          },
          {
            "hash": "4a64c394f8818bad8091f7c0c8ab8a19ba59102e",
            "messageTitle": "Update hasLoan",
            "messageBody": "",
            "insertions": 1,
            "deletions": 1
          }
        ]
      },
      {
        "insertions": 365,
        "deletions": 245,
        "date": "2019-10-14",
        "commitResults": [
          {
            "hash": "d6faae543cfbf4c1494484b87d0838377797306e",
            "messageTitle": "Move Generator tests classes to appropriate package",
            "messageBody": "",
            "insertions": 4,
            "deletions": 8
          },
          {
            "hash": "382c26703bfedef584f185b8001d505c90fa1748",
            "messageTitle": "Add Loan to Borrower",
            "messageBody": "",
            "insertions": 47,
            "deletions": 5
          },
          {
            "hash": "a4fc0db6319ab40d754273346d4c629ef0207817",
            "messageTitle": "Remove unused methods and put back commented out test cases",
            "messageBody": "",
            "insertions": 99,
            "deletions": 155
          },
          {
            "hash": "56dabe101cedeca83c24295319fd2f8e4f021ef7",
            "messageTitle": "Add Loan in Borrower and Book storage WIP",
            "messageBody": "",
            "insertions": 50,
            "deletions": 10
          },
          {
            "hash": "c1ccddcc817ab7d409c0e3c170b0dd3df9e5f411",
            "messageTitle": "Reduce magic numbers",
            "messageBody": "",
            "insertions": 7,
            "deletions": 4
          },
          {
            "hash": "a9f1317730bcc46ca3d2add35b127fdf061ce5c9",
            "messageTitle": "Make readCatalog take Loan from initialLoanRecords",
            "messageBody": "",
            "insertions": 73,
            "deletions": 26
          },
          {
            "hash": "594f3019f2638bd9633cb917279fbbcf6343720b",
            "messageTitle": "Fix failing tests",
            "messageBody": "",
            "insertions": 33,
            "deletions": 9
          },
          {
            "hash": "77745251a29244a8c7a02a6a328959067b851ebe",
            "messageTitle": "Make readBorrowerRecords take Loan from initialLoanRecords, will test storage once serve mode is done",
            "messageBody": "",
            "insertions": 51,
            "deletions": 18
          },
          {
            "hash": "8014546d79580a96c4f649159c21a70f00770441",
            "messageTitle": "Fix testcase",
            "messageBody": "",
            "insertions": 1,
            "deletions": 10
          }
        ]
      },
      {
        "insertions": 393,
        "deletions": 19,
        "date": "2019-10-15",
        "commitResults": [
          {
            "hash": "d67293d3936a690750dd7e2c37096737ac19654f",
            "messageTitle": "Add LoanCommandTest",
            "messageBody": "",
            "insertions": 142,
            "deletions": 0
          },
          {
            "hash": "85a26e7d3353d4992c4e437ccf0b877c7d890429",
            "messageTitle": "Add Loan related classes tests",
            "messageBody": "",
            "insertions": 112,
            "deletions": 3
          },
          {
            "hash": "d54ebf7592671cd83cbb098e04b9d2a154b028ab",
            "messageTitle": "Update tests",
            "messageBody": "",
            "insertions": 78,
            "deletions": 8
          },
          {
            "hash": "ddbc646fe23f9fcbb6cabdc3593eb1cca03f33b8",
            "messageTitle": "Update CatalogParser",
            "messageBody": "",
            "insertions": 54,
            "deletions": 0
          },
          {
            "hash": "9c8efb0b462d2eb8301328387a28e3752a067ed9",
            "messageTitle": "Fix checkstyle",
            "messageBody": "",
            "insertions": 2,
            "deletions": 2
          },
          {
            "hash": "ac426ddfac1202e1da1bd3dfdb2633607ca465f6",
            "messageTitle": "Move LOAN_ID_DOES_NOT_EXISTS message",
            "messageBody": "",
            "insertions": 5,
            "deletions": 6
          }
        ]
      },
      {
        "insertions": 522,
        "deletions": 40,
        "date": "2019-10-17",
        "commitResults": [
          {
            "hash": "28a62ceff09b12e78f579f9f4d35f93e5dbd20b1",
            "messageTitle": "Add ReturnCommand related classes",
            "messageBody": "",
            "insertions": 208,
            "deletions": 19
          },
          {
            "hash": "fd3623e022f7593f89b4f7fa60b83b0fd8393ad7",
            "messageTitle": "Add ReturnCommandTest",
            "messageBody": "",
            "insertions": 247,
            "deletions": 20
          },
          {
            "hash": "14743ff983ff6556adf12c68d4fb18771a32518f",
            "messageTitle": "Add ReturnCommandParserTest",
            "messageBody": "",
            "insertions": 40,
            "deletions": 1
          },
          {
            "hash": "113153210e1eeb20b2a1f0ac3dcedc0937f38369",
            "messageTitle": "Update tests",
            "messageBody": "",
            "insertions": 27,
            "deletions": 0
          }
        ]
      },
      {
        "insertions": 334,
        "deletions": 61,
        "date": "2019-10-21",
        "commitResults": [
          {
            "hash": "0f093940ed2ae315942379159bc5e954bfc487f6",
            "messageTitle": "Make borrower immutable when loaning and returning",
            "messageBody": "",
            "insertions": 137,
            "deletions": 32
          },
          {
            "hash": "38447ba5eab9f859ed70f54127cf2a64f0466936",
            "messageTitle": "Fix servingBorrower not updated when borrower changes",
            "messageBody": "",
            "insertions": 11,
            "deletions": 0
          },
          {
            "hash": "5394838879de5552dd533614093dcd2ca6d82455",
            "messageTitle": "Update tests",
            "messageBody": "",
            "insertions": 186,
            "deletions": 29
          }
        ]
      },
      {
        "insertions": 178,
        "deletions": 43,
        "date": "2019-10-22",
        "commitResults": [
          {
            "hash": "f7c7d6d1c735ca53329bce4c9883dd004909be70",
            "messageTitle": "Update method naming and tests",
            "messageBody": "",
            "insertions": 8,
            "deletions": 7
          },
          {
            "hash": "1dc704ab65d9656037f1368590fca10c3c072c42",
            "messageTitle": "Update Logic class diagram",
            "messageBody": "",
            "insertions": 4,
            "deletions": 4
          },
          {
            "hash": "78d2085bb058055f0d40ff179b8be9f91670e6ae",
            "messageTitle": "Create sequence diagram for add book logic",
            "messageBody": "",
            "insertions": 71,
            "deletions": 1
          },
          {
            "hash": "bbf69132bcf5d4932fda0afcc85674b6de5824a0",
            "messageTitle": "Add new add book sequence diagram to dg",
            "messageBody": "",
            "insertions": 4,
            "deletions": 4
          },
          {
            "hash": "cede188066253f8b3b6096cc216c0f79f151ebd7",
            "messageTitle": "Change Liberry to LiBerry",
            "messageBody": "",
            "insertions": 48,
            "deletions": 16
          },
          {
            "hash": "edb5e70d32ce5c21ca2575cfccec5763faa5904b",
            "messageTitle": "Add use cases",
            "messageBody": "",
            "insertions": 37,
            "deletions": 8
          },
          {
            "hash": "503e92872f6f2cc85ffb9917ecd363f54b3dc77c",
            "messageTitle": "Fix checkstyle",
            "messageBody": "",
            "insertions": 1,
            "deletions": 1
          },
          {
            "hash": "d35452c2b88136e34271e90e53bf34aea649f1e0",
            "messageTitle": "Add explaination to use case diagram",
            "messageBody": "",
            "insertions": 2,
            "deletions": 0
          },
          {
            "hash": "63cc9ed0cd4dc403761b39983478901decefeceb",
            "messageTitle": "Update UG",
            "messageBody": "",
            "insertions": 3,
            "deletions": 2
          }
        ]
      },
      {
        "insertions": 281,
        "deletions": 29,
        "date": "2019-10-23",
        "commitResults": [
          {
            "hash": "ba5cead61b124c09e414f691750bec33cb91e731",
            "messageTitle": "Add LoanObjectDiagram",
            "messageBody": "",
            "insertions": 37,
            "deletions": 0
          },
          {
            "hash": "acccb1fce3a1c57961fdd14588239318a9afd6e2",
            "messageTitle": "Update LoanObjectDiagram",
            "messageBody": "",
            "insertions": 8,
            "deletions": 1
          },
          {
            "hash": "70c42192369e72634af82e263fe38fb153d4e1d8",
            "messageTitle": "Update dg with loaning implementation",
            "messageBody": "",
            "insertions": 155,
            "deletions": 12
          },
          {
            "hash": "2d66c48d19e5946d31516e14948f7e4b39a788fd",
            "messageTitle": "Update loaning implementation write up",
            "messageBody": "",
            "insertions": 8,
            "deletions": 6
          },
          {
            "hash": "7c5014f5d280ac8943865a92b8574b80fe16930e",
            "messageTitle": "Add activity diagram for loaning and returning",
            "messageBody": "",
            "insertions": 63,
            "deletions": 0
          },
          {
            "hash": "1a9d77a31fe8efa0c60bea019689cade49eba56e",
            "messageTitle": "Change Liberry to LiBerry in README",
            "messageBody": "",
            "insertions": 3,
            "deletions": 3
          },
          {
            "hash": "02b5b52dba93a23b90c709976a93b6ce40532514",
            "messageTitle": "Update diagram width",
            "messageBody": "",
            "insertions": 3,
            "deletions": 3
          },
          {
            "hash": "d668fc044469df350f6f9b5cbdf209b38f264f57",
            "messageTitle": "Update use cases diagram width",
            "messageBody": "",
            "insertions": 1,
            "deletions": 1
          },
          {
            "hash": "83d72d18b93a7522f828cf46b7e5fe5adfa9d51a",
            "messageTitle": "Update NFR",
            "messageBody": "",
            "insertions": 2,
            "deletions": 2
          },
          {
            "hash": "29804a3875082fa55ccdf6a163decda23ae81364",
            "messageTitle": "Update DG wording",
            "messageBody": "",
            "insertions": 1,
            "deletions": 1
          }
        ]
      },
      {
        "insertions": 228,
        "deletions": 61,
        "date": "2019-10-24",
        "commitResults": [
          {
            "hash": "44d60375897558211d13db99f740409a5de84ab1",
            "messageTitle": "Fix typo",
            "messageBody": "",
            "insertions": 7,
            "deletions": 6
          },
          {
            "hash": "7b6aab5c7e873ecb9aea62e5c203cb894dd70db3",
            "messageTitle": "Add returnDate, renewCount, remainingFineAmount, paidFineAmount into Loan and JsonAdaptedLoan",
            "messageBody": "",
            "insertions": 90,
            "deletions": 8
          },
          {
            "hash": "3b06430d6f4cebc1f722d7d7fc911787b279f0ff",
            "messageTitle": "Add updateLoan skeleton",
            "messageBody": "",
            "insertions": 19,
            "deletions": 10
          },
          {
            "hash": "54f914497f8e7fabfda6c3097fae18f7aa73a39d",
            "messageTitle": "Update dg based on peer review",
            "messageBody": "",
            "insertions": 12,
            "deletions": 10
          },
          {
            "hash": "af5730add908e633f62f93ccd4c3ebc44c73627c",
            "messageTitle": "Add skeleton for intro, todo add intro and brief preface for each section",
            "messageBody": "",
            "insertions": 6,
            "deletions": 0
          },
          {
            "hash": "7e34fcb1da30bcba0fe11a52dfea4431f691bb4a",
            "messageTitle": "Add software intro",
            "messageBody": "",
            "insertions": 6,
            "deletions": 1
          },
          {
            "hash": "2f87509a1a14012acc9aac5093d10c8dc50db68d",
            "messageTitle": "Add return date and fine incurred to return command",
            "messageBody": "",
            "insertions": 88,
            "deletions": 26
          }
        ]
      },
      {
        "insertions": 211,
        "deletions": 78,
        "date": "2019-10-25",
        "commitResults": [
          {
            "hash": "f725b21462a7d54d04e94d0a27fbf9f7933d28a3",
            "messageTitle": "Update tests",
            "messageBody": "",
            "insertions": 79,
            "deletions": 8
          },
          {
            "hash": "1a87497434c8bd62f0c3b5a098d0d3b868eae0f4",
            "messageTitle": "Fix typo",
            "messageBody": "",
            "insertions": 15,
            "deletions": 17
          },
          {
            "hash": "1b6a43ce9b297d57d8e36d7c184e843403f5cfec",
            "messageTitle": "Add FineUtilTest",
            "messageBody": "",
            "insertions": 48,
            "deletions": 2
          },
          {
            "hash": "09f704e1bb611d80631066d9d67b90b1032dff1d",
            "messageTitle": "Update loan tests",
            "messageBody": "",
            "insertions": 69,
            "deletions": 51
          }
        ]
      },
      {
        "insertions": 921,
        "deletions": 37,
        "date": "2019-10-26",
        "commitResults": [
          {
            "hash": "dc7727eac908c2d0eeb638dcead031ed6d947a71",
            "messageTitle": "Add RenewCommand",
            "messageBody": "",
            "insertions": 195,
            "deletions": 10
          },
          {
            "hash": "54fc7060ba1516db9263c5b57ea728743048222f",
            "messageTitle": "Add RenewCommandParser",
            "messageBody": "",
            "insertions": 52,
            "deletions": 12
          },
          {
            "hash": "9b97623b121691457924ac544630937f1d4263bd",
            "messageTitle": "Add tests for renew",
            "messageBody": "",
            "insertions": 368,
            "deletions": 15
          },
          {
            "hash": "e420a20b341ae18adfedc60c2ba1179f26842d77",
            "messageTitle": "Implement PayCommand and PayCommandParser",
            "messageBody": "",
            "insertions": 306,
            "deletions": 0
          }
        ]
      },
      {
        "insertions": 307,
        "deletions": 37,
        "date": "2019-10-27",
        "commitResults": [
          {
            "hash": "48b21b4fc5c8f01fa84f5f2b606c6402cae400c1",
            "messageTitle": "Add PayCommandParserTest",
            "messageBody": "",
            "insertions": 122,
            "deletions": 7
          },
          {
            "hash": "ba21bdf335a0a365cb8b032336e0d6288ef3ac92",
            "messageTitle": "Add PayCommandTest",
            "messageBody": "",
            "insertions": 112,
            "deletions": 2
          },
          {
            "hash": "4637a1b18e05368d13f1bd0c1b8dc60cd7e872a5",
            "messageTitle": "Update tests",
            "messageBody": "",
            "insertions": 20,
            "deletions": 0
          },
          {
            "hash": "579eea2579ad54d1cdbdbf510cbb1b73fa7e43a4",
            "messageTitle": "Update UG according to implementation",
            "messageBody": "",
            "insertions": 7,
            "deletions": 7
          },
          {
            "hash": "0b66d9d1368520fd696a5a5b2b94c98526c0d636",
            "messageTitle": "Fix typo and abstracted out Loan methods",
            "messageBody": "",
            "insertions": 46,
            "deletions": 21
          }
        ]
      }
    ],
    "Cronyxx": [
      {
        "insertions": 1,
        "deletions": 2,
        "date": "2019-10-03",
        "commitResults": [
          {
            "hash": "0561ebb50c9866d2af9963e77079b2371f3dbf2f",
            "messageTitle": "update ui",
            "messageBody": "Updating UI.png\nRemoving TODO from README.adoc\n",
            "insertions": 1,
            "deletions": 2
          }
        ]
      },
      {
        "insertions": 102,
        "deletions": 1,
        "date": "2019-10-09",
        "commitResults": [
          {
            "hash": "76d70cce2877f3340f66824e9dd3c7f3eb4987b0",
            "messageTitle": "add UserSettings to UserPref",
            "messageBody": "",
            "insertions": 102,
            "deletions": 1
          }
        ]
      },
      {
        "insertions": 83,
        "deletions": 298,
        "date": "2019-10-10",
        "commitResults": [
          {
            "hash": "d948b15bb56a825beb3618d4880811a8717cd57c",
            "messageTitle": "update ui for testing",
            "messageBody": "",
            "insertions": 72,
            "deletions": 287
          },
          {
            "hash": "7864d66964583964540f1e8847b93d1400644d02",
            "messageTitle": "change fine by percentage to absolute",
            "messageBody": "",
            "insertions": 11,
            "deletions": 11
          }
        ]
      },
      {
        "insertions": 542,
        "deletions": 12,
        "date": "2019-10-16",
        "commitResults": [
          {
            "hash": "151cd00ed8a6fbc7a3591f309c50956b067c00fb",
            "messageTitle": "implment set command feature",
            "messageBody": "-users can now set loan period\n-users can now set renew period\n-users can now set fine increments\n",
            "insertions": 542,
            "deletions": 12
          }
        ]
      },
      {
        "insertions": 735,
        "deletions": 66,
        "date": "2019-10-17",
        "commitResults": [
          {
            "hash": "b723e4247c11631ababf6d92b1e003c1e7dafded",
            "messageTitle": "implement tests for set command feature",
            "messageBody": "",
            "insertions": 682,
            "deletions": 25
          },
          {
            "hash": "e8a11c410766c03a636917c9c8442989b8bbb7ff",
            "messageTitle": "implement checkstyle",
            "messageBody": "",
            "insertions": 53,
            "deletions": 41
          }
        ]
      },
      {
        "insertions": 68,
        "deletions": 74,
        "date": "2019-10-21",
        "commitResults": [
          {
            "hash": "7128b34dbccec2112be5a15f5d7b435827a572c2",
            "messageTitle": "fix ui components",
            "messageBody": "-Extended command box line to extend all the way to the end\n-Changed application icon to Li\n-Added loan status\n-Fixed the display for genre through changes in css\n-Added display result box\n",
            "insertions": 68,
            "deletions": 74
          }
        ]
      },
      {
        "insertions": 368,
        "deletions": 85,
        "date": "2019-10-23",
        "commitResults": [
          {
            "hash": "82e0ed003e6276337a1fcca9c599673692d46b16",
            "messageTitle": "rename ui components",
            "messageBody": "",
            "insertions": 41,
            "deletions": 36
          },
          {
            "hash": "bdf283cf11750fc5c24897a61c525cc13849b8b8",
            "messageTitle": "update ug and dg",
            "messageBody": "-Updated UI class diagram\n-Added sequence diagram in UI component for add book command\n-Added activity diagram in UI component when catalog is modified\n-Modified wording for user guide and developer guide\n",
            "insertions": 94,
            "deletions": 16
          },
          {
            "hash": "84542191a5381814761b27db0ca240ed86c2c983",
            "messageTitle": "implement help command",
            "messageBody": "-Changed the contents of help window\n",
            "insertions": 233,
            "deletions": 33
          }
        ]
      },
      {
        "insertions": 158,
        "deletions": 84,
        "date": "2019-10-24",
        "commitResults": [
          {
            "hash": "8ac01a9812e5bde530794f4aba4990f9f3b0e393",
            "messageTitle": "edit build.gradle",
            "messageBody": "",
            "insertions": 1,
            "deletions": 1
          },
          {
            "hash": "05cb89d8d425bd53714a995b18f656aa6f105621",
            "messageTitle": "update dg for undo/redo feature",
            "messageBody": "",
            "insertions": 157,
            "deletions": 83
          }
        ]
      },
      {
        "insertions": 6,
        "deletions": 6,
        "date": "2019-10-25",
        "commitResults": [
          {
            "hash": "2129e625646d0925715636e8edd6e37df77ddec2",
            "messageTitle": "scale down diagram size",
            "messageBody": "",
            "insertions": 6,
            "deletions": 6
          }
        ]
      }
    ],
    "shiyao821": [
      {
        "insertions": 1,
        "deletions": 1,
        "date": "2019-09-13",
        "commitResults": [
          {
            "hash": "dc9183d2d7dab3a5cec8af5cf9d5bd8115c9c2ef",
            "messageTitle": "setup: removed codacy badge from README.adoc",
            "messageBody": "",
            "insertions": 1,
            "deletions": 1
          }
        ]
      },
      {
        "insertions": 1250,
        "deletions": 230,
        "date": "2019-09-23",
        "commitResults": [
          {
            "hash": "1bac9028918822a814f6d3d6db0e4d3cbe67d2ff",
            "messageTitle": "feat: add Loan and subclasses in Model \u0026 Storage package",
            "messageBody": "",
            "insertions": 208,
            "deletions": 3
          },
          {
            "hash": "995c7abbe9b2027921326f6ba972dffeffe99159",
            "messageTitle": "feat:",
            "messageBody": "",
            "insertions": 181,
            "deletions": 13
          },
          {
            "hash": "96173bb9da14025f56769ad6348e1a917467152a",
            "messageTitle": "feat: update LoanRecords storage package",
            "messageBody": "",
            "insertions": 81,
            "deletions": 16
          },
          {
            "hash": "72aaa4ad8c7587a94343b7fe02ab2372cc27b8ab",
            "messageTitle": "chore: update variable name",
            "messageBody": "",
            "insertions": 1,
            "deletions": 1
          },
          {
            "hash": "978804759efcbd8bbd7e04b501d702d199c10f40",
            "messageTitle": "fix: update for build success",
            "messageBody": "",
            "insertions": 56,
            "deletions": 18
          },
          {
            "hash": "8351cac5f86a44b1393bc6708dd477454d43d929",
            "messageTitle": "feat: add Catalogue and CataolgueStorage",
            "messageBody": "",
            "insertions": 306,
            "deletions": 0
          },
          {
            "hash": "d2c5cb47f7aa01e136146d23dbbfdfb35fbfb242",
            "messageTitle": "feat: add Catalogue and CataolgueStorage",
            "messageBody": "",
            "insertions": 417,
            "deletions": 179
          }
        ]
      },
      {
        "insertions": 486,
        "deletions": 11,
        "date": "2019-09-24",
        "commitResults": [
          {
            "hash": "edbd8116d118d66fb0940dadcd73c1b131bbab0c",
            "messageTitle": "feat: add BorrowerRecords and BorrowerRecordsStorage",
            "messageBody": "",
            "insertions": 486,
            "deletions": 11
          }
        ]
      },
      {
        "insertions": 335,
        "deletions": 923,
        "date": "2019-09-27",
        "commitResults": [
          {
            "hash": "1faa3071f625cd0f19ce016d6ad055e11c1a5687",
            "messageTitle": "refactor: Catalogue to Catalog",
            "messageBody": "",
            "insertions": 170,
            "deletions": 179
          },
          {
            "hash": "a77a4a7e5534bce830719aa24d9d8f1bf3d4c45d",
            "messageTitle": "refactor: prep for sync",
            "messageBody": "",
            "insertions": 9,
            "deletions": 200
          },
          {
            "hash": "42748e420500e520ef29153e46fb126080b170e3",
            "messageTitle": "refactor: fix checkstyleMain",
            "messageBody": "",
            "insertions": 156,
            "deletions": 544
          }
        ]
      },
      {
        "insertions": 371,
        "deletions": 963,
        "date": "2019-09-28",
        "commitResults": [
          {
            "hash": "e5194ffae9d2b05d5ceff1da691988efd7394b2a",
            "messageTitle": "fix: Tests",
            "messageBody": "",
            "insertions": 166,
            "deletions": 57
          },
          {
            "hash": "4703875048707a20fe1b7ba5b8e0d1593e254407",
            "messageTitle": "fix: update UserGuide.adoc",
            "messageBody": "",
            "insertions": 190,
            "deletions": 891
          },
          {
            "hash": "1d86d07dbbdcee4083b4f444ac9e41c47ff3d04b",
            "messageTitle": "fix: checkstyle EOF newline",
            "messageBody": "",
            "insertions": 1,
            "deletions": 1
          },
          {
            "hash": "bee73b4b1d32784f88501894860a60b46c2400be",
            "messageTitle": "fix: update UserGuide.adoc - b/BOOK_TITLE to t/TITLE",
            "messageBody": "",
            "insertions": 14,
            "deletions": 14
          }
        ]
      },
      {
        "insertions": 85,
        "deletions": 44,
        "date": "2019-09-30",
        "commitResults": [
          {
            "hash": "d01770d01c277510887b5d937a055cf31e5f2840",
            "messageTitle": "fix: UserGuide.adoc - more commands + v2.0 markers",
            "messageBody": "",
            "insertions": 85,
            "deletions": 44
          }
        ]
      },
      {
        "insertions": 356,
        "deletions": 155,
        "date": "2019-10-13",
        "commitResults": [
          {
            "hash": "5b0d5881731ce9ad118ea8aa6f81594cdaac24f3",
            "messageTitle": "test: update StorageManagerTest",
            "messageBody": "",
            "insertions": 57,
            "deletions": 8
          },
          {
            "hash": "1db306599100f4c98041bbab128e51c1f27c1ad6",
            "messageTitle": "fix: duplicate method getTypicalBorrowers()",
            "messageBody": "",
            "insertions": 0,
            "deletions": 6
          },
          {
            "hash": "825549a20f35b8a11acbd3e09839155b493516fa",
            "messageTitle": "feat: update FindCommand - t/ sn/ a/ g/",
            "messageBody": "",
            "insertions": 259,
            "deletions": 116
          },
          {
            "hash": "81d7e552e074d15d54245d07092067219d0f929d",
            "messageTitle": "fix: test cases",
            "messageBody": "",
            "insertions": 31,
            "deletions": 20
          },
          {
            "hash": "3acdca8be52a2865a764a5a0896cac4869bbec64",
            "messageTitle": "fix: update variable names",
            "messageBody": "",
            "insertions": 6,
            "deletions": 2
          },
          {
            "hash": "bc423bdae9572aeebf45a4a4b0967e1ca5039c59",
            "messageTitle": "fix: update variable names",
            "messageBody": "",
            "insertions": 1,
            "deletions": 1
          },
          {
            "hash": "0b7e9adea13e9695531285994d5d06b36a025f57",
            "messageTitle": "fix: update variable names",
            "messageBody": "",
            "insertions": 2,
            "deletions": 2
          }
        ]
      },
      {
        "insertions": 164,
        "deletions": 85,
        "date": "2019-10-14",
        "commitResults": [
          {
            "hash": "468fa42b3a81f5315480fb98bc8da5afffd20295",
            "messageTitle": "fix: PPP.adoc",
            "messageBody": "",
            "insertions": 4,
            "deletions": 6
          },
          {
            "hash": "02c6d6c3e1a1587fde5f38b9b909acf4b733b791",
            "messageTitle": "feat: ClearCommand, fix: title \u0026 author regex",
            "messageBody": "",
            "insertions": 66,
            "deletions": 18
          },
          {
            "hash": "a6dac06474c765e3fe20f822e2599e257bdc1008",
            "messageTitle": "fix: ParserUtil converts g/... to UPPERCASE",
            "messageBody": "",
            "insertions": 94,
            "deletions": 61
          }
        ]
      },
      {
        "insertions": 258,
        "deletions": 71,
        "date": "2019-10-15",
        "commitResults": [
          {
            "hash": "6a241cf4a1aa0dafb1b6b12cbffe1619f44477ee",
            "messageTitle": "test: BookPredicateTest \u0026 FindCommandTest",
            "messageBody": "",
            "insertions": 255,
            "deletions": 68
          },
          {
            "hash": "fa9bf1bdc19df63dfb7472b658fbe0f39e3cec06",
            "messageTitle": "fix: UserGuide.adoc",
            "messageBody": "",
            "insertions": 3,
            "deletions": 3
          }
        ]
      },
      {
        "insertions": 62,
        "deletions": 13,
        "date": "2019-10-21",
        "commitResults": [
          {
            "hash": "55d96bb059050ab99d9975a8835d99c956494fd3",
            "messageTitle": "fix: StorageClassDiagram \u0026 AddBookStorage.puml",
            "messageBody": "",
            "insertions": 62,
            "deletions": 13
          }
        ]
      },
      {
        "insertions": 169,
        "deletions": 11,
        "date": "2019-10-24",
        "commitResults": [
          {
            "hash": "1655fb0475eb307158acf911b2c3d5fac73b17e2",
            "messageTitle": "fix: developer guide - Book Finding",
            "messageBody": "",
            "insertions": 12,
            "deletions": 0
          },
          {
            "hash": "f8389b2e077bddfe0281765d09b1efa15445474f",
            "messageTitle": "fix: delete PREAMBLE_PLACEHOLDER in FindCommmandParser",
            "messageBody": "",
            "insertions": 60,
            "deletions": 5
          },
          {
            "hash": "38534f22f422e8dd0c4bc91de3257744ead022ea",
            "messageTitle": "fix: asciidoctor",
            "messageBody": "",
            "insertions": 1,
            "deletions": 1
          },
          {
            "hash": "6878ef24c737440d1b246cdd85980c6e222b6661",
            "messageTitle": "feat: -onloan, -available, -overdue flags",
            "messageBody": "",
            "insertions": 96,
            "deletions": 5
          }
        ]
      },
      {
        "insertions": 317,
        "deletions": 82,
        "date": "2019-10-25",
        "commitResults": [
          {
            "hash": "5d2231ea5575d26fd0e5363ba785b72b5039f9db",
            "messageTitle": "fix: BookPredicateTest - loanState Flags",
            "messageBody": "",
            "insertions": 72,
            "deletions": 15
          },
          {
            "hash": "c5f109d5dd84371c8e84c3bd681e56591bec5fb9",
            "messageTitle": "fix: FindCommandParserTest",
            "messageBody": "",
            "insertions": 36,
            "deletions": 3
          },
          {
            "hash": "567bcf810062d92f5fd6d434804cb9461b17a115",
            "messageTitle": "feat: FindCommand - limit number of books to display",
            "messageBody": "",
            "insertions": 48,
            "deletions": 13
          },
          {
            "hash": "97731e44e1b0b168c3f03f1b7adb2125f35e55aa",
            "messageTitle": "fix: BookPredicateTest",
            "messageBody": "",
            "insertions": 59,
            "deletions": 12
          },
          {
            "hash": "91021cafc15eda10299daeec867b575b95fcd1cf",
            "messageTitle": "doc: FindSequenceDiagram",
            "messageBody": "",
            "insertions": 19,
            "deletions": 20
          },
          {
            "hash": "42443aac0f5a5b9786213608899c4ea27d56b4d8",
            "messageTitle": "doc: DG update with Diagrams",
            "messageBody": "",
            "insertions": 73,
            "deletions": 6
          },
          {
            "hash": "e1992743cd4502f72be7c5cffd88ccf5874329b0",
            "messageTitle": "fix: checkstyle and tests",
            "messageBody": "",
            "insertions": 10,
            "deletions": 13
          }
        ]
      },
      {
        "insertions": 14,
        "deletions": 4,
        "date": "2019-10-26",
        "commitResults": [
          {
            "hash": "ac429c52fd7313511c152bd21fb4fc3aa02bc6bd",
            "messageTitle": "fix: reverting ug changes",
            "messageBody": "",
            "insertions": 14,
            "deletions": 4
          }
        ]
      }
    ]
  },
  "authorFinalContributionMap": {
    "linyutinglyt": 1820,
    "hoholyin": 4403,
    "seeziyang": 4474,
    "Cronyxx": 1725,
    "shiyao821": 2472
  },
  "authorFileTypeContributionMap": {
    "linyutinglyt": {
      "docs": 39,
      "tests": 939,
      "functional": 839,
      "other": 3
    },
    "hoholyin": {
      "docs": 380,
      "tests": 2179,
      "functional": 1654,
      "other": 190
    },
    "seeziyang": {
      "docs": 344,
      "tests": 2002,
      "functional": 1939,
      "other": 189
    },
    "Cronyxx": {
      "docs": 70,
      "tests": 699,
      "functional": 840,
      "other": 116
    },
    "shiyao821": {
      "docs": 256,
      "tests": 649,
      "functional": 1426,
      "other": 141
    }
  },
  "authorContributionVariance": {
    "linyutinglyt": 26503.754,
    "hoholyin": 613079.2,
    "seeziyang": 48402.766,
    "Cronyxx": 24021.49,
    "shiyao821": 108505.875
  },
  "authorDisplayNameMap": {
    "linyutinglyt": "CS2103T-F13-1 LIN Y ... UTING",
    "hoholyin": "CS2103T-F13-1 HO HO ... L YIN",
    "seeziyang": "CS2103T-F13-1 SEE Z ...  YANG",
    "Cronyxx": "CS2103T-F13-1 YEO T ...  TONG",
    "shiyao821": "CS2103T-F13-1 WANG  ... HIYAO"
  }
}
