{
  "authorDailyContributionsMap": {
    "etlow": [
      {
        "insertions": 310,
        "deletions": 0,
        "date": "2019-10-02",
        "commitResults": [
          {
            "hash": "8584787bee24e37502d3aee93e2638c01d84b7ee",
            "messageTitle": "Implement undo command",
            "messageBody": "",
            "insertions": 310,
            "deletions": 0
          }
        ]
      },
      {
        "insertions": 2,
        "deletions": 1,
        "date": "2019-10-03",
        "commitResults": [
          {
            "hash": "251f4a79d8673f84eb41314c150599a1bfe32a69",
            "messageTitle": "Update about us image",
            "messageBody": "",
            "insertions": 2,
            "deletions": 1
          }
        ]
      },
      {
        "insertions": 117,
        "deletions": 124,
        "date": "2019-10-13",
        "commitResults": [
          {
            "hash": "17ae138979cf34f1b03dc67551568c9a28e4bfe2",
            "messageTitle": "Rearrange imports to fix checkstyle",
            "messageBody": "",
            "insertions": 83,
            "deletions": 88
          },
          {
            "hash": "260ef7ae13acc4ed459ac5b1e39e9ed11f73b9a9",
            "messageTitle": "Use UniversalParser to parse commands",
            "messageBody": "",
            "insertions": 34,
            "deletions": 36
          }
        ]
      },
      {
        "insertions": 57,
        "deletions": 0,
        "date": "2019-10-14",
        "commitResults": [
          {
            "hash": "f7359e48d6b51c6c777d685df765be296c3995df",
            "messageTitle": "Add basic location classes",
            "messageBody": "",
            "insertions": 57,
            "deletions": 0
          }
        ]
      },
      {
        "insertions": 504,
        "deletions": 110,
        "date": "2019-10-16",
        "commitResults": [
          {
            "hash": "67fc7b8184a83c4292b3bce48592538901531d60",
            "messageTitle": "Move undo classes out of original package",
            "messageBody": "",
            "insertions": 449,
            "deletions": 100
          },
          {
            "hash": "0bf9433baccb272c37742f98a2a163eeaedc0004",
            "messageTitle": "Adapt undo to new model",
            "messageBody": "",
            "insertions": 50,
            "deletions": 10
          },
          {
            "hash": "c00c15e4533ba77d163abf2e7489a5848c215ba4",
            "messageTitle": "Make location return name for toString",
            "messageBody": "",
            "insertions": 5,
            "deletions": 0
          }
        ]
      },
      {
        "insertions": 510,
        "deletions": 54,
        "date": "2019-10-22",
        "commitResults": [
          {
            "hash": "f20e38b62f1ea6a5ba096226139cffbc34795f64",
            "messageTitle": "Add fields and FoodCommand for food",
            "messageBody": "",
            "insertions": 510,
            "deletions": 54
          }
        ]
      },
      {
        "insertions": 122,
        "deletions": 0,
        "date": "2019-10-23",
        "commitResults": [
          {
            "hash": "032e7ffb7cc26a0cf41df4f5ac689fff99323825",
            "messageTitle": "Update undo of developer guide",
            "messageBody": "",
            "insertions": 122,
            "deletions": 0
          }
        ]
      },
      {
        "insertions": 1,
        "deletions": 1,
        "date": "2019-10-24",
        "commitResults": [
          {
            "hash": "dd089553c112a909fcb02da3dd8288485f4018f8",
            "messageTitle": "Remove trailing whitespace",
            "messageBody": "",
            "insertions": 1,
            "deletions": 1
          }
        ]
      },
      {
        "insertions": 26,
        "deletions": 83,
        "date": "2019-10-25",
        "commitResults": [
          {
            "hash": "b2c10ec892d2caa14dc1d213b103e6f134b8552d",
            "messageTitle": "Change to AsciiDoc heading",
            "messageBody": "",
            "insertions": 1,
            "deletions": 1
          },
          {
            "hash": "6177e61e67cf5147c52c175fd4a80bd048a80f49",
            "messageTitle": "Add undo to user guide",
            "messageBody": "",
            "insertions": 24,
            "deletions": 0
          },
          {
            "hash": "75f8c311fc0e1d83da50ae6506843aa3cd1b36c2",
            "messageTitle": "Remove previous undo from developer guide",
            "messageBody": "",
            "insertions": 1,
            "deletions": 82
          }
        ]
      },
      {
        "insertions": 67,
        "deletions": 79,
        "date": "2019-10-30",
        "commitResults": [
          {
            "hash": "d1d3b635bd432f645133e30b485b5af301b2771e",
            "messageTitle": "Remove preparation time and add food quantity field",
            "messageBody": "",
            "insertions": 67,
            "deletions": 79
          }
        ]
      }
    ],
    "ryantay232": [
      {
        "insertions": 29,
        "deletions": 10,
        "date": "2019-09-23",
        "commitResults": [
          {
            "hash": "9f8c8d08bbb17d4e42e79aa161a93024d4ab6b81",
            "messageTitle": "Updated README.adoc for DeliveryMANS.",
            "messageBody": "",
            "insertions": 28,
            "deletions": 4
          },
          {
            "hash": "dc18e9e510c9f9842a24096a8d6579a9a287baea",
            "messageTitle": "Updated README.adoc travis badge and removed other badges.",
            "messageBody": "",
            "insertions": 1,
            "deletions": 6
          }
        ]
      },
      {
        "insertions": 308,
        "deletions": 131,
        "date": "2019-09-25",
        "commitResults": [
          {
            "hash": "6d91f902986d02c9f76e4bf375bf7262d1519392",
            "messageTitle": "Update UserGuide.adoc",
            "messageBody": "",
            "insertions": 308,
            "deletions": 131
          }
        ]
      },
      {
        "insertions": 586,
        "deletions": 114,
        "date": "2019-10-02",
        "commitResults": [
          {
            "hash": "849ee0ed69e7a6a8b4d8be6b892505cf1cc48671",
            "messageTitle": "Basic Customer implementation.",
            "messageBody": "",
            "insertions": 335,
            "deletions": 0
          },
          {
            "hash": "b2e6409e9b112512beb776a19b0356edcf490c6c",
            "messageTitle": "Added Food.java.",
            "messageBody": "",
            "insertions": 68,
            "deletions": 0
          },
          {
            "hash": "093baef725814c01ee78b383e3555f731daf387e",
            "messageTitle": "AddCommand for Customer. (not working yet)",
            "messageBody": "",
            "insertions": 74,
            "deletions": 1
          },
          {
            "hash": "7e12c3e0d395f4750065cfca67d06d6bcfd439e5",
            "messageTitle": "Added photo of self.",
            "messageBody": "",
            "insertions": 1,
            "deletions": 1
          },
          {
            "hash": "9a96e97118cfd41017973abce3a90f3d6ad9e7dc",
            "messageTitle": "Fixing checkstyle errors.",
            "messageBody": "",
            "insertions": 10,
            "deletions": 6
          },
          {
            "hash": "8e66d82c6b4c8a5bc84044a687c0ed885f00abc0",
            "messageTitle": "Fixing checkstyletest errors due to removal of address.",
            "messageBody": "",
            "insertions": 28,
            "deletions": 34
          },
          {
            "hash": "fc5243f223752a1700d0638898021f775fabde22",
            "messageTitle": "Fixing checkstyletest errors due to removal of address part 2.",
            "messageBody": "",
            "insertions": 54,
            "deletions": 58
          },
          {
            "hash": "4199bdb75852590111079968c321d3edaa5c82e0",
            "messageTitle": "Fixing checkstyletest errors due to removal of address part 3.",
            "messageBody": "",
            "insertions": 8,
            "deletions": 8
          },
          {
            "hash": "5527f7124eb4ab15f40e06137dd9dc8272642b36",
            "messageTitle": "Fixing checkstyletest errors due to removal of address part 4.",
            "messageBody": "",
            "insertions": 4,
            "deletions": 2
          },
          {
            "hash": "2c0b76ac9163a29fc08479bf8ebad95c77124b03",
            "messageTitle": "Fixing checkstyletest errors due to removal of address part 5.",
            "messageBody": "",
            "insertions": 4,
            "deletions": 4
          }
        ]
      },
      {
        "insertions": 4813,
        "deletions": 78,
        "date": "2019-10-03",
        "commitResults": [
          {
            "hash": "8cade46effe9bdc7822e83e05285312c787d552a",
            "messageTitle": "Update README.adoc",
            "messageBody": "",
            "insertions": 1,
            "deletions": 0
          },
          {
            "hash": "842f4572e88c689b00f475eab93a1d290619e295",
            "messageTitle": "Fixing test classes to accomodate removal of address.",
            "messageBody": "",
            "insertions": 40,
            "deletions": 52
          },
          {
            "hash": "53e515a1f40a8f37ae6603614437f164b6e5ed01",
            "messageTitle": "Fixing checkstyletest.",
            "messageBody": "",
            "insertions": 14,
            "deletions": 15
          },
          {
            "hash": "c4b411c9e60e646531d533a4f52665e4aeaf4e84",
            "messageTitle": "Fixing checkstyle test errors.",
            "messageBody": "",
            "insertions": 2,
            "deletions": 0
          },
          {
            "hash": "98c4250bc6506decc591987c8848ce6560a1d50e",
            "messageTitle": "Revert \"Remove all tests and clear checkstyle errors\"",
            "messageBody": "",
            "insertions": 4756,
            "deletions": 11
          }
        ]
      },
      {
        "insertions": 356,
        "deletions": 228,
        "date": "2019-10-09",
        "commitResults": [
          {
            "hash": "e83040ec2c7e1c962b49995459a46116b2836240",
            "messageTitle": "Small fix.",
            "messageBody": "",
            "insertions": 1,
            "deletions": 1
          },
          {
            "hash": "53d1450bc946538441f7fce1196fa6398b613bb3",
            "messageTitle": "AddCommand and AddCommandParser done. Edit Model and AddressBook to accept Customer class.",
            "messageBody": "",
            "insertions": 355,
            "deletions": 227
          }
        ]
      },
      {
        "insertions": 390,
        "deletions": 87,
        "date": "2019-10-13",
        "commitResults": [
          {
            "hash": "0983837e2e5d794d6ea76565fbd73a1ee6f6aad9",
            "messageTitle": "Add CustomerDatabase.",
            "messageBody": "",
            "insertions": 145,
            "deletions": 35
          },
          {
            "hash": "205863ca515eb48d1409e594fde0bcbfd1dee0b5",
            "messageTitle": "EditCommand done.",
            "messageBody": "",
            "insertions": 199,
            "deletions": 36
          },
          {
            "hash": "816349928f05541a88105b3f37e73e60f2d8aa8a",
            "messageTitle": "Edit ModelManager and MainApp to accept CustomerDatabase. Small checkstyle fixes.",
            "messageBody": "",
            "insertions": 46,
            "deletions": 16
          }
        ]
      },
      {
        "insertions": 314,
        "deletions": 72,
        "date": "2019-10-14",
        "commitResults": [
          {
            "hash": "c26942677bd4443c152f728ea7fc97373f7603bd",
            "messageTitle": "ListCommand done. Implemented Context to ModelManager.",
            "messageBody": "",
            "insertions": 70,
            "deletions": 14
          },
          {
            "hash": "9360330a5e538d154e3f04cc1f6480ab7606dcea",
            "messageTitle": "Add CustomerCard and CustomerListPanel for Ui.",
            "messageBody": "",
            "insertions": 156,
            "deletions": 0
          },
          {
            "hash": "e24bd2a26e178a146061a37dfd795bd8cebcd5d2",
            "messageTitle": "Implement basic ListPanel switching.",
            "messageBody": "",
            "insertions": 50,
            "deletions": 25
          },
          {
            "hash": "01126534d923472f12a9e7f70282b74188e5058c",
            "messageTitle": "Fix checkStyleMain errors.",
            "messageBody": "",
            "insertions": 13,
            "deletions": 11
          },
          {
            "hash": "775b321d533b405910bc09aaf45b53b8fa8144b9",
            "messageTitle": "Abstracted changeList method from part of executeCommand method in MainWindow.",
            "messageBody": "",
            "insertions": 25,
            "deletions": 22
          }
        ]
      },
      {
        "insertions": 54,
        "deletions": 8,
        "date": "2019-10-15",
        "commitResults": [
          {
            "hash": "479a52b39387cb9a6aac7e27589db6db7493a791",
            "messageTitle": "Change changeList to changeContext",
            "messageBody": "",
            "insertions": 2,
            "deletions": 2
          },
          {
            "hash": "cde1601884a0504fa4e3f65a5edfb75bd824597a",
            "messageTitle": "Add DeleteCommand to Customer.",
            "messageBody": "",
            "insertions": 52,
            "deletions": 6
          }
        ]
      },
      {
        "insertions": 442,
        "deletions": 19,
        "date": "2019-10-16",
        "commitResults": [
          {
            "hash": "f65ffb42dbaeff45d6bf2bdf40a05d29f564bfe9",
            "messageTitle": "Implement storage for Customers.",
            "messageBody": "",
            "insertions": 440,
            "deletions": 17
          },
          {
            "hash": "0c0c88cbb4dec26b8fde9292e86e45e95c8325ac",
            "messageTitle": "Remove personList from Ui.",
            "messageBody": "",
            "insertions": 2,
            "deletions": 2
          }
        ]
      },
      {
        "insertions": 14,
        "deletions": 2,
        "date": "2019-10-22",
        "commitResults": [
          {
            "hash": "9e48a96f815e04125d282afbb89d2d01db3e7785",
            "messageTitle": "Add tracking of orders.",
            "messageBody": "",
            "insertions": 14,
            "deletions": 2
          }
        ]
      },
      {
        "insertions": 1,
        "deletions": 2,
        "date": "2019-10-23",
        "commitResults": [
          {
            "hash": "855d0cdef4749e179400f55dcac5daafdec5dd1b",
            "messageTitle": "Remove comparing tags in Customers.",
            "messageBody": "",
            "insertions": 1,
            "deletions": 2
          }
        ]
      },
      {
        "insertions": 91,
        "deletions": 108,
        "date": "2019-10-24",
        "commitResults": [
          {
            "hash": "2a9e72e630619425e908af32aa13a7012e79eb2c",
            "messageTitle": "Update UserGuide.adoc",
            "messageBody": "",
            "insertions": 8,
            "deletions": 18
          },
          {
            "hash": "9448955bfd502de341b7f70efacf51f3fcdee267",
            "messageTitle": "Edit Customer side of User Guide.",
            "messageBody": "",
            "insertions": 32,
            "deletions": 61
          },
          {
            "hash": "1c53efe6248010cf07b9d0c6bf1d29ce8fb11fe6",
            "messageTitle": "Edit DeveloperGuide and UML diagrams to match DeliveryMANs.",
            "messageBody": "",
            "insertions": 51,
            "deletions": 29
          }
        ]
      },
      {
        "insertions": 19,
        "deletions": 10,
        "date": "2019-10-25",
        "commitResults": [
          {
            "hash": "01a6f0a155641e586c776b207e29666a098a4b06",
            "messageTitle": "Change Customer equals function.",
            "messageBody": "",
            "insertions": 2,
            "deletions": 4
          },
          {
            "hash": "a15454345836e41806881ef5c9124b5cc11ee6d9",
            "messageTitle": "Fixing UserGuide errors.",
            "messageBody": "",
            "insertions": 17,
            "deletions": 6
          }
        ]
      },
      {
        "insertions": 424,
        "deletions": 71,
        "date": "2019-10-30",
        "commitResults": [
          {
            "hash": "4627578be4b8263dd933088b239b2ab41c040d65",
            "messageTitle": "Display order list.",
            "messageBody": "",
            "insertions": 84,
            "deletions": 10
          },
          {
            "hash": "deb0bf329c2fe3d35f2b62d152b3ab9e8f611e75",
            "messageTitle": "Attempt to save order list in customers. Edited addordercommand to add into customer order list.",
            "messageBody": "",
            "insertions": 175,
            "deletions": 25
          },
          {
            "hash": "e25a1887a0d135f38d8064db22f2ba6bcb4763fe",
            "messageTitle": "Implement ListOrderCommand.",
            "messageBody": "",
            "insertions": 147,
            "deletions": 12
          },
          {
            "hash": "7db06eb129a3d49f8f1efd34ff371cbe2ee563f0",
            "messageTitle": "Change implementation slightly.",
            "messageBody": "",
            "insertions": 8,
            "deletions": 22
          },
          {
            "hash": "1f609a5b82be240e18bf50f9f876f3b19e47ba55",
            "messageTitle": "Fix checkstyle errors.",
            "messageBody": "",
            "insertions": 2,
            "deletions": 2
          },
          {
            "hash": "443ec5d05db52a2c96918bfe295c6269f6a2a9cf",
            "messageTitle": "Minor changes.",
            "messageBody": "",
            "insertions": 8,
            "deletions": 0
          }
        ]
      },
      {
        "insertions": 95,
        "deletions": 111,
        "date": "2019-10-31",
        "commitResults": [
          {
            "hash": "7f1d8127b01e6ade79e5194b18ee366252348cb9",
            "messageTitle": "Implement storage of orders",
            "messageBody": "",
            "insertions": 13,
            "deletions": 12
          },
          {
            "hash": "cc046af481e56913927aa922523542e8f33d047e",
            "messageTitle": "Bug fix of customer storing. Customer storing now fixed.",
            "messageBody": "",
            "insertions": 1,
            "deletions": 1
          },
          {
            "hash": "63a605632437b24111af840e44571d4a293811dd",
            "messageTitle": "Renamed customer commands for trie.",
            "messageBody": "",
            "insertions": 81,
            "deletions": 98
          }
        ]
      },
      {
        "insertions": 91,
        "deletions": 66,
        "date": "2019-11-01",
        "commitResults": [
          {
            "hash": "a16baae2e03d684d0d961eb40aba552a0fa8f8da",
            "messageTitle": "Changing context implementation.",
            "messageBody": "",
            "insertions": 61,
            "deletions": 27
          },
          {
            "hash": "8c1dde064d5890c7e7f1f28196ee8996eccba9cd",
            "messageTitle": "Change Context implementation.",
            "messageBody": "",
            "insertions": 23,
            "deletions": 27
          },
          {
            "hash": "e6d6caa6e4a741afc68d93459ba9965a3f5bb715",
            "messageTitle": "Fixing checkstyleMain errors.",
            "messageBody": "",
            "insertions": 7,
            "deletions": 12
          }
        ]
      }
    ],
    "MackyMaguire": [
      {
        "insertions": 503,
        "deletions": 13,
        "date": "2019-10-09",
        "commitResults": [
          {
            "hash": "9bacf139ead0998710de2901e3d5e847d66344b2",
            "messageTitle": "Added Restaurant-side classes",
            "messageBody": "",
            "insertions": 227,
            "deletions": 1
          },
          {
            "hash": "b07be57d1a800d2109a1fc8ecbff210007d28dd9",
            "messageTitle": "Added Restaurant-side classes",
            "messageBody": "",
            "insertions": 1,
            "deletions": 2
          },
          {
            "hash": "8cb6c0c5592ed98a3709adbff0d11be633349b67",
            "messageTitle": "Added JavaDoc for Restaurant-side classes",
            "messageBody": "",
            "insertions": 26,
            "deletions": 6
          },
          {
            "hash": "70dd6202316eafd2f41e0582f5fa18844358daa4",
            "messageTitle": "Fixed Checkstyle error",
            "messageBody": "",
            "insertions": 1,
            "deletions": 1
          },
          {
            "hash": "db9e3b7ac009524fe16d2d855dd67efd427ad7b4",
            "messageTitle": "Fixed Checkstyle error",
            "messageBody": "",
            "insertions": 1,
            "deletions": 1
          },
          {
            "hash": "7b02a09d567eef8fde3a88adbf13dc2ea598d426",
            "messageTitle": "Added Restaurant-side classes (#38)",
            "messageBody": "* Added Restaurant-side classes\r\n\r\n* Added Restaurant-side classes\r\n\r\n* Added JavaDoc for Restaurant-side classes\r\n\r\n* Fixed Checkstyle error\r\n\r\n* Fixed Checkstyle error\r\n",
            "insertions": 246,
            "deletions": 1
          },
          {
            "hash": "995ec9cce47d952c58d2ab3b891ed915614805c7",
            "messageTitle": "Added photo in AboutUs.adoc",
            "messageBody": "",
            "insertions": 1,
            "deletions": 1
          }
        ]
      },
      {
        "insertions": 708,
        "deletions": 88,
        "date": "2019-10-11",
        "commitResults": [
          {
            "hash": "355ce8bb4250f8dac2f195ffd4876241fe1082b2",
            "messageTitle": "Added RestaurantDatabase",
            "messageBody": "",
            "insertions": 673,
            "deletions": 7
          },
          {
            "hash": "855753ee79f46330a466cd8cd432879d0d4104ed",
            "messageTitle": "Fixed checkstyle error",
            "messageBody": "",
            "insertions": 1,
            "deletions": 1
          },
          {
            "hash": "706a6f25d19a534820fee4e8e1fe429cd5a3f69e",
            "messageTitle": "Fixed checkstyle errors",
            "messageBody": "",
            "insertions": 28,
            "deletions": 21
          },
          {
            "hash": "8678ebf8a2b702f0e55a07269f5e7faee65adddf",
            "messageTitle": "Fixed checkstyle errors",
            "messageBody": "",
            "insertions": 3,
            "deletions": 2
          },
          {
            "hash": "a02630e8f29d307bcfe39efd38ad7e891c58bb4f",
            "messageTitle": "Fixed checkstyle errors",
            "messageBody": "",
            "insertions": 1,
            "deletions": 28
          },
          {
            "hash": "0671541d462ff7da93ee2655cd846bb5abaaf7d1",
            "messageTitle": "Fixed checkstyle errors",
            "messageBody": "",
            "insertions": 2,
            "deletions": 29
          }
        ]
      },
      {
        "insertions": 911,
        "deletions": 493,
        "date": "2019-10-13",
        "commitResults": [
          {
            "hash": "41eb93a647b675118f7ba575dc1e6af42e56eb5d",
            "messageTitle": "Removed seedu/address package",
            "messageBody": "",
            "insertions": 911,
            "deletions": 493
          }
        ]
      },
      {
        "insertions": 1120,
        "deletions": 185,
        "date": "2019-10-15",
        "commitResults": [
          {
            "hash": "03a92884036aff1b87e441b56d3c646edf296b10",
            "messageTitle": "Added Restaurant methods in Model",
            "messageBody": "",
            "insertions": 257,
            "deletions": 42
          },
          {
            "hash": "2484c701bc3842fe2ddd93e8e9d16692b5c2b17a",
            "messageTitle": "Implemented Add command and parser for Restaurants",
            "messageBody": "",
            "insertions": 107,
            "deletions": 26
          },
          {
            "hash": "ba093c28a783724dbacf99f15afe74d9e0e972b3",
            "messageTitle": "Added Sample Restaurants",
            "messageBody": "",
            "insertions": 43,
            "deletions": 23
          },
          {
            "hash": "e87aeb4db4d025b34ca8589d32f78e7639faccc7",
            "messageTitle": "Implemented Storage for Restaurant and RestaurantDatabase",
            "messageBody": "",
            "insertions": 416,
            "deletions": 18
          },
          {
            "hash": "50568de9f8fcc32489bfbcb0edcb48fcab1cfd50",
            "messageTitle": "Edited Ui to show Restaurants",
            "messageBody": "",
            "insertions": 214,
            "deletions": 8
          },
          {
            "hash": "83c2e320ff2e2851a31eb256646749de297b0e30",
            "messageTitle": "Fixed checkstyle errors",
            "messageBody": "",
            "insertions": 0,
            "deletions": 4
          },
          {
            "hash": "5c95d0aa2793087b07e0f8fabd4dee2f4fcc11b5",
            "messageTitle": "Fixed checkstyle errors",
            "messageBody": "",
            "insertions": 70,
            "deletions": 51
          },
          {
            "hash": "15ecc0d652a269b01d49674d7dc612256c29ec34",
            "messageTitle": "Fixed checkstyle errors",
            "messageBody": "",
            "insertions": 13,
            "deletions": 13
          }
        ]
      },
      {
        "insertions": 186,
        "deletions": 19,
        "date": "2019-10-18",
        "commitResults": [
          {
            "hash": "e86c4b2a30cfed0701f56212c648892270383241",
            "messageTitle": "Added SplitPane for display of Statistics",
            "messageBody": "",
            "insertions": 24,
            "deletions": 13
          },
          {
            "hash": "d7df54236f2c0de6bcb60bbbff19a37bd68cfbec",
            "messageTitle": "Added Command and Parser for EditRestaurant",
            "messageBody": "",
            "insertions": 141,
            "deletions": 4
          },
          {
            "hash": "a60820a74a83dcb8e8dece9ccfe645c3d1dc1a1f",
            "messageTitle": "Edited UI to show Editing Restaurant",
            "messageBody": "",
            "insertions": 21,
            "deletions": 2
          }
        ]
      },
      {
        "insertions": 80,
        "deletions": 22,
        "date": "2019-10-20",
        "commitResults": [
          {
            "hash": "be261937bea93e6617010b3a7ac2500b6e0d67b2",
            "messageTitle": "Implemented display of Statistics Pane",
            "messageBody": "",
            "insertions": 65,
            "deletions": 9
          },
          {
            "hash": "5d4e3fa95ffdf119a0861423c3c9a04598acf42b",
            "messageTitle": "Removed checkstyle errors",
            "messageBody": "",
            "insertions": 6,
            "deletions": 6
          },
          {
            "hash": "6e5deb16c38186deff48da9519e105d64b45f3d8",
            "messageTitle": "Removed checkstyle errors",
            "messageBody": "",
            "insertions": 9,
            "deletions": 7
          }
        ]
      },
      {
        "insertions": 755,
        "deletions": 93,
        "date": "2019-10-22",
        "commitResults": [
          {
            "hash": "cd295d77112d5b5308d115517baa09cca5e4226b",
            "messageTitle": "Resolve merge conflict",
            "messageBody": "",
            "insertions": 310,
            "deletions": 1
          },
          {
            "hash": "757049b12e2ed9feaacb215704d723077e1a9c04",
            "messageTitle": "Implemented Adding and Displaying of Food items in Menu",
            "messageBody": "",
            "insertions": 94,
            "deletions": 37
          },
          {
            "hash": "cb1411ccea65982fd770aa79ec5a42e7e9a2c9a3",
            "messageTitle": "Added Delete Food and Restaurant Commands",
            "messageBody": "",
            "insertions": 136,
            "deletions": 11
          },
          {
            "hash": "50d3328e7d908089604870d7f5d8b59dd1f5c4a3",
            "messageTitle": "Added Delete Food and Restaurant Parser",
            "messageBody": "",
            "insertions": 94,
            "deletions": 3
          },
          {
            "hash": "6a060134bd9768c3780ce7ff66df913afde6c04c",
            "messageTitle": "Added Sample Menus for Restaurants",
            "messageBody": "",
            "insertions": 88,
            "deletions": 26
          },
          {
            "hash": "94f7a09125cba92e46f7a2f748ac28df7a85a765",
            "messageTitle": "Removed Checkstyle Errors",
            "messageBody": "",
            "insertions": 2,
            "deletions": 2
          },
          {
            "hash": "83a2311a38df70a94ea335afe1262f87ed20059a",
            "messageTitle": "Removed Checkstyle Errors",
            "messageBody": "",
            "insertions": 31,
            "deletions": 13
          }
        ]
      },
      {
        "insertions": 24,
        "deletions": 0,
        "date": "2019-10-23",
        "commitResults": [
          {
            "hash": "276e86fe6b13e6e8b52bc9e4f2e3165128a9e1da",
            "messageTitle": "Updated DG for EditMode Feature",
            "messageBody": "",
            "insertions": 24,
            "deletions": 0
          }
        ]
      },
      {
        "insertions": 21,
        "deletions": 12,
        "date": "2019-10-24",
        "commitResults": [
          {
            "hash": "9967b14c2510a17ae9b38b156c825793af79ff94",
            "messageTitle": "Edited some classes",
            "messageBody": "",
            "insertions": 21,
            "deletions": 12
          }
        ]
      },
      {
        "insertions": 201,
        "deletions": 75,
        "date": "2019-10-25",
        "commitResults": [
          {
            "hash": "2ad938150d6d1afa61bdc822cd295166f73e036c",
            "messageTitle": "Edited UG for Restaurant side",
            "messageBody": "",
            "insertions": 35,
            "deletions": 36
          },
          {
            "hash": "284e15feb7c4bfb59b4876a2dda23eb029cab3c3",
            "messageTitle": "Edited DG for Restaurant side",
            "messageBody": "",
            "insertions": 14,
            "deletions": 13
          },
          {
            "hash": "13cb4a0e91cf3ef5c3b383616c2a076c25d49443",
            "messageTitle": "Exited DG for Restaurant side",
            "messageBody": "",
            "insertions": 13,
            "deletions": 13
          },
          {
            "hash": "2edb9749f37c4f11ea455bcbe4e7e9068a21d551",
            "messageTitle": "Updated Rating class",
            "messageBody": "",
            "insertions": 49,
            "deletions": 9
          },
          {
            "hash": "4ea08681b599be17ec23e18f2b0a71e28a42f694",
            "messageTitle": "Implemented AddRating Command and Parser",
            "messageBody": "",
            "insertions": 90,
            "deletions": 4
          }
        ]
      },
      {
        "insertions": 81,
        "deletions": 32,
        "date": "2019-10-26",
        "commitResults": [
          {
            "hash": "8c1e2dd8dd1f2f6954cc1d93c8ae2653fe23bfce",
            "messageTitle": "Implemented Adding of Rating for Restaurants",
            "messageBody": "",
            "insertions": 58,
            "deletions": 17
          },
          {
            "hash": "9234621e7f5f6ad1aa9a28919ddce19e5bed8e1e",
            "messageTitle": "Fixed checkstyle errors",
            "messageBody": "",
            "insertions": 22,
            "deletions": 14
          },
          {
            "hash": "6254c02a09ad69a9b9a85a96231687843c9d6173",
            "messageTitle": "Fixed checkstyle errors",
            "messageBody": "",
            "insertions": 1,
            "deletions": 1
          }
        ]
      },
      {
        "insertions": 157,
        "deletions": 47,
        "date": "2019-10-29",
        "commitResults": [
          {
            "hash": "0608a065ab4b10bdd4275ab71c0b1afe490ad3ee",
            "messageTitle": "Added screenshots to UG",
            "messageBody": "",
            "insertions": 84,
            "deletions": 43
          },
          {
            "hash": "33037936b5a7556a514110b03ffeb146f872c3b5",
            "messageTitle": "Fixed checkstyle errors",
            "messageBody": "",
            "insertions": 0,
            "deletions": 2
          },
          {
            "hash": "c5dc8aa92654d60bcc6831d390344454cc5c2ba8",
            "messageTitle": "Update UserGuide",
            "messageBody": "",
            "insertions": 70,
            "deletions": 0
          },
          {
            "hash": "a4347ddb62532529cdf99aba70cd7845417ca4f3",
            "messageTitle": "Added 1 more Location",
            "messageBody": "",
            "insertions": 3,
            "deletions": 2
          }
        ]
      },
      {
        "insertions": 221,
        "deletions": 84,
        "date": "2019-10-30",
        "commitResults": [
          {
            "hash": "4fd9c3cdb8a715844a7bdad00bef7d15accf6fa0",
            "messageTitle": "Added Sequence Diagram PUML",
            "messageBody": "",
            "insertions": 78,
            "deletions": 5
          },
          {
            "hash": "2f023eecf283e38358a7097e45ee22738db9ecc8",
            "messageTitle": "Added Activity Diagram PUML",
            "messageBody": "",
            "insertions": 25,
            "deletions": 8
          },
          {
            "hash": "bcfa4176aa16876d2201fbf894828f72f86b0c23",
            "messageTitle": "Added Class Diagram PUML",
            "messageBody": "",
            "insertions": 44,
            "deletions": 20
          },
          {
            "hash": "9b549e71eacf98c5c0b38fdd4abe63b739a33c39",
            "messageTitle": "Updated Developer Guide for Restaurant side",
            "messageBody": "",
            "insertions": 27,
            "deletions": 14
          },
          {
            "hash": "763438d4bfb462ff5ccd07136f80f5c77b8d66dd",
            "messageTitle": "Updated Developer Guide",
            "messageBody": "",
            "insertions": 34,
            "deletions": 18
          },
          {
            "hash": "91387bbe61991cd30bcfd15edec575f4fc6bc79e",
            "messageTitle": "Fixed checkstyle errors",
            "messageBody": "",
            "insertions": 11,
            "deletions": 12
          },
          {
            "hash": "c2f3cd0bd8c9dd16620273f532c63068a2b6c191",
            "messageTitle": "Fixed checkstyle errors",
            "messageBody": "",
            "insertions": 2,
            "deletions": 7
          }
        ]
      },
      {
        "insertions": 139,
        "deletions": 85,
        "date": "2019-10-31",
        "commitResults": [
          {
            "hash": "d911a765c5ae7f183b44f1800172ae353500613f",
            "messageTitle": "Fixed Bugs",
            "messageBody": "",
            "insertions": 132,
            "deletions": 74
          },
          {
            "hash": "d0828e99488bddf9ba73d399bf0f209874e67739",
            "messageTitle": "Fixed Checkstyle errors",
            "messageBody": "",
            "insertions": 7,
            "deletions": 11
          }
        ]
      },
      {
        "insertions": 133,
        "deletions": 120,
        "date": "2019-11-01",
        "commitResults": [
          {
            "hash": "1e615af67d401b68ad76484f8eedf50329b409ce",
            "messageTitle": "Implemented Storage and Ui for Restaurant Orders",
            "messageBody": "",
            "insertions": 36,
            "deletions": 10
          },
          {
            "hash": "8ffba4e6f34e211a6e6a07c8107f8f0082756217",
            "messageTitle": "Moved CommandBox to the top",
            "messageBody": "",
            "insertions": 6,
            "deletions": 6
          },
          {
            "hash": "39aad549c38aa0b0ba05fe6e329ea84f5b4bb45a",
            "messageTitle": "Fixed Checkstyle errors",
            "messageBody": "",
            "insertions": 2,
            "deletions": 2
          },
          {
            "hash": "a2bf6cbdfe781d0715dbe0c018802f18d9936add",
            "messageTitle": "Fixed Checkstyle errors",
            "messageBody": "",
            "insertions": 1,
            "deletions": 1
          },
          {
            "hash": "7b48f8969a46f040ad49b5a8241df5627be5c933",
            "messageTitle": "Removed unnecessary Context",
            "messageBody": "",
            "insertions": 88,
            "deletions": 101
          }
        ]
      }
    ],
    "SoilingRogue": [
      {
        "insertions": 108,
        "deletions": 8,
        "date": "2019-09-16",
        "commitResults": [
          {
            "hash": "b614dbb216c2c798a8cc87218f07f86c5b166b45",
            "messageTitle": "Incomplete implementation of universal switch commands",
            "messageBody": "",
            "insertions": 108,
            "deletions": 8
          }
        ]
      },
      {
        "insertions": 451,
        "deletions": 353,
        "date": "2019-09-23",
        "commitResults": [
          {
            "hash": "92592d7817fde6eec2c593634f82b050de81a451",
            "messageTitle": "Tutorials 1 \u0026 2",
            "messageBody": "",
            "insertions": 62,
            "deletions": 288
          },
          {
            "hash": "390f84438c60785000394e4f334466e060cf82ae",
            "messageTitle": "Tutorial 3 - Adding a new Command",
            "messageBody": "",
            "insertions": 389,
            "deletions": 65
          }
        ]
      },
      {
        "insertions": 5,
        "deletions": 0,
        "date": "2019-09-24",
        "commitResults": [
          {
            "hash": "867049f906b5f770555d06ba2c63f58672472e17",
            "messageTitle": "Initial commit for creating universal parser",
            "messageBody": "",
            "insertions": 5,
            "deletions": 0
          }
        ]
      },
      {
        "insertions": 1207,
        "deletions": 294,
        "date": "2019-09-25",
        "commitResults": [
          {
            "hash": "db851352dcd0ed230d35f6ced0a04ed07dfa20e6",
            "messageTitle": "Increments on context parsers and commands, as well as refactored some files",
            "messageBody": "",
            "insertions": 1190,
            "deletions": 285
          },
          {
            "hash": "bfe9b8375c9c328a6bded76c4645b9adc4f540a7",
            "messageTitle": "Update DeveloperGuide.adoc",
            "messageBody": "",
            "insertions": 14,
            "deletions": 8
          },
          {
            "hash": "d48a7bd02d34d6783265769cf8b25b9dce3f9490",
            "messageTitle": "Update DeveloperGuide.adoc",
            "messageBody": "",
            "insertions": 3,
            "deletions": 1
          }
        ]
      },
      {
        "insertions": 1,
        "deletions": 1,
        "date": "2019-10-03",
        "commitResults": [
          {
            "hash": "e32d9fd8ec608c561cc796e04ffd986dc3e76c53",
            "messageTitle": "Update AboutUs.adoc",
            "messageBody": "",
            "insertions": 1,
            "deletions": 1
          }
        ]
      },
      {
        "insertions": 101,
        "deletions": 1,
        "date": "2019-10-04",
        "commitResults": [
          {
            "hash": "55dd68309859deb08776603da5b6c9aca026b9be",
            "messageTitle": "v1.2 increments",
            "messageBody": "",
            "insertions": 101,
            "deletions": 1
          }
        ]
      },
      {
        "insertions": 10,
        "deletions": 1,
        "date": "2019-10-11",
        "commitResults": [
          {
            "hash": "f0fcfe2bcf05876dc61846c79b8d39f6a4b68394",
            "messageTitle": "Modified UniversalParser to switch between context",
            "messageBody": "",
            "insertions": 10,
            "deletions": 1
          }
        ]
      },
      {
        "insertions": 86,
        "deletions": 16,
        "date": "2019-10-12",
        "commitResults": [
          {
            "hash": "b83b8dc307ad55c6b82a3d304233ff6e62c82d87",
            "messageTitle": "Resolved duplicated Order class",
            "messageBody": "",
            "insertions": 86,
            "deletions": 16
          }
        ]
      },
      {
        "insertions": 1076,
        "deletions": 156,
        "date": "2019-10-14",
        "commitResults": [
          {
            "hash": "93d0daed2bce43d9d7c5a6e87c4aa68a2443939c",
            "messageTitle": "Modified logic and model for orders",
            "messageBody": "",
            "insertions": 16,
            "deletions": 0
          },
          {
            "hash": "e64ba5c308d4e277ecd06a1fc23fa02f3d12a856",
            "messageTitle": "Modified logic and model for orders 2",
            "messageBody": "",
            "insertions": 283,
            "deletions": 4
          },
          {
            "hash": "ee3c310d602f46120c28cd56f430eeab99ba3645",
            "messageTitle": "Modified code for logic parsing and storage of orders",
            "messageBody": "",
            "insertions": 652,
            "deletions": 66
          },
          {
            "hash": "36eb8c603c8c89cc55c38898d742736628905b6b",
            "messageTitle": "Fixed CheckStyle errors",
            "messageBody": "",
            "insertions": 31,
            "deletions": 44
          },
          {
            "hash": "b66501f6cc4f733d718a1ca56a56f75ce871365f",
            "messageTitle": "Fixed CheckStyle errors part 2",
            "messageBody": "",
            "insertions": 21,
            "deletions": 33
          },
          {
            "hash": "207103a69571e5b6baf12436c81734c17c61efbd",
            "messageTitle": "Added working but unoptimized implementation of adding order command in customer context",
            "messageBody": "",
            "insertions": 67,
            "deletions": 7
          },
          {
            "hash": "22de5aa92164ad85fcb8a038a54fe40f84473687",
            "messageTitle": "Fixed CheckStyle errors",
            "messageBody": "",
            "insertions": 5,
            "deletions": 1
          },
          {
            "hash": "a6b074db619114348f545c59b38e80f3c54953cd",
            "messageTitle": "Fixed CheckStyle errors part 2",
            "messageBody": "",
            "insertions": 1,
            "deletions": 1
          }
        ]
      },
      {
        "insertions": 534,
        "deletions": 138,
        "date": "2019-10-16",
        "commitResults": [
          {
            "hash": "93dfe2149023b6134aca6d738bb16535502c8dcb",
            "messageTitle": "Added delete and edit order commands and parser",
            "messageBody": "",
            "insertions": 524,
            "deletions": 93
          },
          {
            "hash": "9bd7e42fc404d57a4a18ac922602d41584c15640",
            "messageTitle": "Fixed CheckStyle errors",
            "messageBody": "",
            "insertions": 1,
            "deletions": 1
          },
          {
            "hash": "efb5b54686f4d55fb2b4a57b88a520c3e7975095",
            "messageTitle": "Fixed CheckStyle errors part 2",
            "messageBody": "",
            "insertions": 7,
            "deletions": 41
          },
          {
            "hash": "354de19b0f37d89967097af2429d2e034c506cab",
            "messageTitle": "Fixed CheckStyle errors part 3",
            "messageBody": "",
            "insertions": 0,
            "deletions": 1
          },
          {
            "hash": "71c15e8d11c3fbac2e637a60ee5772e25ed541c9",
            "messageTitle": "Fixed CheckStyle errors part 4",
            "messageBody": "",
            "insertions": 2,
            "deletions": 2
          }
        ]
      },
      {
        "insertions": 141,
        "deletions": 87,
        "date": "2019-10-19",
        "commitResults": [
          {
            "hash": "d399030a6e1228c289bbcbf9a5baaa033fd87c72",
            "messageTitle": "Incomplete edit to order class, commands and parser",
            "messageBody": "",
            "insertions": 141,
            "deletions": 87
          }
        ]
      },
      {
        "insertions": 301,
        "deletions": 124,
        "date": "2019-10-22",
        "commitResults": [
          {
            "hash": "40522260ee858de08ce5d82f28b35bbc091df6c7",
            "messageTitle": "Changes to order classes, parser and commands",
            "messageBody": "",
            "insertions": 284,
            "deletions": 107
          },
          {
            "hash": "f6b49b4d3ba7b9442567f06a58f26126a6edc66a",
            "messageTitle": "Edits to MainWindow",
            "messageBody": "",
            "insertions": 17,
            "deletions": 17
          }
        ]
      },
      {
        "insertions": 333,
        "deletions": 157,
        "date": "2019-10-23",
        "commitResults": [
          {
            "hash": "f7b91f5417696669cc702c3ffd30e0ab32524a67",
            "messageTitle": "Edits to order commands, parser, ui and storage",
            "messageBody": "",
            "insertions": 214,
            "deletions": 95
          },
          {
            "hash": "929dc4f970f0ef375f9e79a296ea4aa87f209640",
            "messageTitle": "Fixed CheckStyle errors",
            "messageBody": "",
            "insertions": 66,
            "deletions": 62
          },
          {
            "hash": "b750d4ac4bf2799def2921876ceeb5c373025eba",
            "messageTitle": "Update DeveloperGuide.adoc",
            "messageBody": "",
            "insertions": 53,
            "deletions": 0
          }
        ]
      },
      {
        "insertions": 76,
        "deletions": 133,
        "date": "2019-10-24",
        "commitResults": [
          {
            "hash": "4d2a2196ddee3fb74cd3ace7c858a25fdffd1490",
            "messageTitle": "Update UserGuide.adoc",
            "messageBody": "",
            "insertions": 76,
            "deletions": 133
          }
        ]
      },
      {
        "insertions": 155,
        "deletions": 48,
        "date": "2019-10-25",
        "commitResults": [
          {
            "hash": "ffa99709b95cb9bca50ebfea1e83d9d23dea38c4",
            "messageTitle": "Update UserGuide.adoc",
            "messageBody": "",
            "insertions": 81,
            "deletions": 24
          },
          {
            "hash": "c44457ef73d17a576d30d2efeddfcb452bd416ba",
            "messageTitle": "Update DeveloperGuide.adoc",
            "messageBody": "",
            "insertions": 14,
            "deletions": 0
          },
          {
            "hash": "0d795b5af6689eab7d24879d8a37e470225a815a",
            "messageTitle": "Update DeveloperGuide.adoc",
            "messageBody": "",
            "insertions": 47,
            "deletions": 5
          },
          {
            "hash": "44edc91edb6e9b1e0a45127b50990dfb27761b8b",
            "messageTitle": "Update DeveloperGuide.adoc",
            "messageBody": "",
            "insertions": 7,
            "deletions": 15
          },
          {
            "hash": "ca967ec8717408c865d47dead2f303afef984da2",
            "messageTitle": "Update UserGuide.adoc",
            "messageBody": "",
            "insertions": 6,
            "deletions": 4
          }
        ]
      },
      {
        "insertions": 405,
        "deletions": 97,
        "date": "2019-10-30",
        "commitResults": [
          {
            "hash": "263e2845136e5b1ea7395961527bbdad1402fb8c",
            "messageTitle": "Implementation of trie for autocomplete feature",
            "messageBody": "",
            "insertions": 222,
            "deletions": 37
          },
          {
            "hash": "7c482013fc3d266f936b4a0244b80d8b29a477de",
            "messageTitle": ".puml and edits to autocomplete feature",
            "messageBody": "",
            "insertions": 40,
            "deletions": 10
          },
          {
            "hash": "42ac3a1745cbcbd3286a93abf70cfdde1656a9dc",
            "messageTitle": "Fixed checkstyle errors part 2 and minor edits to autocomplete feature",
            "messageBody": "",
            "insertions": 2,
            "deletions": 1
          },
          {
            "hash": "6cd593100a125ba479f4e70b617914756f61c150",
            "messageTitle": "Updated order for storage",
            "messageBody": "",
            "insertions": 89,
            "deletions": 28
          },
          {
            "hash": "461eea52b0ff2d9c44baa29a5ca074770e440b0a",
            "messageTitle": "Fixed checkstyle errors part 2",
            "messageBody": "",
            "insertions": 51,
            "deletions": 8
          },
          {
            "hash": "e11f7d6875631e58b1bf24fb57e42f8c0cda261e",
            "messageTitle": "Update UserGuide.adoc",
            "messageBody": "",
            "insertions": 1,
            "deletions": 13
          }
        ]
      },
      {
        "insertions": 232,
        "deletions": 57,
        "date": "2019-11-01",
        "commitResults": [
          {
            "hash": "69d36282a4c8d7487ef5d53aeda6c6ebcb8aac11",
            "messageTitle": "Improved autocomplete from prefixes only to any substring",
            "messageBody": "",
            "insertions": 46,
            "deletions": 23
          },
          {
            "hash": "0d9f7eba2abef02b084ff56c643afaf80e111164",
            "messageTitle": "Modified autocomplete feature to be visible at the Ui level",
            "messageBody": "",
            "insertions": 142,
            "deletions": 4
          },
          {
            "hash": "dc9b892da8c76d9e29e7a7c0fc3e7579a6e42aa5",
            "messageTitle": "Fixed checkstyle errors",
            "messageBody": "",
            "insertions": 1,
            "deletions": 1
          },
          {
            "hash": "1ecc4e2d3935d45be4650f11a87bea8339785162",
            "messageTitle": "Fixed checkstyle errors part 2",
            "messageBody": "",
            "insertions": 11,
            "deletions": 6
          },
          {
            "hash": "0d738c3d60683ac721098743992df8643b1f7a08",
            "messageTitle": "Fixed checkstyle errors part 3",
            "messageBody": "",
            "insertions": 1,
            "deletions": 1
          },
          {
            "hash": "11420baf63e02015a1fb15e5bd98e37a5a1482d7",
            "messageTitle": "Edits to autocomplete feature for displaying on Ui",
            "messageBody": "",
            "insertions": 15,
            "deletions": 16
          },
          {
            "hash": "231c8bbb361c0892139d7eb6cddcf2a1f1616448",
            "messageTitle": "Edits to autocomplete feature",
            "messageBody": "",
            "insertions": 3,
            "deletions": 1
          },
          {
            "hash": "8abb043b9dca28fd032ecd0406690b5a5eb410d2",
            "messageTitle": "Edits to autocomplete feature and Ui",
            "messageBody": "",
            "insertions": 13,
            "deletions": 5
          }
        ]
      }
    ],
    "charliechoong": [
      {
        "insertions": 1,
        "deletions": 2,
        "date": "2019-09-18",
        "commitResults": [
          {
            "hash": "2ba593fa28baf2336fcaaf423a8a517195a88bb9",
            "messageTitle": "Remove Codacy badge",
            "messageBody": "",
            "insertions": 1,
            "deletions": 2
          }
        ]
      },
      {
        "insertions": 34,
        "deletions": 24,
        "date": "2019-09-22",
        "commitResults": [
          {
            "hash": "689db8a69f5bc1ad494e1d5fc25d54ada1819dff",
            "messageTitle": "Edit AboutUs and ContactUs adocs",
            "messageBody": "",
            "insertions": 22,
            "deletions": 21
          },
          {
            "hash": "19e632dd3cb1f5a0b77f16072a10c4dd34f23428",
            "messageTitle": "Edit AboutUs and ContactUs adocs",
            "messageBody": "",
            "insertions": 11,
            "deletions": 2
          },
          {
            "hash": "b0979076707cec14488959c586ff2463d436d6f4",
            "messageTitle": "Edit AboutUs and ContactUs adocs",
            "messageBody": "",
            "insertions": 1,
            "deletions": 1
          }
        ]
      },
      {
        "insertions": 2915,
        "deletions": 2906,
        "date": "2019-09-28",
        "commitResults": [
          {
            "hash": "219b9108b7522a57bd24c1c23f2601567df25bba",
            "messageTitle": "Sync local repo with upstream repo",
            "messageBody": "",
            "insertions": 679,
            "deletions": 1992
          },
          {
            "hash": "ec5c57702663018b1561484557b37d4a628ba298",
            "messageTitle": "Revert \"Sync local repo with upstream repo\"",
            "messageBody": "This reverts commit 219b9108b7522a57bd24c1c23f2601567df25bba.\n",
            "insertions": 1992,
            "deletions": 679
          },
          {
            "hash": "28720a60b1ea51953fa39c85a6acf272cc01d1ec",
            "messageTitle": "Add repoURL for Developer and User guides",
            "messageBody": "",
            "insertions": 5,
            "deletions": 3
          },
          {
            "hash": "3d3c6c59bfa56743b8dc9eb80423a27f1354282e",
            "messageTitle": "Correct checkstyle errors",
            "messageBody": "",
            "insertions": 5,
            "deletions": 5
          },
          {
            "hash": "6af8a8a41363274240313b594cb011d7d89ad5ac",
            "messageTitle": "Correct most of existing checkstyle errors",
            "messageBody": "",
            "insertions": 133,
            "deletions": 128
          },
          {
            "hash": "359f4ad14d30dfa5371299ef668615d9c7cee28c",
            "messageTitle": "Correct most of existing checkstyle errors",
            "messageBody": "",
            "insertions": 53,
            "deletions": 53
          },
          {
            "hash": "0bce92885e49e0355d336a87e4a72779dcef9ec3",
            "messageTitle": "Correct most of existing checkstyle errors",
            "messageBody": "",
            "insertions": 16,
            "deletions": 13
          },
          {
            "hash": "8c4da320a1837ea83fc55d00382ffe6a48747ce4",
            "messageTitle": "Correct all checkstyle errors except Javadoc comments",
            "messageBody": "",
            "insertions": 24,
            "deletions": 25
          },
          {
            "hash": "6277784881c450b402f86bf3abb18e9c553e1d9b",
            "messageTitle": "Correct all checkstyle errors except Javadoc comments",
            "messageBody": "",
            "insertions": 8,
            "deletions": 8
          }
        ]
      },
      {
        "insertions": 96,
        "deletions": 41,
        "date": "2019-09-29",
        "commitResults": [
          {
            "hash": "97b473ec721955fdd2e2bd7299538a02e1a96d1f",
            "messageTitle": "Correct all checkstyle errors except Javadoc comments",
            "messageBody": "",
            "insertions": 4,
            "deletions": 6
          },
          {
            "hash": "5261b61c97f2dfb3bc75a2b86e251bae80515a71",
            "messageTitle": "Add dummy Javadoc comments",
            "messageBody": "",
            "insertions": 57,
            "deletions": 0
          },
          {
            "hash": "3f3d6d6b7ec52520d4bce5ae4e7966bafd9c2eb3",
            "messageTitle": "Edit dummy Javadocs comments",
            "messageBody": "",
            "insertions": 35,
            "deletions": 35
          }
        ]
      },
      {
        "insertions": 1,
        "deletions": 1,
        "date": "2019-10-02",
        "commitResults": [
          {
            "hash": "9ddf0e413563fac267598b0a69d228aa598c8c5b",
            "messageTitle": "Edit minor changes to AboutUs",
            "messageBody": "",
            "insertions": 1,
            "deletions": 1
          }
        ]
      },
      {
        "insertions": 10,
        "deletions": 4755,
        "date": "2019-10-03",
        "commitResults": [
          {
            "hash": "579ef8be20081d89017da7a15c528255550ea2fd",
            "messageTitle": "Remove all Tests",
            "messageBody": "",
            "insertions": 0,
            "deletions": 4748
          },
          {
            "hash": "6296b27bc77b1496a1ee62991ec768e8e3e744e4",
            "messageTitle": "Remove all Tests and clear Checkstyle errors",
            "messageBody": "",
            "insertions": 10,
            "deletions": 7
          }
        ]
      },
      {
        "insertions": 13,
        "deletions": 14,
        "date": "2019-10-04",
        "commitResults": [
          {
            "hash": "e13750cc6f64d5ef42b46608685ec8af1a199dc3",
            "messageTitle": "Update responsibilities in AboutUs.adoc",
            "messageBody": "",
            "insertions": 10,
            "deletions": 11
          },
          {
            "hash": "5ae89ec864896776e07bcaa195df2f0d04ba1efc",
            "messageTitle": "Update AboutUs.adoc",
            "messageBody": "",
            "insertions": 3,
            "deletions": 3
          }
        ]
      },
      {
        "insertions": 9,
        "deletions": 3,
        "date": "2019-10-05",
        "commitResults": [
          {
            "hash": "b0036e7ab94ebd81d93e95441535eb2afd9828c6",
            "messageTitle": "Add message output for successful deliveryman commands",
            "messageBody": "",
            "insertions": 9,
            "deletions": 3
          }
        ]
      },
      {
        "insertions": 92,
        "deletions": 0,
        "date": "2019-10-09",
        "commitResults": [
          {
            "hash": "d06ef40beffed94ab38c501a0f1f06729bd476d9",
            "messageTitle": "Create Deliveryman and DeliveryHistory classes",
            "messageBody": "",
            "insertions": 63,
            "deletions": 0
          },
          {
            "hash": "576da9bec8be69937d34596ba6d2a8fa7c55a989",
            "messageTitle": "Create Status and DeliveryManager classes for delivery side.",
            "messageBody": "",
            "insertions": 29,
            "deletions": 0
          }
        ]
      },
      {
        "insertions": 241,
        "deletions": 4770,
        "date": "2019-10-12",
        "commitResults": [
          {
            "hash": "bd6d0b490d5422165fc59fca53e6caaa4f5572e7",
            "messageTitle": "Readd Phone class",
            "messageBody": "",
            "insertions": 42,
            "deletions": 0
          },
          {
            "hash": "6732be339e7c2a90f9a1f698c8dd3a4ea452b367",
            "messageTitle": "Re-add Phone class and add more Deliveryman classes",
            "messageBody": "",
            "insertions": 132,
            "deletions": 0
          },
          {
            "hash": "7508bf2cfc9df154ddfd7ecf0397ac6166e89eed",
            "messageTitle": "Clear Travis errors.",
            "messageBody": "",
            "insertions": 66,
            "deletions": 38
          },
          {
            "hash": "5c9d442b51fe00564f086abcbf42cfbd5399db13",
            "messageTitle": "Remove 2 tests due to changes in Model imports for \"address\" folder",
            "messageBody": "",
            "insertions": 1,
            "deletions": 196
          },
          {
            "hash": "9d2d1c0d9bc81f5ba2aa4ed09461a6d6572b5c30",
            "messageTitle": "Delete all Command tests",
            "messageBody": "",
            "insertions": 0,
            "deletions": 895
          },
          {
            "hash": "6cb53f2ab5536a0b37e334939af330c9815bd97e",
            "messageTitle": "Remove all tests",
            "messageBody": "",
            "insertions": 0,
            "deletions": 3641
          }
        ]
      },
      {
        "insertions": 1,
        "deletions": 3,
        "date": "2019-10-13",
        "commitResults": [
          {
            "hash": "9a341faf69c7d717eade813b51d6e7ff06de9e32",
            "messageTitle": "Edit minor changes",
            "messageBody": "",
            "insertions": 1,
            "deletions": 3
          }
        ]
      },
      {
        "insertions": 204,
        "deletions": 18,
        "date": "2019-10-15",
        "commitResults": [
          {
            "hash": "0e3bd576ef52de4f4473ae50b3bbf41f027ea3d7",
            "messageTitle": "Implement Deliverymen database.",
            "messageBody": "",
            "insertions": 111,
            "deletions": 8
          },
          {
            "hash": "0a334c8626993ed8f7e1db8e3e4c91cf758a93d7",
            "messageTitle": "Implement deliverymen database.",
            "messageBody": "",
            "insertions": 52,
            "deletions": 0
          },
          {
            "hash": "c28a36694690ff73ca2b96e0f776c6e9a564bc6c",
            "messageTitle": "Edit deliveryman classes.",
            "messageBody": "",
            "insertions": 41,
            "deletions": 10
          }
        ]
      },
      {
        "insertions": 776,
        "deletions": 90,
        "date": "2019-10-16",
        "commitResults": [
          {
            "hash": "758fd0e00c10eaef283f8f339cb887e890efe79a",
            "messageTitle": "Add DeliverymanStatusList class to append statuses to UniqueDeliverymanList",
            "messageBody": "",
            "insertions": 39,
            "deletions": 1
          },
          {
            "hash": "0ecf02076ea7e3ab66edf1d4af5a4a433a62fe24",
            "messageTitle": "Add more deliverymen methods into database and respective classes",
            "messageBody": "",
            "insertions": 49,
            "deletions": 5
          },
          {
            "hash": "572a31e6e3bc531b403522a567871eb2cf1c6129",
            "messageTitle": "Implement storage for deliverymen and add sample data",
            "messageBody": "",
            "insertions": 127,
            "deletions": 3
          },
          {
            "hash": "66f423f2029a8ef4c13758d3baaae47ced342f2d",
            "messageTitle": "Fix storage errors",
            "messageBody": "",
            "insertions": 107,
            "deletions": 6
          },
          {
            "hash": "1da35a81dba67144247663a333d5480d7bb9c097",
            "messageTitle": "Fix checkstyle errors",
            "messageBody": "",
            "insertions": 12,
            "deletions": 6
          },
          {
            "hash": "df7474d969d7c1b566cfe8b37597d2a8a1f22c10",
            "messageTitle": "Edit minor changes",
            "messageBody": "",
            "insertions": 156,
            "deletions": 18
          },
          {
            "hash": "48df7fc91a31476b479a9601edd32ecd4ac36a4a",
            "messageTitle": "Clear checkstyle errors",
            "messageBody": "",
            "insertions": 5,
            "deletions": 16
          },
          {
            "hash": "3780f7d32208c9539b65c582239a0768d206e0a3",
            "messageTitle": "Edit FXML and related files to display deliverymen info on GUI",
            "messageBody": "",
            "insertions": 278,
            "deletions": 30
          },
          {
            "hash": "4a476a52ce751897dfb9ed17e3c170a116bb5bf7",
            "messageTitle": "Clear checktyle errors",
            "messageBody": "",
            "insertions": 3,
            "deletions": 3
          },
          {
            "hash": "05024a0721ceecb7d36257fe643f0abb8bfe58e1",
            "messageTitle": "Fix merge conflicts",
            "messageBody": "",
            "insertions": 0,
            "deletions": 2
          }
        ]
      },
      {
        "insertions": 62,
        "deletions": 9,
        "date": "2019-10-17",
        "commitResults": [
          {
            "hash": "a57e170c6e7dfa990ffc9696c4c4dc0793e44797",
            "messageTitle": "Implement add command for deliverymen",
            "messageBody": "",
            "insertions": 62,
            "deletions": 9
          }
        ]
      },
      {
        "insertions": 469,
        "deletions": 107,
        "date": "2019-10-18",
        "commitResults": [
          {
            "hash": "0a898beb1dfa9236b52286ff149a01b94627d7a7",
            "messageTitle": "Implement delete command for deliverymen",
            "messageBody": "",
            "insertions": 163,
            "deletions": 2
          },
          {
            "hash": "e0324b75273c755e5798c3556e65b5b19c9c200f",
            "messageTitle": "Clear checkstyle errors",
            "messageBody": "",
            "insertions": 3,
            "deletions": 6
          },
          {
            "hash": "ba109071c98c86f395ddcfaf91622bbe2074dfc5",
            "messageTitle": "Implement Edit command for deliverymen",
            "messageBody": "",
            "insertions": 153,
            "deletions": 31
          },
          {
            "hash": "0a532e1c3f94d4118c1070d94963e3233e5a527e",
            "messageTitle": "Implement tags for deliverymen",
            "messageBody": "",
            "insertions": 104,
            "deletions": 25
          },
          {
            "hash": "6b722c4f7ad8d7ce330b4ea3ce45912fd3cb08da",
            "messageTitle": "Correct checkstyle errors",
            "messageBody": "",
            "insertions": 2,
            "deletions": 3
          },
          {
            "hash": "c5e76fd17ff7758af60cf48880e257f36302b778",
            "messageTitle": "Edit variable names",
            "messageBody": "",
            "insertions": 39,
            "deletions": 35
          },
          {
            "hash": "999197d3a57a1f1b9288740c244eecdf53999dcb",
            "messageTitle": "Resolve bugs related to tags",
            "messageBody": "",
            "insertions": 5,
            "deletions": 5
          }
        ]
      },
      {
        "insertions": 32,
        "deletions": 5,
        "date": "2019-10-21",
        "commitResults": [
          {
            "hash": "e5aae33a0fad85410064e085e92289319956cb09",
            "messageTitle": "Edit minor changes to deliveryman classes",
            "messageBody": "",
            "insertions": 32,
            "deletions": 5
          }
        ]
      },
      {
        "insertions": 314,
        "deletions": 141,
        "date": "2019-10-22",
        "commitResults": [
          {
            "hash": "b6ebbdf8615f831ed88480b08ea6a90c41a12f1e",
            "messageTitle": "Implement saving and reading of json files for deliverymen",
            "messageBody": "",
            "insertions": 207,
            "deletions": 105
          },
          {
            "hash": "a1f890d5e06a0adf5d94b875b07a51bc0401cf4b",
            "messageTitle": "Fix checkstyle errors",
            "messageBody": "",
            "insertions": 33,
            "deletions": 25
          },
          {
            "hash": "c9b7b3f42fd28467aa6f3295a20f4410626242b8",
            "messageTitle": "Add unimplemented ListAvail command for deliverymen",
            "messageBody": "",
            "insertions": 74,
            "deletions": 11
          }
        ]
      },
      {
        "insertions": 400,
        "deletions": 87,
        "date": "2019-10-23",
        "commitResults": [
          {
            "hash": "b9b000958ec436691916397cea3712c26890cb93",
            "messageTitle": "Implement ListAvail command",
            "messageBody": "",
            "insertions": 131,
            "deletions": 37
          },
          {
            "hash": "8f43384afbca6dae732de7078b90a35a3772d6c6",
            "messageTitle": "Implement initialization of StatusManager based on the statuses of the deliverymen to be added",
            "messageBody": "",
            "insertions": 21,
            "deletions": 1
          },
          {
            "hash": "2cdb9e865ed124fb36ea9af5b4c4f5bf78e57ccb",
            "messageTitle": "Refactor StatusManager class",
            "messageBody": "",
            "insertions": 25,
            "deletions": 0
          },
          {
            "hash": "4d0a2dcc24912e798fe19672a48c2719c1b3eb42",
            "messageTitle": "Implement screwed-up ListStatus command",
            "messageBody": "",
            "insertions": 223,
            "deletions": 49
          }
        ]
      },
      {
        "insertions": 55,
        "deletions": 2,
        "date": "2019-10-24",
        "commitResults": [
          {
            "hash": "9d650f29da88c450f174eb7c76df3c7ccd8cf83f",
            "messageTitle": "Change title of MainWindow to \"DeliveryMANS\"",
            "messageBody": "",
            "insertions": 4,
            "deletions": 1
          },
          {
            "hash": "1bba5a2bd7db70968df18c827a9727f4f8e6f0a3",
            "messageTitle": "Update Developer guide",
            "messageBody": "",
            "insertions": 51,
            "deletions": 0
          },
          {
            "hash": "86a857f5c347e0cef41713769796e1d7a69b4cbb",
            "messageTitle": "Clear checkstyle errors",
            "messageBody": "",
            "insertions": 0,
            "deletions": 1
          }
        ]
      },
      {
        "insertions": 302,
        "deletions": 57,
        "date": "2019-10-25",
        "commitResults": [
          {
            "hash": "9f7194b202aaba4365e06f60cf4511304970ed54",
            "messageTitle": "Edit Developer Guide (add a class diagram for Model and Sequence diagram for deliverymen function)",
            "messageBody": "",
            "insertions": 220,
            "deletions": 1
          },
          {
            "hash": "e307333fa0e9b01b7ac911f33e759e69686619f7",
            "messageTitle": "Clear checkstyle errors",
            "messageBody": "",
            "insertions": 2,
            "deletions": 2
          },
          {
            "hash": "94a5647a0ecf9d0cd2f88d9ae40177516a932d28",
            "messageTitle": "Update UG for deliverymen side",
            "messageBody": "",
            "insertions": 51,
            "deletions": 32
          },
          {
            "hash": "51ba168d3148d218dd53705cbdcbd0d01b90c1b3",
            "messageTitle": "Update DeveloperGuide.adoc",
            "messageBody": "",
            "insertions": 1,
            "deletions": 1
          },
          {
            "hash": "edb1f32ac0ff5f976201f5ffe09c411ec1c95135",
            "messageTitle": "Minor edit",
            "messageBody": "",
            "insertions": 1,
            "deletions": 1
          },
          {
            "hash": "063019fcfe04e75b45e31c0e789a5dc5f28e73bc",
            "messageTitle": "Edit User Guide",
            "messageBody": "",
            "insertions": 27,
            "deletions": 20
          }
        ]
      },
      {
        "insertions": 122,
        "deletions": 127,
        "date": "2019-10-26",
        "commitResults": [
          {
            "hash": "6d62ec5b188b25aa0b57843e909e82e3ff0b7c9c",
            "messageTitle": "Implement method for OrderManager to retrieve an available deliveryman",
            "messageBody": "",
            "insertions": 100,
            "deletions": 72
          },
          {
            "hash": "6a0bce6214143a4d3206d3db8cd3224323c302fe",
            "messageTitle": "Refactor initialisation of StatusManager",
            "messageBody": "",
            "insertions": 22,
            "deletions": 55
          }
        ]
      },
      {
        "insertions": 349,
        "deletions": 143,
        "date": "2019-10-27",
        "commitResults": [
          {
            "hash": "1d99c276ea78df92c6276aebafbe13fd96af7bba",
            "messageTitle": "Implement saving of statuses to hard disk",
            "messageBody": "",
            "insertions": 166,
            "deletions": 22
          },
          {
            "hash": "3e52ab32cde267bd252f87128a96d4ea75b1bc44",
            "messageTitle": "Implement StatusSwitch command",
            "messageBody": "",
            "insertions": 103,
            "deletions": 73
          },
          {
            "hash": "5a008a3f28e1f64a6b32b126eec6f0e7415107e9",
            "messageTitle": "Implement InvalidStatusChangeException for StatusSwitch command",
            "messageBody": "",
            "insertions": 30,
            "deletions": 21
          },
          {
            "hash": "3c57228423f98d795f28a47cfb946d6fa2234a6b",
            "messageTitle": "Resolve bugs related to StatusSwitch command",
            "messageBody": "",
            "insertions": 11,
            "deletions": 1
          },
          {
            "hash": "a29bf03b1ab64cbd868a148e4f3ba864c58ca125",
            "messageTitle": "Resolve bugs related to duplicates in ListAvail command",
            "messageBody": "",
            "insertions": 30,
            "deletions": 16
          },
          {
            "hash": "1597330b4751d399bdc831d97a7818258248ef72",
            "messageTitle": "Clear checkstyle errors",
            "messageBody": "",
            "insertions": 9,
            "deletions": 10
          }
        ]
      },
      {
        "insertions": 232,
        "deletions": 56,
        "date": "2019-10-28",
        "commitResults": [
          {
            "hash": "676f97a72103cff54e9fc0186814b6befe31da69",
            "messageTitle": "Remove bugs related to the integration of commands into the two lists on UI",
            "messageBody": "",
            "insertions": 131,
            "deletions": 38
          },
          {
            "hash": "88e754b7c279bbec4edf18fcd128e863851190ad",
            "messageTitle": "Minor edits",
            "messageBody": "",
            "insertions": 4,
            "deletions": 7
          },
          {
            "hash": "6a5972fcde3f3acd6975ade76ab4ebd0cc2ca25a",
            "messageTitle": "Clear checkstyle errors",
            "messageBody": "",
            "insertions": 5,
            "deletions": 5
          },
          {
            "hash": "a539139f1892ad2d1cafa623d953d225d280fabc",
            "messageTitle": "Create basic DeliveryRecord class",
            "messageBody": "",
            "insertions": 64,
            "deletions": 2
          },
          {
            "hash": "00f082e7121eba9737857efed91d5eaa40a42c2b",
            "messageTitle": "Create basic DeliveryRecord class",
            "messageBody": "",
            "insertions": 28,
            "deletions": 4
          }
        ]
      },
      {
        "insertions": 808,
        "deletions": 224,
        "date": "2019-10-30",
        "commitResults": [
          {
            "hash": "986c4f298f33c9dde22ff4a3741c95c427f49b41",
            "messageTitle": "Implement a well-done deliverymen interface",
            "messageBody": "",
            "insertions": 526,
            "deletions": 82
          },
          {
            "hash": "160b88afdd6cd73ce1d1c0e00e92236c753b3482",
            "messageTitle": "Correct checkstyle errors",
            "messageBody": "",
            "insertions": 28,
            "deletions": 27
          },
          {
            "hash": "9858f6582eb1817a1d6bcb38182d0168c41e20cf",
            "messageTitle": "Remove trailing whitespace",
            "messageBody": "",
            "insertions": 1,
            "deletions": 1
          },
          {
            "hash": "56a26147911546fd465008a06d9a6f6673f38565",
            "messageTitle": "Remove unused classes",
            "messageBody": "",
            "insertions": 0,
            "deletions": 56
          },
          {
            "hash": "3a7aba6db523ca0bbf46e8f1aec123015a5bfd2b",
            "messageTitle": "Change class file names",
            "messageBody": "",
            "insertions": 18,
            "deletions": 18
          },
          {
            "hash": "7584463c226a90a94d7a0d21f0c94c5e3d89a3d4",
            "messageTitle": "Implement GetStatisticsCommand",
            "messageBody": "",
            "insertions": 184,
            "deletions": 26
          },
          {
            "hash": "0e8025ac71dba728a509e39fa7094d8ead04b912",
            "messageTitle": "Add Javadoc comments",
            "messageBody": "",
            "insertions": 15,
            "deletions": 0
          },
          {
            "hash": "c870cc166efdafddef339a047a664b5130142bdc",
            "messageTitle": "Edit Statistics Display",
            "messageBody": "",
            "insertions": 36,
            "deletions": 14
          }
        ]
      },
      {
        "insertions": 96,
        "deletions": 77,
        "date": "2019-10-31",
        "commitResults": [
          {
            "hash": "ea116ec6a1252a66a1712908e51fe2678df292a9",
            "messageTitle": "Merge remote-tracking branch \u0027upstream/master\u0027",
            "messageBody": "",
            "insertions": 4,
            "deletions": 2
          },
          {
            "hash": "a88824d48d07a29187bf51b9381af5d5424b727a",
            "messageTitle": "Change GetOneAvailableDeliveryman() method to return Name instead of Deliveryman",
            "messageBody": "",
            "insertions": 3,
            "deletions": 3
          },
          {
            "hash": "cdc819052dde1dacc934429f3b8725d6909cf461",
            "messageTitle": "Edit User Guide",
            "messageBody": "",
            "insertions": 83,
            "deletions": 69
          },
          {
            "hash": "84ea95eaa95a695d7e861346744fbb6446e35183",
            "messageTitle": "Edit User Guide",
            "messageBody": "",
            "insertions": 4,
            "deletions": 2
          },
          {
            "hash": "28a10e6b4a8fd4763f83d64a3e248a2dbccc7f90",
            "messageTitle": "Edit User Guide",
            "messageBody": "",
            "insertions": 1,
            "deletions": 0
          },
          {
            "hash": "c608cd36b12c281f3efa5e6944dc8bec71f92aa5",
            "messageTitle": "Edit User Guide",
            "messageBody": "",
            "insertions": 1,
            "deletions": 1
          }
        ]
      },
      {
        "insertions": 39,
        "deletions": 3501,
        "date": "2019-11-01",
        "commitResults": [
          {
            "hash": "2b00efd90c469a4a86b4b786b7c1665f7fbe9848",
            "messageTitle": "Remove all classes related to Persons",
            "messageBody": "",
            "insertions": 18,
            "deletions": 2313
          },
          {
            "hash": "f2d2de3cf44c8cc0270fbdb9e7d2365234e268bf",
            "messageTitle": "Remove all classes related to Persons",
            "messageBody": "",
            "insertions": 0,
            "deletions": 1065
          },
          {
            "hash": "47753053dd3415cf71bf7312210d8ad60c720086",
            "messageTitle": "Edit URL in HelpWindow and modify SampleData",
            "messageBody": "",
            "insertions": 9,
            "deletions": 5
          },
          {
            "hash": "63ae5a6f1da7eea69b3694efe2819af54b8528e9",
            "messageTitle": "Comment out test cases",
            "messageBody": "",
            "insertions": 8,
            "deletions": 115
          },
          {
            "hash": "5996ee9d49cc79d7b3517085ee92e216764f6938",
            "messageTitle": "Fix bugs regarding ListAvailCommand",
            "messageBody": "",
            "insertions": 4,
            "deletions": 1
          },
          {
            "hash": "ed9e637fc50a865ab3d9625c3609d764052d324c",
            "messageTitle": "Correct checkstyle errors",
            "messageBody": "",
            "insertions": 0,
            "deletions": 2
          }
        ]
      }
    ]
  },
  "authorFinalContributionMap": {
    "etlow": 918,
    "ryantay232": 2043,
    "MackyMaguire": 3229,
    "SoilingRogue": 2393,
    "charliechoong": 4164
  },
  "authorFileTypeContributionMap": {
    "etlow": {
      "docs": 53,
      "tests": 81,
      "functional": 730,
      "other": 54
    },
    "ryantay232": {
      "docs": 92,
      "tests": 0,
      "functional": 1930,
      "other": 21
    },
    "MackyMaguire": {
      "docs": 206,
      "tests": 0,
      "functional": 2930,
      "other": 93
    },
    "SoilingRogue": {
      "docs": 150,
      "tests": 6,
      "functional": 2211,
      "other": 26
    },
    "charliechoong": {
      "docs": 285,
      "tests": 8,
      "functional": 3655,
      "other": 216
    }
  },
  "authorContributionVariance": {
    "etlow": 14353.613,
    "ryantay232": 428526.06,
    "MackyMaguire": 86298.55,
    "SoilingRogue": 87066.55,
    "charliechoong": 1519941.9
  },
  "authorDisplayNameMap": {
    "etlow": "CS2103T-T12-2 LOW E ... E TER",
    "ryantay232": "CS2103T-T12-2 RYAN  ...  JIAN",
    "MackyMaguire": "CS2103T-T12-2 ZHOU  ... IANYU",
    "SoilingRogue": "CS2103T-T12-2 YUAN  ... ANLEY",
    "charliechoong": "CS2103T-T12-2 CHOON ... N YAO"
  }
}
