{
  "authorDailyContributionsMap": {
    "jcjjjared": [
      {
        "insertions": 0,
        "deletions": 0,
        "date": "2019-09-14",
        "commitResults": [
          {
            "hash": "c225a5db0e707e2e47fca9869ed52bf38d76c01e",
            "messageTitle": "Create empty text file to commit to test travis",
            "messageBody": "",
            "insertions": 0,
            "deletions": 0
          }
        ]
      },
      {
        "insertions": 4,
        "deletions": 4,
        "date": "2019-09-15",
        "commitResults": [
          {
            "hash": "df2febb3231e2d3c52eef28258cefe1564c932a1",
            "messageTitle": "Update the link to the \u0027build status\u0027 badge at the top of the README.adoc to point to the build status of own repo",
            "messageBody": "",
            "insertions": 2,
            "deletions": 2
          },
          {
            "hash": "44aa01054bac85c2bb349d63438a1661810cfd1e",
            "messageTitle": "Adjust README.adoc file to point to  AY1920S1-CS2103T-F13-4 / main",
            "messageBody": "",
            "insertions": 2,
            "deletions": 2
          }
        ]
      },
      {
        "insertions": 2,
        "deletions": 3,
        "date": "2019-09-16",
        "commitResults": [
          {
            "hash": "18b3f276370ca5fcd9f1298eb29e7cd7893135d1",
            "messageTitle": "Remove the codacy badge from README.adoc",
            "messageBody": "",
            "insertions": 0,
            "deletions": 1
          },
          {
            "hash": "7959704092c7cf44a7b6b5b154a048cb0b4324b4",
            "messageTitle": "Correct README.adoc coverage and status badges",
            "messageBody": "",
            "insertions": 2,
            "deletions": 2
          }
        ]
      },
      {
        "insertions": 31,
        "deletions": 33,
        "date": "2019-09-24",
        "commitResults": [
          {
            "hash": "5306a867aa11f98c524541bdcfafa128c3f22eef",
            "messageTitle": "Added AboutUs.adoc and Jared\u0027s photo",
            "messageBody": "",
            "insertions": 3,
            "deletions": 3
          },
          {
            "hash": "57382128c0ef683387c57fb6e2d57abb1ec597bc",
            "messageTitle": "Updated ContactUs.adoc to reference to our own project",
            "messageBody": "",
            "insertions": 2,
            "deletions": 2
          },
          {
            "hash": "7b89bffd9d262229b9f419b9f7987575d875ea09",
            "messageTitle": "Removed trailing whitespace in AboutUs.adoc",
            "messageBody": "",
            "insertions": 1,
            "deletions": 1
          },
          {
            "hash": "701b812482d284db59c5bcd6c112798095654f06",
            "messageTitle": "Resolve merge conflicts",
            "messageBody": "",
            "insertions": 25,
            "deletions": 27
          }
        ]
      },
      {
        "insertions": 123,
        "deletions": 70,
        "date": "2019-09-25",
        "commitResults": [
          {
            "hash": "e86b6957f8eca6228b58ddd5be7d974c4567ba79",
            "messageTitle": "Updated user guide and included images for it",
            "messageBody": "",
            "insertions": 120,
            "deletions": 67
          },
          {
            "hash": "fa23b9ba00a94b2869d643ab7225174fe47661b2",
            "messageTitle": "Fix user guide formatting issue",
            "messageBody": "",
            "insertions": 3,
            "deletions": 3
          }
        ]
      },
      {
        "insertions": 790,
        "deletions": 98,
        "date": "2019-10-08",
        "commitResults": [
          {
            "hash": "7de946d773b3305171080a5c51cfc70dd0940b1c",
            "messageTitle": "Create structure for the classes",
            "messageBody": "",
            "insertions": 91,
            "deletions": 0
          },
          {
            "hash": "c7f07da4afdcdcff06ebe25dbdeef504562365cb",
            "messageTitle": "Edited Show, Movie, TvShow, TvSeason and Episode classes",
            "messageBody": "",
            "insertions": 174,
            "deletions": 7
          },
          {
            "hash": "3f15ccbf9b3cd9c46930289a57ebe8614a494717",
            "messageTitle": "Included UniqueShowList, DuplicateShowException and ShowNotFoundException",
            "messageBody": "",
            "insertions": 156,
            "deletions": 1
          },
          {
            "hash": "317f37d1bc89440044700b407949a78717933885",
            "messageTitle": "Organise the structure of the model package",
            "messageBody": "",
            "insertions": 315,
            "deletions": 61
          },
          {
            "hash": "f9bf236ed62d99ca07bab782120353e29a2d35a3",
            "messageTitle": "Removed trailling whitespaces",
            "messageBody": "",
            "insertions": 4,
            "deletions": 4
          },
          {
            "hash": "0d9bb6db6144ebd85947597aa9d9235013fc6f11",
            "messageTitle": "Added javadocs for come classes",
            "messageBody": "",
            "insertions": 48,
            "deletions": 23
          },
          {
            "hash": "3fa43e3546b748cf29521f7d1945fc6bfa31734a",
            "messageTitle": "Fix lexicographical order of imports",
            "messageBody": "",
            "insertions": 1,
            "deletions": 1
          },
          {
            "hash": "f6489df5b214cf8d2037f45ff5ed3ca4b3f07cb1",
            "messageTitle": "Fix lexicographical order of imports again",
            "messageBody": "",
            "insertions": 1,
            "deletions": 1
          }
        ]
      },
      {
        "insertions": 476,
        "deletions": 0,
        "date": "2019-10-09",
        "commitResults": [
          {
            "hash": "a7f109451b6d29d30923a23655654527b72baf52",
            "messageTitle": "Added model classes for watchlist",
            "messageBody": "",
            "insertions": 476,
            "deletions": 0
          }
        ]
      },
      {
        "insertions": 1157,
        "deletions": 797,
        "date": "2019-10-10",
        "commitResults": [
          {
            "hash": "e3a79952d7d4003a51d01de8457d394e3e61d757",
            "messageTitle": "Updated structure of the project",
            "messageBody": "",
            "insertions": 750,
            "deletions": 595
          },
          {
            "hash": "f406e254b14419beeb418a1884d63b0d69177022",
            "messageTitle": "Edited most classes to reference to shows instead of persons",
            "messageBody": "",
            "insertions": 209,
            "deletions": 170
          },
          {
            "hash": "3744e11be46718aa0e86270e8aac32d5065deb24",
            "messageTitle": "Updated UI aspect to fit shows",
            "messageBody": "",
            "insertions": 177,
            "deletions": 7
          },
          {
            "hash": "1fe198352f5c05a7e126a9d1babf70957fa4fe26",
            "messageTitle": "Further edited classes to use shows",
            "messageBody": "",
            "insertions": 14,
            "deletions": 17
          },
          {
            "hash": "83a505508fb24f2e45706b83b496dd563d87b235",
            "messageTitle": "Fixed null pointer exception error",
            "messageBody": "",
            "insertions": 4,
            "deletions": 5
          },
          {
            "hash": "2fa72f8e10237ccc85c3d384430c2ef941a89890",
            "messageTitle": "Enable app to show the movies in boxes",
            "messageBody": "",
            "insertions": 3,
            "deletions": 3
          }
        ]
      },
      {
        "insertions": 6049,
        "deletions": 962,
        "date": "2019-10-13",
        "commitResults": [
          {
            "hash": "6dcbde649fdc25fc6689e9a6b39e02dc413394fb",
            "messageTitle": "fixed ezwatchlist packaging name",
            "messageBody": "",
            "insertions": 699,
            "deletions": 621
          },
          {
            "hash": "b99e98357833bbaf4e9115650304ad0c74b08fd9",
            "messageTitle": "Merge remote-tracking branch \u0027orgmain/branch-v1.2\u0027 into branch-v1.2",
            "messageBody": "",
            "insertions": 5305,
            "deletions": 0
          },
          {
            "hash": "9c44ce9df999b7768b85a02ce9c65568c015e3e6",
            "messageTitle": "Removed mock classes Model1, ModelManager1, ReadOnlyUserPrefs1",
            "messageBody": "",
            "insertions": 0,
            "deletions": 254
          },
          {
            "hash": "8b6d7ef270e31133b2f95c89690e316ab6692cfb",
            "messageTitle": "Removed mock class UserPrefs1.java",
            "messageBody": "",
            "insertions": 45,
            "deletions": 87
          }
        ]
      },
      {
        "insertions": 176,
        "deletions": 3,
        "date": "2019-10-14",
        "commitResults": [
          {
            "hash": "d5d99a5c19918d4415eca3c1418645b7263a4bf2",
            "messageTitle": "Add search class",
            "messageBody": "",
            "insertions": 176,
            "deletions": 3
          }
        ]
      },
      {
        "insertions": 363,
        "deletions": 194,
        "date": "2019-10-15",
        "commitResults": [
          {
            "hash": "900f30627889781af7bdc08f1d5e57a340fa2a5a",
            "messageTitle": "Added WatchCommand and WatchCommandParser classes, Type feature",
            "messageBody": "",
            "insertions": 285,
            "deletions": 6
          },
          {
            "hash": "3e23eef03f46fb4cdf50864e441e9c51c73fed22",
            "messageTitle": "Finished up watch command",
            "messageBody": "",
            "insertions": 50,
            "deletions": 167
          },
          {
            "hash": "d80783d2db98d32b3cdc8d807d362a39e0e8651e",
            "messageTitle": "Updated edit and watch commands to notcice show type",
            "messageBody": "",
            "insertions": 28,
            "deletions": 21
          }
        ]
      },
      {
        "insertions": 89,
        "deletions": 69,
        "date": "2019-10-16",
        "commitResults": [
          {
            "hash": "040ccecb0d55832a61135e124a9f4fbd9cd82686",
            "messageTitle": "Make result display box visible",
            "messageBody": "",
            "insertions": 71,
            "deletions": 64
          },
          {
            "hash": "5e7e08592819c7303bc2f62d89c512e14587f717",
            "messageTitle": "Make checkbox to be read-only",
            "messageBody": "",
            "insertions": 18,
            "deletions": 1
          },
          {
            "hash": "d640e66f6e2d70db6afb5640012440924b6f844b",
            "messageTitle": "Removed \"watched\" text field in showCard",
            "messageBody": "",
            "insertions": 0,
            "deletions": 4
          }
        ]
      },
      {
        "insertions": 636,
        "deletions": 382,
        "date": "2019-10-17",
        "commitResults": [
          {
            "hash": "a213d4168083abf28a27ff5bf0882999de5ffe97",
            "messageTitle": "Fix edit command bug that causes actors to disappear when show is edited",
            "messageBody": "",
            "insertions": 1,
            "deletions": 1
          },
          {
            "hash": "8f01fa4975053c8d52897f90db2f8ea3500a4898",
            "messageTitle": "Implemented watched list under watched tab",
            "messageBody": "",
            "insertions": 76,
            "deletions": 10
          },
          {
            "hash": "edcd18686032d72e5813f89a8e35436334b08b6f",
            "messageTitle": "Enable tests to run",
            "messageBody": "",
            "insertions": 471,
            "deletions": 294
          },
          {
            "hash": "90c14f73a416f018f1baaf4e662a92b6d27251de",
            "messageTitle": "Fixed some tests",
            "messageBody": "",
            "insertions": 27,
            "deletions": 29
          },
          {
            "hash": "bfb59c07a507d3e86f9f869de7ec8fbe605f9a91",
            "messageTitle": "Comment out all failed unit tests",
            "messageBody": "",
            "insertions": 61,
            "deletions": 48
          }
        ]
      },
      {
        "insertions": 308,
        "deletions": 157,
        "date": "2019-10-22",
        "commitResults": [
          {
            "hash": "fe7612c287e11dc87b99f878637e9abab5b310a4",
            "messageTitle": "no message",
            "messageBody": "",
            "insertions": 90,
            "deletions": 81
          },
          {
            "hash": "492fe023b62d62b7b210184fc0d240520967feb2",
            "messageTitle": "Fixed some checkstyle errors",
            "messageBody": "",
            "insertions": 89,
            "deletions": 74
          },
          {
            "hash": "ecab373b99d890b53fcb87c685e24ecb58d0f5ad",
            "messageTitle": "Updated developer guide to include watch command",
            "messageBody": "",
            "insertions": 47,
            "deletions": 0
          },
          {
            "hash": "107ceca442e2039cde0f5defcd29dc034ae8d95d",
            "messageTitle": "Added WatchSequenceDiagram for use in DG",
            "messageBody": "",
            "insertions": 82,
            "deletions": 2
          }
        ]
      },
      {
        "insertions": 1663,
        "deletions": 1012,
        "date": "2019-10-23",
        "commitResults": [
          {
            "hash": "ad903d0e1369660e6d32257709fd54745a9be665",
            "messageTitle": "Integrate sync command",
            "messageBody": "",
            "insertions": 125,
            "deletions": 8
          },
          {
            "hash": "03a46eeaea3ea1feee20b7c08a149f7c8cd65315",
            "messageTitle": "Make edit command take note of poster",
            "messageBody": "",
            "insertions": 24,
            "deletions": 2
          },
          {
            "hash": "25d35df57bba24fe459029d1911d0a1b4b202277",
            "messageTitle": "Make watch command take note of poster",
            "messageBody": "",
            "insertions": 5,
            "deletions": 2
          },
          {
            "hash": "e77acac61d1ab3a3815e49e7ff8f1cf131d4ec5b",
            "messageTitle": "Fix checkstyle errors for main classes",
            "messageBody": "",
            "insertions": 254,
            "deletions": 213
          },
          {
            "hash": "ef88c1d9d84dde38302c14d971ceb201a5d596c6",
            "messageTitle": "Fix checkstyle errors, ensure tests pass",
            "messageBody": "",
            "insertions": 226,
            "deletions": 259
          },
          {
            "hash": "d1a39b6d38cb95da3caa7eb86b3585ace07f8548",
            "messageTitle": "Implement storing of image path",
            "messageBody": "",
            "insertions": 12,
            "deletions": 2
          },
          {
            "hash": "427e1ed5937c4b5eb893f2c3942fd2601c785858",
            "messageTitle": "Temporarily comment out failed tests",
            "messageBody": "",
            "insertions": 13,
            "deletions": 10
          },
          {
            "hash": "17cd51fa7d9a470c34341cd1d25fa2852697ab7a",
            "messageTitle": "FIx merge conflicts",
            "messageBody": "",
            "insertions": 85,
            "deletions": 61
          },
          {
            "hash": "5e62ff67662640e9dd3b77d53338e8300997c53b",
            "messageTitle": "Implement movies and tv shows storage",
            "messageBody": "",
            "insertions": 529,
            "deletions": 136
          },
          {
            "hash": "6a0e8c188b7c3767f879396f3606e70ec4030bc9",
            "messageTitle": "Idk",
            "messageBody": "",
            "insertions": 218,
            "deletions": 106
          },
          {
            "hash": "26a2c4593cd20a227ff5f92168ae709fc011474b",
            "messageTitle": "no message",
            "messageBody": "",
            "insertions": 172,
            "deletions": 213
          }
        ]
      },
      {
        "insertions": 133,
        "deletions": 473,
        "date": "2019-10-24",
        "commitResults": [
          {
            "hash": "4974dcb24f8657063b086b687e26bd69879cf18f",
            "messageTitle": "Modified JsonSerializableWatchList and JsonAdaptedShow",
            "messageBody": "",
            "insertions": 10,
            "deletions": 12
          },
          {
            "hash": "7c96fe4851e99aa14ce9c88d09d1b1bb07e41966",
            "messageTitle": "Make Show class abstract",
            "messageBody": "",
            "insertions": 37,
            "deletions": 17
          },
          {
            "hash": "d0c7192644544bb5452432e0a8a5744d8567439e",
            "messageTitle": "Ensure checks are passed",
            "messageBody": "",
            "insertions": 60,
            "deletions": 71
          },
          {
            "hash": "4bbfb436dd7342392185ba6ecd6facb6afba0bcc",
            "messageTitle": "Deleted old addressbook classes",
            "messageBody": "",
            "insertions": 0,
            "deletions": 369
          },
          {
            "hash": "12704dcbaae2271478657d48579e3cfb638be962",
            "messageTitle": "Make checkbox clickable",
            "messageBody": "",
            "insertions": 26,
            "deletions": 4
          }
        ]
      },
      {
        "insertions": 40,
        "deletions": 82,
        "date": "2019-10-25",
        "commitResults": [
          {
            "hash": "111a75b1c59a80e33d4328d0e5b4ee4506cba9d7",
            "messageTitle": "Enable detection of different tabs",
            "messageBody": "",
            "insertions": 30,
            "deletions": 81
          },
          {
            "hash": "c014bee02f11828054566e88328db71a8bb115aa",
            "messageTitle": "Enable commands to run based off watched list",
            "messageBody": "",
            "insertions": 10,
            "deletions": 1
          }
        ]
      },
      {
        "insertions": 402,
        "deletions": 22,
        "date": "2019-10-27",
        "commitResults": [
          {
            "hash": "0f927a2f81fd4abc11cd8033468aaa6c41977f79",
            "messageTitle": "Fix ApiMain returning 0 total number of episodes",
            "messageBody": "",
            "insertions": 10,
            "deletions": 7
          },
          {
            "hash": "1caf2f330a91a27f1cb5e43e4ce4bda2399cb109",
            "messageTitle": "Edited EditCommand",
            "messageBody": "",
            "insertions": 1,
            "deletions": 1
          },
          {
            "hash": "bb85d41a5643c9370d123d058082c478867a612d",
            "messageTitle": "Enable watch command to track episodes for tvshows",
            "messageBody": "",
            "insertions": 331,
            "deletions": 13
          },
          {
            "hash": "f678def4af68b0f98d9b3ece9c15b05f9814bdc6",
            "messageTitle": "Added functions to TvShow to track seasons and episodes watched",
            "messageBody": "",
            "insertions": 24,
            "deletions": 0
          },
          {
            "hash": "30df98636168798dbefd01d2210b524276752f01",
            "messageTitle": "Made GUI for tracking last watched tvShow episode",
            "messageBody": "",
            "insertions": 36,
            "deletions": 1
          }
        ]
      },
      {
        "insertions": 178,
        "deletions": 81,
        "date": "2019-10-28",
        "commitResults": [
          {
            "hash": "a56a0b0597d25d7c16de7f3fce8e81e0b97601c2",
            "messageTitle": "Edited ShowCard to show nothing if a tv show has not been started watching",
            "messageBody": "",
            "insertions": 1,
            "deletions": 1
          },
          {
            "hash": "aa297a6d3466f601521cee6f0efc5b9ede860dbe",
            "messageTitle": "Touch up watch command",
            "messageBody": "",
            "insertions": 143,
            "deletions": 58
          },
          {
            "hash": "20f26e8ec4f5fc1f2f55b3f1a3a3508f1c9f3cff",
            "messageTitle": "Fixed checkstyle errors",
            "messageBody": "",
            "insertions": 31,
            "deletions": 20
          },
          {
            "hash": "ca311740e84ea399c155c259905982d3318e7f72",
            "messageTitle": "Edited ShowCard and MainWindow to displaay errors when clicking checkbox",
            "messageBody": "",
            "insertions": 3,
            "deletions": 2
          }
        ]
      },
      {
        "insertions": 599,
        "deletions": 161,
        "date": "2019-10-29",
        "commitResults": [
          {
            "hash": "5b10fe1d2e1b2e4aa3b6744cf49a959ca63d7a6b",
            "messageTitle": "Added WatchCommandTest",
            "messageBody": "",
            "insertions": 197,
            "deletions": 1
          },
          {
            "hash": "d801ca5ef8a88a934f26444b9b5982ee62a4854e",
            "messageTitle": "Disable changing the watch status on the search page",
            "messageBody": "",
            "insertions": 113,
            "deletions": 28
          },
          {
            "hash": "f44ddbafd44334f5f269db47dfefd4942966b580",
            "messageTitle": "Fix watch command and edit command to update genres",
            "messageBody": "",
            "insertions": 77,
            "deletions": 3
          },
          {
            "hash": "3dd43915f9dc39158da008c9db972b28009489c1",
            "messageTitle": "Fixed bugs causing actors and genres to disappear after closing application; Refactored Genres to Genre",
            "messageBody": "",
            "insertions": 212,
            "deletions": 121
          },
          {
            "hash": "d621b21c25a9c1e8f7099e441af90476e835f25e",
            "messageTitle": "Fix running time cannot be equal to 0 bug",
            "messageBody": "",
            "insertions": 0,
            "deletions": 8
          }
        ]
      },
      {
        "insertions": 295,
        "deletions": 81,
        "date": "2019-10-30",
        "commitResults": [
          {
            "hash": "197e0538b8a82d2a4b75751e542337e73801fc05",
            "messageTitle": "Fixed checkstyle",
            "messageBody": "",
            "insertions": 11,
            "deletions": 21
          },
          {
            "hash": "0cb0ef339c726bac8e36545f681c8b993e5b7f15",
            "messageTitle": "Fixed episode calculation bug",
            "messageBody": "",
            "insertions": 1,
            "deletions": 1
          },
          {
            "hash": "0b0e3a6f3fee5b618b6ec60e88a30ae0af7399f8",
            "messageTitle": "Added some tests",
            "messageBody": "",
            "insertions": 186,
            "deletions": 0
          },
          {
            "hash": "19cdb1b236df40b16686897294713ef0d472045b",
            "messageTitle": "Edited GenreTest comment",
            "messageBody": "",
            "insertions": 1,
            "deletions": 1
          },
          {
            "hash": "5c2989416f209bf32c8f33fc2093279b4a076b01",
            "messageTitle": "Make add command fields optional except for name and type",
            "messageBody": "",
            "insertions": 45,
            "deletions": 16
          },
          {
            "hash": "d90ffafc94e47ddd6d923cda9498225406a94901",
            "messageTitle": "Make add and edit watch field case insensitve",
            "messageBody": "",
            "insertions": 1,
            "deletions": 1
          },
          {
            "hash": "80089c570ad4d73549f24a8a51be13f6ee1d0f21",
            "messageTitle": "Updated user guide",
            "messageBody": "",
            "insertions": 50,
            "deletions": 41
          }
        ]
      },
      {
        "insertions": 10,
        "deletions": 7,
        "date": "2019-10-31",
        "commitResults": [
          {
            "hash": "c6b91d95f71660ce81fa8ce8ff722df58b010d33",
            "messageTitle": "Enable adding show with same name but different show type",
            "messageBody": "",
            "insertions": 1,
            "deletions": 0
          },
          {
            "hash": "7b84b51525b3b15c2243e7538e4899bd944d7964",
            "messageTitle": "Edited AddCommand and EditComand",
            "messageBody": "",
            "insertions": 2,
            "deletions": 2
          },
          {
            "hash": "19df11e43eb3cd2ad021f48d8dada47960fa289e",
            "messageTitle": "Updated Tests",
            "messageBody": "",
            "insertions": 6,
            "deletions": 5
          },
          {
            "hash": "de55ceb368ba3f78922dfba185067e8c1d2f4986",
            "messageTitle": "Fix user guide formatting",
            "messageBody": "",
            "insertions": 1,
            "deletions": 0
          }
        ]
      }
    ],
    "wongchuankai": [
      {
        "insertions": 75,
        "deletions": 21,
        "date": "2019-09-24",
        "commitResults": [
          {
            "hash": "5d48c5ea6a525ad543286ea9a2f5cfcc0b3ae199",
            "messageTitle": "updated devloper guide",
            "messageBody": "",
            "insertions": 56,
            "deletions": 12
          },
          {
            "hash": "ccc5259b15109771c92a381876d4872fb7452723",
            "messageTitle": "Edited Developer Guide 1) changed site-section: UserGuide -\u003e DeveloperGuide 2) Added Value proposition",
            "messageBody": "",
            "insertions": 19,
            "deletions": 9
          }
        ]
      },
      {
        "insertions": 1176,
        "deletions": 1214,
        "date": "2019-10-15",
        "commitResults": [
          {
            "hash": "23bca00e21f3fe43ebe2002454c5ab2a60b8f3ca",
            "messageTitle": "edited add command so user has to input specific type such as movie and tv show",
            "messageBody": "",
            "insertions": 38,
            "deletions": 26
          },
          {
            "hash": "3be80d5aeb899bc36a573d634ec19a3da86bd55a",
            "messageTitle": "Merge branch \u0027branch-v1.2\u0027 of https://github.com/wongchuankai/main into branch-v1.2.1",
            "messageBody": "# Conflicts:\n#\tsrc/main/java/seedu/address/logic/Logic.java\n#\tsrc/main/java/seedu/address/logic/commands/AddCommand.java\n#\tsrc/main/java/seedu/address/logic/commands/EditCommand.java\n#\tsrc/main/java/seedu/address/logic/commands/ListCommand.java\n#\tsrc/main/java/seedu/address/logic/parser/AddCommandParser.java\n#\tsrc/main/java/seedu/address/logic/parser/CliSyntax.java\n#\tsrc/main/java/seedu/address/logic/parser/EditCommandParser.java\n#\tsrc/main/java/seedu/address/logic/parser/ParserUtil.java\n#\tsrc/main/java/seedu/address/model/Model.java\n#\tsrc/main/java/seedu/address/model/ModelManager.java\n#\tsrc/main/java/seedu/address/model/util/SampleDataUtil.java\n#\tsrc/main/java/seedu/address/storage/Storage.java\n#\tsrc/main/java/seedu/address/storage/StorageManager.java\n#\tsrc/main/java/seedu/ezwatchlist/MainApp.java\n#\tsrc/main/java/seedu/ezwatchlist/logic/LogicManager.java\n#\tsrc/main/java/seedu/ezwatchlist/logic/commands/ClearCommand.java\n#\tsrc/main/java/seedu/ezwatchlist/logic/commands/DeleteCommand.java\n#\tsrc/main/java/seedu/ezwatchlist/logic/commands/FindCommand.java\n#\tsrc/main/java/seedu/ezwatchlist/logic/parser/FindCommandParser.java\n#\tsrc/main/java/seedu/ezwatchlist/model/show/Movie.java\n#\tsrc/main/java/seedu/ezwatchlist/model/show/Show.java\n#\tsrc/main/java/seedu/ezwatchlist/model/show/TvShow.java\n#\tsrc/main/resources/view/ShowListCard.fxml\n",
            "insertions": 13,
            "deletions": 11
          },
          {
            "hash": "8502522daf4384e618721b051ce2f9b047c0d58a",
            "messageTitle": "testutil",
            "messageBody": "",
            "insertions": 1,
            "deletions": 1
          },
          {
            "hash": "d21f1f54887a27fc3d8297ebd5b80f5f1f8b145d",
            "messageTitle": "testutil- editpersondescriptior builder, showbuilder,",
            "messageBody": "",
            "insertions": 220,
            "deletions": 203
          },
          {
            "hash": "12b273eca5ac7e50740d1620a9c9acad55e66ff9",
            "messageTitle": "testutil",
            "messageBody": "",
            "insertions": 87,
            "deletions": 81
          },
          {
            "hash": "0a903f34a1969d3e0fa910463d85888ac646f9ac",
            "messageTitle": "refactored test.model",
            "messageBody": "",
            "insertions": 543,
            "deletions": 599
          },
          {
            "hash": "192d7f450d317df78cf48d191a20f947aff71cf6",
            "messageTitle": "refactored test.storage",
            "messageBody": "",
            "insertions": 274,
            "deletions": 293
          }
        ]
      },
      {
        "insertions": 558,
        "deletions": 853,
        "date": "2019-10-17",
        "commitResults": [
          {
            "hash": "6c9da3c59a0fce238d64750ba066f8ee819260dd",
            "messageTitle": "command",
            "messageBody": "",
            "insertions": 400,
            "deletions": 414
          },
          {
            "hash": "76edc7c181326cea116eedd7b1d7c8f87801af73",
            "messageTitle": "test refactored",
            "messageBody": "",
            "insertions": 88,
            "deletions": 362
          },
          {
            "hash": "f2f6caf067cce476f4c7938e0c6dbe755024c6a2",
            "messageTitle": "test",
            "messageBody": "",
            "insertions": 70,
            "deletions": 77
          }
        ]
      },
      {
        "insertions": 41,
        "deletions": 3,
        "date": "2019-10-24",
        "commitResults": [
          {
            "hash": "ab1eafc8c4039e656cb1fb7cf70b1502cf2bccf8",
            "messageTitle": "implemented sync command in add command",
            "messageBody": "",
            "insertions": 41,
            "deletions": 3
          }
        ]
      },
      {
        "insertions": 176,
        "deletions": 25,
        "date": "2019-10-29",
        "commitResults": [
          {
            "hash": "308794c8574c0da7671367893de9798e47686ea6",
            "messageTitle": "edited developer guide",
            "messageBody": "",
            "insertions": 39,
            "deletions": 0
          },
          {
            "hash": "2cb7643ad426943e807ce0989f7d813ed013acc2",
            "messageTitle": "added accerelators(keyboard shortcuts)",
            "messageBody": "",
            "insertions": 71,
            "deletions": 0
          },
          {
            "hash": "5cffccd9ecde61bacedfa8c5656b7413e9f9866c",
            "messageTitle": "added accelerator",
            "messageBody": "",
            "insertions": 6,
            "deletions": 4
          },
          {
            "hash": "d3fcc4846cbd1ac2f75d14afabe996ec7a98851a",
            "messageTitle": "edited accleerators",
            "messageBody": "",
            "insertions": 0,
            "deletions": 16
          },
          {
            "hash": "a2927d77ac0adc578a3a29bb0d8434d35247372b",
            "messageTitle": "added test",
            "messageBody": "",
            "insertions": 60,
            "deletions": 0
          },
          {
            "hash": "7b1fbe3444025a925819fa91a10de5540d40c13e",
            "messageTitle": "test",
            "messageBody": "",
            "insertions": 0,
            "deletions": 5
          }
        ]
      },
      {
        "insertions": 85,
        "deletions": 20,
        "date": "2019-10-30",
        "commitResults": [
          {
            "hash": "99a209ac16005c5a2c0b678f31553fd9c8286006",
            "messageTitle": "added test",
            "messageBody": "",
            "insertions": 15,
            "deletions": 1
          },
          {
            "hash": "a7fe8544ac246aaec802dd9c3a74121a94fd1226",
            "messageTitle": "edited user guide",
            "messageBody": "",
            "insertions": 45,
            "deletions": 18
          },
          {
            "hash": "4a5faa645b83b4389591c4eb2a38e82102215256",
            "messageTitle": "no message",
            "messageBody": "",
            "insertions": 0,
            "deletions": 1
          },
          {
            "hash": "12594cdaa062376814fa9aca0ce1580b09c54dee",
            "messageTitle": "edited developer guide",
            "messageBody": "",
            "insertions": 25,
            "deletions": 0
          }
        ]
      }
    ],
    "michelleykw": [
      {
        "insertions": 13,
        "deletions": 20,
        "date": "2019-09-24",
        "commitResults": [
          {
            "hash": "b5ad03e2a15c17e8acfc32bcb37bf4c5c6c988ac",
            "messageTitle": "Update ReadMe",
            "messageBody": "",
            "insertions": 9,
            "deletions": 14
          },
          {
            "hash": "d41a5f46cbed7e1c026b25b8c214b2e9556e7767",
            "messageTitle": "Update Ui image",
            "messageBody": "",
            "insertions": 1,
            "deletions": 5
          },
          {
            "hash": "22f7fe2f9b0e41229bfb1844df96675821e8c7db",
            "messageTitle": "Fixed error in Ui image",
            "messageBody": "",
            "insertions": 3,
            "deletions": 1
          }
        ]
      },
      {
        "insertions": 44,
        "deletions": 7,
        "date": "2019-09-29",
        "commitResults": [
          {
            "hash": "2cbf259969a5b02055b65bb6d55cf6840c41cdc1",
            "messageTitle": "Updated glossary in DeveloperGuide.adoc",
            "messageBody": "",
            "insertions": 44,
            "deletions": 7
          }
        ]
      },
      {
        "insertions": 30,
        "deletions": 30,
        "date": "2019-10-04",
        "commitResults": [
          {
            "hash": "36e3927cffcf031df849e2a358c3bd08932fc43c",
            "messageTitle": "Update glossary in DeveloperGuide.adoc",
            "messageBody": "",
            "insertions": 30,
            "deletions": 30
          }
        ]
      },
      {
        "insertions": 137,
        "deletions": 92,
        "date": "2019-10-15",
        "commitResults": [
          {
            "hash": "7988cafdd1630ca61c13db8d0def4a2bbed7d86c",
            "messageTitle": "Update the names of variables",
            "messageBody": "",
            "insertions": 137,
            "deletions": 92
          }
        ]
      },
      {
        "insertions": 229,
        "deletions": 136,
        "date": "2019-10-17",
        "commitResults": [
          {
            "hash": "5783f8a264302dd0a3624af3326d3547fef36aa7",
            "messageTitle": "Update basic search feature",
            "messageBody": "",
            "insertions": 204,
            "deletions": 105
          },
          {
            "hash": "03b796eec7fe9de90daeca62900bc0b5c4299c9f",
            "messageTitle": "Modified ModelManager.java",
            "messageBody": "",
            "insertions": 1,
            "deletions": 1
          },
          {
            "hash": "e0b487dcb261433422bf82d87448f5c8fbf19b58",
            "messageTitle": "Update ParserUtilTest.java",
            "messageBody": "",
            "insertions": 2,
            "deletions": 2
          },
          {
            "hash": "f3051d8ab178245409aa503d63f8c79dca799c96",
            "messageTitle": "Update SearchPanel.java",
            "messageBody": "",
            "insertions": 9,
            "deletions": 8
          },
          {
            "hash": "182fe3d6267fda59c481338c7fb867aa2b2f52d7",
            "messageTitle": "Update UserGuide.adoc",
            "messageBody": "",
            "insertions": 13,
            "deletions": 20
          }
        ]
      },
      {
        "insertions": 20,
        "deletions": 14,
        "date": "2019-10-18",
        "commitResults": [
          {
            "hash": "9805bcdbb6882a42a507016f25b0c46457473f35",
            "messageTitle": "Update MainWindow.java for Search page",
            "messageBody": "",
            "insertions": 1,
            "deletions": 1
          },
          {
            "hash": "d143745c1874fe6d1d70d7bb1ee9922ffd165def",
            "messageTitle": "Edit error in SearchCommand.java",
            "messageBody": "",
            "insertions": 19,
            "deletions": 13
          }
        ]
      },
      {
        "insertions": 261,
        "deletions": 166,
        "date": "2019-10-23",
        "commitResults": [
          {
            "hash": "e327a8e3034425b8b36118b89b384d5355bbef3b",
            "messageTitle": "Added new feature to SearchCommand.java",
            "messageBody": "",
            "insertions": 128,
            "deletions": 72
          },
          {
            "hash": "a926ee41d71aae4b66a692dcf093aa6b80dc538d",
            "messageTitle": "Update SearchCommand with filter for internal",
            "messageBody": "",
            "insertions": 17,
            "deletions": 21
          },
          {
            "hash": "0f9576acf0ee2361415f8e407d20c4b85662797f",
            "messageTitle": "Update searching using name",
            "messageBody": "",
            "insertions": 35,
            "deletions": 28
          },
          {
            "hash": "a06a92946f687a7d769382ff19452341c290d3db",
            "messageTitle": "Update SearchCommand, allow for search n/[NAME] i/[IS_INTERNAL] w/[IS_WATCHED]",
            "messageBody": "",
            "insertions": 81,
            "deletions": 45
          }
        ]
      },
      {
        "insertions": 501,
        "deletions": 124,
        "date": "2019-10-24",
        "commitResults": [
          {
            "hash": "758c22b380c949f0b8fbd5849f8773075b953b62",
            "messageTitle": "Update SearchCommand to search based on actors offline",
            "messageBody": "",
            "insertions": 261,
            "deletions": 78
          },
          {
            "hash": "60b2432d85f2752f60f811468724e84ea80e8334",
            "messageTitle": "Resolve checkstyle error",
            "messageBody": "",
            "insertions": 190,
            "deletions": 38
          },
          {
            "hash": "dcfb6a5026dfb3e620121a30e216eb301ee7ac6f",
            "messageTitle": "Resolve checkstyle error",
            "messageBody": "",
            "insertions": 20,
            "deletions": 5
          },
          {
            "hash": "a6d98ec8344175fa4ca6a1581a0d7a54715630e4",
            "messageTitle": "Resolve checkstyle error",
            "messageBody": "",
            "insertions": 1,
            "deletions": 1
          },
          {
            "hash": "c7bd7a3ee14e1a6c88ecfd5035b29fe121039bec",
            "messageTitle": "Resolve checkstyle error",
            "messageBody": "",
            "insertions": 1,
            "deletions": 1
          },
          {
            "hash": "448c547ae873cf46c61214df3e8d2452ae41cd6a",
            "messageTitle": "Resolve checkstyle error",
            "messageBody": "",
            "insertions": 1,
            "deletions": 1
          },
          {
            "hash": "4d62c64785c4157b4b24cbf97bd33cbb90f11a1b",
            "messageTitle": "Modified DeveloperGuide.adoc",
            "messageBody": "",
            "insertions": 27,
            "deletions": 0
          }
        ]
      },
      {
        "insertions": 37,
        "deletions": 6,
        "date": "2019-10-25",
        "commitResults": [
          {
            "hash": "7d299716000e7e7874617cb3061538848fb0835b",
            "messageTitle": "Update activity diagram for search command in DeveloperGuide.adoc",
            "messageBody": "",
            "insertions": 8,
            "deletions": 1
          },
          {
            "hash": "e7042a9f1ee22f614dd686b760a45563d5534b81",
            "messageTitle": "Update DG",
            "messageBody": "",
            "insertions": 29,
            "deletions": 5
          }
        ]
      },
      {
        "insertions": 291,
        "deletions": 52,
        "date": "2019-10-31",
        "commitResults": [
          {
            "hash": "9c15cb3c8f5bc666aa921a261a8c5753a260745f",
            "messageTitle": "Edit SearchCommandParser to allow for searching based on genre",
            "messageBody": "",
            "insertions": 19,
            "deletions": 1
          },
          {
            "hash": "225bd5a0472593d9a9eab2682ce9500c298d4e57",
            "messageTitle": "Allow for search by genre from watchlist",
            "messageBody": "",
            "insertions": 103,
            "deletions": 11
          },
          {
            "hash": "9d93f787524dfad6d04fe206ac66ed59cb66d358",
            "messageTitle": "Update documentation",
            "messageBody": "",
            "insertions": 39,
            "deletions": 6
          },
          {
            "hash": "8084de558febdf97eb3e27bd8352765dbd739efd",
            "messageTitle": "Search online for movies based on genre",
            "messageBody": "",
            "insertions": 77,
            "deletions": 5
          },
          {
            "hash": "97ecdd29035f681d3bcd6c71fbcc5d2faa1f1884",
            "messageTitle": "Update search for movies by genre",
            "messageBody": "",
            "insertions": 23,
            "deletions": 14
          },
          {
            "hash": "3fd8518626715936c5763ab05da0a7ee1aaf6f3f",
            "messageTitle": "Update UserGuide.adoc",
            "messageBody": "",
            "insertions": 30,
            "deletions": 15
          }
        ]
      }
    ],
    "tswuxia": [
      {
        "insertions": 117,
        "deletions": 10,
        "date": "2019-09-28",
        "commitResults": [
          {
            "hash": "250c0d1f5ea5d128a3cf46b02d5b74b8c9f8faaf",
            "messageTitle": "Updated use cases in developerGuide.adoc",
            "messageBody": "",
            "insertions": 117,
            "deletions": 10
          }
        ]
      },
      {
        "insertions": 1,
        "deletions": 1,
        "date": "2019-10-04",
        "commitResults": [
          {
            "hash": "32004d4a08e9fcdcf23c43cf6e8a371eeec57a73",
            "messageTitle": "Changed one line of use cases",
            "messageBody": "",
            "insertions": 1,
            "deletions": 1
          }
        ]
      },
      {
        "insertions": 6,
        "deletions": 4,
        "date": "2019-10-09",
        "commitResults": [
          {
            "hash": "b6d6b94b7ff2131f21f1541555cf6649995602a6",
            "messageTitle": "In the process of morphing the UI",
            "messageBody": "",
            "insertions": 6,
            "deletions": 4
          }
        ]
      },
      {
        "insertions": 289,
        "deletions": 62,
        "date": "2019-10-10",
        "commitResults": [
          {
            "hash": "43eec3ba7a5911c2dc9ea94b293f960720f8b029",
            "messageTitle": "In the process of building up the showCard",
            "messageBody": "",
            "insertions": 75,
            "deletions": 6
          },
          {
            "hash": "3b117ea806142d905c6fa27a240c7b65e630744a",
            "messageTitle": "Morphed the UI of addressbook to Ezwatchlist without adding functionalities",
            "messageBody": "",
            "insertions": 194,
            "deletions": 54
          },
          {
            "hash": "aa2475b0af2862bbb0cc0ec5528ccf1a5e07f429",
            "messageTitle": "Added handler functions to be implemented",
            "messageBody": "",
            "insertions": 20,
            "deletions": 0
          },
          {
            "hash": "80e63a6c2f07a10753abf2bb7cf6dabee2231f81",
            "messageTitle": "Fix travis test",
            "messageBody": "",
            "insertions": 0,
            "deletions": 2
          }
        ]
      },
      {
        "insertions": 145,
        "deletions": 52,
        "date": "2019-10-11",
        "commitResults": [
          {
            "hash": "673caa345f20dd8d3c8ee3728d121a8c5e70a273",
            "messageTitle": "Fixed some travis check style",
            "messageBody": "",
            "insertions": 11,
            "deletions": 17
          },
          {
            "hash": "7adeddbc6f318a5f9988e9d12528989ae65400b9",
            "messageTitle": "Added 3 other empty panels and can switch between different panels using buttons",
            "messageBody": "",
            "insertions": 134,
            "deletions": 35
          }
        ]
      },
      {
        "insertions": 62,
        "deletions": 12,
        "date": "2019-10-15",
        "commitResults": [
          {
            "hash": "71de96f2c687ff990497aea0b9bd4fb15a451ac7",
            "messageTitle": "added resultDisplay back to the bottom of the window",
            "messageBody": "",
            "insertions": 4,
            "deletions": 1
          },
          {
            "hash": "ace2ed7a52184c78a8864959e9e84db6ca151d7a",
            "messageTitle": "Added image placeholder, checkbox, and Go! button for command box",
            "messageBody": "",
            "insertions": 58,
            "deletions": 11
          }
        ]
      },
      {
        "insertions": 144,
        "deletions": 61,
        "date": "2019-10-17",
        "commitResults": [
          {
            "hash": "bf913342b6ca85418e3381077c43b11450254ee2",
            "messageTitle": "Changed the setting of poster image from fxml to java file",
            "messageBody": "",
            "insertions": 10,
            "deletions": 7
          },
          {
            "hash": "a02227fe9fa72498aab365e18aa7b76698f5ab0a",
            "messageTitle": "Changed the display of the actors so that they appear on one line only and does not occupy a new line",
            "messageBody": "",
            "insertions": 5,
            "deletions": 2
          },
          {
            "hash": "e7d801328ee4848b6ce0e65021826cb4fa0a7b87",
            "messageTitle": "Get ready for watched list and search implementation",
            "messageBody": "",
            "insertions": 67,
            "deletions": 17
          },
          {
            "hash": "314eb648d3a8aa0435771a772c35ca6edac2428d",
            "messageTitle": "Updated the UI picture in UserGuide.adoc",
            "messageBody": "",
            "insertions": 2,
            "deletions": 2
          },
          {
            "hash": "9f8e2898ebce37eb1b523878414ce5bf3092f6a3",
            "messageTitle": "Trying to fix travis failure",
            "messageBody": "",
            "insertions": 4,
            "deletions": 6
          },
          {
            "hash": "2aeaa2eb72f4667b0651ca77e8789e7441291d29",
            "messageTitle": "Trying to fix travis failure for ApiMain.java",
            "messageBody": "",
            "insertions": 56,
            "deletions": 27
          }
        ]
      },
      {
        "insertions": 21,
        "deletions": 6,
        "date": "2019-10-22",
        "commitResults": [
          {
            "hash": "f66614739b61ea46f754608ae472249033039a19",
            "messageTitle": "Set goToSearch() etc from private to public Set fixed picture size in showCard",
            "messageBody": "",
            "insertions": 6,
            "deletions": 6
          },
          {
            "hash": "df946e2418e0e7666783d3069d0aa66314221944",
            "messageTitle": "Updating my devGuide.adoc",
            "messageBody": "",
            "insertions": 15,
            "deletions": 0
          }
        ]
      },
      {
        "insertions": 149,
        "deletions": 18,
        "date": "2019-10-24",
        "commitResults": [
          {
            "hash": "65e53aad1e16775e5d6ee51b09baf4af1e119814",
            "messageTitle": "Finished updating Statistics feature part of DeveloperGuide.adoc",
            "messageBody": "",
            "insertions": 44,
            "deletions": 2
          },
          {
            "hash": "9b39fc26c3b408a03044b04c484083a83de215b9",
            "messageTitle": "Minor changes to tag the features in DeveloperGuide.adoc",
            "messageBody": "",
            "insertions": 3,
            "deletions": 2
          },
          {
            "hash": "43c30fc0d0372b82514107385c16fab2795002bd",
            "messageTitle": "Fixed travis test",
            "messageBody": "",
            "insertions": 12,
            "deletions": 1
          },
          {
            "hash": "64e3f16a5e4fbd5a4aea943e5253ec06348a4ef2",
            "messageTitle": "Fixed travis test: commented out the 2 tests that are failing",
            "messageBody": "",
            "insertions": 2,
            "deletions": 2
          },
          {
            "hash": "615fbf8da76ecb6b1cd6480706267b8c6b731d67",
            "messageTitle": "Fixed travis test: fixed some checkstyle",
            "messageBody": "",
            "insertions": 2,
            "deletions": 2
          },
          {
            "hash": "f18a6cde7f0d3e79e1d3553e98ffb3a8a47b3a00",
            "messageTitle": "Added forgotten feature in Statistics, but with a ugly UI. Will fix that later.",
            "messageBody": "",
            "insertions": 86,
            "deletions": 9
          }
        ]
      },
      {
        "insertions": 149,
        "deletions": 87,
        "date": "2019-10-27",
        "commitResults": [
          {
            "hash": "63cd2440934713afab24c52b0f84709b886e04b5",
            "messageTitle": "Changed UI to movie theme.",
            "messageBody": "",
            "insertions": 131,
            "deletions": 81
          },
          {
            "hash": "04b6d965a4a9b1bbb9fb538979ec47e8a56e5533",
            "messageTitle": "Fixed travis checkstyle.",
            "messageBody": "",
            "insertions": 15,
            "deletions": 6
          },
          {
            "hash": "5d225a87d9ca4055d72fec6e713dfcbe6bcd0746",
            "messageTitle": "Fixed travis checkstyle.",
            "messageBody": "",
            "insertions": 3,
            "deletions": 0
          }
        ]
      },
      {
        "insertions": 249,
        "deletions": 89,
        "date": "2019-10-29",
        "commitResults": [
          {
            "hash": "66b7eb580735e2ee63b706c0cc890b6eeae3bc68",
            "messageTitle": "Added Genre to showCard",
            "messageBody": "",
            "insertions": 65,
            "deletions": 7
          },
          {
            "hash": "1d7c50f9edde8838183586c8d01a5b56203849c3",
            "messageTitle": "Made description auto-text-wrap instead of being truncated. Gave the tag look to genres and refined the line spacing of the information of the show. Added header to Type and Actors",
            "messageBody": "",
            "insertions": 48,
            "deletions": 41
          },
          {
            "hash": "fb7e6133f0d24607342063e93068a05317a92230",
            "messageTitle": "Added newline character at EOF",
            "messageBody": "",
            "insertions": 1,
            "deletions": 1
          },
          {
            "hash": "2a61dbe16e416ae9b6bca099c0e5fea7989066e4",
            "messageTitle": "Fixed travis check style",
            "messageBody": "",
            "insertions": 11,
            "deletions": 4
          },
          {
            "hash": "70e03b949e79a2884b8bf59e60e15df86a15a992",
            "messageTitle": "Fixed travis check style",
            "messageBody": "",
            "insertions": 1,
            "deletions": 1
          },
          {
            "hash": "9a3cf8f13d10bb9fa639a828f75b18b1a9fff62e",
            "messageTitle": "Added favourite genre feature. Changed tag colour.",
            "messageBody": "",
            "insertions": 88,
            "deletions": 16
          },
          {
            "hash": "fdbb7b4f816403eacedd3900157312473b5c8aa7",
            "messageTitle": "Fixed bugs in Statistics",
            "messageBody": "",
            "insertions": 16,
            "deletions": 8
          },
          {
            "hash": "06c6439c8e6a4677c3894ce8e790a184716d2217",
            "messageTitle": "Added number of entries the genre appears into the favouriteGenre feature",
            "messageBody": "",
            "insertions": 15,
            "deletions": 7
          },
          {
            "hash": "c6e149c5db86414315087f88a1e56995b429ddf0",
            "messageTitle": "Fixed travis checkstyle",
            "messageBody": "",
            "insertions": 3,
            "deletions": 4
          },
          {
            "hash": "9e86d53f5bfa432a03849121c5f4120792cb8127",
            "messageTitle": "Fixed travis checkstyle",
            "messageBody": "",
            "insertions": 1,
            "deletions": 0
          }
        ]
      },
      {
        "insertions": 277,
        "deletions": 140,
        "date": "2019-10-31",
        "commitResults": [
          {
            "hash": "609a0233958fa2c37d2e20aa7a1cb8ffe0a2b218",
            "messageTitle": "Fixed showCard alignment problem",
            "messageBody": "",
            "insertions": 6,
            "deletions": 3
          },
          {
            "hash": "e0049afff82bbf8e1460a3cb604937a6dc3bd1eb",
            "messageTitle": "Updated UG. Fixed Statistics bugs of not updating in time. Set maximum size of description and capped the number of actors shown at 4.",
            "messageBody": "",
            "insertions": 5,
            "deletions": 10
          },
          {
            "hash": "51deccbefb59250e5fb4afef2c91ffa7fd0664f2",
            "messageTitle": "Commit to pull from team_main",
            "messageBody": "",
            "insertions": 13,
            "deletions": 2
          },
          {
            "hash": "211ea1ad9d839bdf8274fc0396fda6100582f16d",
            "messageTitle": "Linked recommendation to statistics. Created and adjusted UI for recommendation.",
            "messageBody": "",
            "insertions": 236,
            "deletions": 117
          },
          {
            "hash": "75790cc51f1e8632502f9b7e67f4adbf5e64f8e6",
            "messageTitle": "Fixed checkstyle",
            "messageBody": "",
            "insertions": 11,
            "deletions": 5
          },
          {
            "hash": "b9d838e1105df6f40c475f96f2dd2d22e8c0c2ce",
            "messageTitle": "Fixed checkstyle",
            "messageBody": "",
            "insertions": 6,
            "deletions": 3
          }
        ]
      },
      {
        "insertions": 5,
        "deletions": 1,
        "date": "2019-11-01",
        "commitResults": [
          {
            "hash": "926018f01ac8d515911f6e5984395155c664d630",
            "messageTitle": "Added UI.png Added NOTE for loading time of search and statistics.",
            "messageBody": "",
            "insertions": 5,
            "deletions": 1
          }
        ]
      }
    ],
    "heze8": [
      {
        "insertions": 27,
        "deletions": 29,
        "date": "2019-09-24",
        "commitResults": [
          {
            "hash": "8f01380f9e10aa54bdd250624f0cc4a373453549",
            "messageTitle": "no message",
            "messageBody": "",
            "insertions": 26,
            "deletions": 28
          },
          {
            "hash": "45246f9c3376516c155222fde72ac2b9ac8af8af",
            "messageTitle": "fixed aboutUs with travis",
            "messageBody": "",
            "insertions": 1,
            "deletions": 1
          }
        ]
      },
      {
        "insertions": 4,
        "deletions": 1,
        "date": "2019-09-26",
        "commitResults": [
          {
            "hash": "aa486fcccd808531439cf6b71eb4ffe8fa2e48cd",
            "messageTitle": "Added non-functionality requirements in the developer guide",
            "messageBody": "",
            "insertions": 4,
            "deletions": 1
          }
        ]
      },
      {
        "insertions": 128,
        "deletions": 6,
        "date": "2019-10-10",
        "commitResults": [
          {
            "hash": "041b83d90dfcd9f5065ba6ee5e11cb4463b05b4a",
            "messageTitle": "Added the Api into the application added a placeholder image field in the show model class Added one method in Api Main",
            "messageBody": "",
            "insertions": 106,
            "deletions": 0
          },
          {
            "hash": "9b5931688ceb97c11b98928e3bee9e5b172472f3",
            "messageTitle": "Added tv show method things to take note, the show model might not need all the variables in the constructor at creation, maybe can replace it with the required information first, then another method to check if all the information can be taken from the api images are also anothher thing that might be quite difficult to handle. Should we retrieve images online and download into resources so that it will be cached?",
            "messageBody": "",
            "insertions": 21,
            "deletions": 5
          },
          {
            "hash": "3df87336873c2f224ec6e23cba2a728019f55fea",
            "messageTitle": "no message",
            "messageBody": "",
            "insertions": 1,
            "deletions": 1
          }
        ]
      },
      {
        "insertions": 1086,
        "deletions": 807,
        "date": "2019-10-13",
        "commitResults": [
          {
            "hash": "6e56e5f1addc6ecf8a662b23f2578d2c9b46c5f7",
            "messageTitle": "Added rudimentary spellcheck classes for Michelle to take a look Added one MovieCard that has the same format as PersonCard so that we can start working on the interface changes Tweaked some of the API methods Refactored the name of the package from adress to ezwatchlist Added a movieInfromation class in the api package but might be unnecesarry. Could perhaps change the in-house movie class to be similar to that",
            "messageBody": "",
            "insertions": 1083,
            "deletions": 795
          },
          {
            "hash": "4dd6951c128901660a2834ef92bf8737d6b5f6db",
            "messageTitle": "Error still exist can\u0027t seem to find the interface",
            "messageBody": "",
            "insertions": 3,
            "deletions": 12
          }
        ]
      },
      {
        "insertions": 275,
        "deletions": 198,
        "date": "2019-10-15",
        "commitResults": [
          {
            "hash": "510006594e3462d911a2263d2f1b360fb35fc7cf",
            "messageTitle": "Minor changes to Api and fix minor error in Actor string parsing",
            "messageBody": "",
            "insertions": 7,
            "deletions": 9
          },
          {
            "hash": "8763801bdd2f6d46e58b55ec86fd7f9635140307",
            "messageTitle": "added unit test in command test util",
            "messageBody": "",
            "insertions": 142,
            "deletions": 144
          },
          {
            "hash": "f9e7b69e36d8404e79107bc94d04670321d71aa3",
            "messageTitle": "Added Poster Class",
            "messageBody": "",
            "insertions": 28,
            "deletions": 1
          },
          {
            "hash": "376b400b00be5ef2ccb9f153e8298a526dcb90d0",
            "messageTitle": "Added Poster Class for use in the model not sure if should use url or javafx scene images, (Wu Xia) Planning to make a folder to store cached images, but not sure how to get user pref storage path Added image retrieval class for the api",
            "messageBody": "",
            "insertions": 94,
            "deletions": 39
          },
          {
            "hash": "896d5aeb345ef732aa0c586cbe0a93b556cacc56",
            "messageTitle": "Did some changes for travist test",
            "messageBody": "",
            "insertions": 4,
            "deletions": 5
          }
        ]
      },
      {
        "insertions": 136,
        "deletions": 122,
        "date": "2019-10-16",
        "commitResults": [
          {
            "hash": "9daac6c412f38890a6c5ba591a409a23d4359f2b",
            "messageTitle": "Added some changes to the api interface it now throws an exception if not connected to the internet which must be handled added a proxy tweak for the unhandled exception in search command Added image retrieval downloading images to posters under resources",
            "messageBody": "",
            "insertions": 136,
            "deletions": 122
          }
        ]
      },
      {
        "insertions": 99,
        "deletions": 106,
        "date": "2019-10-17",
        "commitResults": [
          {
            "hash": "25b4bbefb5ebfa9572d30d3d21291c331f928782",
            "messageTitle": "Made some changes for checkstyle",
            "messageBody": "",
            "insertions": 98,
            "deletions": 105
          },
          {
            "hash": "a670915373d06abf36c6429f3ea0fc30ff55eaf2",
            "messageTitle": "Merge branch \u0027branch-caleb-v1.2\u0027 of https://github.com/heze8/main into branch-caleb-v1.2",
            "messageBody": "",
            "insertions": 1,
            "deletions": 1
          }
        ]
      },
      {
        "insertions": 71,
        "deletions": 32,
        "date": "2019-10-18",
        "commitResults": [
          {
            "hash": "c872dd1f2c23cca816a23d4bf5821eb287f140fb",
            "messageTitle": "Checkstyle changes Tweaked spellcheck And image retrieval to download correctly",
            "messageBody": "",
            "insertions": 71,
            "deletions": 32
          }
        ]
      },
      {
        "insertions": 8,
        "deletions": 8,
        "date": "2019-10-19",
        "commitResults": [
          {
            "hash": "4651388c6b206cdb63f688a00a17bc0474c717a5",
            "messageTitle": "Changed search command to include API results",
            "messageBody": "",
            "insertions": 8,
            "deletions": 8
          }
        ]
      },
      {
        "insertions": 96,
        "deletions": 41,
        "date": "2019-10-20",
        "commitResults": [
          {
            "hash": "fc2a8f84d4526a2418ed9adcf82a318deaf5b813",
            "messageTitle": "Added get upcoming movie methods",
            "messageBody": "",
            "insertions": 27,
            "deletions": 0
          },
          {
            "hash": "dbea6ce7a39559599c2891e0d0cb3565125dc114",
            "messageTitle": "Changed model so that         //instead of having constraints perhaps could check if the object is null in the creation Changed image retrieval once again",
            "messageBody": "",
            "insertions": 69,
            "deletions": 41
          }
        ]
      },
      {
        "insertions": 171,
        "deletions": 85,
        "date": "2019-10-22",
        "commitResults": [
          {
            "hash": "65960419f9de676b05db1851c876b44fa803d06e",
            "messageTitle": "small tweaks",
            "messageBody": "",
            "insertions": 6,
            "deletions": 4
          },
          {
            "hash": "2e93f97b95a77160ffde7880acb5fc79644a2419",
            "messageTitle": "Managed to fix the image retrieval using a file system instead",
            "messageBody": "",
            "insertions": 27,
            "deletions": 13
          },
          {
            "hash": "8a527ef3ba2db44fe31d1b56af187f4318accab9",
            "messageTitle": "Removed actor constraint Changed the location to save data to be found locally \u0026 system dependent",
            "messageBody": "",
            "insertions": 51,
            "deletions": 23
          },
          {
            "hash": "c22451f57b419f751193ac3b509d8a3e38c03d49",
            "messageTitle": "tested it for jar app, version v1.2.1 may need to run as administrator for it to write files",
            "messageBody": "",
            "insertions": 2,
            "deletions": 0
          },
          {
            "hash": "1d11d99747080835ee97353afa561360faeccc8a",
            "messageTitle": "Checkstyle changes",
            "messageBody": "",
            "insertions": 85,
            "deletions": 45
          }
        ]
      },
      {
        "insertions": 12,
        "deletions": 16,
        "date": "2019-10-23",
        "commitResults": [
          {
            "hash": "6e3aea3bd0aab7ec685bc4d2d24fc84f6563137d",
            "messageTitle": "merged Jared\u0027s commits",
            "messageBody": "",
            "insertions": 4,
            "deletions": 7
          },
          {
            "hash": "484e88a006d00826680a85a35ce7d71a7ebff275",
            "messageTitle": "checktsyle",
            "messageBody": "",
            "insertions": 6,
            "deletions": 7
          },
          {
            "hash": "1a249cd8bb22cbf811949b73ab8ee617018620db",
            "messageTitle": "quick fix",
            "messageBody": "",
            "insertions": 1,
            "deletions": 1
          },
          {
            "hash": "fd8a4d74a849abbdbdcc232b4a3a4bf33ab76453",
            "messageTitle": "no message",
            "messageBody": "",
            "insertions": 1,
            "deletions": 1
          }
        ]
      },
      {
        "insertions": 70,
        "deletions": 3,
        "date": "2019-10-24",
        "commitResults": [
          {
            "hash": "7ba4bef15d60f22c769882661525a2fdb1ad10ee",
            "messageTitle": "Added developer guide for the api implementation",
            "messageBody": "",
            "insertions": 70,
            "deletions": 3
          }
        ]
      },
      {
        "insertions": 73,
        "deletions": 14,
        "date": "2019-10-26",
        "commitResults": [
          {
            "hash": "3097777da37420c23509e28007018f5e65097cc2",
            "messageTitle": "Update UserGuide.adoc",
            "messageBody": "",
            "insertions": 1,
            "deletions": 1
          },
          {
            "hash": "240cee3d5a02e89699fff19df492044c293c5be7",
            "messageTitle": "Update DeveloperGuide.adoc",
            "messageBody": "",
            "insertions": 1,
            "deletions": 1
          },
          {
            "hash": "e07c06d1fe2420db5163956c63d92cbf9cfbad5c",
            "messageTitle": "Made Genre class Fixed episodes and seasons not appearing",
            "messageBody": "",
            "insertions": 71,
            "deletions": 12
          }
        ]
      },
      {
        "insertions": 4,
        "deletions": 4,
        "date": "2019-10-27",
        "commitResults": [
          {
            "hash": "0008ee6b35a60b83ae2318c51adad05bd8e4e7e1",
            "messageTitle": "Checkstyle changes",
            "messageBody": "",
            "insertions": 4,
            "deletions": 4
          }
        ]
      },
      {
        "insertions": 14,
        "deletions": 0,
        "date": "2019-10-28",
        "commitResults": [
          {
            "hash": "7498fa4fdc85adcb0d37e9f36e34e1b0d3607806",
            "messageTitle": "no message",
            "messageBody": "",
            "insertions": 14,
            "deletions": 0
          }
        ]
      },
      {
        "insertions": 642,
        "deletions": 380,
        "date": "2019-10-29",
        "commitResults": [
          {
            "hash": "f94ff95abf08b97c5cd9066528a2478a628a0a06",
            "messageTitle": "Merge branch \u0027master\u0027 of https://github.com/AY1920S1-CS2103T-F13-4/main into branch-caleb-v1.2",
            "messageBody": "",
            "insertions": 235,
            "deletions": 0
          },
          {
            "hash": "9da25b7b9f7433d29d6bba92731597176785fccb",
            "messageTitle": "Refactored and cleaned up the code in the API package",
            "messageBody": "",
            "insertions": 367,
            "deletions": 347
          },
          {
            "hash": "414b674e02b7a60a8ac8d2e499970be55724c00f",
            "messageTitle": "Refactored file saving format, and the model classes to accept null values",
            "messageBody": "",
            "insertions": 36,
            "deletions": 29
          },
          {
            "hash": "b9583ea53a86e2109f231092123bda8fbc1d036a",
            "messageTitle": "Fixed test",
            "messageBody": "",
            "insertions": 4,
            "deletions": 4
          }
        ]
      },
      {
        "insertions": 1,
        "deletions": 1,
        "date": "2019-10-30",
        "commitResults": [
          {
            "hash": "9e216fb4782877f1456374142f1df7e91414f22b",
            "messageTitle": "Update README.adoc",
            "messageBody": "",
            "insertions": 1,
            "deletions": 1
          }
        ]
      },
      {
        "insertions": 567,
        "deletions": 136,
        "date": "2019-10-31",
        "commitResults": [
          {
            "hash": "52972c7f8e78fe376e549c40a98880071ebe1995",
            "messageTitle": "Added recommendation engine class to generate recommendations for the user. Changed the application to pass throught the API interface. Refactored a lot of things.",
            "messageBody": "",
            "insertions": 461,
            "deletions": 96
          },
          {
            "hash": "e83bf25d2c9f7924908c05e052bb8c99fb3d92b1",
            "messageTitle": "Updated version",
            "messageBody": "",
            "insertions": 1,
            "deletions": 1
          },
          {
            "hash": "c96055505b0051912ac6c6546cd3d971e0f2c747",
            "messageTitle": "Updated User Guide",
            "messageBody": "",
            "insertions": 35,
            "deletions": 12
          },
          {
            "hash": "f0ee8daff5b2ceac387522a1454d2febf0191749",
            "messageTitle": "Updated Developer Guide",
            "messageBody": "",
            "insertions": 10,
            "deletions": 9
          },
          {
            "hash": "713184db4030f26a60fb7c11868db9eca21ac3cc",
            "messageTitle": "Added helper methods for implementation",
            "messageBody": "",
            "insertions": 31,
            "deletions": 0
          },
          {
            "hash": "08e206cd918d4d640b83d7632d4f4eac7d24da13",
            "messageTitle": "added static",
            "messageBody": "",
            "insertions": 2,
            "deletions": 2
          },
          {
            "hash": "8d40669788a78f1f040a3e23f66266b9968a4d56",
            "messageTitle": "fixed ui",
            "messageBody": "",
            "insertions": 1,
            "deletions": 1
          },
          {
            "hash": "f5a09815890cbbb432af1071ef554cfa378a5ae8",
            "messageTitle": "Fixed travis checkstyle",
            "messageBody": "",
            "insertions": 13,
            "deletions": 5
          },
          {
            "hash": "be93fe9b2b8e0dccab72e73bf65ce1c11dc47c8a",
            "messageTitle": "Update UserGuide.adoc",
            "messageBody": "",
            "insertions": 1,
            "deletions": 1
          },
          {
            "hash": "0408da9e512899bf9f5009e94476cdef9c8b811b",
            "messageTitle": "Update UserGuide.adoc",
            "messageBody": "",
            "insertions": 1,
            "deletions": 1
          },
          {
            "hash": "aff65775700a347177654579b1f5f2abdf217afd",
            "messageTitle": "Update UserGuide.adoc",
            "messageBody": "",
            "insertions": 7,
            "deletions": 4
          },
          {
            "hash": "f0a62c315d6e9106d7a3937d9aed43d30a22726c",
            "messageTitle": "Update UserGuide.adoc",
            "messageBody": "",
            "insertions": 4,
            "deletions": 4
          }
        ]
      },
      {
        "insertions": 61,
        "deletions": 13,
        "date": "2019-11-01",
        "commitResults": [
          {
            "hash": "70028b0175a97d36e538f7ae0fb73285ab2b9080",
            "messageTitle": "Documentation and Api tweaks",
            "messageBody": "",
            "insertions": 58,
            "deletions": 13
          },
          {
            "hash": "8b3063bb8876ef0fcb402b8f62d619c03b3995c8",
            "messageTitle": "Update UserGuide.adoc",
            "messageBody": "",
            "insertions": 3,
            "deletions": 0
          }
        ]
      }
    ]
  },
  "authorFinalContributionMap": {
    "jcjjjared": 4999,
    "wongchuankai": 1634,
    "michelleykw": 1061,
    "tswuxia": 959,
    "heze8": 1679
  },
  "authorFileTypeContributionMap": {
    "jcjjjared": {
      "docs": 170,
      "tests": 852,
      "functional": 3894,
      "other": 83
    },
    "wongchuankai": {
      "docs": 151,
      "tests": 1350,
      "functional": 133
    },
    "michelleykw": {
      "docs": 134,
      "tests": 67,
      "functional": 860
    },
    "tswuxia": {
      "docs": 184,
      "tests": 2,
      "functional": 773
    },
    "heze8": {
      "docs": 258,
      "tests": 135,
      "functional": 1276,
      "other": 10
    }
  },
  "authorContributionVariance": {
    "jcjjjared": 1023362.4,
    "wongchuankai": 130687.01,
    "michelleykw": 14050.49,
    "tswuxia": 9063.187,
    "heze8": 88602.77
  },
  "authorDisplayNameMap": {
    "jcjjjared": "CS2103T-F13-4 CHIAN ... JARED",
    "wongchuankai": "CS2103T-F13-4 WONG  ... N KAI",
    "michelleykw": "CS2103T-F13-4 MICHE ... I WEN",
    "tswuxia": "CS2103T-F13-4 WU XI ... U XIA",
    "heze8": "CS2103T-F13-4 CALEB ... E GEN"
  }
}
