{
  "authorDailyContributionsMap": {
    "niqiukun": [
      {
        "insertions": 6,
        "deletions": 10,
        "date": "2019-10-03",
        "commitResults": [
          {
            "hash": "f88af062bb0fe5820b6423f21bfac1a759698e38",
            "messageTitle": "Update README.adoc",
            "messageBody": "",
            "insertions": 6,
            "deletions": 10
          }
        ]
      },
      {
        "insertions": 563,
        "deletions": 116,
        "date": "2019-10-10",
        "commitResults": [
          {
            "hash": "b5bde878e01c0d4c93ba7f53775eb9887e17b02e",
            "messageTitle": "Add mode switching in logic manager and add goto command",
            "messageBody": "",
            "insertions": 129,
            "deletions": 13
          },
          {
            "hash": "8d602b319176bea7e029aa15fd406cc4bcbb34ac",
            "messageTitle": "Add util class for encrypting and decrypting byte arrays",
            "messageBody": "",
            "insertions": 115,
            "deletions": 0
          },
          {
            "hash": "c6b9384b0e6e91c698e71ee2e61f135ef856b88c",
            "messageTitle": "Update encryption algorithm with triple DES",
            "messageBody": "",
            "insertions": 2,
            "deletions": 2
          },
          {
            "hash": "55ffd3e2e87e9a75abd88f0c3de1995b9b680b6f",
            "messageTitle": "Add master password to storage classes",
            "messageBody": "",
            "insertions": 158,
            "deletions": 65
          },
          {
            "hash": "5b13bbc80cf92cd73b9280b0090d6dbc500fb09d",
            "messageTitle": "Add TestStorage class for init and validate master password",
            "messageBody": "",
            "insertions": 110,
            "deletions": 30
          },
          {
            "hash": "636b335954e96f2f2b0ba18abf9b750b640646ae",
            "messageTitle": "Set up input dialog for the user to set and test master password",
            "messageBody": "",
            "insertions": 49,
            "deletions": 6
          }
        ]
      },
      {
        "insertions": 1864,
        "deletions": 111,
        "date": "2019-10-17",
        "commitResults": [
          {
            "hash": "3905a4cd2419ff92cd6e7b5c38098d53037c8346",
            "messageTitle": "Add EncryptedFile class and basic data fields for EncryptedFile Model",
            "messageBody": "",
            "insertions": 194,
            "deletions": 0
          },
          {
            "hash": "81daaaf6e2bd974b5b477e93b9f6f98b6b326553",
            "messageTitle": "Add tags to encrypted files",
            "messageBody": "",
            "insertions": 35,
            "deletions": 4
          },
          {
            "hash": "ae099abd22079e8a3aa5283234cadc91779699b1",
            "messageTitle": "Add feature to add and delete file records without encryption and decryption yet",
            "messageBody": "",
            "insertions": 1493,
            "deletions": 62
          },
          {
            "hash": "746ee8a50ba2d29b9911f61daa459e30e224cc38",
            "messageTitle": "Implements file encryption and decryption",
            "messageBody": "",
            "insertions": 78,
            "deletions": 1
          },
          {
            "hash": "5d594dd267fb3a48cf51967be205b88dd13c5ea6",
            "messageTitle": "Fix all existing tests",
            "messageBody": "",
            "insertions": 49,
            "deletions": 32
          },
          {
            "hash": "03b93b34c8920719c800d9331592da4b412294a7",
            "messageTitle": "Factor out initFileBook for standardisation",
            "messageBody": "",
            "insertions": 9,
            "deletions": 2
          },
          {
            "hash": "f56551e7cf409e8ebb6210f789fc1d6370826d18",
            "messageTitle": "Adjust the code to minimise deletion",
            "messageBody": "",
            "insertions": 4,
            "deletions": 6
          },
          {
            "hash": "48375eb648b2af8e97e2731295a6bb636098db37",
            "messageTitle": "Fix typo",
            "messageBody": "",
            "insertions": 2,
            "deletions": 4
          }
        ]
      },
      {
        "insertions": 177,
        "deletions": 35,
        "date": "2019-10-23",
        "commitResults": [
          {
            "hash": "17925c12a7f5fb142d28ec9095b1fb8d3985d256",
            "messageTitle": "Factor out code into DialogManager",
            "messageBody": "",
            "insertions": 42,
            "deletions": 16
          },
          {
            "hash": "cc8887bcb8e00d38e9aa01eceabeaeefc832e3ff",
            "messageTitle": "Add initialisation and validation of master password to developer guide",
            "messageBody": "",
            "insertions": 100,
            "deletions": 2
          },
          {
            "hash": "ac6bfe0478cc03ee34c4d43a942396befe8d8fff",
            "messageTitle": "Edit storage diagram",
            "messageBody": "",
            "insertions": 25,
            "deletions": 7
          },
          {
            "hash": "d0cdfb4ecac57791e9ac094f5ec477ce5c0730e8",
            "messageTitle": "Edit file encryption part of the user guide",
            "messageBody": "",
            "insertions": 10,
            "deletions": 10
          }
        ]
      },
      {
        "insertions": 133,
        "deletions": 68,
        "date": "2019-10-24",
        "commitResults": [
          {
            "hash": "a860e85f2725afea604f1f596eceaf5610437b4b",
            "messageTitle": "Change app title to SecureIT",
            "messageBody": "",
            "insertions": 1,
            "deletions": 1
          },
          {
            "hash": "557df5fb8417b926692d7ea044745db1bab6d7d9",
            "messageTitle": "Refactor mode using enum",
            "messageBody": "",
            "insertions": 130,
            "deletions": 65
          },
          {
            "hash": "f9e3d2c6c6a064e6874d26a6d49d350e520f79f8",
            "messageTitle": "Change version number",
            "messageBody": "",
            "insertions": 2,
            "deletions": 2
          }
        ]
      },
      {
        "insertions": 89,
        "deletions": 1,
        "date": "2019-10-25",
        "commitResults": [
          {
            "hash": "fd7d050ada6eb0303bb6c104070e7da5395360c4",
            "messageTitle": "Add sequence diagram for EncryptionUtil",
            "messageBody": "",
            "insertions": 80,
            "deletions": 0
          },
          {
            "hash": "76396e6321b02b80d5ced75479f91d73f5d5983e",
            "messageTitle": "Update encryption method section in developer guide",
            "messageBody": "",
            "insertions": 9,
            "deletions": 1
          }
        ]
      },
      {
        "insertions": 523,
        "deletions": 76,
        "date": "2019-10-26",
        "commitResults": [
          {
            "hash": "3fe4486134b2fe6adf3ebf5b789f62d74c834eda",
            "messageTitle": "Add modified at field; add add and remove file command; better exception handling",
            "messageBody": "",
            "insertions": 523,
            "deletions": 76
          }
        ]
      },
      {
        "insertions": 308,
        "deletions": 38,
        "date": "2019-10-27",
        "commitResults": [
          {
            "hash": "f904ecf10de5aea1848c5572c25d81a0e4689b08",
            "messageTitle": "Display the encrypted and edited time of added files as unknown",
            "messageBody": "",
            "insertions": 20,
            "deletions": 17
          },
          {
            "hash": "b74dcfa2d8d1c5a99b3d6fe9dd1bbe96493b0e23",
            "messageTitle": "Add exception handling for encryption target file already exists",
            "messageBody": "",
            "insertions": 32,
            "deletions": 4
          },
          {
            "hash": "d15aa3215fa5bbdb8a45d3062b3890c5065f0e2d",
            "messageTitle": "Add find and list file commands",
            "messageBody": "",
            "insertions": 138,
            "deletions": 1
          },
          {
            "hash": "861bee6ae8f1bc147a3ee0c5f062dd5fe53de94d",
            "messageTitle": "Add status to files",
            "messageBody": "",
            "insertions": 118,
            "deletions": 16
          }
        ]
      },
      {
        "insertions": 294,
        "deletions": 10,
        "date": "2019-10-28",
        "commitResults": [
          {
            "hash": "37a1555078b1c5bf51e1f8e34a134624719f0f88",
            "messageTitle": "Add move and rename file commands",
            "messageBody": "",
            "insertions": 288,
            "deletions": 10
          },
          {
            "hash": "37ed6ec9136bc669152b3d1ef267ef9aec3e6e4d",
            "messageTitle": "Fix test compilation",
            "messageBody": "",
            "insertions": 6,
            "deletions": 0
          }
        ]
      },
      {
        "insertions": 136,
        "deletions": 30,
        "date": "2019-10-30",
        "commitResults": [
          {
            "hash": "2d741c991f673417ae54879223d63c3412a9f0e7",
            "messageTitle": "Edit file section of the user guide",
            "messageBody": "",
            "insertions": 117,
            "deletions": 15
          },
          {
            "hash": "4a5de385b6dbcb471bba7db0de63d0e99d15c152",
            "messageTitle": "Edit file section of the cheatsheet",
            "messageBody": "",
            "insertions": 16,
            "deletions": 8
          },
          {
            "hash": "ca068f8574d65a9429f72887be686ae75ded8e42",
            "messageTitle": "Fix small formatting problem in the user guide",
            "messageBody": "",
            "insertions": 3,
            "deletions": 7
          }
        ]
      },
      {
        "insertions": 76,
        "deletions": 11,
        "date": "2019-10-31",
        "commitResults": [
          {
            "hash": "57ceae986a4865b8c5f0b4166d9e86384174f165",
            "messageTitle": "Update command format in the file section of ug",
            "messageBody": "",
            "insertions": 7,
            "deletions": 7
          },
          {
            "hash": "0edfcb9b95882ba02eb0354879c159a4fb833fe8",
            "messageTitle": "Close input streams after reading to prevent errors on windows",
            "messageBody": "",
            "insertions": 2,
            "deletions": 0
          },
          {
            "hash": "aacdac8ed3e8084f392217a75f8d4a593dad8a07",
            "messageTitle": "Add tip for dragging files inside the input field",
            "messageBody": "",
            "insertions": 17,
            "deletions": 0
          },
          {
            "hash": "6e16708749ac4ab2be1f87ca7ca142700d0c4518",
            "messageTitle": "Update file section of the user guide",
            "messageBody": "",
            "insertions": 3,
            "deletions": 0
          },
          {
            "hash": "7079342ff8a6becaa6225ba81a980577b306940e",
            "messageTitle": "Change the rename command to retain file extension",
            "messageBody": "",
            "insertions": 37,
            "deletions": 3
          },
          {
            "hash": "3b40e868445e03663621fbfc2018725879c14c54",
            "messageTitle": "Change the user guide of rename file command",
            "messageBody": "",
            "insertions": 9,
            "deletions": 0
          },
          {
            "hash": "03b58830e2b7e8c15dd76c885bb66e2c354aabe2",
            "messageTitle": "Update version number for prepare for release of v1.3",
            "messageBody": "",
            "insertions": 1,
            "deletions": 1
          }
        ]
      },
      {
        "insertions": 153,
        "deletions": 44,
        "date": "2019-11-02",
        "commitResults": [
          {
            "hash": "e8dc7d53c883bdc5adba9af82073942d621a2f8d",
            "messageTitle": "Change the command result message to new file after renaming",
            "messageBody": "",
            "insertions": 1,
            "deletions": 1
          },
          {
            "hash": "74b1b90c63eb221b28f07c5b1452a329ccc60389",
            "messageTitle": "Correct the usage message of move file command",
            "messageBody": "",
            "insertions": 1,
            "deletions": 2
          },
          {
            "hash": "f366a03d360d48990cefc7ac7ac8e256296c713b",
            "messageTitle": "Change the sample file paths in file commands to be clearer",
            "messageBody": "",
            "insertions": 3,
            "deletions": 3
          },
          {
            "hash": "fbd056ec32b94d01c9e2b46056fa4395fef4f4a9",
            "messageTitle": "Change the sample file paths in the user guide",
            "messageBody": "",
            "insertions": 17,
            "deletions": 8
          },
          {
            "hash": "4ce99abc3e938550c598c120c56b8a968a63952f",
            "messageTitle": "Fix parsing of move and rename commands",
            "messageBody": "",
            "insertions": 15,
            "deletions": 4
          },
          {
            "hash": "df39f894e594839c101d1dd49a7bfcb3bc7f127a",
            "messageTitle": "Refactor code in MainApp and add masking of master password",
            "messageBody": "",
            "insertions": 116,
            "deletions": 26
          }
        ]
      },
      {
        "insertions": 1323,
        "deletions": 89,
        "date": "2019-11-07",
        "commitResults": [
          {
            "hash": "2c9b377c8dbb10fa2ca7bf2e75a5bda6caffe2af",
            "messageTitle": "Add preview command to file manager",
            "messageBody": "",
            "insertions": 397,
            "deletions": 14
          },
          {
            "hash": "bf6d7bc6763d7d98cc8059ed668d366abfe2346a",
            "messageTitle": "Add some tests for model",
            "messageBody": "",
            "insertions": 149,
            "deletions": 5
          },
          {
            "hash": "47a7e483b0d9edf58b01c4501b60433b61c6693e",
            "messageTitle": "Refactor code in accordance with SLAP principle",
            "messageBody": "",
            "insertions": 58,
            "deletions": 63
          },
          {
            "hash": "c7192955c7b67bba23d6d6a68fd013be11b5c331",
            "messageTitle": "Fix formatting in build.gradle",
            "messageBody": "",
            "insertions": 2,
            "deletions": 2
          },
          {
            "hash": "7bf5cd45f076b8cbd0892b887f15bb94620476e1",
            "messageTitle": "Add test for encrypt file command",
            "messageBody": "",
            "insertions": 714,
            "deletions": 2
          },
          {
            "hash": "363d23dc35f7af9307ed7f13bbf8a44cb4789ced",
            "messageTitle": "Add static class labels to sequence diagrams",
            "messageBody": "",
            "insertions": 3,
            "deletions": 3
          }
        ]
      },
      {
        "insertions": 491,
        "deletions": 87,
        "date": "2019-11-11",
        "commitResults": [
          {
            "hash": "8c6cad1481616269d3d6dbd6d8075f08800cec87",
            "messageTitle": "Upload project portfolio page",
            "messageBody": "",
            "insertions": 463,
            "deletions": 60
          },
          {
            "hash": "04a2562a9da8f9ad09a9fad22c0f3728760428da",
            "messageTitle": "Make preview text area extendable",
            "messageBody": "",
            "insertions": 1,
            "deletions": 1
          },
          {
            "hash": "9e3232b39235c4c19f60a6d0852145a20fd9d4d0",
            "messageTitle": "Add reference links to the user guide",
            "messageBody": "",
            "insertions": 9,
            "deletions": 9
          },
          {
            "hash": "4e6f91a296fe5ecc3b493c38fb65c4a33e29ae24",
            "messageTitle": "Do minor adjustments",
            "messageBody": "",
            "insertions": 9,
            "deletions": 9
          },
          {
            "hash": "316fc14007ff743b324093358709694a17dc9843",
            "messageTitle": "Add use of \"we\" in developer guide",
            "messageBody": "",
            "insertions": 4,
            "deletions": 4
          },
          {
            "hash": "3766d2f2fea08c60016dade33d4ba4d4e6f5a6f2",
            "messageTitle": "Do final edit on UG",
            "messageBody": "",
            "insertions": 4,
            "deletions": 3
          },
          {
            "hash": "447bec53f53960fd09f1e415c90ee4283ba2504e",
            "messageTitle": "Change version number to v1.4",
            "messageBody": "",
            "insertions": 1,
            "deletions": 1
          }
        ]
      }
    ],
    "yhtingg": [
      {
        "insertions": 146,
        "deletions": 30,
        "date": "2019-10-03",
        "commitResults": [
          {
            "hash": "d4a155235d1697849cce4d19d6ddc3237753ab91",
            "messageTitle": "Update website heading and GitHub url",
            "messageBody": "",
            "insertions": 2,
            "deletions": 2
          },
          {
            "hash": "82214551c584a6b38d34dc5bce5f3c29422c1a09",
            "messageTitle": "Update non-functional requirements, reformat use cases in Developer Guide",
            "messageBody": "",
            "insertions": 144,
            "deletions": 28
          }
        ]
      },
      {
        "insertions": 1704,
        "deletions": 75,
        "date": "2019-10-17",
        "commitResults": [
          {
            "hash": "8caf10c65f05db995fbd74d1f2eb384ae6a3a5c0",
            "messageTitle": "Add support for Card model",
            "messageBody": "",
            "insertions": 670,
            "deletions": 8
          },
          {
            "hash": "eae5f1220c33097817f59a711c73ccd171bcc535",
            "messageTitle": "Add exceptions for Card model",
            "messageBody": "",
            "insertions": 69,
            "deletions": 0
          },
          {
            "hash": "3447b089b503ab3a26da9ab0f9a3337a0d7bfef6",
            "messageTitle": "Add commands for Card module",
            "messageBody": "",
            "insertions": 115,
            "deletions": 0
          },
          {
            "hash": "9366e40131819bb63b1e2f63d326c271b77a97af",
            "messageTitle": "Add respective parsers for Card module",
            "messageBody": "",
            "insertions": 184,
            "deletions": 0
          },
          {
            "hash": "eb48e21f5465423aa12da86d6b72f892f21767af",
            "messageTitle": "Refactor Logic to accommodate Card module",
            "messageBody": "",
            "insertions": 44,
            "deletions": 0
          },
          {
            "hash": "4c186c69ae8efdf0ba899860551d20c4998e2e19",
            "messageTitle": "Add storage support for Card module",
            "messageBody": "",
            "insertions": 331,
            "deletions": 2
          },
          {
            "hash": "4523b5f938a753e6f27f0af590f004b7d5a9a6c5",
            "messageTitle": "Add partial UI support for Card module",
            "messageBody": "",
            "insertions": 128,
            "deletions": 2
          },
          {
            "hash": "2d4b404b9d5e63318daa541edd77cc92440459e2",
            "messageTitle": "Modify tests to support Card module",
            "messageBody": "",
            "insertions": 103,
            "deletions": 25
          },
          {
            "hash": "9773fc511464f60cbde2ed4dda074e76e688aaad",
            "messageTitle": "Fix Travis after rebase",
            "messageBody": "",
            "insertions": 60,
            "deletions": 38
          }
        ]
      },
      {
        "insertions": 322,
        "deletions": 73,
        "date": "2019-10-22",
        "commitResults": [
          {
            "hash": "d6696ab0228823e20919798b4391fea8337bea67",
            "messageTitle": "Add ui for card module",
            "messageBody": "",
            "insertions": 43,
            "deletions": 0
          },
          {
            "hash": "4aeef830aee22743cafbb65feed0809ad3a0709f",
            "messageTitle": "Modify regex for cardnumber and cvc in card module",
            "messageBody": "",
            "insertions": 3,
            "deletions": 2
          },
          {
            "hash": "6467e420defcc769d5737d1567b534981f5078ae",
            "messageTitle": "Make CardNumber and Cvc not visible before ReadCardCommand",
            "messageBody": "",
            "insertions": 79,
            "deletions": 14
          },
          {
            "hash": "faa557266d0540af0d95c398b1dbad1491a4d656",
            "messageTitle": "Add ReadCardCommand for card module",
            "messageBody": "",
            "insertions": 91,
            "deletions": 3
          },
          {
            "hash": "4d501fdd59c1147dd6629c2ecbcea8fe276f2e49",
            "messageTitle": "Integrate ReadOnlyCardBook into code",
            "messageBody": "",
            "insertions": 96,
            "deletions": 44
          },
          {
            "hash": "0b2256912d85826e42af78d883d3e07b01472b41",
            "messageTitle": "Refactor code and modify javadocs",
            "messageBody": "",
            "insertions": 10,
            "deletions": 10
          }
        ]
      },
      {
        "insertions": 48,
        "deletions": 47,
        "date": "2019-10-23",
        "commitResults": [
          {
            "hash": "d35b92eb5cda993c40a4f89b06ab63c349ff8ea0",
            "messageTitle": "Modify UML diagrams to adapt to SecureIT",
            "messageBody": "",
            "insertions": 43,
            "deletions": 37
          },
          {
            "hash": "b76bdd7685bdec0648fdc55394e34165d65b69ee",
            "messageTitle": "Update Developer Guide to modify UML diagrams",
            "messageBody": "",
            "insertions": 3,
            "deletions": 8
          },
          {
            "hash": "3d9526ce5d0b394819eecf9b38f939fa6c074138",
            "messageTitle": "Modify tags to pass constraints",
            "messageBody": "",
            "insertions": 2,
            "deletions": 2
          }
        ]
      },
      {
        "insertions": 29,
        "deletions": 11,
        "date": "2019-10-24",
        "commitResults": [
          {
            "hash": "9b417df7a3b99c34fb64d9a55b81d2bd8fb369a0",
            "messageTitle": "Update QuickStart in UG",
            "messageBody": "",
            "insertions": 10,
            "deletions": 3
          },
          {
            "hash": "3b1261971558d7c6cafcdfa555fb35673455d282",
            "messageTitle": "Update Card command descriptions in UG",
            "messageBody": "",
            "insertions": 17,
            "deletions": 6
          },
          {
            "hash": "bccf98a842c5d93a34e4220c58d1f212230f5bd0",
            "messageTitle": "Update DG name and time period",
            "messageBody": "",
            "insertions": 2,
            "deletions": 2
          }
        ]
      },
      {
        "insertions": 419,
        "deletions": 24,
        "date": "2019-10-29",
        "commitResults": [
          {
            "hash": "7480222cc74baf61d72c1d6dbba448268977991f",
            "messageTitle": "Add Expiry Date to card module",
            "messageBody": "",
            "insertions": 122,
            "deletions": 14
          },
          {
            "hash": "889712d150380ece9b964a30605747f84793a595",
            "messageTitle": "Fix ui errors",
            "messageBody": "",
            "insertions": 1,
            "deletions": 0
          },
          {
            "hash": "187282d94e8f4ccdfe29ad21dbcdd8f4a1c786c5",
            "messageTitle": "Add expiry notification for expiring cards",
            "messageBody": "",
            "insertions": 296,
            "deletions": 10
          }
        ]
      },
      {
        "insertions": 387,
        "deletions": 114,
        "date": "2019-10-30",
        "commitResults": [
          {
            "hash": "3807e912155141e48ac0c8650e3aa8441412e664",
            "messageTitle": "Modify ReadCard related files to authenticate with cvc",
            "messageBody": "Modify ReadCard UI\n\nModify ReadCard UI\n",
            "insertions": 218,
            "deletions": 24
          },
          {
            "hash": "3d7ad75c0c6dc7e5924b826ae8c5b73883e12f42",
            "messageTitle": "Add support for auto-reformatting of card number",
            "messageBody": "",
            "insertions": 23,
            "deletions": 3
          },
          {
            "hash": "71006a24b94734682347f22f13814532dc1d07dd",
            "messageTitle": "Modify expiry notification message",
            "messageBody": "",
            "insertions": 2,
            "deletions": 1
          },
          {
            "hash": "cb33c85d80c6f6c412d0d4add2add6c179b2fc38",
            "messageTitle": "Add validation for VISA and MasterCard card numbers",
            "messageBody": "",
            "insertions": 10,
            "deletions": 11
          },
          {
            "hash": "33eee2f671ec63d2733b9e2fd34512437671b12d",
            "messageTitle": "Modify notification message and add missing JavaDocs",
            "messageBody": "",
            "insertions": 9,
            "deletions": 6
          },
          {
            "hash": "bb4d3e79ca248425b60a58e93b2aa26fbfa27456",
            "messageTitle": "Refactor CommandResult constructors",
            "messageBody": "",
            "insertions": 123,
            "deletions": 67
          },
          {
            "hash": "ae00b2ffdd5772860adf7393df138c2e6d190c2a",
            "messageTitle": "Modify ReadCardCommand message",
            "messageBody": "",
            "insertions": 2,
            "deletions": 2
          }
        ]
      },
      {
        "insertions": 279,
        "deletions": 242,
        "date": "2019-10-31",
        "commitResults": [
          {
            "hash": "377fd762fd8039d8b05bdbdd30b3c8fa9d60dda3",
            "messageTitle": "Modify expiry notification to not show expired cards",
            "messageBody": "",
            "insertions": 1,
            "deletions": 1
          },
          {
            "hash": "59d5eccc132594dcc8d17d479f55c8ab09a77574",
            "messageTitle": "Add validations to check for same card",
            "messageBody": "",
            "insertions": 38,
            "deletions": 8
          },
          {
            "hash": "86eca82b7e114201c6a8d9ea7bd5936a82277c3b",
            "messageTitle": "Add abstract method hasCardDescription to ModelStub",
            "messageBody": "",
            "insertions": 5,
            "deletions": 0
          },
          {
            "hash": "4a16666745888260e5d8834d6b5c0bb5a640e56e",
            "messageTitle": "Modify exception messages",
            "messageBody": "",
            "insertions": 6,
            "deletions": 4
          },
          {
            "hash": "e844210d20acd382627df263b114757c500d3406",
            "messageTitle": "Change default view to password",
            "messageBody": "",
            "insertions": 1,
            "deletions": 1
          },
          {
            "hash": "875cac61169b9f8c8980882e9c9ea8d01ebc004b",
            "messageTitle": "Temporary comment out LogicManagerTest to pass build",
            "messageBody": "",
            "insertions": 228,
            "deletions": 228
          }
        ]
      },
      {
        "insertions": 53,
        "deletions": 11,
        "date": "2019-11-01",
        "commitResults": [
          {
            "hash": "91684206365cb5e32104d3e8d5bd064888010f8d",
            "messageTitle": "Change card command formatting",
            "messageBody": "",
            "insertions": 5,
            "deletions": 5
          },
          {
            "hash": "298c6160015565f187768e4bde3447011fbf4821",
            "messageTitle": "Disallow adding of expired cards",
            "messageBody": "",
            "insertions": 33,
            "deletions": 6
          },
          {
            "hash": "b6853ff392163502361dbeff657adbc8dd448ff2",
            "messageTitle": "Fix duplicate prefix field bug for card",
            "messageBody": "",
            "insertions": 14,
            "deletions": 0
          },
          {
            "hash": "4d10be4a862bf532fe585115532bce5b3dd12a0b",
            "messageTitle": "Suppress unchecked warnings for fillReadParts",
            "messageBody": "",
            "insertions": 1,
            "deletions": 0
          }
        ]
      },
      {
        "insertions": 104,
        "deletions": 33,
        "date": "2019-11-06",
        "commitResults": [
          {
            "hash": "9c47ec9721bbc7413ab888bfdb288e837a867551",
            "messageTitle": "Change tag example for AddCardCommand",
            "messageBody": "",
            "insertions": 1,
            "deletions": 1
          },
          {
            "hash": "9703f2bd018c460dd3aeee5dd2c8e7c7ecfcef30",
            "messageTitle": "Add support to delete cards by index",
            "messageBody": "",
            "insertions": 36,
            "deletions": 9
          },
          {
            "hash": "cab7bba1f1d8baba9f40bef834442362c2859d6c",
            "messageTitle": "Modify DeleteCardCommand message",
            "messageBody": "",
            "insertions": 5,
            "deletions": 2
          },
          {
            "hash": "2b9de3c4e11fc640032280126343399ba5c67159",
            "messageTitle": "Modify Card Description regex and message",
            "messageBody": "",
            "insertions": 2,
            "deletions": 2
          },
          {
            "hash": "803182bc7b195dfe9758b252b8e77041b48e9ef2",
            "messageTitle": "Add support for ReadCardCommand to read by index",
            "messageBody": "",
            "insertions": 51,
            "deletions": 14
          },
          {
            "hash": "9b8d67d44c51c5628482c5e1cac5d55b1f85841e",
            "messageTitle": "Fix lint errors",
            "messageBody": "",
            "insertions": 5,
            "deletions": 3
          },
          {
            "hash": "9efe911762e562778e8c960bc4096ea6268c6ea3",
            "messageTitle": "Modify card description error message",
            "messageBody": "",
            "insertions": 2,
            "deletions": 1
          },
          {
            "hash": "c2a085636e1f91fbe5f5e0a1240a8182d7052d15",
            "messageTitle": "Update ReadCardCommand equals method",
            "messageBody": "",
            "insertions": 2,
            "deletions": 1
          }
        ]
      },
      {
        "insertions": 1,
        "deletions": 1,
        "date": "2019-11-08",
        "commitResults": [
          {
            "hash": "5f9663e912caed94d4e4c8e0cd20d8bbbe013823",
            "messageTitle": "Change card sample data to temporarily fix bug",
            "messageBody": "",
            "insertions": 1,
            "deletions": 1
          }
        ]
      },
      {
        "insertions": 355,
        "deletions": 51,
        "date": "2019-11-09",
        "commitResults": [
          {
            "hash": "a295a435d10077bc1a9637d7b680423d4995924d",
            "messageTitle": "Fix bug to allow expired cards to reside in CardBook",
            "messageBody": "",
            "insertions": 2,
            "deletions": 2
          },
          {
            "hash": "b09125f98d0b1722a0cd28135972ffb37cdd18bd",
            "messageTitle": "Improve exception catching for ReadCardCommand",
            "messageBody": "",
            "insertions": 16,
            "deletions": 12
          },
          {
            "hash": "364d60a8d8bb369baa69026ea20a763208d6a7f1",
            "messageTitle": "Improve formatting of ReadCardCommand message usage",
            "messageBody": "",
            "insertions": 1,
            "deletions": 1
          },
          {
            "hash": "62d8ba1649cfbf022044ecd8846798faabe3f95b",
            "messageTitle": "Edit Tag message constraints",
            "messageBody": "",
            "insertions": 1,
            "deletions": 1
          },
          {
            "hash": "9fe94b37b35889256ac02b598b10bbb282d41df4",
            "messageTitle": "Add support for copying card numbers to clipboard",
            "messageBody": "",
            "insertions": 168,
            "deletions": 0
          },
          {
            "hash": "7a6fd9abc7e432b3e020788f929f9c0f4764ad2f",
            "messageTitle": "Add UI warnings for expiring and expired cards",
            "messageBody": "",
            "insertions": 63,
            "deletions": 18
          },
          {
            "hash": "07f5bf1c9004e1fd87c4f17b52b2166d3b0da281",
            "messageTitle": "Fix lint errors and add respective Javadocs",
            "messageBody": "",
            "insertions": 19,
            "deletions": 8
          },
          {
            "hash": "700d9b5548b09bdda1c6f67271f09ee8e06da8ea",
            "messageTitle": "Limit number of tags to 5 for Cards",
            "messageBody": "",
            "insertions": 4,
            "deletions": 6
          },
          {
            "hash": "0a004a1605234f1b598dc55479fc329e3a22e496",
            "messageTitle": "Remove redundant import",
            "messageBody": "",
            "insertions": 0,
            "deletions": 1
          },
          {
            "hash": "33a0e611e20997f1c32b72bd0e4f94c45f814a73",
            "messageTitle": "Update card commands in UG",
            "messageBody": "",
            "insertions": 81,
            "deletions": 2
          }
        ]
      },
      {
        "insertions": 633,
        "deletions": 101,
        "date": "2019-11-11",
        "commitResults": [
          {
            "hash": "6e20da4fa2ee765ee4f2ddd48788d2cc87f1c393",
            "messageTitle": "Edit UG and partial DG for PPP",
            "messageBody": "",
            "insertions": 80,
            "deletions": 2
          },
          {
            "hash": "f1e22dc55c3f2a9a707deb4e09ee23a7bb27b6f9",
            "messageTitle": "Add UML diagram and Design Considerations for cards",
            "messageBody": "",
            "insertions": 87,
            "deletions": 33
          },
          {
            "hash": "d1518cd574023b5f9e53443166a57e2614851a32",
            "messageTitle": "Add in app screenshots and modify class diagram",
            "messageBody": "",
            "insertions": 2,
            "deletions": 0
          },
          {
            "hash": "b96f1ee67cd179ead275a962086935fc089b7684",
            "messageTitle": "Complete DG for cards",
            "messageBody": "",
            "insertions": 26,
            "deletions": 3
          },
          {
            "hash": "10b1aaa5e2e27459c4d34d8f3a83c18219e03bb3",
            "messageTitle": "Complete PPP",
            "messageBody": "",
            "insertions": 218,
            "deletions": 0
          },
          {
            "hash": "79dfaa1d4f346b126aaa66885a6833f865bf9663",
            "messageTitle": "Final tweaks to PPP",
            "messageBody": "",
            "insertions": 25,
            "deletions": 49
          },
          {
            "hash": "811ecaff72fc75601285ef9e03f5de962a8bf1bf",
            "messageTitle": "Add tests for cards",
            "messageBody": "",
            "insertions": 195,
            "deletions": 0
          },
          {
            "hash": "b05e48de846e427d5934dd3639ebd7fdb602277a",
            "messageTitle": "Add tests for cards",
            "messageBody": "",
            "insertions": 0,
            "deletions": 14
          }
        ]
      }
    ],
    "jityong": [
      {
        "insertions": 40,
        "deletions": 41,
        "date": "2019-10-03",
        "commitResults": [
          {
            "hash": "3a80b0391b882315dbf2df29d4f73c2746f0c1ae",
            "messageTitle": "updated AboutUs.doc",
            "messageBody": "",
            "insertions": 23,
            "deletions": 22
          },
          {
            "hash": "2e97e22f3c6d502ae288050023df1d9a28b7e989",
            "messageTitle": "updated ContactUs page",
            "messageBody": "",
            "insertions": 2,
            "deletions": 2
          },
          {
            "hash": "1bd58d929cc3e59b24401f2357c6e7dfc3ed32ad",
            "messageTitle": "updated AboutUs page",
            "messageBody": "",
            "insertions": 5,
            "deletions": 5
          },
          {
            "hash": "04b2ee4886160c5c39ebddf72d5dc404ae5c3cc6",
            "messageTitle": "updated AboutUs page",
            "messageBody": "",
            "insertions": 1,
            "deletions": 1
          },
          {
            "hash": "0fc9a309473393a92e97b7b2af151c86a4801fc8",
            "messageTitle": "updated AboutUs page",
            "messageBody": "",
            "insertions": 1,
            "deletions": 1
          },
          {
            "hash": "ff031b48764b1fe0089ee9084c5b7bfe718e5691",
            "messageTitle": "update ContactUs page",
            "messageBody": "",
            "insertions": 1,
            "deletions": 1
          },
          {
            "hash": "e51509e23e9e656fd4d90b8bf3cd56039c8bb5b7",
            "messageTitle": "updated AboutUs",
            "messageBody": "",
            "insertions": 0,
            "deletions": 2
          },
          {
            "hash": "428530820f54971d514c7b8a9172f896a0c8e827",
            "messageTitle": "updated AboutUs",
            "messageBody": "",
            "insertions": 5,
            "deletions": 5
          },
          {
            "hash": "e483fb1e6785688b9ab07af3df195344abc3e5ca",
            "messageTitle": "updated AboutUs",
            "messageBody": "",
            "insertions": 2,
            "deletions": 2
          }
        ]
      },
      {
        "insertions": 5,
        "deletions": 5,
        "date": "2019-10-04",
        "commitResults": [
          {
            "hash": "78628112bec26812c49f140e77b8da5661447bcc",
            "messageTitle": "updated image file extension",
            "messageBody": "",
            "insertions": 5,
            "deletions": 5
          }
        ]
      },
      {
        "insertions": 55,
        "deletions": 8,
        "date": "2019-10-10",
        "commitResults": [
          {
            "hash": "d25f725f52ab01827ee1ec72017d87bdde461c1f",
            "messageTitle": "WIP: Add support for encrypting json files",
            "messageBody": "",
            "insertions": 55,
            "deletions": 8
          }
        ]
      },
      {
        "insertions": 3282,
        "deletions": 771,
        "date": "2019-10-17",
        "commitResults": [
          {
            "hash": "4a0978889f1e56681a87f803cae7de9fc2f0fe4c",
            "messageTitle": "creation of notes model and commands, wip: UI for notes",
            "messageBody": "",
            "insertions": 1662,
            "deletions": 70
          },
          {
            "hash": "0293a7430b7ab1bb01436fff7819f70036f2411e",
            "messageTitle": "finished up on UI and implemented DeleteNoteCommand",
            "messageBody": "",
            "insertions": 336,
            "deletions": 41
          },
          {
            "hash": "0185f2718de769b02788584c2284d84aa4c8d286",
            "messageTitle": "implemented reading and updating of notes with additional ui",
            "messageBody": "",
            "insertions": 645,
            "deletions": 29
          },
          {
            "hash": "02043a4b0d41696e3daed055b882ec7323eed3eb",
            "messageTitle": "fixed up some notes test stubs",
            "messageBody": "",
            "insertions": 622,
            "deletions": 333
          },
          {
            "hash": "a7b8fe792f26b929bc7e0ca8bdcd9ff1354c463c",
            "messageTitle": "fixed travis ci issues",
            "messageBody": "",
            "insertions": 0,
            "deletions": 293
          },
          {
            "hash": "d1f5802b0b26ddfe18bba139a24f2658dea8dd67",
            "messageTitle": "added goto,exit and help into CardBookParser",
            "messageBody": "",
            "insertions": 17,
            "deletions": 5
          }
        ]
      },
      {
        "insertions": 238,
        "deletions": 271,
        "date": "2019-10-24",
        "commitResults": [
          {
            "hash": "5aab129c7b41f126e8a893b5d264451a9a8e72ef",
            "messageTitle": "updated DG and UG",
            "messageBody": "",
            "insertions": 165,
            "deletions": 226
          },
          {
            "hash": "d877a4aa103a4770e82cc17cb13ce5b3f7f6d7f7",
            "messageTitle": "updated userguide",
            "messageBody": "",
            "insertions": 73,
            "deletions": 45
          }
        ]
      },
      {
        "insertions": 193,
        "deletions": 215,
        "date": "2019-10-26",
        "commitResults": [
          {
            "hash": "b64d15d4ba7c0c2d3e42eaa7eef8e9f3e6bbc67a",
            "messageTitle": "(wip)adding feature to edit split plane",
            "messageBody": "",
            "insertions": 193,
            "deletions": 215
          }
        ]
      },
      {
        "insertions": 10,
        "deletions": 8,
        "date": "2019-10-27",
        "commitResults": [
          {
            "hash": "fd3c452c3560b39b54f834eddd51d61898ce9f8c",
            "messageTitle": "some changes made to notes model",
            "messageBody": "",
            "insertions": 10,
            "deletions": 8
          }
        ]
      },
      {
        "insertions": 104,
        "deletions": 73,
        "date": "2019-10-29",
        "commitResults": [
          {
            "hash": "f9b3a19874584d637914bf6fb7a9d4da57126039",
            "messageTitle": "finished up on note UI display and fixed regex problem to allow newline for content",
            "messageBody": "",
            "insertions": 76,
            "deletions": 37
          },
          {
            "hash": "52b1b916c0c35e506398be33461f92527f6ac2b0",
            "messageTitle": "(wip): fixing travis build issue",
            "messageBody": "",
            "insertions": 28,
            "deletions": 36
          }
        ]
      },
      {
        "insertions": 1203,
        "deletions": 435,
        "date": "2019-10-30",
        "commitResults": [
          {
            "hash": "4e3066e433806aa7276fea17291488a10d9ee698",
            "messageTitle": "added find note feature to note - does not require full word match",
            "messageBody": "",
            "insertions": 168,
            "deletions": 11
          },
          {
            "hash": "1384649813c5cbc53d532fe6c19026b8809993e8",
            "messageTitle": "added numOfAccess, dateAdded, dateModified attribute to Notes model. Added SortNoteCommand and SortNoteCommandParser to sort notes by its number of access, date added or date last modified",
            "messageBody": "",
            "insertions": 579,
            "deletions": 0
          },
          {
            "hash": "05795b7e67c635f66274c68e8c30558e2224e977",
            "messageTitle": "added numOfAccess, dateAdded, dateModified attribute to Notes model. Added SortNoteCommand and SortNoteCommandParser to sort notes by its number of access, date added or date last modified",
            "messageBody": "",
            "insertions": 436,
            "deletions": 404
          },
          {
            "hash": "5374b5160475583891c054b78596801a63918cf1",
            "messageTitle": "rebased with master",
            "messageBody": "",
            "insertions": 20,
            "deletions": 20
          }
        ]
      },
      {
        "insertions": 526,
        "deletions": 197,
        "date": "2019-10-31",
        "commitResults": [
          {
            "hash": "d96bf839001de2e5613052ad15fb9e7d76fbfc26",
            "messageTitle": "updated UG of note",
            "messageBody": "",
            "insertions": 24,
            "deletions": 11
          },
          {
            "hash": "682f2d671faf47e85d80b4257df0dfef31cc1b82",
            "messageTitle": "added undo and redo feature for notes",
            "messageBody": "",
            "insertions": 297,
            "deletions": 72
          },
          {
            "hash": "7cbca9f613f3cf9c5b4c83692ca31c903e5ecb61",
            "messageTitle": "updated cheatsheet commands and sort note in ug",
            "messageBody": "",
            "insertions": 16,
            "deletions": 16
          },
          {
            "hash": "40875d18aab9ce0e7b167035aa4a9eafcd579d10",
            "messageTitle": "fixed bug on case sensitive issue regarding notes sort command",
            "messageBody": "",
            "insertions": 5,
            "deletions": 5
          },
          {
            "hash": "510e4156f9fab3cef3be8337a4e19a0bf195b5f4",
            "messageTitle": "allows find notes results to be sorted",
            "messageBody": "",
            "insertions": 28,
            "deletions": 6
          },
          {
            "hash": "de6c6af03af304a20586e2049f6d624ebce8e0be",
            "messageTitle": "changed prefix of sort from sb/ to by/",
            "messageBody": "",
            "insertions": 1,
            "deletions": 2
          },
          {
            "hash": "7316f572d81b1c81b99d0480ca85214beb623651",
            "messageTitle": "fixed travis build issues",
            "messageBody": "",
            "insertions": 11,
            "deletions": 6
          },
          {
            "hash": "5ebe63c8906b6d1840dbd00a0b4b38a1a0211882",
            "messageTitle": "updated notes ui to fix overlapping content in notelistcard",
            "messageBody": "",
            "insertions": 11,
            "deletions": 11
          },
          {
            "hash": "a2b56ffad3d4e617fb77a6ed49fefaa38d665e48",
            "messageTitle": "fixed bugs on sort and edit issue",
            "messageBody": "",
            "insertions": 66,
            "deletions": 43
          },
          {
            "hash": "880be06c020ff113e1ae9c54455fdc5450b74711",
            "messageTitle": "updated some notes commands",
            "messageBody": "",
            "insertions": 13,
            "deletions": 8
          },
          {
            "hash": "05b487ef2eb0145dde1b79bccbb08bbeff331d24",
            "messageTitle": "added tip and warning logo to notes section of ug",
            "messageBody": "",
            "insertions": 54,
            "deletions": 17
          }
        ]
      },
      {
        "insertions": 10,
        "deletions": 9,
        "date": "2019-11-01",
        "commitResults": [
          {
            "hash": "73f9069868cb85833463fa327b934b85f3caf2d8",
            "messageTitle": "updated notes ug",
            "messageBody": "",
            "insertions": 10,
            "deletions": 9
          }
        ]
      },
      {
        "insertions": 269,
        "deletions": 77,
        "date": "2019-11-06",
        "commitResults": [
          {
            "hash": "f660545a0f6301ab5c0a78fbbdfaecedc99da7ba",
            "messageTitle": "improved implementation of undo-redo command and also informs the user which command is being undone/redone",
            "messageBody": "",
            "insertions": 269,
            "deletions": 77
          }
        ]
      },
      {
        "insertions": 391,
        "deletions": 178,
        "date": "2019-11-07",
        "commitResults": [
          {
            "hash": "e655a20f14f9c9fed15f999c6786c62959e6d855",
            "messageTitle": "wip: updated dg for notes",
            "messageBody": "",
            "insertions": 181,
            "deletions": 0
          },
          {
            "hash": "27cb4beebece7f826b8cb0937aa0eba2b6584da1",
            "messageTitle": "wip: updated dg for notes",
            "messageBody": "",
            "insertions": 18,
            "deletions": 32
          },
          {
            "hash": "2a1abda341a6cb76eab920be24a15e9f6d72ab53",
            "messageTitle": "handle duplicated prefixes in the commands",
            "messageBody": "",
            "insertions": 64,
            "deletions": 19
          },
          {
            "hash": "69effa630234feecd7a010b1fe4a0e93b19b906a",
            "messageTitle": "commented out some testcases for parsing temp",
            "messageBody": "",
            "insertions": 128,
            "deletions": 127
          }
        ]
      },
      {
        "insertions": 372,
        "deletions": 175,
        "date": "2019-11-08",
        "commitResults": [
          {
            "hash": "9e211972971813b82c998ab05690791333fc5992",
            "messageTitle": "fixed test cases for handling duplicate prefixes in a command",
            "messageBody": "",
            "insertions": 98,
            "deletions": 91
          },
          {
            "hash": "eae3b5b12eae7108499de45e9805f94757e33df3",
            "messageTitle": "updated notes sorting to allow multiple sorting fields",
            "messageBody": "",
            "insertions": 173,
            "deletions": 40
          },
          {
            "hash": "a37b39c495eec8b96b59cf3b1162818b0269d83d",
            "messageTitle": "updated notes ug on adding and sorting commands",
            "messageBody": "",
            "insertions": 21,
            "deletions": 8
          },
          {
            "hash": "6e20af59517660d163a1c6cc718d548028c7e573",
            "messageTitle": "changed error thrown by duplicated prefixes and updated it test cases",
            "messageBody": "",
            "insertions": 15,
            "deletions": 9
          },
          {
            "hash": "75f418024202f6aedf2e6a79429f7e599e451b24",
            "messageTitle": "fixed travis test cases",
            "messageBody": "",
            "insertions": 5,
            "deletions": 5
          },
          {
            "hash": "5eda9818e2500fca874011a8faf128f36c55d405",
            "messageTitle": "merged with update-note-undo-redo branch",
            "messageBody": "",
            "insertions": 10,
            "deletions": 14
          },
          {
            "hash": "14dac5949d512521095d218ff4b40f535b55c848",
            "messageTitle": "fixed output from sort command",
            "messageBody": "",
            "insertions": 2,
            "deletions": 1
          },
          {
            "hash": "9c5d8073fa4198ef7373c950dafdfbad613f6c01",
            "messageTitle": "handled duplicate conditions in sort",
            "messageBody": "",
            "insertions": 3,
            "deletions": 2
          },
          {
            "hash": "0b446c055999f9baded62d7794a92408299ad249",
            "messageTitle": "made open note a undoable command as it changes an attribute of the note",
            "messageBody": "",
            "insertions": 45,
            "deletions": 5
          }
        ]
      },
      {
        "insertions": 302,
        "deletions": 41,
        "date": "2019-11-09",
        "commitResults": [
          {
            "hash": "d1941e9929ec52ce645969a2c83eb1b6808d1b67",
            "messageTitle": "fixed duplicate title name for notes. does not allow same titles for different names [case-insensitive]",
            "messageBody": "",
            "insertions": 1,
            "deletions": 1
          },
          {
            "hash": "7a3b4c1ba62c292e34236208e2a20972b2d2cc58",
            "messageTitle": "updated notes DG with undo/redo (wip)",
            "messageBody": "",
            "insertions": 165,
            "deletions": 8
          },
          {
            "hash": "451fe3f7127f002acf08b963bec429d056c1bbf9",
            "messageTitle": "refactored undo/redo code in notes",
            "messageBody": "",
            "insertions": 45,
            "deletions": 17
          },
          {
            "hash": "26b1ecd0278fe373fbba7e89a4152327cda9fc26",
            "messageTitle": "updated notes undo/redo feature for DG",
            "messageBody": "",
            "insertions": 24,
            "deletions": 0
          },
          {
            "hash": "cc97ea811864fcaae721d2a07e303b23533d4840",
            "messageTitle": "wip: adding sort notes DG",
            "messageBody": "",
            "insertions": 5,
            "deletions": 2
          },
          {
            "hash": "c384699a9f0685cdd60ace69a4c296fb77c84ecf",
            "messageTitle": "updated sort notes DG wip",
            "messageBody": "",
            "insertions": 62,
            "deletions": 13
          }
        ]
      },
      {
        "insertions": 657,
        "deletions": 176,
        "date": "2019-11-10",
        "commitResults": [
          {
            "hash": "1ea3e296c1501707ee52717bf4d4b5c1be6ef385",
            "messageTitle": "refactored note model to remove sortByCond class",
            "messageBody": "",
            "insertions": 657,
            "deletions": 176
          }
        ]
      },
      {
        "insertions": 2093,
        "deletions": 745,
        "date": "2019-11-11",
        "commitResults": [
          {
            "hash": "a26e4cfab499b7c0189bc4dbebc128fb2393a443",
            "messageTitle": "added test cases for notes commands and model",
            "messageBody": "",
            "insertions": 1436,
            "deletions": 279
          },
          {
            "hash": "2a29db79c682f490fc3123d34a72224afcbe9c86",
            "messageTitle": "update notes DG",
            "messageBody": "",
            "insertions": 81,
            "deletions": 37
          },
          {
            "hash": "c52d3f08e4a7931bf6487928dee30bae9e683385",
            "messageTitle": "updated changes and images to notes ug",
            "messageBody": "",
            "insertions": 79,
            "deletions": 39
          },
          {
            "hash": "9ef889cb89688279f9cb5419a94373389829173d",
            "messageTitle": "updated notes UG and DG and created PPP pdf",
            "messageBody": "",
            "insertions": 99,
            "deletions": 0
          },
          {
            "hash": "59e30d52ddaed32d1d9f2c9604949ead84e149ba",
            "messageTitle": "updated notes UG and DG and created PPP pdf",
            "messageBody": "",
            "insertions": 215,
            "deletions": 114
          },
          {
            "hash": "60b4fddc3fa3e575ef08b00658a9f17fd902172f",
            "messageTitle": "updated notes test",
            "messageBody": "",
            "insertions": 37,
            "deletions": 137
          },
          {
            "hash": "f6c274d2aa382d5a1996756c387326f5cc66881b",
            "messageTitle": "final changes to PPP",
            "messageBody": "",
            "insertions": 61,
            "deletions": 60
          },
          {
            "hash": "a715487b40650a790e4f1120136f008e6ad7ed27",
            "messageTitle": "final changes to UG notes",
            "messageBody": "",
            "insertions": 43,
            "deletions": 27
          },
          {
            "hash": "6f06648d77004fb7ae0cb1e875d85f3ed2b703aa",
            "messageTitle": "final changes to UG",
            "messageBody": "",
            "insertions": 26,
            "deletions": 33
          },
          {
            "hash": "625a937e541036178871bbe6c62d002555f9874c",
            "messageTitle": "resolved conflicts",
            "messageBody": "",
            "insertions": 0,
            "deletions": 4
          },
          {
            "hash": "ed66aa781aaec4622186b2fc7e1bed0fc5afcfea",
            "messageTitle": "fix travis",
            "messageBody": "",
            "insertions": 1,
            "deletions": 1
          },
          {
            "hash": "250945890d6756e452b366e28fad240ac7e6406f",
            "messageTitle": "manually undo some conflicts",
            "messageBody": "",
            "insertions": 15,
            "deletions": 14
          }
        ]
      },
      {
        "insertions": 0,
        "deletions": 0,
        "date": "2019-11-12",
        "commitResults": [
          {
            "hash": "e90066a1689f1c620305b44125506517495e4094",
            "messageTitle": "Rename leowjityong.adoc to jityong.adoc",
            "messageBody": "",
            "insertions": 0,
            "deletions": 0
          }
        ]
      }
    ],
    "eejian97": [
      {
        "insertions": 45,
        "deletions": 10,
        "date": "2019-10-04",
        "commitResults": [
          {
            "hash": "57cd7d10be8007b806534d45f4f7d2cb82305b72",
            "messageTitle": "updated User Story in DG",
            "messageBody": "",
            "insertions": 45,
            "deletions": 10
          }
        ]
      },
      {
        "insertions": 4,
        "deletions": 0,
        "date": "2019-10-17",
        "commitResults": [
          {
            "hash": "5421ddece386fde640dd9d337776cb5964e8b228",
            "messageTitle": "added in javadoc",
            "messageBody": "",
            "insertions": 4,
            "deletions": 0
          }
        ]
      },
      {
        "insertions": 1627,
        "deletions": 12,
        "date": "2019-10-18",
        "commitResults": [
          {
            "hash": "05dae19fc48ac581ccbd18062f22235f7d6f553f",
            "messageTitle": "added generate password functionality",
            "messageBody": "",
            "insertions": 257,
            "deletions": 0
          },
          {
            "hash": "20720e9babd3be6a7790a900389550757f831800",
            "messageTitle": "added analyse password functionality",
            "messageBody": "",
            "insertions": 1369,
            "deletions": 11
          },
          {
            "hash": "5a084bcc55846c04b232a164e7f77f3daf5c2c4d",
            "messageTitle": "minor changes",
            "messageBody": "",
            "insertions": 1,
            "deletions": 1
          }
        ]
      },
      {
        "insertions": 162,
        "deletions": 99,
        "date": "2019-10-23",
        "commitResults": [
          {
            "hash": "2072426a786c599ce8ae51352b96323deb02562c",
            "messageTitle": "minor refactoring, updated Implementation section in DG",
            "messageBody": "",
            "insertions": 152,
            "deletions": 94
          },
          {
            "hash": "4d16bb39392f0d6cf78c3603455db499ab86b6bb",
            "messageTitle": "updated user guide",
            "messageBody": "",
            "insertions": 9,
            "deletions": 4
          },
          {
            "hash": "eb131c6022bf1d5b64474b958f5a7c688d300e71",
            "messageTitle": "minor bug",
            "messageBody": "",
            "insertions": 1,
            "deletions": 1
          }
        ]
      },
      {
        "insertions": 20,
        "deletions": 3,
        "date": "2019-10-24",
        "commitResults": [
          {
            "hash": "9c628ec1465c7427c720a998007c0569c25c71ed",
            "messageTitle": "updated introduction for ug",
            "messageBody": "",
            "insertions": 20,
            "deletions": 3
          }
        ]
      },
      {
        "insertions": 28,
        "deletions": 11,
        "date": "2019-10-25",
        "commitResults": [
          {
            "hash": "14b17f688b52d89abfc6e75aeb0518e25144c607",
            "messageTitle": "updated ug for password section",
            "messageBody": "",
            "insertions": 28,
            "deletions": 11
          }
        ]
      },
      {
        "insertions": 502,
        "deletions": 424,
        "date": "2019-10-27",
        "commitResults": [
          {
            "hash": "c6deeaa4789273c7a3faf390a9032a596ebeefba",
            "messageTitle": "refactor generate password. added exception handling",
            "messageBody": "",
            "insertions": 427,
            "deletions": 146
          },
          {
            "hash": "862fb552dab9a7cff063b27598656d6b45e7f90d",
            "messageTitle": "changed module name",
            "messageBody": "",
            "insertions": 0,
            "deletions": 226
          },
          {
            "hash": "7e4ce979ec00fd92a498c424503ba4b6632c8276",
            "messageTitle": "minor refactor, added javadoc",
            "messageBody": "",
            "insertions": 54,
            "deletions": 35
          },
          {
            "hash": "ea189b46d80ff3471a9428bb38c14c3b9025d947",
            "messageTitle": "minor refactoring for analyse-password",
            "messageBody": "",
            "insertions": 21,
            "deletions": 17
          }
        ]
      },
      {
        "insertions": 676,
        "deletions": 92,
        "date": "2019-10-28",
        "commitResults": [
          {
            "hash": "f52fa4b550abe90618643e0cd6c61e83e7176d3d",
            "messageTitle": "wip : addded in unit tests for analyser components, minor refactoring",
            "messageBody": "",
            "insertions": 365,
            "deletions": 82
          },
          {
            "hash": "c05de8005a3edfdb76a81982239a303ac6bcc374",
            "messageTitle": "(wip) added unit testing for analyse components",
            "messageBody": "",
            "insertions": 81,
            "deletions": 1
          },
          {
            "hash": "0349aea6c9133bbf4407a55564b6eb3df5bf593e",
            "messageTitle": "(wip) added in unit testing for analysers, fixed minor bugs",
            "messageBody": "",
            "insertions": 230,
            "deletions": 9
          }
        ]
      },
      {
        "insertions": 262,
        "deletions": 15,
        "date": "2019-10-29",
        "commitResults": [
          {
            "hash": "1f49fc2dc4a23982b691749df3f787e927082c1a",
            "messageTitle": "wip : added test cases for analyser classes",
            "messageBody": "",
            "insertions": 262,
            "deletions": 15
          }
        ]
      },
      {
        "insertions": 397,
        "deletions": 382,
        "date": "2019-10-30",
        "commitResults": [
          {
            "hash": "78b1476c2c51d0b7b256c5a4dfd2f1136ca6d40f",
            "messageTitle": "added test cases for analyser components",
            "messageBody": "",
            "insertions": 156,
            "deletions": 132
          },
          {
            "hash": "3a874880099a2c33f23200b7a5e990e613d5ec9f",
            "messageTitle": "refactored code, added in analyisReport class, minor changes to UI",
            "messageBody": "",
            "insertions": 231,
            "deletions": 246
          },
          {
            "hash": "94f9956d4745f2b157d6e80d2f00ad8e695333b1",
            "messageTitle": "fixed minor bug",
            "messageBody": "",
            "insertions": 10,
            "deletions": 4
          }
        ]
      },
      {
        "insertions": 186,
        "deletions": 96,
        "date": "2019-10-31",
        "commitResults": [
          {
            "hash": "0d7ce6e835b3c4bcfe1c0c8e932d911cc920b33c",
            "messageTitle": "updated analyse password implementation in ug",
            "messageBody": "",
            "insertions": 127,
            "deletions": 60
          },
          {
            "hash": "db60d7a4bad228b27dc0b0b33b305ad71321d118",
            "messageTitle": "fixed minor bug",
            "messageBody": "",
            "insertions": 1,
            "deletions": 1
          },
          {
            "hash": "94b6450a67622b59fb072b82e7e459b677ae57a4",
            "messageTitle": "updated ug for password analyse and password generation",
            "messageBody": "",
            "insertions": 26,
            "deletions": 12
          },
          {
            "hash": "cced478303ef1cc13c094873ba2fa70ef35febcb",
            "messageTitle": "remove unneeded link",
            "messageBody": "",
            "insertions": 0,
            "deletions": 3
          },
          {
            "hash": "bf2bb30900ef87f8f92a746bc2ddfb8565779c10",
            "messageTitle": "edit userguide for analyse pasword",
            "messageBody": "",
            "insertions": 4,
            "deletions": 0
          },
          {
            "hash": "449b00d732113c6bea026d9ad076e1897e0ceed3",
            "messageTitle": "fix font bug",
            "messageBody": "",
            "insertions": 20,
            "deletions": 2
          },
          {
            "hash": "9ce846689d8ecbdd0d9008269a87320e48e06353",
            "messageTitle": "fix bug",
            "messageBody": "",
            "insertions": 6,
            "deletions": 5
          },
          {
            "hash": "6eeae5324a69f168030f96dfed92a1eca1666b58",
            "messageTitle": "added font",
            "messageBody": "",
            "insertions": 2,
            "deletions": 9
          },
          {
            "hash": "bc58fde0c305a3811c32b61235d90036f320acc9",
            "messageTitle": "remove unneeded import",
            "messageBody": "",
            "insertions": 0,
            "deletions": 4
          }
        ]
      },
      {
        "insertions": 209,
        "deletions": 55,
        "date": "2019-11-02",
        "commitResults": [
          {
            "hash": "4e081a20ad48573e3a01ebc0d4b6c32093092e07",
            "messageTitle": "added better exception handling for password generate",
            "messageBody": "",
            "insertions": 31,
            "deletions": 17
          },
          {
            "hash": "aef35ac440b7d6f4ceffa3c777ab8569664ca593",
            "messageTitle": "fixed font error",
            "messageBody": "",
            "insertions": 8,
            "deletions": 2
          },
          {
            "hash": "2db71f012252412c75b3d5ca92787d3ad9220b41",
            "messageTitle": "added UI for analyse password",
            "messageBody": "",
            "insertions": 170,
            "deletions": 36
          }
        ]
      },
      {
        "insertions": 386,
        "deletions": 5,
        "date": "2019-11-03",
        "commitResults": [
          {
            "hash": "1925f5a19f3faec6ce28eb7143ca5e0459832314",
            "messageTitle": "added in keyboard analyser class",
            "messageBody": "",
            "insertions": 386,
            "deletions": 5
          }
        ]
      },
      {
        "insertions": 117,
        "deletions": 59,
        "date": "2019-11-07",
        "commitResults": [
          {
            "hash": "7398a70f21bb397bd7a9181ea461379019ca1920",
            "messageTitle": "minor refactoring, moved dictionary test to new module",
            "messageBody": "",
            "insertions": 36,
            "deletions": 8
          },
          {
            "hash": "49c0436d0d669162086e6658fd136f8dcb224d60",
            "messageTitle": "fixed StrengthAnalyser bug, minor refactoring",
            "messageBody": "",
            "insertions": 10,
            "deletions": 7
          },
          {
            "hash": "f1419e21203539cc13241a9f75a9ddf5ba489fbe",
            "messageTitle": "fixed bug for strength analyser, fixed bug for generateutil, added in index for tableview",
            "messageBody": "",
            "insertions": 66,
            "deletions": 39
          },
          {
            "hash": "b3b4136b28fdf8d9e73ade0ee8da532fe2e931fa",
            "messageTitle": "resolved conflict",
            "messageBody": "",
            "insertions": 4,
            "deletions": 4
          },
          {
            "hash": "07cc9e762318bde7053ebea8643dc392139fdbab",
            "messageTitle": "added EoF for darktheme.css",
            "messageBody": "",
            "insertions": 1,
            "deletions": 1
          }
        ]
      },
      {
        "insertions": 399,
        "deletions": 176,
        "date": "2019-11-08",
        "commitResults": [
          {
            "hash": "98fa36584734445d5fe490f0361651182e9b4b6d",
            "messageTitle": "minor refactoring, better exception handling",
            "messageBody": "",
            "insertions": 234,
            "deletions": 165
          },
          {
            "hash": "7ca91deb7c21afa1871d9633b2c29da41f14ace8",
            "messageTitle": "wip : dg for analyse and generate",
            "messageBody": "",
            "insertions": 135,
            "deletions": 11
          },
          {
            "hash": "4e14f00e1dd3e0ca06106507133f6bc377813f55",
            "messageTitle": "added PPP",
            "messageBody": "",
            "insertions": 23,
            "deletions": 0
          },
          {
            "hash": "cfdc9f23ae155748196291ba0f4f6506cc87cc60",
            "messageTitle": "fixed minor bug",
            "messageBody": "",
            "insertions": 7,
            "deletions": 0
          }
        ]
      },
      {
        "insertions": 324,
        "deletions": 306,
        "date": "2019-11-09",
        "commitResults": [
          {
            "hash": "78d2f77b629359cf3ded4cce3bdc2a5b7a656b23",
            "messageTitle": "added EoF",
            "messageBody": "",
            "insertions": 1,
            "deletions": 1
          },
          {
            "hash": "d78f4ffca270e4acd0ad53e8f9a0929cf16553cd",
            "messageTitle": "added better exception handling for generate",
            "messageBody": "",
            "insertions": 12,
            "deletions": 6
          },
          {
            "hash": "972df545495cadb67ca0f38c5610919b389924d2",
            "messageTitle": "made parseBool case insensitive",
            "messageBody": "",
            "insertions": 2,
            "deletions": 2
          },
          {
            "hash": "1d1df894d8d4ed2888f1fda7a90ddca533f7c1e5",
            "messageTitle": "added in detailed explanation for analysis added assertion",
            "messageBody": "",
            "insertions": 24,
            "deletions": 11
          },
          {
            "hash": "101ec4ecfde0a8cac0b736531b9150c0c030b269",
            "messageTitle": "added ResultOutcome class",
            "messageBody": "",
            "insertions": 11,
            "deletions": 0
          },
          {
            "hash": "bdfebf8c387c2f9edd72c79c9ca435175c55733a",
            "messageTitle": "integrated result outcome, added better SLAP for code",
            "messageBody": "",
            "insertions": 155,
            "deletions": 159
          },
          {
            "hash": "aec993d133e17f9a0b24044cfbbd734c9b5eade5",
            "messageTitle": "refactored code for more SLAP",
            "messageBody": "",
            "insertions": 77,
            "deletions": 84
          },
          {
            "hash": "9284521cd4aa1a75a766d5dac5a191dbf8a738ed",
            "messageTitle": "finished JavaDoc",
            "messageBody": "",
            "insertions": 26,
            "deletions": 43
          },
          {
            "hash": "5adf203b4266d18556d5b0cbd4679aaefab98150",
            "messageTitle": "added in test for basematch",
            "messageBody": "",
            "insertions": 16,
            "deletions": 0
          }
        ]
      },
      {
        "insertions": 453,
        "deletions": 122,
        "date": "2019-11-10",
        "commitResults": [
          {
            "hash": "60d082b8f831a59c55af84af8307e827b9cb862a",
            "messageTitle": "added in test cases",
            "messageBody": "",
            "insertions": 453,
            "deletions": 122
          }
        ]
      },
      {
        "insertions": 835,
        "deletions": 437,
        "date": "2019-11-11",
        "commitResults": [
          {
            "hash": "b96fd960f330f3693fbc400681762b77325c4620",
            "messageTitle": "wip : eejian-UGDG, updated UG with pictures added UG logo updated UG intro",
            "messageBody": "",
            "insertions": 446,
            "deletions": 167
          },
          {
            "hash": "4c93b891d4bc5fa2145341478451f3affc96d95b",
            "messageTitle": "fixed copypasswordcommandsequencediagram",
            "messageBody": "",
            "insertions": 3,
            "deletions": 4
          },
          {
            "hash": "340481f2782da4dbd2f1987e3d6c9f3fd16811ef",
            "messageTitle": "updated PPP",
            "messageBody": "",
            "insertions": 75,
            "deletions": 6
          },
          {
            "hash": "b9627760d15dd0fef5d3be7fe4cfca95282846a5",
            "messageTitle": "added ppp",
            "messageBody": "",
            "insertions": 113,
            "deletions": 21
          },
          {
            "hash": "57900bceda68ce2fd8fcf27979b3172ea508be0e",
            "messageTitle": "added copypasswordsequence diagram",
            "messageBody": "",
            "insertions": 1,
            "deletions": 1
          },
          {
            "hash": "bc0f4ca43afee84571fd6cb312ef6d86eec976e6",
            "messageTitle": "added tests",
            "messageBody": "",
            "insertions": 46,
            "deletions": 39
          },
          {
            "hash": "22fad6531f4f343f65907c0a35ec4cc9f91d6755",
            "messageTitle": "added ppp",
            "messageBody": "",
            "insertions": 50,
            "deletions": 105
          },
          {
            "hash": "0ac42f8cc81b82fe4faa1e5019b242007e90bf35",
            "messageTitle": "accounted for no passwords to analyse",
            "messageBody": "",
            "insertions": 3,
            "deletions": 0
          },
          {
            "hash": "8c6054a0cdedc9b5e4b3ba92132caf23988d2d09",
            "messageTitle": "edited PPP intro",
            "messageBody": "",
            "insertions": 5,
            "deletions": 1
          },
          {
            "hash": "ba1462a17969007047321461087f59cebd507409",
            "messageTitle": "resolve travis build problem",
            "messageBody": "",
            "insertions": 3,
            "deletions": 3
          },
          {
            "hash": "6c717cfb613c3354ad9bc56d4ce4be19be802782",
            "messageTitle": "rename PPP",
            "messageBody": "",
            "insertions": 88,
            "deletions": 0
          },
          {
            "hash": "06e7c849301496ab7475d8701bf53c114f3c2fab",
            "messageTitle": "renamed PPP",
            "messageBody": "",
            "insertions": 0,
            "deletions": 88
          },
          {
            "hash": "f45475c604f226f2db3e043a2b649c2f9a04fad7",
            "messageTitle": "fixed travis issue",
            "messageBody": "",
            "insertions": 1,
            "deletions": 1
          },
          {
            "hash": "f1e7d2a8955ff8ee1abd8771f3ab7417175000ff",
            "messageTitle": "solve travis build",
            "messageBody": "",
            "insertions": 1,
            "deletions": 1
          }
        ]
      }
    ],
    "hooncp": [
      {
        "insertions": 0,
        "deletions": 1,
        "date": "2019-09-19",
        "commitResults": [
          {
            "hash": "72991239a4b39377ce030c5086d8bf6cface3ef3",
            "messageTitle": "Remove codacy badge from README",
            "messageBody": "",
            "insertions": 0,
            "deletions": 1
          }
        ]
      },
      {
        "insertions": 289,
        "deletions": 11,
        "date": "2019-10-03",
        "commitResults": [
          {
            "hash": "e03d222a8f5aac7ec6d382314eedd0bd0d6e7e06",
            "messageTitle": "Add use case to doc",
            "messageBody": "",
            "insertions": 289,
            "deletions": 11
          }
        ]
      },
      {
        "insertions": 151,
        "deletions": 91,
        "date": "2019-10-05",
        "commitResults": [
          {
            "hash": "78c81f46246461a181ea8e94a5beb0897b00f698",
            "messageTitle": "Update User guide",
            "messageBody": "",
            "insertions": 151,
            "deletions": 91
          }
        ]
      },
      {
        "insertions": 3,
        "deletions": 1,
        "date": "2019-10-17",
        "commitResults": [
          {
            "hash": "509d4a4301a4a52914e7cce7b8c84e451506b74d",
            "messageTitle": "Add new java-doc",
            "messageBody": "",
            "insertions": 3,
            "deletions": 1
          }
        ]
      },
      {
        "insertions": 2592,
        "deletions": 277,
        "date": "2019-10-18",
        "commitResults": [
          {
            "hash": "ec95ca2ee80d9d5b6a266dec145dae8a13d7cbac",
            "messageTitle": "Add Password model and relevant fields",
            "messageBody": "",
            "insertions": 151,
            "deletions": 0
          },
          {
            "hash": "2d3e31dc617059945864459bc776c55cf1e9aa55",
            "messageTitle": "Integrate UI with password model",
            "messageBody": "",
            "insertions": 281,
            "deletions": 17
          },
          {
            "hash": "92f71d7bff781b5865edbfaff3c47bcd29a30a17",
            "messageTitle": "Fix minor bugs and checkstyle errors",
            "messageBody": "",
            "insertions": 116,
            "deletions": 27
          },
          {
            "hash": "0dac983fc5acb5d46088d97e864859f112c48adb",
            "messageTitle": "Add in storage class for password",
            "messageBody": "",
            "insertions": 698,
            "deletions": 17
          },
          {
            "hash": "2766eb9bb619fa44b3df9b989dc12559d0ce1680",
            "messageTitle": "Add additional checks on Password fields and parse function",
            "messageBody": "",
            "insertions": 98,
            "deletions": 8
          },
          {
            "hash": "998d196eb0157d8662329b97969548e8160191f7",
            "messageTitle": "Add support for AddPasswordCommand and AddPasswordCommandParser class",
            "messageBody": "",
            "insertions": 67,
            "deletions": 5
          },
          {
            "hash": "bc8300f813e4c8e840af56bf69b7dae55f6d9dce",
            "messageTitle": "Add support and main functionalities of delete password command",
            "messageBody": "",
            "insertions": 91,
            "deletions": 4
          },
          {
            "hash": "adedd4c510699cbb5cd951a5f91f221eb32803df",
            "messageTitle": "Add white space",
            "messageBody": "",
            "insertions": 1,
            "deletions": 0
          },
          {
            "hash": "f0e9e189e7502314ced5ea56d294cba3986e1d07",
            "messageTitle": "Add checks for duplicate passwords in password book",
            "messageBody": "",
            "insertions": 252,
            "deletions": 10
          },
          {
            "hash": "a97722a76879ca240222132a568b05a074fbc9c6",
            "messageTitle": "Add Tag into password model",
            "messageBody": "",
            "insertions": 94,
            "deletions": 53
          },
          {
            "hash": "eb6397c8a8e6cbc127ac335c08bb71e47829a973",
            "messageTitle": "Add tag to UI and remove unnecessary comments",
            "messageBody": "",
            "insertions": 32,
            "deletions": 6
          },
          {
            "hash": "5555d4fb19c570c0df005d4f85150ff325891b81",
            "messageTitle": "Fix tag not registering in add command",
            "messageBody": "",
            "insertions": 99,
            "deletions": 17
          },
          {
            "hash": "f1a861a7a6046ccfa620f99b7bf8ece47e69a776",
            "messageTitle": "Add support for ReadCommand and ReadCommandParser",
            "messageBody": "",
            "insertions": 121,
            "deletions": 10
          },
          {
            "hash": "39e548038561f44d562d52b7fc72ff53aa680b28",
            "messageTitle": "Add support for EditPasswordCommand and EditPasswordCommandParser",
            "messageBody": "",
            "insertions": 389,
            "deletions": 23
          },
          {
            "hash": "e08ad51dd622d3438ede03312819c888bb831afe",
            "messageTitle": "Fix minor bugs and remove unnecessary changes for unit test",
            "messageBody": "",
            "insertions": 102,
            "deletions": 80
          }
        ]
      },
      {
        "insertions": 154,
        "deletions": 16,
        "date": "2019-10-24",
        "commitResults": [
          {
            "hash": "bd76296fd3b2bceccedd642f337c9ff278bbce69",
            "messageTitle": "Add sequence diagram for analyse password",
            "messageBody": "",
            "insertions": 88,
            "deletions": 1
          },
          {
            "hash": "344ea20db5a238d552d6947f2135edc894cd9347",
            "messageTitle": "Fix white space",
            "messageBody": "",
            "insertions": 1,
            "deletions": 1
          },
          {
            "hash": "3f2cc19acc16c28a185599466ab455ea5aecaf0b",
            "messageTitle": "Add Basic Information",
            "messageBody": "",
            "insertions": 17,
            "deletions": 0
          },
          {
            "hash": "01b160628db02b0f6248e0ddc2425ae42c583158",
            "messageTitle": "Improve password portion of UG",
            "messageBody": "",
            "insertions": 48,
            "deletions": 14
          }
        ]
      },
      {
        "insertions": 257,
        "deletions": 39,
        "date": "2019-10-26",
        "commitResults": [
          {
            "hash": "946960fed21dbd2e0933a809a5b2017c4c6cc55f",
            "messageTitle": "Add new panel to UI",
            "messageBody": "",
            "insertions": 109,
            "deletions": 9
          },
          {
            "hash": "a2c9bd1ca7556da38d978fa491d75a840a728f9e",
            "messageTitle": "Improve Ui for read command",
            "messageBody": "",
            "insertions": 148,
            "deletions": 30
          }
        ]
      },
      {
        "insertions": 99,
        "deletions": 67,
        "date": "2019-10-27",
        "commitResults": [
          {
            "hash": "b7ed67e64ce349aec0636179e0b293ac7e6297a4",
            "messageTitle": "Fix minor UI bugs",
            "messageBody": "",
            "insertions": 3,
            "deletions": 3
          },
          {
            "hash": "11ce6c48ee20cce1981604bc7289f4d997bd9f49",
            "messageTitle": "Add mode switch for UI",
            "messageBody": "",
            "insertions": 85,
            "deletions": 54
          },
          {
            "hash": "f790dd5600b753a525ac2c40430c4d93c4eb42f2",
            "messageTitle": "Fix minor bugs in UI",
            "messageBody": "",
            "insertions": 10,
            "deletions": 9
          },
          {
            "hash": "6bbe0511bfb61b14a3a676d76a8fc862a945af29",
            "messageTitle": "Update help command with project URL",
            "messageBody": "",
            "insertions": 1,
            "deletions": 1
          }
        ]
      },
      {
        "insertions": 965,
        "deletions": 202,
        "date": "2019-10-30",
        "commitResults": [
          {
            "hash": "5d241af2b9166d736a6fd5084985c2a2d5339d73",
            "messageTitle": "Add modifiedAt attribute to password model",
            "messageBody": "",
            "insertions": 90,
            "deletions": 13
          },
          {
            "hash": "c879b9a04a993a6ba73b0e3a102e48d2edbe922f",
            "messageTitle": "Fix UI issues",
            "messageBody": "",
            "insertions": 12,
            "deletions": 12
          },
          {
            "hash": "b2d2badfef1a1862c1967d314bf2c0feef3904b2",
            "messageTitle": "Refactor ModifiedAt to PasswordModifiedAt and integrate with UI",
            "messageBody": "",
            "insertions": 41,
            "deletions": 48
          },
          {
            "hash": "c94e3787676182d85c028f36b1a30af51b052056",
            "messageTitle": "Add website field into Password model",
            "messageBody": "",
            "insertions": 117,
            "deletions": 15
          },
          {
            "hash": "8a9b809c2f6b0678ec4dc3e7a0d127421ff41757",
            "messageTitle": "Add copy command to password model",
            "messageBody": "",
            "insertions": 215,
            "deletions": 2
          },
          {
            "hash": "b9c24d1db9156397310e70b47937787e9f53040b",
            "messageTitle": "Refactor code and change messages shown to user.",
            "messageBody": "",
            "insertions": 34,
            "deletions": 28
          },
          {
            "hash": "b02fb0d17e3b9703bf8c0fe916fb20397179e621",
            "messageTitle": "Add Find Command feature and support",
            "messageBody": "",
            "insertions": 163,
            "deletions": 2
          },
          {
            "hash": "abbd434be03dd864081afbd28056d70e2ffe7513",
            "messageTitle": "Fix tests not working",
            "messageBody": "",
            "insertions": 77,
            "deletions": 28
          },
          {
            "hash": "7eba501a3384c09621f754f8ed68575848077b4c",
            "messageTitle": "Add expiry field to password and reflect in UI",
            "messageBody": "",
            "insertions": 153,
            "deletions": 33
          },
          {
            "hash": "8a004e0b678040812c8790a29f4cdbb41a18d3c0",
            "messageTitle": "Fix some minor bug from rebasing",
            "messageBody": "",
            "insertions": 15,
            "deletions": 4
          },
          {
            "hash": "0ae8368a3afbd3278c14a162283491f2b81564f9",
            "messageTitle": "Fix minor bug for password not expiring",
            "messageBody": "",
            "insertions": 6,
            "deletions": 0
          },
          {
            "hash": "e9202f61e74fcd44d6685aa708f84733abd8fc82",
            "messageTitle": "Improve password portion and adhere to format",
            "messageBody": "",
            "insertions": 42,
            "deletions": 17
          }
        ]
      },
      {
        "insertions": 114,
        "deletions": 28,
        "date": "2019-10-31",
        "commitResults": [
          {
            "hash": "b93e95966ab6a97c5e941a590120e8e06dfdfe52",
            "messageTitle": "Add new information for PPP",
            "messageBody": "",
            "insertions": 75,
            "deletions": 0
          },
          {
            "hash": "6063b80851cdfa8eadff38f9d04e2602ba887537",
            "messageTitle": "Hotfix for UI analyse error",
            "messageBody": "",
            "insertions": 5,
            "deletions": 7
          },
          {
            "hash": "327f5433ff36c90cf6d2ed2973132a03895c4b5d",
            "messageTitle": "Fix Password mode in UI not showing",
            "messageBody": "",
            "insertions": 5,
            "deletions": 5
          },
          {
            "hash": "21c4bcf366bb21f07f3e0acf465c3cea6f9791b1",
            "messageTitle": "Fix wordings and change legacy code from address book",
            "messageBody": "",
            "insertions": 11,
            "deletions": 10
          },
          {
            "hash": "ccb97189320a4fa6963f74005649eddfc43fcb9b",
            "messageTitle": "Fix multiple fields and limit to tag",
            "messageBody": "",
            "insertions": 14,
            "deletions": 2
          },
          {
            "hash": "2bf8cdfd95814d4b921510f587c9e796086708a9",
            "messageTitle": "Update command format tool tip",
            "messageBody": "",
            "insertions": 4,
            "deletions": 4
          }
        ]
      },
      {
        "insertions": 164,
        "deletions": 138,
        "date": "2019-11-02",
        "commitResults": [
          {
            "hash": "bbfd638a7619fc77a395ea3392876207daddf49a",
            "messageTitle": "Add security feature to clear clipboard only when app is closed through exit command",
            "messageBody": "",
            "insertions": 2,
            "deletions": 0
          },
          {
            "hash": "e1d42d2dabafcb7f8d619ec0d8d330fef8ef0723",
            "messageTitle": "Refactor Description into PasswordDescription. Change equality from same description to same description and username",
            "messageBody": "",
            "insertions": 124,
            "deletions": 109
          },
          {
            "hash": "1d0d7ea514727d6ea90af07cddedd32ddc5c7067",
            "messageTitle": "Fix documentation and make application error message more user friendly",
            "messageBody": "",
            "insertions": 32,
            "deletions": 23
          },
          {
            "hash": "9640987dce0f7f9acb5eacb378d2743c581ae902",
            "messageTitle": "Remove clipboard from exit command because of test failure",
            "messageBody": "",
            "insertions": 0,
            "deletions": 2
          },
          {
            "hash": "db2bb385dc1094487b6598b5489dfa4755463616",
            "messageTitle": "Change documentation in application to make it more explicit",
            "messageBody": "",
            "insertions": 6,
            "deletions": 4
          }
        ]
      },
      {
        "insertions": 110,
        "deletions": 21,
        "date": "2019-11-03",
        "commitResults": [
          {
            "hash": "a0cc6b0aed44ddc687d9397b8d6513c528204bbe",
            "messageTitle": "Add UI to enhance feature",
            "messageBody": "",
            "insertions": 38,
            "deletions": 1
          },
          {
            "hash": "83441b04d52657daf8b5dbf1447abe6a60def5e5",
            "messageTitle": "Minor fix to phrasing",
            "messageBody": "",
            "insertions": 2,
            "deletions": 2
          },
          {
            "hash": "c05edcad0db9bdb5e94398d5d084e576278dccb4",
            "messageTitle": "Refine find password error throwing, with description parameters.",
            "messageBody": "",
            "insertions": 16,
            "deletions": 6
          },
          {
            "hash": "4a070a18a1a47c55324d23ab5ebcda32ea1bc4cb",
            "messageTitle": "Fix goto command bug after find command",
            "messageBody": "",
            "insertions": 5,
            "deletions": 0
          },
          {
            "hash": "b3e15209d1143a68501c5bf20681d1a87cb363f8",
            "messageTitle": "Change password value to be consistent with generate and analyse.",
            "messageBody": "",
            "insertions": 7,
            "deletions": 5
          },
          {
            "hash": "c8705dbab7d67d612976f3f7edbb3593bd44c77b",
            "messageTitle": "Add coverall to repo",
            "messageBody": "",
            "insertions": 2,
            "deletions": 0
          },
          {
            "hash": "8e91594968efce22b99e6e27a96851fb0ee405ae",
            "messageTitle": "Fix formatting of coverall badge",
            "messageBody": "",
            "insertions": 1,
            "deletions": 3
          },
          {
            "hash": "d6e27d97ab3724ba07c6c5d257c51b75d4584573",
            "messageTitle": "Fix duplicate fields in edit command and tag limit",
            "messageBody": "",
            "insertions": 39,
            "deletions": 4
          }
        ]
      },
      {
        "insertions": 25,
        "deletions": 12,
        "date": "2019-11-05",
        "commitResults": [
          {
            "hash": "442fcafed16d32cbf59d3a229f58d469ef630aaf",
            "messageTitle": "Improve phrasing and format.",
            "messageBody": "",
            "insertions": 25,
            "deletions": 12
          }
        ]
      },
      {
        "insertions": 482,
        "deletions": 2,
        "date": "2019-11-06",
        "commitResults": [
          {
            "hash": "c75c679351319f2e2adf164e84005b24faf19b69",
            "messageTitle": "Fix file find bug in goto command",
            "messageBody": "",
            "insertions": 5,
            "deletions": 2
          },
          {
            "hash": "43ad2c15fe585cad67499dfed80b7ede7e36e358",
            "messageTitle": "Add tests for StringUtil and DateUtil",
            "messageBody": "",
            "insertions": 33,
            "deletions": 0
          },
          {
            "hash": "8fb2f3db5392c6c3c131b4be69a703e2ecf66e42",
            "messageTitle": "Add new tests",
            "messageBody": "",
            "insertions": 348,
            "deletions": 0
          },
          {
            "hash": "866f0c82cdadc939cea91480ecdf23cfadbba9a4",
            "messageTitle": "Add test and support for passwordBookParser",
            "messageBody": "",
            "insertions": 96,
            "deletions": 0
          }
        ]
      },
      {
        "insertions": 84,
        "deletions": 30,
        "date": "2019-11-10",
        "commitResults": [
          {
            "hash": "36b07bccfacf5d648cd0cec45f1306f9a1491d68",
            "messageTitle": "Change name to match requirements and minor rephrasing",
            "messageBody": "",
            "insertions": 7,
            "deletions": 6
          },
          {
            "hash": "9829cc6e9415ff1676e00836ea354a92cfe825c6",
            "messageTitle": "Refine passwordbook for demo",
            "messageBody": "",
            "insertions": 32,
            "deletions": 16
          },
          {
            "hash": "619f573b4fa55836058697ee6aa1a12d254aa700",
            "messageTitle": "Fix bug where NIL is copied in copy website command",
            "messageBody": "",
            "insertions": 8,
            "deletions": 0
          },
          {
            "hash": "932a20569ae3a30678c209022b5d5aabc0cfbcee",
            "messageTitle": "Add pictures to UG of password",
            "messageBody": "",
            "insertions": 31,
            "deletions": 7
          },
          {
            "hash": "9812605e5c316833f77b89bfe7168b5341d0421e",
            "messageTitle": "Add clearer instructions to UG",
            "messageBody": "",
            "insertions": 6,
            "deletions": 1
          }
        ]
      },
      {
        "insertions": 542,
        "deletions": 93,
        "date": "2019-11-11",
        "commitResults": [
          {
            "hash": "105fb99facbb51a6b63b2ae751febbb585aeccc4",
            "messageTitle": "Add password feature to UG/DG",
            "messageBody": "",
            "insertions": 237,
            "deletions": 3
          },
          {
            "hash": "d869baf60c914994a7135489c0826a9eb5c4e227",
            "messageTitle": "Final changes to PPP",
            "messageBody": "",
            "insertions": 113,
            "deletions": 57
          },
          {
            "hash": "caed131eec71c53194f667730c1fbbb8c4cc1e12",
            "messageTitle": "Minor update",
            "messageBody": "",
            "insertions": 1,
            "deletions": 1
          },
          {
            "hash": "91f0627e5a552ee4141c3550b3063905ff4aac7d",
            "messageTitle": "Last minor update",
            "messageBody": "",
            "insertions": 10,
            "deletions": 4
          },
          {
            "hash": "ce821f510b1943fa78bb153f60d7fb2ff44af026",
            "messageTitle": "Minor changes to code link",
            "messageBody": "",
            "insertions": 1,
            "deletions": 1
          },
          {
            "hash": "94915b5f9691862f4398cb1608d0788378ace3db",
            "messageTitle": "Add test for parserUtil",
            "messageBody": "",
            "insertions": 50,
            "deletions": 24
          },
          {
            "hash": "9ff1262861fdafb840184d8856ebafd501cc9057",
            "messageTitle": "Add more integration test for AddPasswordCommand",
            "messageBody": "",
            "insertions": 126,
            "deletions": 0
          },
          {
            "hash": "435a84cfec22e38ce171d9fdbf48ef7de7e868e1",
            "messageTitle": "Add new line to one command",
            "messageBody": "",
            "insertions": 1,
            "deletions": 1
          },
          {
            "hash": "b98ea8ec595c2e91f97cf5f9ab813efd608f92a9",
            "messageTitle": "Minor fix to PPP",
            "messageBody": "",
            "insertions": 1,
            "deletions": 0
          },
          {
            "hash": "b458dc17d3caa1067f421bb49aad5ee55fed6e96",
            "messageTitle": "Remove coverall",
            "messageBody": "",
            "insertions": 1,
            "deletions": 1
          },
          {
            "hash": "cccd9747ae6c58a405f4ebee4856ffcf33fdae5c",
            "messageTitle": "Fix DG minor",
            "messageBody": "",
            "insertions": 1,
            "deletions": 1
          }
        ]
      }
    ]
  },
  "authorFinalContributionMap": {
    "niqiukun": 5483,
    "yhtingg": 3963,
    "jityong": 6718,
    "eejian97": 4287,
    "hooncp": 4726
  },
  "authorFileTypeContributionMap": {
    "niqiukun": {
      "docs": 418,
      "tests": 983,
      "functional": 3702,
      "other": 380
    },
    "yhtingg": {
      "docs": 525,
      "tests": 498,
      "functional": 2821,
      "other": 119
    },
    "jityong": {
      "docs": 675,
      "tests": 2006,
      "functional": 3580,
      "other": 457
    },
    "eejian97": {
      "docs": 386,
      "tests": 938,
      "functional": 2600,
      "other": 363
    },
    "hooncp": {
      "docs": 624,
      "tests": 842,
      "functional": 3041,
      "other": 219
    }
  },
  "authorContributionVariance": {
    "niqiukun": 99052.98,
    "yhtingg": 64641.477,
    "jityong": 399361.6,
    "eejian97": 98901.73,
    "hooncp": 146074.77
  },
  "authorDisplayNameMap": {
    "niqiukun": "CS2103T-F11-3 NI TI ... NZHEN",
    "yhtingg": "CS2103T-F11-3 YANG  ...  TING",
    "jityong": "CS2103T-F11-3 LEOW  ...  YONG",
    "eejian97": "CS2103T-F11-3 LEE E ...  JIAN",
    "hooncp": "CS2103T-F11-3 HOON  ...  PING"
  }
}
