{
  "authorDailyContributionsMap": {
    "t-cheepeng": [
      {
        "insertions": 2,
        "deletions": 3,
        "date": "2019-09-10",
        "commitResults": [
          {
            "hash": "e337b668ff2eb0235d4467bf39e522380a48fc15",
            "messageTitle": "Update README.adoc",
            "messageBody": "Update links to travis CI and coveralls to personal organization link.",
            "insertions": 2,
            "deletions": 2
          },
          {
            "hash": "3115284d4505de924359652a8b3afc1f951167c2",
            "messageTitle": "Update README.adoc",
            "messageBody": "Removed the codacy badge from README",
            "insertions": 0,
            "deletions": 1
          }
        ]
      },
      {
        "insertions": 2,
        "deletions": 2,
        "date": "2019-09-26",
        "commitResults": [
          {
            "hash": "1542b8e92eab471fc1a933ea72a7c130ccba4ee6",
            "messageTitle": "Update contact us doc to match ExerHealth",
            "messageBody": "",
            "insertions": 2,
            "deletions": 2
          }
        ]
      },
      {
        "insertions": 66,
        "deletions": 0,
        "date": "2019-10-01",
        "commitResults": [
          {
            "hash": "39f2e28224abea381eb5763fc8e2976fd4eebe9c",
            "messageTitle": "Update relevant portions of user guide",
            "messageBody": "",
            "insertions": 65,
            "deletions": 0
          },
          {
            "hash": "af213250aeadf3cc72c426905c521b02570dc996",
            "messageTitle": "Add netlify badge for static deployment of pages",
            "messageBody": "",
            "insertions": 1,
            "deletions": 0
          }
        ]
      },
      {
        "insertions": 150,
        "deletions": 60,
        "date": "2019-10-02",
        "commitResults": [
          {
            "hash": "4bf757c028d01aa79ba2534bc5ad3e1dc0434e2c",
            "messageTitle": "Resolve merge conflict for user guide",
            "messageBody": "",
            "insertions": 150,
            "deletions": 60
          }
        ]
      },
      {
        "insertions": 301,
        "deletions": 3,
        "date": "2019-10-09",
        "commitResults": [
          {
            "hash": "b1034eb53aafa1df5ec6c04e7150512037abaa42",
            "messageTitle": "Add view tab to display resolve window. (#16)",
            "messageBody": "* Add view tab to display resolve window.\r\n\r\nCurrently, the window just displays a text showing a success and\r\nwill block all inputs. The view tab is to be removed once the\r\nproduct is finished\r\n\r\n* Add relevant regions to resolve window.\r\n\r\nResolve window has the command box and a left, right panel.\r\nAlso includes some basic styling for the resolve window\r\n\r\n* Add view tab to display resolve window.\r\n\r\nCurrently, the window just displays a text showing a success and\r\nwill block all inputs. The view tab is to be removed once the\r\nproduct is finished\r\n\r\n* Add relevant regions to resolve window.\r\n\r\nResolve window has the command box and a left, right panel.\r\nAlso includes some basic styling for the resolve window\r\n\r\n* Update resolve window to display feedback.\r\n\r\nResolve window has a feedback box and cleared up a bug where if\r\nthe resolve window was closed and reopened, text from the previous\r\nopened window is still present.\r\n\r\n* Add css styling for text area in resolve window.\r\n\r\n* Add documentation to resolve window and related parts\r\n\r\n* Add EOF to FXML file\r\n\r\n* Move getRoot to a parent variable.\r\n\r\n* Change default window sizes\r\n\r\nAdd ExerHealth icon to resolve window and window will appear\r\nwith default sizes and centered on screen.\r\n\r\nCloses #54 ",
            "insertions": 301,
            "deletions": 3
          }
        ]
      },
      {
        "insertions": 1306,
        "deletions": 124,
        "date": "2019-10-15",
        "commitResults": [
          {
            "hash": "dd90a29bee089a69c915866dccd1418c46495ff5",
            "messageTitle": "Add Schedule command (#88)",
            "messageBody": "* Add Schedule command\r\n\r\nThe basic form of schedule is available and it will accept all\r\nregimes scheduled at a date. No conflicts are brought up or resolved.\r\n\r\n* Add Schedule Command to model and logic\r\n\r\nRemaining components to edit are storage and ui and lastly tests.\r\n\r\n* Implement saving of schedules for regimes\r\n\r\n* Modify UI to display regime on left, schedule on right\r\n\r\n* Fix checkstyle and tests to pass build\r\n\r\n* Add support for completing schedules in schedule list\r\n\r\nEdited user guide and changed prefix of completing schedule regime.\r\nIt makes more sense to place i for index instead of f\r\n\r\n* Fix spelling and custom property integration\r\n\r\n* Fix UI bugs and integrate suggest command\r\n\r\n* Fix checkstyle\r\n\r\n* Fix comments\r\n\r\n* Fix SLAP methods\r\n\r\nCloses #57 and Closes #60  ",
            "insertions": 1305,
            "deletions": 123
          },
          {
            "hash": "7fc52553425b0a18e64d80b8752176a117bf0182",
            "messageTitle": "Release trial",
            "messageBody": "",
            "insertions": 1,
            "deletions": 1
          }
        ]
      },
      {
        "insertions": 192,
        "deletions": 67,
        "date": "2019-10-22",
        "commitResults": [
          {
            "hash": "c3a64008957d18c95d1352ec41304f12db9a9959",
            "messageTitle": "Add developer documentation for schedule/resolve command (#100)",
            "messageBody": "* Add developer documentation for schedule/resolve command\r\n\r\n* Fix EOF in .puml files\r\n\r\n* Update developer guide to reflect changes new implementation\r\n\r\n* Update DG uml diagrams\r\n\r\n* Update section 7 and appendix\r\n",
            "insertions": 192,
            "deletions": 67
          }
        ]
      },
      {
        "insertions": 41,
        "deletions": 20,
        "date": "2019-10-23",
        "commitResults": [
          {
            "hash": "f7baeb7b6db1a7a675fd075e4d574c2b9de8e3b4",
            "messageTitle": "Update storage portion of DG (#107)",
            "messageBody": "",
            "insertions": 41,
            "deletions": 20
          }
        ]
      },
      {
        "insertions": 755,
        "deletions": 142,
        "date": "2019-10-24",
        "commitResults": [
          {
            "hash": "44210071d4bb2d6cd9b23fe41e555aecf076d1db",
            "messageTitle": "Add feature resolve conflict (#101)",
            "messageBody": "* Add Resolve command and refactor index methods\r\n\r\nResolve command added and IndexUtil helps check out of bounds\r\n\r\n* Add model components of resolve command\r\n\r\nIncluded in some additional util classes\r\n\r\n* Add UI component to resolve command\r\n\r\n* Add docs and fix checkstyle\r\n\r\nTests can now rely on MainApp\u0027s state. So be careful when setting up\r\ntest.\r\n\r\n* Fix checkstyle\r\n\r\n* Update documentation and fix method names\r\n\r\nCloses #58 ",
            "insertions": 691,
            "deletions": 110
          },
          {
            "hash": "9659e6422fdbc5413665282a20dcb7a010278ec6",
            "messageTitle": "Update developer uml (#116)",
            "messageBody": "* Add class diagram for resolve command\r\n\r\n* Update DG for Resolve feature and alternative word\r\n\r\n* Fix checkstyle\r\n",
            "insertions": 64,
            "deletions": 32
          }
        ]
      }
    ],
    "garylyp": [
      {
        "insertions": 2,
        "deletions": 2,
        "date": "2019-09-19",
        "commitResults": [
          {
            "hash": "8af053e2ab4b58cf0ad8a7d437085ffbbd08108f",
            "messageTitle": "Set up repo for local development",
            "messageBody": "",
            "insertions": 2,
            "deletions": 2
          }
        ]
      },
      {
        "insertions": 231,
        "deletions": 33,
        "date": "2019-09-28",
        "commitResults": [
          {
            "hash": "5eab3cff36f5f750b890da6e60a2457d2486dd70",
            "messageTitle": "Update Appendices A to E of Developer Guide",
            "messageBody": "",
            "insertions": 231,
            "deletions": 33
          }
        ]
      },
      {
        "insertions": 1,
        "deletions": 1,
        "date": "2019-09-29",
        "commitResults": [
          {
            "hash": "dcaff9345e972a424bfadcf7c9b399e3fdae58a9",
            "messageTitle": "Change AddressBook Level 3 to ExerHealth in title of Developer Guide",
            "messageBody": "",
            "insertions": 1,
            "deletions": 1
          }
        ]
      },
      {
        "insertions": 51,
        "deletions": 18,
        "date": "2019-10-02",
        "commitResults": [
          {
            "hash": "35bb266b4b2a5dab92cf8b3db7e1d5eca4420afb",
            "messageTitle": "Add new features and their command into user guide",
            "messageBody": "",
            "insertions": 51,
            "deletions": 18
          }
        ]
      },
      {
        "insertions": 379,
        "deletions": 3,
        "date": "2019-10-14",
        "commitResults": [
          {
            "hash": "3d065e7ab8d6a68a4c247cbd3384fb65c67240fc",
            "messageTitle": "Implement undo and redo feature for add and delete commands (#86)",
            "messageBody": "* Implement undo and redo feature for add and delete commands\r\n\r\n* Implement undo and redo feature for add and delete commands - rectified\r\n\r\n* Resolve checkstyle issues\r\n\r\n* Refactor exception handling portion of EventFactory\r\n\r\n* Remove repeated undo or redo calls in the execute methods to improve code cleanliness\r\n\r\n* Resolve checkstyle issues\r\n\r\nClose #59 \r\nClose #61",
            "insertions": 379,
            "deletions": 3
          }
        ]
      },
      {
        "insertions": 204,
        "deletions": 6,
        "date": "2019-10-15",
        "commitResults": [
          {
            "hash": "dead4ba241faa5a6837507b1af127725f5bdd761",
            "messageTitle": "Add Undo Feature for Edit and Clear (#95)",
            "messageBody": "* Implement undo and redo feature for add and delete commands\r\n\r\n* Implement undo and redo feature for add and delete commands - rectified\r\n\r\n* Resolve checkstyle issues\r\n\r\n* Implement undo feature for Edit command\r\n\r\n* Implement undo feature for Clear command\r\n\r\n* Refactor exception handling portion of EventFactory\r\n\r\n* Resolve minor checkstyle issues\r\n\r\n* Remove repeated undo or redo calls in the execute methods to improve code cleanliness\r\n\r\n* Update comments\r\n\r\n* Clean up inner workings of ClearCommand\r\n\r\n* Fix checkstyle and update method docs\r\n\r\nClose #62 ",
            "insertions": 204,
            "deletions": 6
          }
        ]
      },
      {
        "insertions": 1064,
        "deletions": 265,
        "date": "2019-10-23",
        "commitResults": [
          {
            "hash": "686891c2aba0b0e8fecbb1a10d93a7ca0843e6e9",
            "messageTitle": "Feature undo for regime (#102)",
            "messageBody": "* Refactor CommandToEvent method in EventFactory to check for command word string\r\n\r\n* Implement undo for add regime command\r\n\r\n* Implement undo for delete regime and also add new EventPayload class to manage payload\r\n\r\n* Refactor undo-redo code to make use of EventPayload when sharing important data\r\n\r\n* Resolve checkstyle issues\r\n\r\n* Clean up code for events and commands classes\r\n\r\n* Include javadoc comments for ResourceTypeDependentCommand\r\n\r\nCloses #65 ",
            "insertions": 706,
            "deletions": 177
          },
          {
            "hash": "1f6ce0da2849cbd120a56e42d5378843a1c2bc02",
            "messageTitle": "Update DG undo feature (#110)",
            "messageBody": "* Update UndoSequenceDiagram\r\n\r\n* Add sequence and activity diagrams for undo\r\n\r\n* Add UML Diagram for Event Package\r\n\r\n* Update undo implementation in DG\r\n\r\n* Remove traces of address, persons and contacts\r\n",
            "insertions": 358,
            "deletions": 88
          }
        ]
      }
    ],
    "jietung": [
      {
        "insertions": 55,
        "deletions": 21,
        "date": "2019-10-01",
        "commitResults": [
          {
            "hash": "148cb21b481956946169f516ad61eee01261eb2a",
            "messageTitle": "Update User Guide",
            "messageBody": "",
            "insertions": 55,
            "deletions": 21
          }
        ]
      },
      {
        "insertions": 882,
        "deletions": 882,
        "date": "2019-10-03",
        "commitResults": [
          {
            "hash": "cbf9c3b46d1c8c7dd3cdc8257683c6a516fdf2dd",
            "messageTitle": "Refactor code",
            "messageBody": "",
            "insertions": 841,
            "deletions": 842
          },
          {
            "hash": "30eff2d7f3fd10865a3d96da90cb0f3a8e97f13c",
            "messageTitle": "Refactor code in tests",
            "messageBody": "",
            "insertions": 39,
            "deletions": 39
          },
          {
            "hash": "9d95a2f9384d526d5fdb7709b77a012ef4a861c1",
            "messageTitle": "Refactor code to pass checkstyle",
            "messageBody": "",
            "insertions": 2,
            "deletions": 1
          }
        ]
      },
      {
        "insertions": 341,
        "deletions": 95,
        "date": "2019-10-04",
        "commitResults": [
          {
            "hash": "1c6be6a679ee6709aa8d14bd98b1efbc2ac23792",
            "messageTitle": "Add unit and refactor code",
            "messageBody": "",
            "insertions": 163,
            "deletions": 36
          },
          {
            "hash": "14917688d3778d31d7e10da851335979872e288c",
            "messageTitle": "Add tests for unit",
            "messageBody": "",
            "insertions": 178,
            "deletions": 59
          }
        ]
      },
      {
        "insertions": 70,
        "deletions": 33,
        "date": "2019-10-07",
        "commitResults": [
          {
            "hash": "37107ffe103e3d5cd7932dcb6d66d0ffffd7cdb2",
            "messageTitle": "Refactor code in main and tests",
            "messageBody": "",
            "insertions": 22,
            "deletions": 21
          },
          {
            "hash": "862252721982257d51aa45a5dbab2a0415693e61",
            "messageTitle": "Add tests for unit",
            "messageBody": "",
            "insertions": 48,
            "deletions": 12
          }
        ]
      },
      {
        "insertions": 1812,
        "deletions": 291,
        "date": "2019-10-12",
        "commitResults": [
          {
            "hash": "b44a7ed8d99a54724944205ccddfd9cde65b9dfe",
            "messageTitle": "Crud regime (#90)",
            "messageBody": "* Move muscle to exercise package\r\n\r\n* Add Regime\r\n\r\n* Add  UniqueRegimeList\r\n\r\n* Add regime to AddCommand\r\n\r\n* Add regime to UI\r\n\r\n* Add regime to storage\r\n\r\n* Edit tests\r\n\r\n* Seperate AddCommand to AddECommand and AddRCommand\r\n\r\n* Implement delete regime\r\n\r\n* Add sample data and edit command message\r\n\r\n* Refactor code\r\n\r\n* Refactor code\r\n\r\n* Change regimeName to be compulsory field\r\n\r\n* Implement add exercise to same regime name\r\n\r\n* Implement delete of exercises in regime\r\n\r\n* Change messages in logic\r\n\r\n* Refactor code to pass checkstyle\r\n\r\n* Refactor code\r\n\r\nClose #66 \r\n",
            "insertions": 1812,
            "deletions": 291
          }
        ]
      },
      {
        "insertions": 125,
        "deletions": 3,
        "date": "2019-10-22",
        "commitResults": [
          {
            "hash": "843acd82f563b37adbc953a73879943fabaf10e7",
            "messageTitle": "Update developer guide (#106)",
            "messageBody": "* Add Statistic sequence diagram and update developer guide\r\n\r\n* Update developer guide\r\n\r\n* Update statisticSequenceDiagram\r\n\r\n* Add StatisticClassDiagram\r\n\r\n* Add StatisticActivityDiagram\r\n\r\n* Add newline at end of file\r\n",
            "insertions": 125,
            "deletions": 3
          }
        ]
      }
    ],
    "weihaw08": [
      {
        "insertions": 3332,
        "deletions": 3251,
        "date": "2019-09-27",
        "commitResults": [
          {
            "hash": "42ddbbd553d08fac5a29e11868d4a7fd29b21c37",
            "messageTitle": "Refactor code base for ExerHealth",
            "messageBody": "",
            "insertions": 3279,
            "deletions": 3201
          },
          {
            "hash": "7aa91db02e203aae92659074e40f043219b40ad0",
            "messageTitle": "Make minor change to MainWindow",
            "messageBody": "",
            "insertions": 52,
            "deletions": 49
          },
          {
            "hash": "d185ea9649935f41db8ec331bc8289da48138ed1",
            "messageTitle": "Make minor changes to test cases",
            "messageBody": "",
            "insertions": 1,
            "deletions": 1
          }
        ]
      },
      {
        "insertions": 326,
        "deletions": 27,
        "date": "2019-09-28",
        "commitResults": [
          {
            "hash": "dbb21167479dce4627144072848be786bed3dc71",
            "messageTitle": "Update AboutUs",
            "messageBody": "",
            "insertions": 326,
            "deletions": 27
          }
        ]
      },
      {
        "insertions": 1672,
        "deletions": 226,
        "date": "2019-10-13",
        "commitResults": [
          {
            "hash": "947152ad2c60fe57554b2623d363f30270f5898c",
            "messageTitle": "Custom property (#92)",
            "messageBody": "* Add custom command\r\n\r\nThe following things are added for this commit:\r\n1. Support for custom command\r\n2. Support for managing existing prefixes and names for\r\nexercise\u0027s properties\r\n3. Enumeration classes for ValidationRegex and ParameterType\r\n4. Support for custom property storage\r\n\r\n* Make changes to code based on feedbacks\r\n\r\nCloses #53",
            "insertions": 1672,
            "deletions": 226
          }
        ]
      },
      {
        "insertions": 1753,
        "deletions": 2350,
        "date": "2019-10-19",
        "commitResults": [
          {
            "hash": "f10cb0b155f9d6ec825dd7831c49b0d65534ee32",
            "messageTitle": "Refactor code base (#98)",
            "messageBody": "* Change short name to prefix name\r\n\r\n* Refactor code base for storage and unique list\r\n\r\n* Make changes to code base\r\n\r\n1. ExerciseBook, RegimeBook and ScheduleBook removed as they can be\r\nreplaced with ReadOnlyResourceBook\u003c\u003e.\r\n2. Changes are made to SerializableResourceBook to ensure that\r\nunchecked casts are avoided.\r\n\r\n* Make minor edits to MainApp file\r\n\r\nCloses #91 and Closes #97 ",
            "insertions": 1753,
            "deletions": 2350
          }
        ]
      },
      {
        "insertions": 525,
        "deletions": 305,
        "date": "2019-10-23",
        "commitResults": [
          {
            "hash": "8d5bd26fdab853df690470ade59b232b33941eff",
            "messageTitle": "Update DG (#108)",
            "messageBody": "* Update custom feature in DG\r\n\r\n* Make minor changes to Logic component in DG\r\n\r\n* Include prefix definition in glossary\r\n\r\n* Fix minor error in code\r\n\r\n* Clean up DG\r\n",
            "insertions": 525,
            "deletions": 305
          }
        ]
      }
    ],
    "kwekke": [
      {
        "insertions": 5,
        "deletions": 6,
        "date": "2019-09-29",
        "commitResults": [
          {
            "hash": "419a5646488cf43bfe3ab050cb8f8f70afb550a9",
            "messageTitle": "Update README.adoc",
            "messageBody": "",
            "insertions": 5,
            "deletions": 6
          }
        ]
      },
      {
        "insertions": 56,
        "deletions": 4,
        "date": "2019-10-02",
        "commitResults": [
          {
            "hash": "a04bdcc91d6f6ff305d1e10a8df3363700d33746",
            "messageTitle": "Update user guide",
            "messageBody": "",
            "insertions": 56,
            "deletions": 4
          }
        ]
      },
      {
        "insertions": 543,
        "deletions": 122,
        "date": "2019-10-14",
        "commitResults": [
          {
            "hash": "43dd78d464b66defd2137248beee5a3e411acfdd",
            "messageTitle": "Add suggest command (#93)",
            "messageBody": "* Add suggest basic command\r\n\r\n* Merge upstream to branch\r\n\r\n* Refactor code\r\n\r\n* Refactor code\r\n\r\n* Fix checkstyle\r\n\r\n* Fix tests\r\n\r\n* Fix checkstyle\r\n\r\nCloses #67 and closes #94 \r\n",
            "insertions": 543,
            "deletions": 122
          }
        ]
      },
      {
        "insertions": 242,
        "deletions": 84,
        "date": "2019-10-23",
        "commitResults": [
          {
            "hash": "87b55955c1c44bb7fb894ce8308bb4e5151fbf87",
            "messageTitle": "Update Model and Ui portions of DG (#109)",
            "messageBody": "* Edit DG for Model and Ui\r\n\r\n* Fix link for Ui.java\r\n\r\n* Update UML diagram for UiClassDiagram\r\n",
            "insertions": 96,
            "deletions": 83
          },
          {
            "hash": "656a3182d52a138c36c0fd3d501375d260d1b7cb",
            "messageTitle": "Update developer guide suggest feature (#111)",
            "messageBody": "* Update Developer\u0027s Guide for Suggest feature\r\n\r\n* Update DG\r\n",
            "insertions": 146,
            "deletions": 1
          }
        ]
      },
      {
        "insertions": 422,
        "deletions": 2,
        "date": "2019-10-24",
        "commitResults": [
          {
            "hash": "ac13b6ab1becf653fc67b0a346563d183c49b6c0",
            "messageTitle": "Add test custom property (#96)",
            "messageBody": "* Add tests to Custom Property feature\r\n\r\n* Fix tests\r\n\r\n* Rename variables\r\n",
            "insertions": 422,
            "deletions": 2
          }
        ]
      }
    ]
  },
  "authorFinalContributionMap": {
    "t-cheepeng": 2044,
    "garylyp": 1760,
    "jietung": 2064,
    "weihaw08": 5395,
    "kwekke": 1090
  },
  "authorFileTypeContributionMap": {
    "t-cheepeng": {
      "docs": 287,
      "tests": 58,
      "functional": 1520,
      "other": 179
    },
    "garylyp": {
      "docs": 373,
      "tests": 0,
      "functional": 1150,
      "other": 237
    },
    "jietung": {
      "docs": 88,
      "tests": 668,
      "functional": 1212,
      "other": 96
    },
    "weihaw08": {
      "docs": 149,
      "tests": 1768,
      "functional": 3337,
      "other": 141
    },
    "kwekke": {
      "docs": 109,
      "tests": 492,
      "functional": 313,
      "other": 176
    }
  },
  "authorContributionVariance": {
    "t-cheepeng": 58112.586,
    "garylyp": 39316.434,
    "jietung": 149458.25,
    "weihaw08": 1239152.9,
    "kwekke": 14019.034
  },
  "authorDisplayNameMap": {
    "t-cheepeng": "CS2103T-T09-2 TAN C ...  PENG",
    "garylyp": "CS2103T-T09-2 LIM Y ...  GARY",
    "jietung": "CS2103T-T09-2 CHAI  ...  TUNG",
    "weihaw08": "CS2103T-T09-2 HO WE ... I HAW",
    "kwekke": "CS2103T-T09-2 KWEK  ... EE EN"
  }
}
