{
  "authorDailyContributionsMap": {
    "Davidcwh": [
      {
        "insertions": 19,
        "deletions": 19,
        "date": "2019-09-27",
        "commitResults": [
          {
            "hash": "bb0591623a9559e0d88ed78aecc9e1aa13bbb990",
            "messageTitle": "Updated names, roles and links in AboutUs (no pictures yet)",
            "messageBody": "",
            "insertions": 19,
            "deletions": 19
          }
        ]
      },
      {
        "insertions": 4,
        "deletions": 4,
        "date": "2019-09-29",
        "commitResults": [
          {
            "hash": "e3c5ece8fa89ea01b3124a91aec4c5e4febfed0b",
            "messageTitle": "Updated pictures in AboutUs",
            "messageBody": "",
            "insertions": 4,
            "deletions": 4
          }
        ]
      },
      {
        "insertions": 220,
        "deletions": 19,
        "date": "2019-10-02",
        "commitResults": [
          {
            "hash": "05bb264c963957d4af600e2b631fddaec4695e3e",
            "messageTitle": "sync upstream with fork test",
            "messageBody": "",
            "insertions": 1,
            "deletions": 1
          },
          {
            "hash": "4e28cd36a1f61b161b575bf84a9cc6b228bb9d27",
            "messageTitle": "Updated Developer Guide (user stories, use cases, NFRs, glossary)",
            "messageBody": "",
            "insertions": 219,
            "deletions": 18
          }
        ]
      },
      {
        "insertions": 243,
        "deletions": 42,
        "date": "2019-10-03",
        "commitResults": [
          {
            "hash": "b1e97f53b67a9fc63afc41726d70bcd429ec2826",
            "messageTitle": "Updated names, roles and links in AboutUs (no pictures yet)",
            "messageBody": "",
            "insertions": 19,
            "deletions": 19
          },
          {
            "hash": "4f808afe83fd12a6360c79ec91bcbbf1b098dd07",
            "messageTitle": "Updated pictures in AboutUs",
            "messageBody": "",
            "insertions": 4,
            "deletions": 4
          },
          {
            "hash": "4a9a0f32fe57a11366cbdae50ad016d12b573ee2",
            "messageTitle": "sync upstream with fork test",
            "messageBody": "",
            "insertions": 1,
            "deletions": 1
          },
          {
            "hash": "9ef99e2f2cdc43f33765976902ecdc478a22d988",
            "messageTitle": "Updated Developer Guide (user stories, use cases, NFRs, glossary)",
            "messageBody": "",
            "insertions": 219,
            "deletions": 18
          }
        ]
      },
      {
        "insertions": 38,
        "deletions": 38,
        "date": "2019-10-07",
        "commitResults": [
          {
            "hash": "53b2b0cb3d4ce7a62b23b48bdca211173a83572a",
            "messageTitle": "Changed \"Financial Tracker\" to \"Billboard\" in User Guide",
            "messageBody": "",
            "insertions": 4,
            "deletions": 4
          },
          {
            "hash": "2636279e635c29e2b20018dc2a2813eaed281a91",
            "messageTitle": "Changed \"Financial Tracker\" to \"Billboard\" in Developer Guide",
            "messageBody": "",
            "insertions": 32,
            "deletions": 32
          },
          {
            "hash": "81aef8808ed43522f50a0a04278bc1a5e426f9a9",
            "messageTitle": "Changed \"Financial Tracker\" to \"Billboard\" in README",
            "messageBody": "",
            "insertions": 1,
            "deletions": 1
          },
          {
            "hash": "b5dec28ade936aed271cdce2809d5bd5fc333114",
            "messageTitle": "Minor change in Developer guide",
            "messageBody": "",
            "insertions": 1,
            "deletions": 1
          }
        ]
      },
      {
        "insertions": 9,
        "deletions": 38,
        "date": "2019-10-10",
        "commitResults": [
          {
            "hash": "f8f2f4d6b02c926edbacb232717c02decf6fd1e1",
            "messageTitle": "Fixed addressbooktest failures",
            "messageBody": "",
            "insertions": 4,
            "deletions": 6
          },
          {
            "hash": "d4024a16800c127ce94b747def90c17dafd0aa29",
            "messageTitle": "Fixed JsonAdaptedExpenseTest failures",
            "messageBody": "",
            "insertions": 4,
            "deletions": 31
          },
          {
            "hash": "370e6f81e5986a2937a6c8a127accab557a5f704",
            "messageTitle": "Resolved FindCommandTest failure",
            "messageBody": "",
            "insertions": 1,
            "deletions": 1
          }
        ]
      },
      {
        "insertions": 7,
        "deletions": 7,
        "date": "2019-10-11",
        "commitResults": [
          {
            "hash": "38f7c06349c9a237218e7f596b588c44c2e433a4",
            "messageTitle": "Unresolved JsonAddressBookStorageTest",
            "messageBody": "",
            "insertions": 7,
            "deletions": 7
          }
        ]
      },
      {
        "insertions": 628,
        "deletions": 146,
        "date": "2019-10-12",
        "commitResults": [
          {
            "hash": "2da4e0ccfa9ebf3321b4838a15ed430c68938de8",
            "messageTitle": "Integrated Archive into Storage structure",
            "messageBody": "",
            "insertions": 224,
            "deletions": 34
          },
          {
            "hash": "816fc36186e917ee9ea50da376f81a5f1fc7457f",
            "messageTitle": "Integrated Archive into Model Structure",
            "messageBody": "",
            "insertions": 219,
            "deletions": 55
          },
          {
            "hash": "8b3e94213f850ffab7c888808aead7eece7adca8",
            "messageTitle": "Added List Archive feature + Fixed Minor Archive Storage bug",
            "messageBody": "",
            "insertions": 71,
            "deletions": 22
          },
          {
            "hash": "2d94d32b6db67511dd4f5e6a044b95a8ddd26fbb",
            "messageTitle": "FIxed Test Compile Errors due to Storage and Model changes made",
            "messageBody": "",
            "insertions": 114,
            "deletions": 35
          }
        ]
      },
      {
        "insertions": 245,
        "deletions": 66,
        "date": "2019-10-13",
        "commitResults": [
          {
            "hash": "d8152179edcd8259729b95590041fd3f9e31e7c6",
            "messageTitle": "Added multi archives structure in Model",
            "messageBody": "",
            "insertions": 245,
            "deletions": 66
          }
        ]
      },
      {
        "insertions": 265,
        "deletions": 112,
        "date": "2019-10-14",
        "commitResults": [
          {
            "hash": "47cf1195fa8bac4cf821c9972b017b7d08f8c244",
            "messageTitle": "Added Archive class + implemented multi archive structure to Storage",
            "messageBody": "",
            "insertions": 265,
            "deletions": 112
          }
        ]
      },
      {
        "insertions": 640,
        "deletions": 626,
        "date": "2019-10-15",
        "commitResults": [
          {
            "hash": "6f686dfdef21f53ffbc6d03f9b9c3615f0639f1f",
            "messageTitle": "Implemented Json archive",
            "messageBody": "",
            "insertions": 194,
            "deletions": 28
          },
          {
            "hash": "86e41b1fe79e90ce1331d9d8ecdb3c1ca2048277",
            "messageTitle": "Remodeled archive system (Rough changes)",
            "messageBody": "",
            "insertions": 122,
            "deletions": 40
          },
          {
            "hash": "a0fb781b599185778abe4bb2b9d16856ffa2249f",
            "messageTitle": "Polished Model for Archive features, Implemented list archive names + add expense to archive commands",
            "messageBody": "",
            "insertions": 255,
            "deletions": 483
          },
          {
            "hash": "6a1a755b95973e7496ebac4b96d102c0d2f22137",
            "messageTitle": "Fixed Test compile errors",
            "messageBody": "",
            "insertions": 69,
            "deletions": 75
          }
        ]
      },
      {
        "insertions": 1111,
        "deletions": 302,
        "date": "2019-10-16",
        "commitResults": [
          {
            "hash": "9a12afa9b6f4c138d91e1b364341c023d0210d7b",
            "messageTitle": "Wrote tests for Archive, ArchiveWrapper, Billoboard, ModelManager classes",
            "messageBody": "",
            "insertions": 549,
            "deletions": 54
          },
          {
            "hash": "1836a926da39c8780c26ac71b6eebb8f5f5996a2",
            "messageTitle": "Wrote tests for Commands and CommandParsers",
            "messageBody": "",
            "insertions": 321,
            "deletions": 18
          },
          {
            "hash": "8fa8edfd508c59924429e54c67aa17be3591a7c3",
            "messageTitle": "Fixed Checkstyle",
            "messageBody": "",
            "insertions": 187,
            "deletions": 175
          },
          {
            "hash": "417cb5598ee6b1cb9645a4f058e8a4d630b57db3",
            "messageTitle": "Fixed test fails",
            "messageBody": "",
            "insertions": 51,
            "deletions": 52
          },
          {
            "hash": "d31993f29b4faf985f8e879e89fac6a9c40123ba",
            "messageTitle": "Minor checkstyle fix",
            "messageBody": "",
            "insertions": 2,
            "deletions": 2
          },
          {
            "hash": "19b8063cb15667ed41d84464de8f4901b6f1a01c",
            "messageTitle": "Fixed Minor checkstyle errors after pulling from master",
            "messageBody": "",
            "insertions": 1,
            "deletions": 1
          }
        ]
      },
      {
        "insertions": 799,
        "deletions": 104,
        "date": "2019-10-19",
        "commitResults": [
          {
            "hash": "2f7dd01e044338ecd3e6b06dd4ebb0422b7a49ad",
            "messageTitle": "Remodeled archive related commands to inherit from ArchiveCommand + added ArchiveCommandParser",
            "messageBody": "",
            "insertions": 88,
            "deletions": 21
          },
          {
            "hash": "6c4980912d9b294ef5521f3106a2d62d731ad902",
            "messageTitle": "Implemented Revert archive expense feature",
            "messageBody": "",
            "insertions": 179,
            "deletions": 20
          },
          {
            "hash": "2e4c7d9ab556645c9516860a36aae1af9c1f4702",
            "messageTitle": "Wrote tests for RevertArchiveCommand + RevertArchiveCommandParser",
            "messageBody": "",
            "insertions": 154,
            "deletions": 5
          },
          {
            "hash": "d64790a3ffb5d3ecd6bac836cdd16a65cdd69b11",
            "messageTitle": "Wrote tests for DeleteArchiveCommand, DeleteArchiveCommand + Fixed checkstyle",
            "messageBody": "",
            "insertions": 356,
            "deletions": 32
          },
          {
            "hash": "bceda327c75093e075c4805d4413d8bab73c3886",
            "messageTitle": "Updated archive section in UserGuide",
            "messageBody": "",
            "insertions": 22,
            "deletions": 26
          }
        ]
      },
      {
        "insertions": 62,
        "deletions": 58,
        "date": "2019-10-21",
        "commitResults": [
          {
            "hash": "2092e14729bcc4f4c417d5647d5b9aeb31118ae5",
            "messageTitle": "Updated DG class diagrams under \"Design\" section",
            "messageBody": "",
            "insertions": 52,
            "deletions": 48
          },
          {
            "hash": "4860928ac542cc013ffe05699b18d212754134de",
            "messageTitle": "Edited DeleteSequenceDiagram under \"Design\" section",
            "messageBody": "",
            "insertions": 10,
            "deletions": 10
          }
        ]
      },
      {
        "insertions": 245,
        "deletions": 17,
        "date": "2019-10-22",
        "commitResults": [
          {
            "hash": "219d537c374edafab4b1a1379830cca0b7531828",
            "messageTitle": "Added \"Modeling Archive\" section",
            "messageBody": "",
            "insertions": 69,
            "deletions": 4
          },
          {
            "hash": "ce75c9abda015cd595883872cecbcfa760125c41",
            "messageTitle": "Added \"Storing archive\" and \"Design Considerations\" sections",
            "messageBody": "",
            "insertions": 37,
            "deletions": 4
          },
          {
            "hash": "6950516dee9ebd2303f76a55040cb301efeb3198",
            "messageTitle": "Added Sequence and Activity diagrams",
            "messageBody": "",
            "insertions": 137,
            "deletions": 5
          },
          {
            "hash": "603111052ff577983e801932582586752529afee",
            "messageTitle": "Fix checkstyle",
            "messageBody": "",
            "insertions": 0,
            "deletions": 2
          },
          {
            "hash": "2efbb3c049f19f2bfeccb11b008ae88b6b0e37cf",
            "messageTitle": "Fix checkstyle (again)",
            "messageBody": "",
            "insertions": 2,
            "deletions": 2
          }
        ]
      }
    ],
    "xinmingzh": [
      {
        "insertions": 3,
        "deletions": 2,
        "date": "2019-10-01",
        "commitResults": [
          {
            "hash": "577181dfed5152869f7e29b656dbe0fa28775e6f",
            "messageTitle": "Personalize ContactUs page",
            "messageBody": "",
            "insertions": 3,
            "deletions": 2
          }
        ]
      },
      {
        "insertions": 21,
        "deletions": 16,
        "date": "2019-10-03",
        "commitResults": [
          {
            "hash": "7d4f02621dd1364dbd08e7d0dd6a85be4b98ad28",
            "messageTitle": "Update ui image for readme doc",
            "messageBody": "",
            "insertions": 4,
            "deletions": 4
          },
          {
            "hash": "449511e28e2c594af958266e4445903d49fdc805",
            "messageTitle": "Update readme and contact us doc",
            "messageBody": "",
            "insertions": 2,
            "deletions": 3
          },
          {
            "hash": "e5eb354644d5af80dcf9c0759cf6df7c28ce14af",
            "messageTitle": "Update readme: credit se-edu and add target users",
            "messageBody": "",
            "insertions": 6,
            "deletions": 0
          },
          {
            "hash": "85b85e300e802f27ae20bf54dbc49616c7ae57db",
            "messageTitle": "Personalize ContactUs page",
            "messageBody": "",
            "insertions": 3,
            "deletions": 2
          },
          {
            "hash": "e553ca9780195ca334fdf345ffd7a8573f08577c",
            "messageTitle": "Update ui image for readme doc",
            "messageBody": "",
            "insertions": 4,
            "deletions": 4
          },
          {
            "hash": "6666a5f44abf93b6d6cdde38f83e1e77978227d4",
            "messageTitle": "Update readme and contact us doc",
            "messageBody": "",
            "insertions": 2,
            "deletions": 3
          }
        ]
      },
      {
        "insertions": 1,
        "deletions": 1,
        "date": "2019-10-09",
        "commitResults": [
          {
            "hash": "7eee4c31ee9cfcfde201227503cbeda0b7333482",
            "messageTitle": "Update download link to app in user guide",
            "messageBody": "",
            "insertions": 1,
            "deletions": 1
          }
        ]
      },
      {
        "insertions": 234,
        "deletions": 57,
        "date": "2019-10-17",
        "commitResults": [
          {
            "hash": "4650289db00fb438fa31e6b4bdd2874ef1a01cc4",
            "messageTitle": "Update find command to accept input format: find \u003cfindtype\u003e \u003cargs\u003e",
            "messageBody": "Currently only accepts \u0027name\u0027 as \u003cfindtype\u003e\n",
            "insertions": 22,
            "deletions": 6
          },
          {
            "hash": "5c3c5c6c990e922d96aa158f2564ec2af80acd76",
            "messageTitle": "Implement findtypes: all (name and desc), amt",
            "messageBody": "",
            "insertions": 105,
            "deletions": 3
          },
          {
            "hash": "1dc54658d74f3f56111d13aaa14476d6f6340331",
            "messageTitle": "Implement findtype: date",
            "messageBody": "",
            "insertions": 65,
            "deletions": 4
          },
          {
            "hash": "28ee0715ff4ef192fc55244a7626de0a7b5f521f",
            "messageTitle": "Fix checkstylemain and test",
            "messageBody": "",
            "insertions": 10,
            "deletions": 11
          },
          {
            "hash": "0eca0b6ea8ff6e30facfbd026a27b7e34a7423fc",
            "messageTitle": "Update user guide - filter and sort",
            "messageBody": "",
            "insertions": 32,
            "deletions": 33
          }
        ]
      }
    ],
    "waifonglee": [
      {
        "insertions": 6,
        "deletions": 4,
        "date": "2019-10-10",
        "commitResults": [
          {
            "hash": "19495111754ce3f6eab7968a5533be6a949d6516",
            "messageTitle": "resolve Namecontainskeywordspredicatetest failure",
            "messageBody": "",
            "insertions": 1,
            "deletions": 1
          },
          {
            "hash": "3691f04a5f8450c2ffa5e5d54ad309ec34c46f2a",
            "messageTitle": "fixed AddCommandParserTest error",
            "messageBody": "",
            "insertions": 5,
            "deletions": 3
          }
        ]
      },
      {
        "insertions": 133,
        "deletions": 190,
        "date": "2019-10-11",
        "commitResults": [
          {
            "hash": "049cf62ca05f16fa9a248abc31d2dbc85bafea9d",
            "messageTitle": "fixed checkstyleMain errors",
            "messageBody": "",
            "insertions": 74,
            "deletions": 179
          },
          {
            "hash": "73014534d981acd542e10a6852554527de71bbba",
            "messageTitle": "wrote parserutil Tests and made changes to some code to make desc optional",
            "messageBody": "",
            "insertions": 59,
            "deletions": 11
          }
        ]
      },
      {
        "insertions": 68,
        "deletions": 3,
        "date": "2019-10-13",
        "commitResults": [
          {
            "hash": "5189fe9b4c4df029a48b75dbee9f28a7cd67f12c",
            "messageTitle": "Implemented UniqueTagList partially",
            "messageBody": "",
            "insertions": 45,
            "deletions": 0
          },
          {
            "hash": "b623a6cc6a85d3a0b1ad3bbd0ddd8a11c999c12e",
            "messageTitle": "implemented retrieveTags in uniquetaglist",
            "messageBody": "",
            "insertions": 23,
            "deletions": 3
          }
        ]
      },
      {
        "insertions": 27,
        "deletions": 0,
        "date": "2019-10-14",
        "commitResults": [
          {
            "hash": "641f90ceed455c038b666636d0ba06f394ab0ebc",
            "messageTitle": "implement containstagpredicate.java",
            "messageBody": "",
            "insertions": 27,
            "deletions": 0
          }
        ]
      },
      {
        "insertions": 938,
        "deletions": 32,
        "date": "2019-10-15",
        "commitResults": [
          {
            "hash": "06720969e2337fd51fba4d622a95e618b28f5ca6",
            "messageTitle": "write tests and implementation of add tag",
            "messageBody": "",
            "insertions": 689,
            "deletions": 12
          },
          {
            "hash": "450b62acd38f373fa8959102229bf8a5c08334b7",
            "messageTitle": "change AddTagCommand Message_Usage",
            "messageBody": "",
            "insertions": 3,
            "deletions": 2
          },
          {
            "hash": "9bed2901e424696d3885002c48e42d6312d1dbe5",
            "messageTitle": "change method name of test in containsTagPredicateTest",
            "messageBody": "",
            "insertions": 1,
            "deletions": 1
          },
          {
            "hash": "b676a15b126aa2b0f9b4061f7f7ad450512c8d40",
            "messageTitle": "implement filter tag command \u0026 tests",
            "messageBody": "",
            "insertions": 244,
            "deletions": 16
          },
          {
            "hash": "a724a4686d08aa06c0e7001ae8dd88cfe3e8672f",
            "messageTitle": "write filtertagcommandtest",
            "messageBody": "",
            "insertions": 1,
            "deletions": 1
          }
        ]
      },
      {
        "insertions": 439,
        "deletions": 11,
        "date": "2019-10-16",
        "commitResults": [
          {
            "hash": "77783a938911146527d27fe19014c025b7b9ad81",
            "messageTitle": "implement TagCountManager",
            "messageBody": "",
            "insertions": 139,
            "deletions": 8
          },
          {
            "hash": "4eea7a40521c9c4f21018f8060aceb0a7a7b6b01",
            "messageTitle": "write tagcountmanager test",
            "messageBody": "",
            "insertions": 24,
            "deletions": 0
          },
          {
            "hash": "58858ab2cd520cdcfbfafe11f7a10a0b77c6a452",
            "messageTitle": "Finish writing tests for tagcountmanager and integrate it into addtag command",
            "messageBody": "",
            "insertions": 37,
            "deletions": 1
          },
          {
            "hash": "4be4d1c0204ae05713a9ff2782c2ca6688d6e3b4",
            "messageTitle": "implement removetag command",
            "messageBody": "",
            "insertions": 223,
            "deletions": 1
          },
          {
            "hash": "9d396e2ced8a18cf1ca6e6675a02a493cfd80c9c",
            "messageTitle": "added removetagcommand in tag command parser",
            "messageBody": "",
            "insertions": 3,
            "deletions": 0
          },
          {
            "hash": "d28d5a261e380a776440c9d9995853a385ac34e8",
            "messageTitle": "ran checkstyle main",
            "messageBody": "",
            "insertions": 13,
            "deletions": 1
          }
        ]
      },
      {
        "insertions": 162,
        "deletions": 59,
        "date": "2019-10-21",
        "commitResults": [
          {
            "hash": "5b7a70cad91c8b694a08c4aecd1dcfee8ac68696",
            "messageTitle": "clean up code \u0026 checkstyle main",
            "messageBody": "",
            "insertions": 65,
            "deletions": 50
          },
          {
            "hash": "705b974126980fae678d1dc1fa3f185b5ff7669a",
            "messageTitle": "fix billboard stub test",
            "messageBody": "",
            "insertions": 16,
            "deletions": 0
          },
          {
            "hash": "59337261e6c6768d2482aefc8b05a8cab8497d34",
            "messageTitle": "implement list tags command",
            "messageBody": "",
            "insertions": 59,
            "deletions": 0
          },
          {
            "hash": "67a98b68d2a355c165eebabc1a9717fd92f765e8",
            "messageTitle": "corrected Checkstyle",
            "messageBody": "",
            "insertions": 12,
            "deletions": 3
          },
          {
            "hash": "76e1f5e0d5a5570eae3ec50a1413266530fcbb93",
            "messageTitle": "return sorted list in getTagNames",
            "messageBody": "",
            "insertions": 6,
            "deletions": 5
          },
          {
            "hash": "f8ed0c87fe5ca0b7528d9825df2c156ea607419a",
            "messageTitle": "list tag is now sorted by lexicographic order",
            "messageBody": "",
            "insertions": 4,
            "deletions": 1
          }
        ]
      },
      {
        "insertions": 482,
        "deletions": 13,
        "date": "2019-10-22",
        "commitResults": [
          {
            "hash": "9ab09f6719716b7fbd24ad4c24851e4b37d904f1",
            "messageTitle": "write tests for removetag command and listTag command",
            "messageBody": "",
            "insertions": 482,
            "deletions": 13
          }
        ]
      },
      {
        "insertions": 274,
        "deletions": 45,
        "date": "2019-10-23",
        "commitResults": [
          {
            "hash": "a5b93ff6ede0a2b60e009217f2b4b599ebe87fc4",
            "messageTitle": "write tagging DG",
            "messageBody": "",
            "insertions": 198,
            "deletions": 0
          },
          {
            "hash": "868c8b05476001c56353cc03c37386ab016e6b3e",
            "messageTitle": "updated dg format",
            "messageBody": "",
            "insertions": 23,
            "deletions": 21
          },
          {
            "hash": "5c22b0cdcfe80760c6d439a6e745f7d6c3aba94f",
            "messageTitle": "updated modelclassdiagram.puml",
            "messageBody": "",
            "insertions": 7,
            "deletions": 1
          },
          {
            "hash": "3e70763a417f69967078f80e9acf986284032056",
            "messageTitle": "updated model part in developer guide",
            "messageBody": "",
            "insertions": 1,
            "deletions": 0
          },
          {
            "hash": "a9594917cb109baf956ff00088499ef5d602c884",
            "messageTitle": "edited editcommand to update uniquetaglist and tagcountmanager",
            "messageBody": "",
            "insertions": 38,
            "deletions": 14
          },
          {
            "hash": "ef16cbd121d2fe3d58638ae192b310521725e9bd",
            "messageTitle": "ran checkstyle and edited tests for editcommand due to changes",
            "messageBody": "",
            "insertions": 7,
            "deletions": 9
          }
        ]
      }
    ],
    "waynefong0401": [
      {
        "insertions": 122,
        "deletions": 0,
        "date": "2019-09-19",
        "commitResults": [
          {
            "hash": "fa3e3e13439ef82d9b2372a80850f583443f8db1",
            "messageTitle": "Add abstract class record.java and expense.java which extends record",
            "messageBody": "",
            "insertions": 122,
            "deletions": 0
          }
        ]
      },
      {
        "insertions": 16,
        "deletions": 18,
        "date": "2019-09-30",
        "commitResults": [
          {
            "hash": "d93f24566c063066db5709f9fe423696e6640700",
            "messageTitle": "Correct Checkstyle error in  Expense.java and Record.java.",
            "messageBody": "",
            "insertions": 14,
            "deletions": 16
          },
          {
            "hash": "353ef71c6f01706c2660e550df0d9db2ebd351be",
            "messageTitle": "Correct grammar error",
            "messageBody": "",
            "insertions": 1,
            "deletions": 1
          },
          {
            "hash": "b138111820bad42edd9cb7b86b60929baed13484",
            "messageTitle": "Testing Travis",
            "messageBody": "",
            "insertions": 1,
            "deletions": 1
          }
        ]
      },
      {
        "insertions": 18,
        "deletions": 0,
        "date": "2019-10-03",
        "commitResults": [
          {
            "hash": "e504b86991a659ebff56dafa610c7ddf25869ede",
            "messageTitle": "Sample test class added for Expense.java",
            "messageBody": "",
            "insertions": 16,
            "deletions": 0
          },
          {
            "hash": "c6e737497e681588a04f24c0982a7bfe459eecff",
            "messageTitle": "Add empty return for test case",
            "messageBody": "",
            "insertions": 2,
            "deletions": 0
          }
        ]
      },
      {
        "insertions": 10,
        "deletions": 9,
        "date": "2019-10-04",
        "commitResults": [
          {
            "hash": "640ef3a2a244aa5c4df0aea248c611c843632c45",
            "messageTitle": "Add new line to EOF of ExpenseTest.java",
            "messageBody": "",
            "insertions": 1,
            "deletions": 1
          },
          {
            "hash": "f246ad4ac3d36f617534be08b87250a313f8b89b",
            "messageTitle": "Remove * import from test class",
            "messageBody": "",
            "insertions": 2,
            "deletions": 1
          },
          {
            "hash": "6649fa46f1ccebd16727d9054ea05fcc2900cb1c",
            "messageTitle": "comment out unused import",
            "messageBody": "",
            "insertions": 2,
            "deletions": 2
          },
          {
            "hash": "cdcf921a6b4303f8bab0890439ae535fdde1c611",
            "messageTitle": "no message",
            "messageBody": "",
            "insertions": 2,
            "deletions": 2
          },
          {
            "hash": "2553ddaaf33a4674b59f025812e6eddcdc420a27",
            "messageTitle": "no message",
            "messageBody": "",
            "insertions": 1,
            "deletions": 1
          },
          {
            "hash": "0c36f99d8988283018b92e97991463380d3c1dd0",
            "messageTitle": "Update site-name to \"Financial Tracker\" in build.gradle",
            "messageBody": "",
            "insertions": 1,
            "deletions": 1
          },
          {
            "hash": "f61c782e6241ce5c931c2d70c4d8b7e9c63e75cc",
            "messageTitle": "Update the github url",
            "messageBody": "",
            "insertions": 1,
            "deletions": 1
          }
        ]
      },
      {
        "insertions": 757,
        "deletions": 757,
        "date": "2019-10-07",
        "commitResults": [
          {
            "hash": "357f64a5faf6a468ee72421892ec567d0709a5e7",
            "messageTitle": "Changing address book to billboard.",
            "messageBody": "",
            "insertions": 757,
            "deletions": 756
          },
          {
            "hash": "ce56b3349eac554d92e7cb9dbd3cfe8563983317",
            "messageTitle": "Delete comment",
            "messageBody": "",
            "insertions": 0,
            "deletions": 1
          }
        ]
      },
      {
        "insertions": 1524,
        "deletions": 1460,
        "date": "2019-10-10",
        "commitResults": [
          {
            "hash": "e4771189c81b509ddecdba669141542068b54b3c",
            "messageTitle": "Change from Address book level 3 to Billboard",
            "messageBody": "",
            "insertions": 1351,
            "deletions": 1238
          },
          {
            "hash": "4abce9806cc578080ee5108850580fda709bb031",
            "messageTitle": "EditCmd debug finished",
            "messageBody": "",
            "insertions": 7,
            "deletions": 3
          },
          {
            "hash": "ddcf08cab7ce636aa3fb4022f3f1c36b824b488a",
            "messageTitle": "Debug all equals test case error",
            "messageBody": "",
            "insertions": 14,
            "deletions": 23
          },
          {
            "hash": "2f43272db8de0fd0aa10895786e4d697399d6b1d",
            "messageTitle": "Debug JsonAdaptedExpenseTest.java",
            "messageBody": "",
            "insertions": 136,
            "deletions": 161
          },
          {
            "hash": "b09b3c98f71a96d7a7699cab78bb3e0de8566d5b",
            "messageTitle": "Debug EditCommandParserTest.java, left one test case unsolved",
            "messageBody": "",
            "insertions": 16,
            "deletions": 35
          }
        ]
      },
      {
        "insertions": 43,
        "deletions": 48,
        "date": "2019-10-11",
        "commitResults": [
          {
            "hash": "8ad927f5a55577fdcf7ecf164e653caeb8c2e347",
            "messageTitle": "Correct checkstyle for test classes",
            "messageBody": "",
            "insertions": 43,
            "deletions": 48
          }
        ]
      },
      {
        "insertions": 103,
        "deletions": 87,
        "date": "2019-10-18",
        "commitResults": [
          {
            "hash": "998bc5b6597a00ec6548d5fc5aec97e630913cb4",
            "messageTitle": "Update amount class and UI",
            "messageBody": "",
            "insertions": 38,
            "deletions": 24
          },
          {
            "hash": "ca0b813773433f19827769f707ce31722e4d19c8",
            "messageTitle": "Remove redundant constraint in ExpenseListCard.fxml",
            "messageBody": "",
            "insertions": 0,
            "deletions": 4
          },
          {
            "hash": "2b9da48c58d3280a28515c3179198589b9f1f952",
            "messageTitle": "Update Amount.amount from float to BigDecimal",
            "messageBody": "",
            "insertions": 55,
            "deletions": 40
          },
          {
            "hash": "46280e30546cc5a792f49c347f9898b73e101cfe",
            "messageTitle": "Correct equal method in Amount class and Correct CheckstyleError",
            "messageBody": "",
            "insertions": 10,
            "deletions": 19
          }
        ]
      },
      {
        "insertions": 332,
        "deletions": 4,
        "date": "2019-10-21",
        "commitResults": [
          {
            "hash": "c779b39ea4dabff92f590676d7208c0d4b4d9e45",
            "messageTitle": "Complete Undo features",
            "messageBody": "",
            "insertions": 332,
            "deletions": 4
          }
        ]
      },
      {
        "insertions": 357,
        "deletions": 119,
        "date": "2019-10-23",
        "commitResults": [
          {
            "hash": "9c887e8efe3b133842559d45af12920acee15d83",
            "messageTitle": "Resolve undo bug in tagging,",
            "messageBody": "",
            "insertions": 30,
            "deletions": 20
          },
          {
            "hash": "097457c904c533ea41052cea3934b25b1f2bc7a7",
            "messageTitle": "Fixed checkstyle error and delete dead codes",
            "messageBody": "",
            "insertions": 15,
            "deletions": 7
          },
          {
            "hash": "937d9f319dfc544abd6a8e876325b56b6151b981",
            "messageTitle": "Implement history command and make up and down key in textfiled show previous command",
            "messageBody": "",
            "insertions": 160,
            "deletions": 13
          },
          {
            "hash": "eecb0419c449142b44146aa0a390efeaec08bcce",
            "messageTitle": "Make History record all command including those are not executed",
            "messageBody": "",
            "insertions": 3,
            "deletions": 3
          },
          {
            "hash": "69eb6b9a629137052ff9c9e9d07e0a0aab35022e",
            "messageTitle": "Implemented redo features",
            "messageBody": "",
            "insertions": 149,
            "deletions": 76
          }
        ]
      },
      {
        "insertions": 310,
        "deletions": 113,
        "date": "2019-10-24",
        "commitResults": [
          {
            "hash": "11c3e8190807d692de3856bc451c8d51eeebf311",
            "messageTitle": "Test cases and checkstyle done",
            "messageBody": "",
            "insertions": 265,
            "deletions": 107
          },
          {
            "hash": "b6f0fa8a0be887f28bce9f2a0df69089732ff2cd",
            "messageTitle": "Debug",
            "messageBody": "",
            "insertions": 3,
            "deletions": 3
          },
          {
            "hash": "9bf7c69c91925d2b2270ff28b9566a4f25c549f2",
            "messageTitle": "Adding intro of undo, redo, history and up/down navigation features to UG",
            "messageBody": "",
            "insertions": 42,
            "deletions": 3
          }
        ]
      }
    ],
    "weiijiie": [
      {
        "insertions": 1,
        "deletions": 1,
        "date": "2019-09-12",
        "commitResults": [
          {
            "hash": "15cf51106fcbc4b7ae56308934ac0e79a131422d",
            "messageTitle": "Change build status badge to reflect our own repo\u0027s build status",
            "messageBody": "",
            "insertions": 1,
            "deletions": 1
          }
        ]
      },
      {
        "insertions": 1,
        "deletions": 2,
        "date": "2019-09-13",
        "commitResults": [
          {
            "hash": "3b597d92704bfba0ec4f1407c3f01896daccef46",
            "messageTitle": "Remove gitter chat badge",
            "messageBody": "",
            "insertions": 0,
            "deletions": 1
          },
          {
            "hash": "4d0b91a47eca6ecad3630030b49c0c6b5796616a",
            "messageTitle": "Change coveralls badge to use badge for own repo",
            "messageBody": "",
            "insertions": 1,
            "deletions": 1
          }
        ]
      },
      {
        "insertions": 351,
        "deletions": 118,
        "date": "2019-10-02",
        "commitResults": [
          {
            "hash": "bf750708c99f2753ed64cf4d128234858c571248",
            "messageTitle": "Updated User Guide to project specific one",
            "messageBody": "",
            "insertions": 351,
            "deletions": 115
          },
          {
            "hash": "92e2e34c77b8d4af81a4997539146f7fa389e11e",
            "messageTitle": "Fixed extra section dividers issue",
            "messageBody": "",
            "insertions": 0,
            "deletions": 3
          }
        ]
      },
      {
        "insertions": 351,
        "deletions": 118,
        "date": "2019-10-03",
        "commitResults": [
          {
            "hash": "bb0df24a9f40600714dc477f4cf4f91415999573",
            "messageTitle": "Updated User Guide to project specific one",
            "messageBody": "",
            "insertions": 351,
            "deletions": 115
          },
          {
            "hash": "49d1658773d694f83e606be9d03ea084858b1346",
            "messageTitle": "Fixed extra section dividers issue",
            "messageBody": "",
            "insertions": 0,
            "deletions": 3
          }
        ]
      },
      {
        "insertions": 1242,
        "deletions": 1538,
        "date": "2019-10-10",
        "commitResults": [
          {
            "hash": "f47fb7027ce2064b630673383ab995df7a17566f",
            "messageTitle": "Refactoring names of some methods",
            "messageBody": "",
            "insertions": 569,
            "deletions": 744
          },
          {
            "hash": "89d8d96d03b671f3ff073d2e8c3aff31a3028135",
            "messageTitle": "Continued refactoring of names of methods and fixing invalid params",
            "messageBody": "Removed certain test cases that were no longer valid due to changing of\nmodels\n",
            "insertions": 515,
            "deletions": 622
          },
          {
            "hash": "da65c62bdd8205e34eca107038a7496d429ea77c",
            "messageTitle": "Final fix of compile errors resulting from model refactoring",
            "messageBody": "Changed most instances of assertTrue(a.equals(b)) to assertEquals(a, b).\nAlso changed a test tag slightly to resolve some test case failures\n",
            "insertions": 139,
            "deletions": 141
          },
          {
            "hash": "e112046410d4de373cb23e41611675c466cf1bf5",
            "messageTitle": "Fixed names in one line that was left out",
            "messageBody": "",
            "insertions": 5,
            "deletions": 5
          },
          {
            "hash": "e379a58124ceb7072ce81fd3a933f307869adfe7",
            "messageTitle": "Deleted obsolete test in UniqueExpenseListTest",
            "messageBody": "Expenses now have no concept of \"identity\"\n",
            "insertions": 0,
            "deletions": 8
          },
          {
            "hash": "8e11259f7a049c3f6c3d5d60e371946ce5f16635",
            "messageTitle": "Fixed failing test in EditCommandParserTest",
            "messageBody": "Test was failing because preix for name was not included in the\ntokenizer, causing a parse error\n",
            "insertions": 14,
            "deletions": 18
          }
        ]
      },
      {
        "insertions": 509,
        "deletions": 538,
        "date": "2019-10-11",
        "commitResults": [
          {
            "hash": "23199ecd7fdaa5ee717a355e4d6d3043b813f703",
            "messageTitle": "Fixed another failing test in EditCommandParserTest",
            "messageBody": "Test was failing because actual and expected values were just not\naligned properly. Changed actual to fit what should be expected.\n",
            "insertions": 6,
            "deletions": 3
          },
          {
            "hash": "5181de1eefe39392502bbcfe1f811cda2c5e83be",
            "messageTitle": "Fixed not setting name in constructor of EditExpenseDescriptorBuilder",
            "messageBody": "Left out setting of the name.\n",
            "insertions": 13,
            "deletions": 9
          },
          {
            "hash": "7f4740735e6a804ad96f5271a5f946751dec89dd",
            "messageTitle": "Fixed misleading variable name",
            "messageBody": "",
            "insertions": 12,
            "deletions": 35
          },
          {
            "hash": "81846fd9ca1eb2acbb7cc4ab6e378bb582b9b4f0",
            "messageTitle": "Fixed file path name which was causing failing test",
            "messageBody": "Also renamed JSON serialized expenses attribute to actually use\n\"expenses\" instead of the old \"persons\" and updated JSON files to match\n",
            "insertions": 10,
            "deletions": 9
          },
          {
            "hash": "dc1933316829435460c2229f4912581c4ffda01f",
            "messageTitle": "Fix unused imports in ParserUtilTest",
            "messageBody": "",
            "insertions": 2,
            "deletions": 5
          },
          {
            "hash": "50f5bbf25f3af611adede5bcbb99d697dc494ee1",
            "messageTitle": "Exhaustive renaming of Person to Expense and AddressBook to Billboard",
            "messageBody": "Rename almost all instances of Person and AddressBook in method, class,\nvariable names and file paths to Expense and AddressBook. Excluded\nUi classes to be refactored in the future when work on Ui begins.\n",
            "insertions": 464,
            "deletions": 473
          },
          {
            "hash": "8d966c8a9a7dc4704d95f2672b3735c22f740659",
            "messageTitle": "Fix small checkstyle error",
            "messageBody": "",
            "insertions": 2,
            "deletions": 2
          },
          {
            "hash": "18db6a1c3e3ce1667e8236118779c68eb7224ee6",
            "messageTitle": "Fix more small checkstyle errors",
            "messageBody": "",
            "insertions": 0,
            "deletions": 2
          }
        ]
      },
      {
        "insertions": 466,
        "deletions": 13,
        "date": "2019-10-13",
        "commitResults": [
          {
            "hash": "278ecfbdcbf74acc5c1d57f4d8e45e6a008f521b",
            "messageTitle": "Implemented DateRange, DateInterval enum and tests",
            "messageBody": "DateRange represents a range of dates from start date to end date, and\ncan split itself into smaller date ranges representing days, weeks,\nmonths and years, using the DateInterval enum.\n",
            "insertions": 348,
            "deletions": 0
          },
          {
            "hash": "299c0a1c7263089db33224af6300b336c01c77ff",
            "messageTitle": "Implemented ExpenseTimeline and wrote tests",
            "messageBody": "ExpenseTimeline encapsulates the aggregate expenses per interval of\ntime, over a specified range of time. Also imported hamcrest, to aid\nwith writing understandable tests.\n",
            "insertions": 117,
            "deletions": 13
          },
          {
            "hash": "21274df7ddcdd94eb80a294489ca209f1ad8bcd1",
            "messageTitle": "Fix checkstyle",
            "messageBody": "",
            "insertions": 1,
            "deletions": 0
          }
        ]
      },
      {
        "insertions": 941,
        "deletions": 195,
        "date": "2019-10-16",
        "commitResults": [
          {
            "hash": "0faacafd0bfddc9e991454309c5bb210d4b22561",
            "messageTitle": "Implemented skeleton StatisticsGenerator class and Statistics interface",
            "messageBody": "",
            "insertions": 53,
            "deletions": 2
          },
          {
            "hash": "a4a9d9156c0acb5c288a45342b934ae8a7619ceb",
            "messageTitle": "Added created date field for Expense and refactored dependent classes",
            "messageBody": "",
            "insertions": 253,
            "deletions": 30
          },
          {
            "hash": "b72d5c6369f3685a4de3c465931d48f1eed79f1f",
            "messageTitle": "Checkstyle fixes",
            "messageBody": "",
            "insertions": 54,
            "deletions": 8
          },
          {
            "hash": "e2e1f136932322a7d3e76cb3b2cd7767a55b3a2b",
            "messageTitle": "Changed the equals method of expenses to take in to account date created",
            "messageBody": "",
            "insertions": 68,
            "deletions": 22
          },
          {
            "hash": "dd39d56d06f2325c9ba4a28f8ad23f3662974ae8",
            "messageTitle": "Filled in some missing tests for date created",
            "messageBody": "",
            "insertions": 61,
            "deletions": 15
          },
          {
            "hash": "7251d9cadba2169f2b196d7508b0852711c7d96e",
            "messageTitle": "Implemented StatisticsGenerator and wrote tests for it",
            "messageBody": "Also added EmptyExpenseTimeline class and refactored current\nExpenseTimeline into a FilledExpenseTimeline, where both implement\nan ExpenseTimeline interface. This was done to make use of the\nnull object pattern, so the Ui does not have to do null checks.\n",
            "insertions": 383,
            "deletions": 105
          },
          {
            "hash": "c6ae08dea0c1be92987c0bd22a0856af5f6859bb",
            "messageTitle": "Added more tests for date range",
            "messageBody": "",
            "insertions": 69,
            "deletions": 13
          }
        ]
      },
      {
        "insertions": 291,
        "deletions": 96,
        "date": "2019-10-17",
        "commitResults": [
          {
            "hash": "e6d348e90bf512df605aad0292d426589b396b4a",
            "messageTitle": "Clean up small errors",
            "messageBody": "",
            "insertions": 2,
            "deletions": 6
          },
          {
            "hash": "2293551e5702ac1d3ae2bbfbd6ba8b0b0beb4045",
            "messageTitle": "Updated UI to show javafx Charts and started writing skeleton for charts",
            "messageBody": "",
            "insertions": 217,
            "deletions": 22
          },
          {
            "hash": "d18339f895bddfeb8177973d7af749304f4f6c8f",
            "messageTitle": "Implemented basic chart to show expense timeline (current default)",
            "messageBody": "",
            "insertions": 55,
            "deletions": 54
          },
          {
            "hash": "551506e2ade70d7e64fd7e90994389cf4e793c3e",
            "messageTitle": "Checkstyle fixes.",
            "messageBody": "",
            "insertions": 17,
            "deletions": 14
          }
        ]
      },
      {
        "insertions": 12,
        "deletions": 6,
        "date": "2019-10-18",
        "commitResults": [
          {
            "hash": "fffac45a72a0e191c2259f87f34808bb877d38ac",
            "messageTitle": "Added titles to chart and axis and increased size slightly",
            "messageBody": "",
            "insertions": 12,
            "deletions": 6
          }
        ]
      },
      {
        "insertions": 521,
        "deletions": 257,
        "date": "2019-10-19",
        "commitResults": [
          {
            "hash": "4204a450d2635a0123387a04b5c5910fe6f7c942",
            "messageTitle": "Added some javadoc comments and adjusted sizes",
            "messageBody": "",
            "insertions": 18,
            "deletions": 6
          },
          {
            "hash": "77628e4fb2b354105584fbf33ceb961a986631fc",
            "messageTitle": "Added ObservableData class and wrote tests, imported Mockito",
            "messageBody": "ObservableData class is a observable wrapper around a value. Mockito\nwas used to help mock an observer in the tests.\n",
            "insertions": 262,
            "deletions": 19
          },
          {
            "hash": "bf432d688fa6899a161a38bc36198572e8976f76",
            "messageTitle": "Updated chart implementation to support different statistics types",
            "messageBody": "Also changed some naming and type signatures, and cleaned the code\nslightly.\n",
            "insertions": 238,
            "deletions": 230
          },
          {
            "hash": "689733af3565aa6e1a679046aced2deeeff40299",
            "messageTitle": "Added missing title for series",
            "messageBody": "",
            "insertions": 2,
            "deletions": 1
          },
          {
            "hash": "244f972ac3f5ae159c741739f0ac3522f8af4c70",
            "messageTitle": "Fix random typo",
            "messageBody": "",
            "insertions": 1,
            "deletions": 1
          }
        ]
      },
      {
        "insertions": 129,
        "deletions": 58,
        "date": "2019-10-20",
        "commitResults": [
          {
            "hash": "47e5af2cf95983185596129f819ef56ac7d83b12",
            "messageTitle": "Fixed bug where displaying archive would not update the stats display.",
            "messageBody": "Now both the stats display and expense list panel using the same backing\nobservable list.\n",
            "insertions": 11,
            "deletions": 4
          },
          {
            "hash": "0e24a1683e034ee5d0d00d179f7f3d016500356a",
            "messageTitle": "Enhanced DateRange class to be able to get excl and incl end dates",
            "messageBody": "",
            "insertions": 118,
            "deletions": 52
          },
          {
            "hash": "fea7e0484946cc557ec40cc87e6142dee6fdfd32",
            "messageTitle": "Fixed checkstyle",
            "messageBody": "",
            "insertions": 0,
            "deletions": 2
          }
        ]
      }
    ]
  },
  "authorFinalContributionMap": {
    "Davidcwh": 3004,
    "xinmingzh": 210,
    "waifonglee": 2429,
    "waynefong0401": 1924,
    "weiijiie": 3214
  },
  "authorFileTypeContributionMap": {
    "Davidcwh": {
      "docs": 379,
      "tests": 1287,
      "functional": 1165,
      "other": 173
    },
    "xinmingzh": {
      "docs": 37,
      "tests": 3,
      "functional": 170
    },
    "waifonglee": {
      "docs": 84,
      "tests": 1117,
      "functional": 1105,
      "other": 123
    },
    "waynefong0401": {
      "docs": 51,
      "tests": 704,
      "functional": 1164,
      "other": 5
    },
    "weiijiie": {
      "docs": 282,
      "tests": 1546,
      "functional": 1384,
      "other": 2
    }
  },
  "authorContributionVariance": {
    "Davidcwh": 96247.195,
    "xinmingzh": 1709.9735,
    "waifonglee": 30188.709,
    "waynefong0401": 224279.48,
    "weiijiie": 211173.06
  },
  "authorDisplayNameMap": {
    "Davidcwh": "CS2103T-F12-4 CHIA  ... DAVID",
    "xinmingzh": "CS2103T-F12-4 ZHOU  ... NMING",
    "waifonglee": "CS2103T-F12-4 LEE W ...  FONG",
    "waynefong0401": "CS2103T-F12-4 FANG  ... EIWEN",
    "weiijiie": "CS2103T-F12-4 HUANG ... EIJIE"
  }
}
