{
  "authorDailyContributionsMap": {
    "walnads": [
      {
        "insertions": 151,
        "deletions": 97,
        "date": "2019-09-30",
        "commitResults": [
          {
            "hash": "9da3d70ed316051f6ceae45e55fe4beb70655e49",
            "messageTitle": "Update UserGuide.adoc and Ui.png (#9)",
            "messageBody": "",
            "insertions": 151,
            "deletions": 97
          }
        ]
      },
      {
        "insertions": 156,
        "deletions": 0,
        "date": "2019-10-15",
        "commitResults": [
          {
            "hash": "92cb0de7317eb8188da4923c214f4b836ac80c6b",
            "messageTitle": "Add Category class (#62)",
            "messageBody": "Closes #53 🚀 \r\n\r\n* Remove all instances of address\r\n\r\n* Add new command: Remark\r\n\r\n* Update UserGuide.adoc\r\n\r\n* Update UserGuide.adoc\r\n\r\n* Update Ui.png\r\n\r\n* Update UserGuide.adoc\r\n\r\n* Update Ui.png\r\n\r\n* Revert \"Update Ui.png\"\r\n\r\nThis reverts commit 09529ffa6d15f40b21807f2d1af2b6fd64b99378.\r\n\r\n* Revert \"Update UserGuide.adoc\"\r\n\r\nThis reverts commit 1011cb16e1d28a6e0b104c2ab2558f326e4deca1.\r\n\r\n* Revert \"Update Ui.png\"\r\n\r\nThis reverts commit 43aa00b780ab5e7ec30d320bddd7fbb157c98808.\r\n\r\n* Revert \"Update UserGuide.adoc\"\r\n\r\nThis reverts commit c907562aa13235e5c18bbad56c32118429e03c55.\r\n\r\n* Revert \"Update UserGuide.adoc\"\r\n\r\nThis reverts commit ea7590c2db054fb1359da7ec92c1364efa3b6da6.\r\n\r\n* Revert \"Merge branch \u0027tutorial-adding-command\u0027\"\r\n\r\nThis reverts commit 3f671ae4b369ecc1941d61313756e879f0c52515, reversing\r\nchanges made to 5e1abfd36d07a4f508e11d4db75ed375d1c7d091.\r\n\r\n* Revert \"Remove all instances of address\"\r\n\r\nThis reverts commit 5e1abfd36d07a4f508e11d4db75ed375d1c7d091.\r\n\r\n* Update UserGuide.adoc\r\n\r\n* Update UserGuide.adoc\r\n\r\n* Fix coding style violations\r\n\r\n* Create test cases (#1)\r\n\r\n* Fix coding style violations (#1)\r\n\r\n* Fix coding style violations (#2)\r\n\r\n* Fix getId() method to return object\u0027s id instead of static variable id\r\n\r\n* Fix test case that checks category id\r\n\r\n* Add Ui.png ~_~\r\n",
            "insertions": 156,
            "deletions": 0
          }
        ]
      },
      {
        "insertions": 398,
        "deletions": 172,
        "date": "2019-10-20",
        "commitResults": [
          {
            "hash": "9cd9854984d2d8a39ec5ae67d4407e8701b71557",
            "messageTitle": "Add Tag class, refactor Add and Edit command (#74)",
            "messageBody": "* Remove all instances of address\r\n\r\n* Add new command: Remark\r\n\r\n* Update UserGuide.adoc\r\n\r\n* Update UserGuide.adoc\r\n\r\n* Update Ui.png\r\n\r\n* Update UserGuide.adoc\r\n\r\n* Update Ui.png\r\n\r\n* Revert \"Update Ui.png\"\r\n\r\nThis reverts commit 09529ffa6d15f40b21807f2d1af2b6fd64b99378.\r\n\r\n* Revert \"Update UserGuide.adoc\"\r\n\r\nThis reverts commit 1011cb16e1d28a6e0b104c2ab2558f326e4deca1.\r\n\r\n* Revert \"Update Ui.png\"\r\n\r\nThis reverts commit 43aa00b780ab5e7ec30d320bddd7fbb157c98808.\r\n\r\n* Revert \"Update UserGuide.adoc\"\r\n\r\nThis reverts commit c907562aa13235e5c18bbad56c32118429e03c55.\r\n\r\n* Revert \"Update UserGuide.adoc\"\r\n\r\nThis reverts commit ea7590c2db054fb1359da7ec92c1364efa3b6da6.\r\n\r\n* Revert \"Merge branch \u0027tutorial-adding-command\u0027\"\r\n\r\nThis reverts commit 3f671ae4b369ecc1941d61313756e879f0c52515, reversing\r\nchanges made to 5e1abfd36d07a4f508e11d4db75ed375d1c7d091.\r\n\r\n* Revert \"Remove all instances of address\"\r\n\r\nThis reverts commit 5e1abfd36d07a4f508e11d4db75ed375d1c7d091.\r\n\r\n* Update UserGuide.adoc\r\n\r\n* Update UserGuide.adoc\r\n\r\n* Add Tag class\r\n\r\n* Add tests for Tag class\r\n\r\n* Refactor existing classes\r\n\r\n* Refactor existing test classes\r\n\r\n* Remove trailing whitespaces\r\n\r\n* Fix code to refer to Tag class and not Category class\r\n\r\n* Fix ParserUtil class and test class\r\n\r\n* Change toString() method of AddressBook\r\n",
            "insertions": 398,
            "deletions": 172
          }
        ]
      },
      {
        "insertions": 42,
        "deletions": 40,
        "date": "2019-10-23",
        "commitResults": [
          {
            "hash": "d0590028d311443ceb274e3856a57c471922cd74",
            "messageTitle": "Update developer guide with add feature (#87)",
            "messageBody": "* Remove all instances of address\r\n\r\n* Add new command: Remark\r\n\r\n* Update UserGuide.adoc\r\n\r\n* Update UserGuide.adoc\r\n\r\n* Update Ui.png\r\n\r\n* Update UserGuide.adoc\r\n\r\n* Update Ui.png\r\n\r\n* Revert \"Update Ui.png\"\r\n\r\nThis reverts commit 09529ffa6d15f40b21807f2d1af2b6fd64b99378.\r\n\r\n* Revert \"Update UserGuide.adoc\"\r\n\r\nThis reverts commit 1011cb16e1d28a6e0b104c2ab2558f326e4deca1.\r\n\r\n* Revert \"Update Ui.png\"\r\n\r\nThis reverts commit 43aa00b780ab5e7ec30d320bddd7fbb157c98808.\r\n\r\n* Revert \"Update UserGuide.adoc\"\r\n\r\nThis reverts commit c907562aa13235e5c18bbad56c32118429e03c55.\r\n\r\n* Revert \"Update UserGuide.adoc\"\r\n\r\nThis reverts commit ea7590c2db054fb1359da7ec92c1364efa3b6da6.\r\n\r\n* Revert \"Merge branch \u0027tutorial-adding-command\u0027\"\r\n\r\nThis reverts commit 3f671ae4b369ecc1941d61313756e879f0c52515, reversing\r\nchanges made to 5e1abfd36d07a4f508e11d4db75ed375d1c7d091.\r\n\r\n* Revert \"Remove all instances of address\"\r\n\r\nThis reverts commit 5e1abfd36d07a4f508e11d4db75ed375d1c7d091.\r\n\r\n* Update UserGuide.adoc\r\n\r\n* Update UserGuide.adoc\r\n\r\n* Add activity and sequence diagram for Add command\r\n\r\n* Change sequence diagram\r\n\r\n* Change activity diagram\r\n\r\n* Resize activity diagram\r\n\r\n* Update DeveloperGuide.adoc\r\n\r\n* Update DeveloperGuide.adoc\r\n\r\n* Update DeveloperGuide.adoc\r\n\r\n* Update DeveloperGuide.adoc\r\n\r\n* Update DeveloperGuide.adoc\r\n\r\n* Update DeveloperGuide.adoc\r\n\r\n* Update DeveloperGuide.adoc\r\n\r\n* Update DeveloperGuide.adoc\r\n",
            "insertions": 42,
            "deletions": 40
          }
        ]
      },
      {
        "insertions": 96,
        "deletions": 31,
        "date": "2019-10-28",
        "commitResults": [
          {
            "hash": "fd28837a0118561b843220928184dc78c0e23da2",
            "messageTitle": "Fix EditCommand, added more tests for Category (#98)",
            "messageBody": "* Remove all instances of address\r\n\r\n* Add new command: Remark\r\n\r\n* Update UserGuide.adoc\r\n\r\n* Update UserGuide.adoc\r\n\r\n* Update Ui.png\r\n\r\n* Update UserGuide.adoc\r\n\r\n* Update Ui.png\r\n\r\n* Revert \"Update Ui.png\"\r\n\r\nThis reverts commit 09529ffa6d15f40b21807f2d1af2b6fd64b99378.\r\n\r\n* Revert \"Update UserGuide.adoc\"\r\n\r\nThis reverts commit 1011cb16e1d28a6e0b104c2ab2558f326e4deca1.\r\n\r\n* Revert \"Update Ui.png\"\r\n\r\nThis reverts commit 43aa00b780ab5e7ec30d320bddd7fbb157c98808.\r\n\r\n* Revert \"Update UserGuide.adoc\"\r\n\r\nThis reverts commit c907562aa13235e5c18bbad56c32118429e03c55.\r\n\r\n* Revert \"Update UserGuide.adoc\"\r\n\r\nThis reverts commit ea7590c2db054fb1359da7ec92c1364efa3b6da6.\r\n\r\n* Revert \"Merge branch \u0027tutorial-adding-command\u0027\"\r\n\r\nThis reverts commit 3f671ae4b369ecc1941d61313756e879f0c52515, reversing\r\nchanges made to 5e1abfd36d07a4f508e11d4db75ed375d1c7d091.\r\n\r\n* Revert \"Remove all instances of address\"\r\n\r\nThis reverts commit 5e1abfd36d07a4f508e11d4db75ed375d1c7d091.\r\n\r\n* Update UserGuide.adoc\r\n\r\n* Update UserGuide.adoc\r\n\r\n* Fix coding style violations\r\n\r\n* Create test cases (#1)\r\n\r\n* Fix coding style violations (#1)\r\n\r\n* Fix coding style violations (#2)\r\n\r\n* Fix getId() method to return object\u0027s id instead of static variable id\r\n\r\n* Fix test case that checks category id\r\n\r\n* Add Ui.png ~_~\r\n\r\n* Fix edit command\r\n\r\n* Made changes to the message usage of Add command\r\n\r\n* Add code to test for category\r\n\r\n* Recommit Category class\r\n\r\n* Delete duplicate Category class\r\n\r\n* Remove duplicate CategoryTest class\r\n",
            "insertions": 96,
            "deletions": 31
          }
        ]
      },
      {
        "insertions": 14,
        "deletions": 8,
        "date": "2019-11-03",
        "commitResults": [
          {
            "hash": "cf59264ffe5d77b07eb72705d562ee4e0b2a7941",
            "messageTitle": "Fix issues with add command  (#156)",
            "messageBody": "* Remove all instances of address\r\n\r\n* Add new command: Remark\r\n\r\n* Update UserGuide.adoc\r\n\r\n* Update UserGuide.adoc\r\n\r\n* Update Ui.png\r\n\r\n* Update UserGuide.adoc\r\n\r\n* Update Ui.png\r\n\r\n* Revert \"Update Ui.png\"\r\n\r\nThis reverts commit 09529ffa6d15f40b21807f2d1af2b6fd64b99378.\r\n\r\n* Revert \"Update UserGuide.adoc\"\r\n\r\nThis reverts commit 1011cb16e1d28a6e0b104c2ab2558f326e4deca1.\r\n\r\n* Revert \"Update Ui.png\"\r\n\r\nThis reverts commit 43aa00b780ab5e7ec30d320bddd7fbb157c98808.\r\n\r\n* Revert \"Update UserGuide.adoc\"\r\n\r\nThis reverts commit c907562aa13235e5c18bbad56c32118429e03c55.\r\n\r\n* Revert \"Update UserGuide.adoc\"\r\n\r\nThis reverts commit ea7590c2db054fb1359da7ec92c1364efa3b6da6.\r\n\r\n* Revert \"Merge branch \u0027tutorial-adding-command\u0027\"\r\n\r\nThis reverts commit 3f671ae4b369ecc1941d61313756e879f0c52515, reversing\r\nchanges made to 5e1abfd36d07a4f508e11d4db75ed375d1c7d091.\r\n\r\n* Revert \"Remove all instances of address\"\r\n\r\nThis reverts commit 5e1abfd36d07a4f508e11d4db75ed375d1c7d091.\r\n\r\n* Update UserGuide.adoc\r\n\r\n* Update UserGuide.adoc\r\n\r\n* Edit regex to accept category names with one character\r\n\r\n* Edit regex to accept tag names with less than 3 characters and with \"-\"\r\n\r\n* Update UserGuide.adoc\r\n\r\nUpdate the tags part\r\n",
            "insertions": 14,
            "deletions": 8
          }
        ]
      },
      {
        "insertions": 237,
        "deletions": 1,
        "date": "2019-11-09",
        "commitResults": [
          {
            "hash": "8a3e0114f5b9e4285e8c45e5c050f471d26f070b",
            "messageTitle": "Create tests for add and remove tag commands (#169)",
            "messageBody": "* Remove all instances of address\r\n\r\n* Add new command: Remark\r\n\r\n* Update UserGuide.adoc\r\n\r\n* Update UserGuide.adoc\r\n\r\n* Update Ui.png\r\n\r\n* Update UserGuide.adoc\r\n\r\n* Update Ui.png\r\n\r\n* Revert \"Update Ui.png\"\r\n\r\nThis reverts commit 09529ffa6d15f40b21807f2d1af2b6fd64b99378.\r\n\r\n* Revert \"Update UserGuide.adoc\"\r\n\r\nThis reverts commit 1011cb16e1d28a6e0b104c2ab2558f326e4deca1.\r\n\r\n* Revert \"Update Ui.png\"\r\n\r\nThis reverts commit 43aa00b780ab5e7ec30d320bddd7fbb157c98808.\r\n\r\n* Revert \"Update UserGuide.adoc\"\r\n\r\nThis reverts commit c907562aa13235e5c18bbad56c32118429e03c55.\r\n\r\n* Revert \"Update UserGuide.adoc\"\r\n\r\nThis reverts commit ea7590c2db054fb1359da7ec92c1364efa3b6da6.\r\n\r\n* Revert \"Merge branch \u0027tutorial-adding-command\u0027\"\r\n\r\nThis reverts commit 3f671ae4b369ecc1941d61313756e879f0c52515, reversing\r\nchanges made to 5e1abfd36d07a4f508e11d4db75ed375d1c7d091.\r\n\r\n* Revert \"Remove all instances of address\"\r\n\r\nThis reverts commit 5e1abfd36d07a4f508e11d4db75ed375d1c7d091.\r\n\r\n* Update UserGuide.adoc\r\n\r\n* Update UserGuide.adoc\r\n\r\n* Add activity and sequence diagram for Add command\r\n\r\n* Change sequence diagram\r\n\r\n* Change activity diagram\r\n\r\n* Resize activity diagram\r\n\r\n* Update DeveloperGuide.adoc\r\n\r\n* Update DeveloperGuide.adoc\r\n\r\n* Update DeveloperGuide.adoc\r\n\r\n* Update DeveloperGuide.adoc\r\n\r\n* Update DeveloperGuide.adoc\r\n\r\n* Update DeveloperGuide.adoc\r\n\r\n* Update DeveloperGuide.adoc\r\n\r\n* Update DeveloperGuide.adoc\r\n\r\n* Update photos\r\n\r\n* Fix RemoveTagCommandParser; it was not implementing the Parser class\r\n\r\n* Add tests for add and remove tag commands\r\n\r\n* Fix coding style violations\r\n",
            "insertions": 237,
            "deletions": 1
          }
        ]
      }
    ],
    "ROHITREDDYBALAM": [
      {
        "insertions": 74,
        "deletions": 414,
        "date": "2019-10-08",
        "commitResults": [
          {
            "hash": "f216da2f90dce4e2994dcea92446509233f9bde0",
            "messageTitle": "remove email field (#57)",
            "messageBody": "* remove email field\r\n\r\n* Remove email field\r\n",
            "insertions": 74,
            "deletions": 414
          }
        ]
      },
      {
        "insertions": 71,
        "deletions": 386,
        "date": "2019-10-10",
        "commitResults": [
          {
            "hash": "9d4b904a0d1ba26528fee68d2111a28c0f8e891d",
            "messageTitle": "Remove phone and email fields (#59)",
            "messageBody": "* remove email field\r\n\r\n* Remove email field\r\n\r\n* Remove phone field\r\n\r\n* Remove phone attribute\r\n",
            "insertions": 71,
            "deletions": 386
          }
        ]
      },
      {
        "insertions": 417,
        "deletions": 22,
        "date": "2019-10-22",
        "commitResults": [
          {
            "hash": "27271f22741e947d21b438dfa43e613a62765805",
            "messageTitle": "Review class (#77)",
            "messageBody": "* remove email field\r\n\r\n* Remove email field\r\n\r\n* Remove phone field\r\n\r\n* Remove phone attribute\r\n\r\n* Remove phone, email from test  case\r\n\r\n* Resolve merge conflicts\r\n\r\n* Add basic version of Review class\r\n\r\n* Resolve merge conflicts with upstream\r\n\r\n* Fix checkstyle errors\r\n\r\n* Fix failing test cases\r\n\r\n* Fix failing tests\r\n\r\n* Verify test cases checking for similar eateries\r\n\r\n* Make reviews Json readable\r\n\r\n* Fix checkstyle errors and json adapted review errors\r\n\r\n* Make review changes permanent\r\n\r\n* Fix checkstyle errors\r\n\r\n* Fix checkstyle errors\r\n\r\n* Create set reviews method for eatery\r\n\r\n* Catch exceptions while parsing review command\r\n\r\n* Override equals method in review class\r\n\r\n* Improve code quality\r\n\r\n* Remove unused imports\r\n",
            "insertions": 417,
            "deletions": 22
          }
        ]
      },
      {
        "insertions": 94,
        "deletions": 30,
        "date": "2019-10-24",
        "commitResults": [
          {
            "hash": "6dd225d5d733a10af05bc7a681fd217c55259e9a",
            "messageTitle": "Update developer guide to show review command details (#81)",
            "messageBody": "* remove email field\r\n\r\n* Remove email field\r\n\r\n* Remove phone field\r\n\r\n* Remove phone attribute\r\n\r\n* Remove phone, email from test  case\r\n\r\n* Resolve merge conflicts\r\n\r\n* Add details of review command to Developer Guide\r\n\r\n* Dg  (#5)\r\n\r\n* Rework CloseCommand class (#79)\r\n\r\n* Refactor Person to Eatery\r\n\r\nv1.0 with 3 EditCommandTest failures.\r\n\r\n* Removed 2 test cases from EditCommandTest\r\n\r\n* Update BetterModelClassDiagram.puml\r\n\r\n* Remove Email and Phone class\r\n\r\n* Remove Email Phone multiplicity\r\n\r\n* Refactor Person to Eatery edit1\r\n\r\n* Add Close Command\r\n\r\n* Restore whiteline to AddressBookTest\r\n\r\n* Merge remote-tracking branch \u0027upstream/master\u0027 into close-open-eatery\r\n\r\n# Conflicts:\r\n#\tsrc/main/java/seedu/address/logic/Logic.java\r\n#\tsrc/main/java/seedu/address/logic/LogicManager.java\r\n#\tsrc/main/java/seedu/address/logic/commands/EditCommand.java\r\n#\tsrc/main/java/seedu/address/logic/parser/AddCommandParser.java\r\n#\tsrc/main/java/seedu/address/logic/parser/ParserUtil.java\r\n#\tsrc/main/java/seedu/address/model/AddressBook.java\r\n#\tsrc/main/java/seedu/address/model/Model.java\r\n#\tsrc/main/java/seedu/address/model/ModelManager.java\r\n#\tsrc/main/java/seedu/address/model/eatery/Eatery.java\r\n#\tsrc/main/java/seedu/address/model/eatery/UniqueEateryList.java\r\n#\tsrc/main/java/seedu/address/model/util/SampleDataUtil.java\r\n#\tsrc/main/java/seedu/address/storage/JsonAdaptedEatery.java\r\n#\tsrc/main/java/seedu/address/storage/JsonSerializableAddressBook.java\r\n#\tsrc/main/java/seedu/address/ui/EateryCard.java\r\n#\tsrc/main/java/seedu/address/ui/MainWindow.java\r\n#\tsrc/main/resources/view/EateryListCard.fxml\r\n#\tsrc/main/resources/view/EateryListPanel.fxml\r\n#\tsrc/main/resources/view/MainWindow.fxml\r\n#\tsrc/test/data/JsonSerializableAddressBookTest/duplicateEateryAddressBook.json\r\n#\tsrc/test/data/JsonSerializableAddressBookTest/invalidEateryAddressBook.json\r\n#\tsrc/test/data/JsonSerializableAddressBookTest/typicalEateriesAddressBook.json\r\n#\tsrc/test/java/seedu/address/logic/LogicManagerTest.java\r\n#\tsrc/test/java/seedu/address/logic/commands/AddCommandIntegrationTest.java\r\n#\tsrc/test/java/seedu/address/logic/commands/AddCommandTest.java\r\n#\tsrc/test/java/seedu/address/logic/commands/ClearCommandTest.java\r\n#\tsrc/test/java/seedu/address/logic/commands/DeleteCommandTest.java\r\n#\tsrc/test/java/seedu/address/logic/commands/EditCommandTest.java\r\n#\tsrc/test/java/seedu/address/logic/commands/FindCommandTest.java\r\n#\tsrc/test/java/seedu/address/logic/commands/ListCommandTest.java\r\n#\tsrc/test/java/seedu/address/logic/parser/AddCommandParserTest.java\r\n#\tsrc/test/java/seedu/address/logic/parser/AddressBookParserTest.java\r\n#\tsrc/test/java/seedu/address/logic/parser/EditCommandParserTest.java\r\n#\tsrc/test/java/seedu/address/logic/parser/ParserUtilTest.java\r\n#\tsrc/test/java/seedu/address/model/AddressBookTest.java\r\n#\tsrc/test/java/seedu/address/model/ModelManagerTest.java\r\n#\tsrc/test/java/seedu/address/model/eatery/EateryTest.java\r\n#\tsrc/test/java/seedu/address/model/eatery/UniqueEateryListTest.java\r\n#\tsrc/test/java/seedu/address/storage/JsonAdaptedEateryTest.java\r\n#\tsrc/test/java/seedu/address/testutil/EateryBuilder.java\r\n#\tsrc/test/java/seedu/address/testutil/EateryUtil.java\r\n#\tsrc/test/java/seedu/address/testutil/EditEateryDescriptorBuilder.java\r\n#\tsrc/test/java/seedu/address/testutil/TypicalEateries.java\r\n\r\n* Fix CloseCommand\r\n\r\n1. Remove buildClose() from EateryBuilder\r\n2. Add EOF line to EateryListPanel.fxml\r\n3. Fix duplicateEateryAddressBook.json\r\n4. Require nonnull Category for Eatery\r\n\r\n* Remove tags from requireAllNonNull in Eatery\r\n\r\n* Rework execute method of CloseCommand\r\n\r\n- Removed the hasExactEatery method and its calls.\r\n\r\n* Merge remote-tracking branch \u0027upstream/master\u0027 into close-open-eatery\r\n\r\n# Conflicts:\r\n#\tsrc/main/java/seedu/address/logic/commands/CloseCommand.java\r\n#\tsrc/test/java/seedu/address/logic/commands/AddCommandTest.java\r\n#\tsrc/test/java/seedu/address/logic/commands/CloseCommandTest.java\r\n\r\n* Update DeveloperGuide with close feature (#82)\r\n\r\n* Update Developer Guide\r\n\r\nUpdated Appendix A, B, C, D, E, F\r\n\r\n* Update Developer Guide\r\n\r\nEdited Appendix  C (remove entry from todo).\r\n\r\n* Update DeveloperGuide.adoc with Close feature\r\n\r\n* Remove UndoSequenceDiagram\r\n\r\n* Remove trailing whitespaces from DeveloperGuide\r\n\r\n* Update DeveloperGuide.adoc\r\n\r\n* Review class (#77)\r\n\r\n* remove email field\r\n\r\n* Remove email field\r\n\r\n* Remove phone field\r\n\r\n* Remove phone attribute\r\n\r\n* Remove phone, email from test  case\r\n\r\n* Resolve merge conflicts\r\n\r\n* Add basic version of Review class\r\n\r\n* Resolve merge conflicts with upstream\r\n\r\n* Fix checkstyle errors\r\n\r\n* Fix failing test cases\r\n\r\n* Fix failing tests\r\n\r\n* Verify test cases checking for similar eateries\r\n\r\n* Make reviews Json readable\r\n\r\n* Fix checkstyle errors and json adapted review errors\r\n\r\n* Make review changes permanent\r\n\r\n* Fix checkstyle errors\r\n\r\n* Fix checkstyle errors\r\n\r\n* Create set reviews method for eatery\r\n\r\n* Catch exceptions while parsing review command\r\n\r\n* Override equals method in review class\r\n\r\n* Improve code quality\r\n\r\n* Remove unused imports\r\n\r\n* Add `addfeed` command\r\n\r\n* Add `deletefeed` command\r\n\r\n* Add missing Javadocs\r\n\r\n* Add tests for feed-related commands\r\n\r\n* Update developer guide with add feature (#87)\r\n\r\n* Remove all instances of address\r\n\r\n* Add new command: Remark\r\n\r\n* Update UserGuide.adoc\r\n\r\n* Update UserGuide.adoc\r\n\r\n* Update Ui.png\r\n\r\n* Update UserGuide.adoc\r\n\r\n* Update Ui.png\r\n\r\n* Revert \"Update Ui.png\"\r\n\r\nThis reverts commit 09529ffa6d15f40b21807f2d1af2b6fd64b99378.\r\n\r\n* Revert \"Update UserGuide.adoc\"\r\n\r\nThis reverts commit 1011cb16e1d28a6e0b104c2ab2558f326e4deca1.\r\n\r\n* Revert \"Update Ui.png\"\r\n\r\nThis reverts commit 43aa00b780ab5e7ec30d320bddd7fbb157c98808.\r\n\r\n* Revert \"Update UserGuide.adoc\"\r\n\r\nThis reverts commit c907562aa13235e5c18bbad56c32118429e03c55.\r\n\r\n* Revert \"Update UserGuide.adoc\"\r\n\r\nThis reverts commit ea7590c2db054fb1359da7ec92c1364efa3b6da6.\r\n\r\n* Revert \"Merge branch \u0027tutorial-adding-command\u0027\"\r\n\r\nThis reverts commit 3f671ae4b369ecc1941d61313756e879f0c52515, reversing\r\nchanges made to 5e1abfd36d07a4f508e11d4db75ed375d1c7d091.\r\n\r\n* Revert \"Remove all instances of address\"\r\n\r\nThis reverts commit 5e1abfd36d07a4f508e11d4db75ed375d1c7d091.\r\n\r\n* Update UserGuide.adoc\r\n\r\n* Update UserGuide.adoc\r\n\r\n* Add activity and sequence diagram for Add command\r\n\r\n* Change sequence diagram\r\n\r\n* Change activity diagram\r\n\r\n* Resize activity diagram\r\n\r\n* Update DeveloperGuide.adoc\r\n\r\n* Update DeveloperGuide.adoc\r\n\r\n* Update DeveloperGuide.adoc\r\n\r\n* Update DeveloperGuide.adoc\r\n\r\n* Update DeveloperGuide.adoc\r\n\r\n* Update DeveloperGuide.adoc\r\n\r\n* Update DeveloperGuide.adoc\r\n\r\n* Update DeveloperGuide.adoc\r\n\r\n* Update developer guide with Mode command details (#84)\r\n\r\n* Edit Developer Guide for Mode Command\r\n\r\n* Update developer guide\r\n\r\n* Update dg\r\n\r\n* Update Developer guide\r\n\r\n* Make changes to dg\r\n",
            "insertions": 37,
            "deletions": 4
          },
          {
            "hash": "c54fb75c161c77320b0fd49b2b372d2d2f72fcd5",
            "messageTitle": "Add date and prevent users from reviewing closed eateries. (#90)",
            "messageBody": "* remove email field\r\n\r\n* Remove email field\r\n\r\n* Remove phone field\r\n\r\n* Remove phone attribute\r\n\r\n* Remove phone, email from test  case\r\n\r\n* Resolve merge conflicts\r\n\r\n* Include date in reviews\r\n\r\n* Prevent users from reviewing closed eateries\r\n\r\n* Store date as date object\r\n\r\n* Fix checkstyle errors\r\n\r\n* Improve code quality\r\n",
            "insertions": 57,
            "deletions": 26
          }
        ]
      },
      {
        "insertions": 439,
        "deletions": 12,
        "date": "2019-11-05",
        "commitResults": [
          {
            "hash": "b5d09d14ff327e26d68d31cf96ee8af1e6e6d424",
            "messageTitle": "Creating add tag and remove tag commands (#155)",
            "messageBody": "* remove email field\r\n\r\n* Remove email field\r\n\r\n* Remove phone field\r\n\r\n* Remove phone attribute\r\n\r\n* Remove phone, email from test  case\r\n\r\n* Resolve merge conflicts\r\n\r\n* Add API key\r\n\r\n* create addtag command\r\n\r\n* Add parser for addtag command\r\n\r\n* Retain reviews for edited eateries\r\n\r\n* Make tag set unmodifiable\r\n\r\n* fix bugs related to add tag command\r\n\r\n* change ug to remove changeaddress command\r\n\r\n* add removetag command\r\n\r\n* fix documentation errors\r\n",
            "insertions": 439,
            "deletions": 12
          }
        ]
      },
      {
        "insertions": 74,
        "deletions": 49,
        "date": "2019-11-09",
        "commitResults": [
          {
            "hash": "621aaf39527ae301ca522809088d5bbc52208f19",
            "messageTitle": "Ug changes (#173)",
            "messageBody": "* remove email field\r\n\r\n* Remove email field\r\n\r\n* Remove phone field\r\n\r\n* Remove phone attribute\r\n\r\n* Remove phone, email from test  case\r\n\r\n* Resolve merge conflicts\r\n\r\n* Add API key\r\n\r\n* make changes to ug\r\n\r\n* Include examples for edit command in ug\r\n\r\n* fix errors in ug\r\n\r\n* add images in ug\r\n",
            "insertions": 74,
            "deletions": 49
          }
        ]
      }
    ],
    "dvrylc": [
      {
        "insertions": 2,
        "deletions": 3,
        "date": "2019-09-10",
        "commitResults": [
          {
            "hash": "c3badfb1abec947a383a7f911c417dd892466896",
            "messageTitle": "Change Travis link and badge in readme",
            "messageBody": "",
            "insertions": 1,
            "deletions": 1
          },
          {
            "hash": "b0bd82710a64f194272e1c6418df99883614636e",
            "messageTitle": "Update Coveralls link and badge in readme",
            "messageBody": "",
            "insertions": 1,
            "deletions": 1
          },
          {
            "hash": "12c21d3a38113e968cae509319e2631ca0a9bd75",
            "messageTitle": "Remove codacy badge from readme",
            "messageBody": "",
            "insertions": 0,
            "deletions": 1
          }
        ]
      },
      {
        "insertions": 31,
        "deletions": 36,
        "date": "2019-09-30",
        "commitResults": [
          {
            "hash": "d2f34f7068d33273763bfe11aa61bd25be5c7c21",
            "messageTitle": "Update About and Contact page (#11)",
            "messageBody": "",
            "insertions": 26,
            "deletions": 31
          },
          {
            "hash": "de13f72a32824f677154acd9c35d166fba671fef",
            "messageTitle": "Fix image extensions",
            "messageBody": "",
            "insertions": 5,
            "deletions": 5
          }
        ]
      },
      {
        "insertions": 109,
        "deletions": 142,
        "date": "2019-10-15",
        "commitResults": [
          {
            "hash": "14c511be31544ea5468f57fd56f19853e5478b2a",
            "messageTitle": "Fix category location",
            "messageBody": "",
            "insertions": 2,
            "deletions": 2
          },
          {
            "hash": "e296e7b14b3969c942b5c44ed4d1b1251e09f89b",
            "messageTitle": "Implement 3-column UI (#63)",
            "messageBody": "* Implement 3-column UI, closes #48\r\n\r\n- Shift content block to center column\r\n- Add placeholder right column for news feed\r\n- Refactor basic styles\r\n\r\n* Update views for Eatery refactor\r\n\r\n* Add category placeholder label\r\n",
            "insertions": 107,
            "deletions": 140
          }
        ]
      },
      {
        "insertions": 1586,
        "deletions": 72,
        "date": "2019-10-19",
        "commitResults": [
          {
            "hash": "0fc2d12fe50176f5da226e2d30af061d94918479",
            "messageTitle": "Implement basic news feed (#73)",
            "messageBody": "* Implement 3-column UI, closes #48\r\n\r\n- Shift content block to center column\r\n- Add placeholder right column for news feed\r\n- Refactor basic styles\r\n\r\n* Update views for Eatery refactor\r\n\r\n* Add category placeholder label\r\n\r\n* Implement basic news feed\r\n\r\nIncludes:\r\n- Basic news feed functionality\r\n- Tests for new models\r\n\r\n* Improve code style\r\n\r\n- Fix indentation\r\n- Improve variable names\r\n- Remove unnecessary `if` conditions\r\n",
            "insertions": 1586,
            "deletions": 72
          }
        ]
      },
      {
        "insertions": 19,
        "deletions": 12,
        "date": "2019-10-22",
        "commitResults": [
          {
            "hash": "61ecb2a7a18a0d37561af15310813bc548990586",
            "messageTitle": "Implement threading for post fetching (#78)",
            "messageBody": "* Implement 3-column UI, closes #48\r\n\r\n- Shift content block to center column\r\n- Add placeholder right column for news feed\r\n- Refactor basic styles\r\n\r\n* Update views for Eatery refactor\r\n\r\n* Add category placeholder label\r\n\r\n* Implement basic news feed\r\n\r\nIncludes:\r\n- Basic news feed functionality\r\n- Tests for new models\r\n\r\n* Improve code style\r\n\r\n- Fix indentation\r\n- Improve variable names\r\n- Remove unnecessary `if` conditions\r\n\r\n* Move post-fetching to a separate thread\r\n\r\n* Revert unnecessary code shift\r\n",
            "insertions": 19,
            "deletions": 12
          }
        ]
      },
      {
        "insertions": 461,
        "deletions": 5,
        "date": "2019-10-23",
        "commitResults": [
          {
            "hash": "6d652c01344b23d0414f31516f9dc7c07887c3b6",
            "messageTitle": "Add `addfeed` command",
            "messageBody": "",
            "insertions": 137,
            "deletions": 1
          },
          {
            "hash": "a1fa7224c4b4912d68ba7ef2ffe6808cf449ff85",
            "messageTitle": "Add `deletefeed` command",
            "messageBody": "",
            "insertions": 104,
            "deletions": 0
          },
          {
            "hash": "0a949a7f786e706afcedd9dbfa72d5f5a0bb6e36",
            "messageTitle": "Add missing Javadocs",
            "messageBody": "",
            "insertions": 12,
            "deletions": 0
          },
          {
            "hash": "52382759f866bdd049214c2f303abc81d6dfeb64",
            "messageTitle": "Add tests for feed-related commands",
            "messageBody": "",
            "insertions": 208,
            "deletions": 4
          }
        ]
      },
      {
        "insertions": 130,
        "deletions": 102,
        "date": "2019-10-24",
        "commitResults": [
          {
            "hash": "26d760dc6019ab29002c051c8917e597159e59e1",
            "messageTitle": "Update User Guide (#91)",
            "messageBody": "* Update User Guide\r\n\r\n* Improve User Guide\r\n",
            "insertions": 130,
            "deletions": 102
          }
        ]
      },
      {
        "insertions": 145,
        "deletions": 34,
        "date": "2019-10-27",
        "commitResults": [
          {
            "hash": "f813e9a08674fc1cee812f775613ec35f8612dfb",
            "messageTitle": "Implement feed caching (#95)",
            "messageBody": "* Implement feed caching\r\n\r\n* Refactor feed cache implementation\r\n\r\n* Improve cache data structure\r\n\r\n* Remove unnecessary debug statement\r\n",
            "insertions": 145,
            "deletions": 34
          }
        ]
      },
      {
        "insertions": 534,
        "deletions": 53,
        "date": "2019-10-29",
        "commitResults": [
          {
            "hash": "11f7efd3e2690e35ebf196ee62a9e53e34cc8fa3",
            "messageTitle": "Implement show command (#100)",
            "messageBody": "* Implement show command\r\n\r\n- Add `show` command and tests\r\n- Update UI to accomodate show view\r\n- Implement dark mode and general UI cleanup\r\n\r\n* Fix broken tests caused by upstream method rename\r\n\r\n* Add missing parser test\r\n\r\n* Fix list item overflow\r\n",
            "insertions": 461,
            "deletions": 40
          },
          {
            "hash": "b228a057d705f5dc039e1bc03c80fb0bfc13a4cd",
            "messageTitle": "Add missing serializable `FeedPost` (#103)",
            "messageBody": "",
            "insertions": 73,
            "deletions": 13
          }
        ]
      },
      {
        "insertions": 10,
        "deletions": 0,
        "date": "2019-11-01",
        "commitResults": [
          {
            "hash": "487c7594a3e4edbddf169e58a4ef3f41b9f240b3",
            "messageTitle": "Update docs to indicate commands coming in v1.4 (#118)",
            "messageBody": "",
            "insertions": 10,
            "deletions": 0
          }
        ]
      },
      {
        "insertions": 273,
        "deletions": 32,
        "date": "2019-11-06",
        "commitResults": [
          {
            "hash": "eda31574af405f4728987e513bddf07f67bb7fcb",
            "messageTitle": "Add reviews to `show` command",
            "messageBody": "",
            "insertions": 262,
            "deletions": 21
          },
          {
            "hash": "a2d31bf54c79abd146d3294b909ad3fe59cd04ad",
            "messageTitle": "Improve feed post UI (#165)",
            "messageBody": "",
            "insertions": 11,
            "deletions": 11
          }
        ]
      },
      {
        "insertions": 23,
        "deletions": 10,
        "date": "2019-11-07",
        "commitResults": [
          {
            "hash": "984da929945f7d03413c3ec8d1844e79ae0384c4",
            "messageTitle": "Add visual indicator for closed eateries (#164)",
            "messageBody": "* Add visual indicator for closed eateries\r\n\r\n* Improve closed eatery name indicator\r\n\r\n- Switch from hightlight and Xs to a simple text indicator\r\n",
            "insertions": 23,
            "deletions": 10
          }
        ]
      },
      {
        "insertions": 194,
        "deletions": 37,
        "date": "2019-11-08",
        "commitResults": [
          {
            "hash": "3eb339b3ea073b0e5ad8ee568975213467f095bc",
            "messageTitle": "Implement attribute-based finding (#168)",
            "messageBody": "* Implement attribute-based finding\r\n\r\n* Improve test cases for FindCommand\r\n",
            "insertions": 194,
            "deletions": 37
          }
        ]
      }
    ],
    "JunHongT": [
      {
        "insertions": 14,
        "deletions": 9,
        "date": "2019-09-30",
        "commitResults": [
          {
            "hash": "800b4b439da75f73c67c1b40b9eb7d93dfa2b88e",
            "messageTitle": "Update README",
            "messageBody": "",
            "insertions": 14,
            "deletions": 9
          }
        ]
      },
      {
        "insertions": 240,
        "deletions": 13,
        "date": "2019-10-20",
        "commitResults": [
          {
            "hash": "1e4eb8980a745f6d9783211fe08386f8fe550aae",
            "messageTitle": "Add mode command (#68)",
            "messageBody": "* Add Mode Command\r\n\r\n* Fix checkstyle\r\n\r\n* Fix minor bug in JsonSerializableAddressBook.java\r\n\r\n* Enable delete command for to-do list\r\n\r\n* Fix checkstyle\r\n\r\n* Fix minor bug in DeleteCommand\r\n\r\n* Create ModeCommandTest\r\n\r\n* Fix Checkstyle\r\n\r\n* Improve code quality\r\n\r\n* Fix test cases\r\n\r\n* Improve code quality\r\n",
            "insertions": 240,
            "deletions": 13
          }
        ]
      },
      {
        "insertions": 33,
        "deletions": 0,
        "date": "2019-10-23",
        "commitResults": [
          {
            "hash": "d684e9783a450d889342935b7427044730d076ea",
            "messageTitle": "Update developer guide with Mode command details (#84)",
            "messageBody": "* Edit Developer Guide for Mode Command\r\n\r\n* Update developer guide\r\n",
            "insertions": 33,
            "deletions": 0
          }
        ]
      },
      {
        "insertions": 297,
        "deletions": 27,
        "date": "2019-10-26",
        "commitResults": [
          {
            "hash": "881b7a8eb61dc97e2c4e7061b1ccbdef105ea950",
            "messageTitle": "Implement AddTodoCommandParser (#89)",
            "messageBody": "* Implement AddTodoCommandParser for todo list\r\n\r\n* Refractor AddressBookParser\r\n\r\n* Modify command message for AddTodoCommandParser\r\n\r\n* Fix checkstyle\r\n\r\n* Create AddTodoCommandParserTest\r\n\r\n* Fix checkstyle\r\n\r\n* Update AddTodoCommandParserTest\r\n",
            "insertions": 297,
            "deletions": 27
          }
        ]
      },
      {
        "insertions": 309,
        "deletions": 20,
        "date": "2019-10-27",
        "commitResults": [
          {
            "hash": "a3ea9357b849de3c06c61c92e45afe3d30870623",
            "messageTitle": "Implement SaveTodoCommand (#93)",
            "messageBody": "* Implement AddTodoCommandParser for todo list\r\n\r\n* Refractor AddressBookParser\r\n\r\n* Modify command message for AddTodoCommandParser\r\n\r\n* Fix checkstyle\r\n\r\n* Create AddTodoCommandParserTest\r\n\r\n* Fix checkstyle\r\n\r\n* Implement SaveTodoCommand\r\n\r\n* Implement test cases for SaveTodoCommand and SaveTodoCommandParser\r\n\r\n* Fix checkstyle\r\n\r\n* Fix checkstyle\r\n\r\n* Update SaveTodoCommand and SaveTodoCommandParser\r\n\r\n* Update SaveTodoCommandTest\r\n",
            "insertions": 309,
            "deletions": 20
          }
        ]
      },
      {
        "insertions": 374,
        "deletions": 349,
        "date": "2019-10-29",
        "commitResults": [
          {
            "hash": "02e708c710d3bdfecc8fe410800f64e65360e47c",
            "messageTitle": "Refactor test and sample data (#112)",
            "messageBody": "",
            "insertions": 374,
            "deletions": 349
          }
        ]
      },
      {
        "insertions": 5,
        "deletions": 26,
        "date": "2019-11-01",
        "commitResults": [
          {
            "hash": "4ddfaa3f36baba13b9b7bff39b9cc0a3a78ac414",
            "messageTitle": "Update todo commands in UG (#117)",
            "messageBody": "",
            "insertions": 5,
            "deletions": 26
          }
        ]
      },
      {
        "insertions": 1,
        "deletions": 0,
        "date": "2019-11-05",
        "commitResults": [
          {
            "hash": "0336b96ae4ea5ea419c96c55729c4dadf3a5ed14",
            "messageTitle": "Fix bug for Save Command Ui (#135)",
            "messageBody": "",
            "insertions": 1,
            "deletions": 0
          }
        ]
      },
      {
        "insertions": 161,
        "deletions": 46,
        "date": "2019-11-06",
        "commitResults": [
          {
            "hash": "4c761ef6c60c1b3b53641e3a4fbb380ee53c2c0d",
            "messageTitle": "Restrict add review (#157)",
            "messageBody": "* Fix bug for Save Command Ui\r\n\r\n* Add restriction for review command\r\n",
            "insertions": 11,
            "deletions": 6
          },
          {
            "hash": "f937301ad54e2040e2343346e927c21dd92e390b",
            "messageTitle": "Edit URL in help window (#158)",
            "messageBody": "* Fix bug for Save Command Ui\r\n\r\n* Add restriction for review command\r\n\r\n* Change url of help window to EatMe UserGuide\r\n",
            "insertions": 1,
            "deletions": 1
          },
          {
            "hash": "70d72f39cafca0ed8e0b7ce3f133160e0d7f3a04",
            "messageTitle": "Edit user guide (#159)",
            "messageBody": "* Fix bug for Save Command Ui\r\n\r\n* Add restriction for review command\r\n\r\n* Change url of help window to EatMe UserGuide\r\n\r\n* Update user guide\r\n\r\n* Update user guide\r\n",
            "insertions": 149,
            "deletions": 39
          }
        ]
      },
      {
        "insertions": 1,
        "deletions": 18,
        "date": "2019-11-08",
        "commitResults": [
          {
            "hash": "65f7beb461e5ac1887212b941f662877c530fa08",
            "messageTitle": "Edit user guide (#167)",
            "messageBody": "* Fix bug for Save Command Ui\r\n\r\n* Add restriction for review command\r\n\r\n* Change url of help window to EatMe UserGuide\r\n\r\n* Update user guide\r\n\r\n* Update user guide\r\n\r\n* Increase depth of content page\r\n",
            "insertions": 1,
            "deletions": 18
          }
        ]
      }
    ],
    "jakq": [
      {
        "insertions": 90,
        "deletions": 25,
        "date": "2019-10-02",
        "commitResults": [
          {
            "hash": "90c060e91c3954a49dd51067f85b0d35705485d5",
            "messageTitle": "Update Developer Guide (#14)",
            "messageBody": "* Update Developer Guide\r\n\r\nUpdated Appendix A, B, C, D, E, F\r\n\r\n* Update Developer Guide\r\n\r\nEdited Appendix  C (remove entry from todo).\r\n",
            "insertions": 90,
            "deletions": 25
          }
        ]
      },
      {
        "insertions": 1228,
        "deletions": 1239,
        "date": "2019-10-15",
        "commitResults": [
          {
            "hash": "991cf8202e1190947148efe0ae1c30ecc3dd15ff",
            "messageTitle": "Refactor Person to Eatery (#61)",
            "messageBody": "* Refactor Person to Eatery\r\n\r\nv1.0 with 3 EditCommandTest failures.\r\n\r\n* Removed 2 test cases from EditCommandTest\r\n\r\n* Update BetterModelClassDiagram.puml\r\n\r\n* Remove Email and Phone class\r\n\r\n* Remove Email Phone multiplicity\r\n\r\n* Refactor Person to Eatery edit1\r\n\r\n*Close issue #55 \r\n",
            "insertions": 1228,
            "deletions": 1239
          }
        ]
      },
      {
        "insertions": 470,
        "deletions": 44,
        "date": "2019-10-21",
        "commitResults": [
          {
            "hash": "eb136426bd08fe9c2f327f8f174d8f8521552e9a",
            "messageTitle": "Add CloseCommand (#76)",
            "messageBody": "* Refactor Person to Eatery\r\n\r\nv1.0 with 3 EditCommandTest failures.\r\n\r\n* Removed 2 test cases from EditCommandTest\r\n\r\n* Update BetterModelClassDiagram.puml\r\n\r\n* Remove Email and Phone class\r\n\r\n* Remove Email Phone multiplicity\r\n\r\n* Refactor Person to Eatery edit1\r\n\r\n* Add Close Command\r\n\r\n* Restore whiteline to AddressBookTest\r\n\r\n* Merge remote-tracking branch \u0027upstream/master\u0027 into close-open-eatery\r\n\r\n# Conflicts:\r\n#\tsrc/main/java/seedu/address/logic/Logic.java\r\n#\tsrc/main/java/seedu/address/logic/LogicManager.java\r\n#\tsrc/main/java/seedu/address/logic/commands/EditCommand.java\r\n#\tsrc/main/java/seedu/address/logic/parser/AddCommandParser.java\r\n#\tsrc/main/java/seedu/address/logic/parser/ParserUtil.java\r\n#\tsrc/main/java/seedu/address/model/AddressBook.java\r\n#\tsrc/main/java/seedu/address/model/Model.java\r\n#\tsrc/main/java/seedu/address/model/ModelManager.java\r\n#\tsrc/main/java/seedu/address/model/eatery/Eatery.java\r\n#\tsrc/main/java/seedu/address/model/eatery/UniqueEateryList.java\r\n#\tsrc/main/java/seedu/address/model/util/SampleDataUtil.java\r\n#\tsrc/main/java/seedu/address/storage/JsonAdaptedEatery.java\r\n#\tsrc/main/java/seedu/address/storage/JsonSerializableAddressBook.java\r\n#\tsrc/main/java/seedu/address/ui/EateryCard.java\r\n#\tsrc/main/java/seedu/address/ui/MainWindow.java\r\n#\tsrc/main/resources/view/EateryListCard.fxml\r\n#\tsrc/main/resources/view/EateryListPanel.fxml\r\n#\tsrc/main/resources/view/MainWindow.fxml\r\n#\tsrc/test/data/JsonSerializableAddressBookTest/duplicateEateryAddressBook.json\r\n#\tsrc/test/data/JsonSerializableAddressBookTest/invalidEateryAddressBook.json\r\n#\tsrc/test/data/JsonSerializableAddressBookTest/typicalEateriesAddressBook.json\r\n#\tsrc/test/java/seedu/address/logic/LogicManagerTest.java\r\n#\tsrc/test/java/seedu/address/logic/commands/AddCommandIntegrationTest.java\r\n#\tsrc/test/java/seedu/address/logic/commands/AddCommandTest.java\r\n#\tsrc/test/java/seedu/address/logic/commands/ClearCommandTest.java\r\n#\tsrc/test/java/seedu/address/logic/commands/DeleteCommandTest.java\r\n#\tsrc/test/java/seedu/address/logic/commands/EditCommandTest.java\r\n#\tsrc/test/java/seedu/address/logic/commands/FindCommandTest.java\r\n#\tsrc/test/java/seedu/address/logic/commands/ListCommandTest.java\r\n#\tsrc/test/java/seedu/address/logic/parser/AddCommandParserTest.java\r\n#\tsrc/test/java/seedu/address/logic/parser/AddressBookParserTest.java\r\n#\tsrc/test/java/seedu/address/logic/parser/EditCommandParserTest.java\r\n#\tsrc/test/java/seedu/address/logic/parser/ParserUtilTest.java\r\n#\tsrc/test/java/seedu/address/model/AddressBookTest.java\r\n#\tsrc/test/java/seedu/address/model/ModelManagerTest.java\r\n#\tsrc/test/java/seedu/address/model/eatery/EateryTest.java\r\n#\tsrc/test/java/seedu/address/model/eatery/UniqueEateryListTest.java\r\n#\tsrc/test/java/seedu/address/storage/JsonAdaptedEateryTest.java\r\n#\tsrc/test/java/seedu/address/testutil/EateryBuilder.java\r\n#\tsrc/test/java/seedu/address/testutil/EateryUtil.java\r\n#\tsrc/test/java/seedu/address/testutil/EditEateryDescriptorBuilder.java\r\n#\tsrc/test/java/seedu/address/testutil/TypicalEateries.java\r\n\r\n* Fix CloseCommand\r\n\r\n1. Remove buildClose() from EateryBuilder\r\n2. Add EOF line to EateryListPanel.fxml\r\n3. Fix duplicateEateryAddressBook.json\r\n4. Require nonnull Category for Eatery\r\n\r\n* Remove tags from requireAllNonNull in Eatery\r\n",
            "insertions": 470,
            "deletions": 44
          }
        ]
      },
      {
        "insertions": 58,
        "deletions": 162,
        "date": "2019-10-22",
        "commitResults": [
          {
            "hash": "7b750cdf7f3596bcd99f5911fa2acc15f1b61d15",
            "messageTitle": "Rework CloseCommand class (#79)",
            "messageBody": "* Refactor Person to Eatery\r\n\r\nv1.0 with 3 EditCommandTest failures.\r\n\r\n* Removed 2 test cases from EditCommandTest\r\n\r\n* Update BetterModelClassDiagram.puml\r\n\r\n* Remove Email and Phone class\r\n\r\n* Remove Email Phone multiplicity\r\n\r\n* Refactor Person to Eatery edit1\r\n\r\n* Add Close Command\r\n\r\n* Restore whiteline to AddressBookTest\r\n\r\n* Merge remote-tracking branch \u0027upstream/master\u0027 into close-open-eatery\r\n\r\n# Conflicts:\r\n#\tsrc/main/java/seedu/address/logic/Logic.java\r\n#\tsrc/main/java/seedu/address/logic/LogicManager.java\r\n#\tsrc/main/java/seedu/address/logic/commands/EditCommand.java\r\n#\tsrc/main/java/seedu/address/logic/parser/AddCommandParser.java\r\n#\tsrc/main/java/seedu/address/logic/parser/ParserUtil.java\r\n#\tsrc/main/java/seedu/address/model/AddressBook.java\r\n#\tsrc/main/java/seedu/address/model/Model.java\r\n#\tsrc/main/java/seedu/address/model/ModelManager.java\r\n#\tsrc/main/java/seedu/address/model/eatery/Eatery.java\r\n#\tsrc/main/java/seedu/address/model/eatery/UniqueEateryList.java\r\n#\tsrc/main/java/seedu/address/model/util/SampleDataUtil.java\r\n#\tsrc/main/java/seedu/address/storage/JsonAdaptedEatery.java\r\n#\tsrc/main/java/seedu/address/storage/JsonSerializableAddressBook.java\r\n#\tsrc/main/java/seedu/address/ui/EateryCard.java\r\n#\tsrc/main/java/seedu/address/ui/MainWindow.java\r\n#\tsrc/main/resources/view/EateryListCard.fxml\r\n#\tsrc/main/resources/view/EateryListPanel.fxml\r\n#\tsrc/main/resources/view/MainWindow.fxml\r\n#\tsrc/test/data/JsonSerializableAddressBookTest/duplicateEateryAddressBook.json\r\n#\tsrc/test/data/JsonSerializableAddressBookTest/invalidEateryAddressBook.json\r\n#\tsrc/test/data/JsonSerializableAddressBookTest/typicalEateriesAddressBook.json\r\n#\tsrc/test/java/seedu/address/logic/LogicManagerTest.java\r\n#\tsrc/test/java/seedu/address/logic/commands/AddCommandIntegrationTest.java\r\n#\tsrc/test/java/seedu/address/logic/commands/AddCommandTest.java\r\n#\tsrc/test/java/seedu/address/logic/commands/ClearCommandTest.java\r\n#\tsrc/test/java/seedu/address/logic/commands/DeleteCommandTest.java\r\n#\tsrc/test/java/seedu/address/logic/commands/EditCommandTest.java\r\n#\tsrc/test/java/seedu/address/logic/commands/FindCommandTest.java\r\n#\tsrc/test/java/seedu/address/logic/commands/ListCommandTest.java\r\n#\tsrc/test/java/seedu/address/logic/parser/AddCommandParserTest.java\r\n#\tsrc/test/java/seedu/address/logic/parser/AddressBookParserTest.java\r\n#\tsrc/test/java/seedu/address/logic/parser/EditCommandParserTest.java\r\n#\tsrc/test/java/seedu/address/logic/parser/ParserUtilTest.java\r\n#\tsrc/test/java/seedu/address/model/AddressBookTest.java\r\n#\tsrc/test/java/seedu/address/model/ModelManagerTest.java\r\n#\tsrc/test/java/seedu/address/model/eatery/EateryTest.java\r\n#\tsrc/test/java/seedu/address/model/eatery/UniqueEateryListTest.java\r\n#\tsrc/test/java/seedu/address/storage/JsonAdaptedEateryTest.java\r\n#\tsrc/test/java/seedu/address/testutil/EateryBuilder.java\r\n#\tsrc/test/java/seedu/address/testutil/EateryUtil.java\r\n#\tsrc/test/java/seedu/address/testutil/EditEateryDescriptorBuilder.java\r\n#\tsrc/test/java/seedu/address/testutil/TypicalEateries.java\r\n\r\n* Fix CloseCommand\r\n\r\n1. Remove buildClose() from EateryBuilder\r\n2. Add EOF line to EateryListPanel.fxml\r\n3. Fix duplicateEateryAddressBook.json\r\n4. Require nonnull Category for Eatery\r\n\r\n* Remove tags from requireAllNonNull in Eatery\r\n\r\n* Rework execute method of CloseCommand\r\n\r\n- Removed the hasExactEatery method and its calls.\r\n\r\n* Merge remote-tracking branch \u0027upstream/master\u0027 into close-open-eatery\r\n\r\n# Conflicts:\r\n#\tsrc/main/java/seedu/address/logic/commands/CloseCommand.java\r\n#\tsrc/test/java/seedu/address/logic/commands/AddCommandTest.java\r\n#\tsrc/test/java/seedu/address/logic/commands/CloseCommandTest.java\r\n",
            "insertions": 6,
            "deletions": 98
          },
          {
            "hash": "04f8ea5d4512b49c9380d12f43165d0a77bdceb5",
            "messageTitle": "Update DeveloperGuide with close feature (#82)",
            "messageBody": "* Update Developer Guide\r\n\r\nUpdated Appendix A, B, C, D, E, F\r\n\r\n* Update Developer Guide\r\n\r\nEdited Appendix  C (remove entry from todo).\r\n\r\n* Update DeveloperGuide.adoc with Close feature\r\n\r\n* Remove UndoSequenceDiagram\r\n\r\n* Remove trailing whitespaces from DeveloperGuide\r\n\r\n* Update DeveloperGuide.adoc\r\n",
            "insertions": 52,
            "deletions": 64
          }
        ]
      },
      {
        "insertions": 130,
        "deletions": 126,
        "date": "2019-10-24",
        "commitResults": [
          {
            "hash": "51d0511bcd457ccdacfda1e969268695aab5320d",
            "messageTitle": "Make DeveloperGuide more uniform (#92)",
            "messageBody": "* Make DeveloperGuide more uniform\r\n\r\n* Fix stylistic errors in DeveloperGuide\r\n",
            "insertions": 130,
            "deletions": 126
          }
        ]
      },
      {
        "insertions": 329,
        "deletions": 42,
        "date": "2019-10-27",
        "commitResults": [
          {
            "hash": "5f3e4e00709b512250276a136af4b4d27c388555",
            "messageTitle": "Add ReopenCommand (#96)",
            "messageBody": "* Refactor Person to Eatery\r\n\r\nv1.0 with 3 EditCommandTest failures.\r\n\r\n* Removed 2 test cases from EditCommandTest\r\n\r\n* Update BetterModelClassDiagram.puml\r\n\r\n* Remove Email and Phone class\r\n\r\n* Remove Email Phone multiplicity\r\n\r\n* Refactor Person to Eatery edit1\r\n\r\n* Add Close Command\r\n\r\n* Restore whiteline to AddressBookTest\r\n\r\n* Merge remote-tracking branch \u0027upstream/master\u0027 into close-open-eatery\r\n\r\n# Conflicts:\r\n#\tsrc/main/java/seedu/address/logic/Logic.java\r\n#\tsrc/main/java/seedu/address/logic/LogicManager.java\r\n#\tsrc/main/java/seedu/address/logic/commands/EditCommand.java\r\n#\tsrc/main/java/seedu/address/logic/parser/AddCommandParser.java\r\n#\tsrc/main/java/seedu/address/logic/parser/ParserUtil.java\r\n#\tsrc/main/java/seedu/address/model/AddressBook.java\r\n#\tsrc/main/java/seedu/address/model/Model.java\r\n#\tsrc/main/java/seedu/address/model/ModelManager.java\r\n#\tsrc/main/java/seedu/address/model/eatery/Eatery.java\r\n#\tsrc/main/java/seedu/address/model/eatery/UniqueEateryList.java\r\n#\tsrc/main/java/seedu/address/model/util/SampleDataUtil.java\r\n#\tsrc/main/java/seedu/address/storage/JsonAdaptedEatery.java\r\n#\tsrc/main/java/seedu/address/storage/JsonSerializableAddressBook.java\r\n#\tsrc/main/java/seedu/address/ui/EateryCard.java\r\n#\tsrc/main/java/seedu/address/ui/MainWindow.java\r\n#\tsrc/main/resources/view/EateryListCard.fxml\r\n#\tsrc/main/resources/view/EateryListPanel.fxml\r\n#\tsrc/main/resources/view/MainWindow.fxml\r\n#\tsrc/test/data/JsonSerializableAddressBookTest/duplicateEateryAddressBook.json\r\n#\tsrc/test/data/JsonSerializableAddressBookTest/invalidEateryAddressBook.json\r\n#\tsrc/test/data/JsonSerializableAddressBookTest/typicalEateriesAddressBook.json\r\n#\tsrc/test/java/seedu/address/logic/LogicManagerTest.java\r\n#\tsrc/test/java/seedu/address/logic/commands/AddCommandIntegrationTest.java\r\n#\tsrc/test/java/seedu/address/logic/commands/AddCommandTest.java\r\n#\tsrc/test/java/seedu/address/logic/commands/ClearCommandTest.java\r\n#\tsrc/test/java/seedu/address/logic/commands/DeleteCommandTest.java\r\n#\tsrc/test/java/seedu/address/logic/commands/EditCommandTest.java\r\n#\tsrc/test/java/seedu/address/logic/commands/FindCommandTest.java\r\n#\tsrc/test/java/seedu/address/logic/commands/ListCommandTest.java\r\n#\tsrc/test/java/seedu/address/logic/parser/AddCommandParserTest.java\r\n#\tsrc/test/java/seedu/address/logic/parser/AddressBookParserTest.java\r\n#\tsrc/test/java/seedu/address/logic/parser/EditCommandParserTest.java\r\n#\tsrc/test/java/seedu/address/logic/parser/ParserUtilTest.java\r\n#\tsrc/test/java/seedu/address/model/AddressBookTest.java\r\n#\tsrc/test/java/seedu/address/model/ModelManagerTest.java\r\n#\tsrc/test/java/seedu/address/model/eatery/EateryTest.java\r\n#\tsrc/test/java/seedu/address/model/eatery/UniqueEateryListTest.java\r\n#\tsrc/test/java/seedu/address/storage/JsonAdaptedEateryTest.java\r\n#\tsrc/test/java/seedu/address/testutil/EateryBuilder.java\r\n#\tsrc/test/java/seedu/address/testutil/EateryUtil.java\r\n#\tsrc/test/java/seedu/address/testutil/EditEateryDescriptorBuilder.java\r\n#\tsrc/test/java/seedu/address/testutil/TypicalEateries.java\r\n\r\n* Fix CloseCommand\r\n\r\n1. Remove buildClose() from EateryBuilder\r\n2. Add EOF line to EateryListPanel.fxml\r\n3. Fix duplicateEateryAddressBook.json\r\n4. Require nonnull Category for Eatery\r\n\r\n* Remove tags from requireAllNonNull in Eatery\r\n\r\n* Rework execute method of CloseCommand\r\n\r\n- Removed the hasExactEatery method and its calls.\r\n\r\n* Merge remote-tracking branch \u0027upstream/master\u0027 into close-open-eatery\r\n\r\n# Conflicts:\r\n#\tsrc/main/java/seedu/address/logic/commands/CloseCommand.java\r\n#\tsrc/test/java/seedu/address/logic/commands/AddCommandTest.java\r\n#\tsrc/test/java/seedu/address/logic/commands/CloseCommandTest.java\r\n\r\n* Add ReopenCommand\r\n\r\n* Rename variables in ReopenCommand\r\n\r\n* Change 0 to getZeroBased\r\n\r\n* Fix Close and Reopen command\r\n",
            "insertions": 329,
            "deletions": 42
          }
        ]
      },
      {
        "insertions": 253,
        "deletions": 5,
        "date": "2019-11-08",
        "commitResults": [
          {
            "hash": "5bc85a0aeaffe765ded6e020ff27f3c31a8e9bd6",
            "messageTitle": "Add LoadCommand feature (#166)",
            "messageBody": "* Add ChangeCommand to EatMe\r\n\r\n* Add JavaDocs to checkFile\r\n\r\n* Fix import style.\r\n\r\n* Refactor ChangeCommand to LoadCommand\r\n\r\n* Fix stylistic errors\r\n\r\n* Add LoadCommandTest\r\n\r\n* Improve overall `load` command\r\n\r\n* Add missing EOF newline\r\n\r\n* Fix example error\r\n\r\n* Improve `load` command parser tests\r\n",
            "insertions": 253,
            "deletions": 5
          }
        ]
      }
    ]
  },
  "authorFinalContributionMap": {
    "walnads": 804,
    "ROHITREDDYBALAM": 948,
    "dvrylc": 3271,
    "JunHongT": 1248,
    "jakq": 2134
  },
  "authorFileTypeContributionMap": {
    "walnads": {
      "docs": 50,
      "tests": 481,
      "functional": 273
    },
    "ROHITREDDYBALAM": {
      "docs": 68,
      "tests": 23,
      "functional": 857
    },
    "dvrylc": {
      "docs": 108,
      "tests": 818,
      "functional": 2335,
      "other": 10
    },
    "JunHongT": {
      "docs": 111,
      "tests": 707,
      "functional": 430
    },
    "jakq": {
      "docs": 250,
      "tests": 1008,
      "functional": 847,
      "other": 29
    }
  },
  "authorContributionVariance": {
    "walnads": 7056.715,
    "ROHITREDDYBALAM": 12414.344,
    "dvrylc": 51686.688,
    "JunHongT": 12117.912,
    "jakq": 98617.43
  },
  "authorDisplayNameMap": {
    "walnads": "CS2103T-W11-3 NADIA ... YAHYA",
    "ROHITREDDYBALAM": "CS2103T-W11-3 BALAM ... REDDY",
    "dvrylc": "CS2103T-W11-3 CHAN  ... DARYL",
    "JunHongT": "CS2103T-W11-3 TEO J ...  HONG",
    "jakq": "CS2103T-W11-3 ANG K ... AI QI"
  }
}
