{
  "authorDailyContributionsMap": {
    "walnads": [
      {
        "insertions": 151,
        "deletions": 97,
        "date": "2019-09-30",
        "commitResults": [
          {
            "hash": "9da3d70ed316051f6ceae45e55fe4beb70655e49",
            "messageTitle": "Update UserGuide.adoc and Ui.png (#9)",
            "messageBody": "",
            "insertions": 151,
            "deletions": 97
          }
        ]
      },
      {
        "insertions": 156,
        "deletions": 0,
        "date": "2019-10-15",
        "commitResults": [
          {
            "hash": "92cb0de7317eb8188da4923c214f4b836ac80c6b",
            "messageTitle": "Add Category class (#62)",
            "messageBody": "Closes #53 🚀 \r\n\r\n* Remove all instances of address\r\n\r\n* Add new command: Remark\r\n\r\n* Update UserGuide.adoc\r\n\r\n* Update UserGuide.adoc\r\n\r\n* Update Ui.png\r\n\r\n* Update UserGuide.adoc\r\n\r\n* Update Ui.png\r\n\r\n* Revert \"Update Ui.png\"\r\n\r\nThis reverts commit 09529ffa6d15f40b21807f2d1af2b6fd64b99378.\r\n\r\n* Revert \"Update UserGuide.adoc\"\r\n\r\nThis reverts commit 1011cb16e1d28a6e0b104c2ab2558f326e4deca1.\r\n\r\n* Revert \"Update Ui.png\"\r\n\r\nThis reverts commit 43aa00b780ab5e7ec30d320bddd7fbb157c98808.\r\n\r\n* Revert \"Update UserGuide.adoc\"\r\n\r\nThis reverts commit c907562aa13235e5c18bbad56c32118429e03c55.\r\n\r\n* Revert \"Update UserGuide.adoc\"\r\n\r\nThis reverts commit ea7590c2db054fb1359da7ec92c1364efa3b6da6.\r\n\r\n* Revert \"Merge branch \u0027tutorial-adding-command\u0027\"\r\n\r\nThis reverts commit 3f671ae4b369ecc1941d61313756e879f0c52515, reversing\r\nchanges made to 5e1abfd36d07a4f508e11d4db75ed375d1c7d091.\r\n\r\n* Revert \"Remove all instances of address\"\r\n\r\nThis reverts commit 5e1abfd36d07a4f508e11d4db75ed375d1c7d091.\r\n\r\n* Update UserGuide.adoc\r\n\r\n* Update UserGuide.adoc\r\n\r\n* Fix coding style violations\r\n\r\n* Create test cases (#1)\r\n\r\n* Fix coding style violations (#1)\r\n\r\n* Fix coding style violations (#2)\r\n\r\n* Fix getId() method to return object\u0027s id instead of static variable id\r\n\r\n* Fix test case that checks category id\r\n\r\n* Add Ui.png ~_~\r\n",
            "insertions": 156,
            "deletions": 0
          }
        ]
      },
      {
        "insertions": 398,
        "deletions": 172,
        "date": "2019-10-20",
        "commitResults": [
          {
            "hash": "9cd9854984d2d8a39ec5ae67d4407e8701b71557",
            "messageTitle": "Add Tag class, refactor Add and Edit command (#74)",
            "messageBody": "* Remove all instances of address\r\n\r\n* Add new command: Remark\r\n\r\n* Update UserGuide.adoc\r\n\r\n* Update UserGuide.adoc\r\n\r\n* Update Ui.png\r\n\r\n* Update UserGuide.adoc\r\n\r\n* Update Ui.png\r\n\r\n* Revert \"Update Ui.png\"\r\n\r\nThis reverts commit 09529ffa6d15f40b21807f2d1af2b6fd64b99378.\r\n\r\n* Revert \"Update UserGuide.adoc\"\r\n\r\nThis reverts commit 1011cb16e1d28a6e0b104c2ab2558f326e4deca1.\r\n\r\n* Revert \"Update Ui.png\"\r\n\r\nThis reverts commit 43aa00b780ab5e7ec30d320bddd7fbb157c98808.\r\n\r\n* Revert \"Update UserGuide.adoc\"\r\n\r\nThis reverts commit c907562aa13235e5c18bbad56c32118429e03c55.\r\n\r\n* Revert \"Update UserGuide.adoc\"\r\n\r\nThis reverts commit ea7590c2db054fb1359da7ec92c1364efa3b6da6.\r\n\r\n* Revert \"Merge branch \u0027tutorial-adding-command\u0027\"\r\n\r\nThis reverts commit 3f671ae4b369ecc1941d61313756e879f0c52515, reversing\r\nchanges made to 5e1abfd36d07a4f508e11d4db75ed375d1c7d091.\r\n\r\n* Revert \"Remove all instances of address\"\r\n\r\nThis reverts commit 5e1abfd36d07a4f508e11d4db75ed375d1c7d091.\r\n\r\n* Update UserGuide.adoc\r\n\r\n* Update UserGuide.adoc\r\n\r\n* Add Tag class\r\n\r\n* Add tests for Tag class\r\n\r\n* Refactor existing classes\r\n\r\n* Refactor existing test classes\r\n\r\n* Remove trailing whitespaces\r\n\r\n* Fix code to refer to Tag class and not Category class\r\n\r\n* Fix ParserUtil class and test class\r\n\r\n* Change toString() method of AddressBook\r\n",
            "insertions": 398,
            "deletions": 172
          }
        ]
      },
      {
        "insertions": 42,
        "deletions": 40,
        "date": "2019-10-23",
        "commitResults": [
          {
            "hash": "d0590028d311443ceb274e3856a57c471922cd74",
            "messageTitle": "Update developer guide with add feature (#87)",
            "messageBody": "* Remove all instances of address\r\n\r\n* Add new command: Remark\r\n\r\n* Update UserGuide.adoc\r\n\r\n* Update UserGuide.adoc\r\n\r\n* Update Ui.png\r\n\r\n* Update UserGuide.adoc\r\n\r\n* Update Ui.png\r\n\r\n* Revert \"Update Ui.png\"\r\n\r\nThis reverts commit 09529ffa6d15f40b21807f2d1af2b6fd64b99378.\r\n\r\n* Revert \"Update UserGuide.adoc\"\r\n\r\nThis reverts commit 1011cb16e1d28a6e0b104c2ab2558f326e4deca1.\r\n\r\n* Revert \"Update Ui.png\"\r\n\r\nThis reverts commit 43aa00b780ab5e7ec30d320bddd7fbb157c98808.\r\n\r\n* Revert \"Update UserGuide.adoc\"\r\n\r\nThis reverts commit c907562aa13235e5c18bbad56c32118429e03c55.\r\n\r\n* Revert \"Update UserGuide.adoc\"\r\n\r\nThis reverts commit ea7590c2db054fb1359da7ec92c1364efa3b6da6.\r\n\r\n* Revert \"Merge branch \u0027tutorial-adding-command\u0027\"\r\n\r\nThis reverts commit 3f671ae4b369ecc1941d61313756e879f0c52515, reversing\r\nchanges made to 5e1abfd36d07a4f508e11d4db75ed375d1c7d091.\r\n\r\n* Revert \"Remove all instances of address\"\r\n\r\nThis reverts commit 5e1abfd36d07a4f508e11d4db75ed375d1c7d091.\r\n\r\n* Update UserGuide.adoc\r\n\r\n* Update UserGuide.adoc\r\n\r\n* Add activity and sequence diagram for Add command\r\n\r\n* Change sequence diagram\r\n\r\n* Change activity diagram\r\n\r\n* Resize activity diagram\r\n\r\n* Update DeveloperGuide.adoc\r\n\r\n* Update DeveloperGuide.adoc\r\n\r\n* Update DeveloperGuide.adoc\r\n\r\n* Update DeveloperGuide.adoc\r\n\r\n* Update DeveloperGuide.adoc\r\n\r\n* Update DeveloperGuide.adoc\r\n\r\n* Update DeveloperGuide.adoc\r\n\r\n* Update DeveloperGuide.adoc\r\n",
            "insertions": 42,
            "deletions": 40
          }
        ]
      }
    ],
    "ROHITREDDYBALAM": [
      {
        "insertions": 74,
        "deletions": 414,
        "date": "2019-10-08",
        "commitResults": [
          {
            "hash": "f216da2f90dce4e2994dcea92446509233f9bde0",
            "messageTitle": "remove email field (#57)",
            "messageBody": "* remove email field\r\n\r\n* Remove email field\r\n",
            "insertions": 74,
            "deletions": 414
          }
        ]
      },
      {
        "insertions": 71,
        "deletions": 386,
        "date": "2019-10-10",
        "commitResults": [
          {
            "hash": "9d4b904a0d1ba26528fee68d2111a28c0f8e891d",
            "messageTitle": "Remove phone and email fields (#59)",
            "messageBody": "* remove email field\r\n\r\n* Remove email field\r\n\r\n* Remove phone field\r\n\r\n* Remove phone attribute\r\n",
            "insertions": 71,
            "deletions": 386
          }
        ]
      },
      {
        "insertions": 417,
        "deletions": 22,
        "date": "2019-10-22",
        "commitResults": [
          {
            "hash": "27271f22741e947d21b438dfa43e613a62765805",
            "messageTitle": "Review class (#77)",
            "messageBody": "* remove email field\r\n\r\n* Remove email field\r\n\r\n* Remove phone field\r\n\r\n* Remove phone attribute\r\n\r\n* Remove phone, email from test  case\r\n\r\n* Resolve merge conflicts\r\n\r\n* Add basic version of Review class\r\n\r\n* Resolve merge conflicts with upstream\r\n\r\n* Fix checkstyle errors\r\n\r\n* Fix failing test cases\r\n\r\n* Fix failing tests\r\n\r\n* Verify test cases checking for similar eateries\r\n\r\n* Make reviews Json readable\r\n\r\n* Fix checkstyle errors and json adapted review errors\r\n\r\n* Make review changes permanent\r\n\r\n* Fix checkstyle errors\r\n\r\n* Fix checkstyle errors\r\n\r\n* Create set reviews method for eatery\r\n\r\n* Catch exceptions while parsing review command\r\n\r\n* Override equals method in review class\r\n\r\n* Improve code quality\r\n\r\n* Remove unused imports\r\n",
            "insertions": 417,
            "deletions": 22
          }
        ]
      },
      {
        "insertions": 94,
        "deletions": 30,
        "date": "2019-10-24",
        "commitResults": [
          {
            "hash": "6dd225d5d733a10af05bc7a681fd217c55259e9a",
            "messageTitle": "Update developer guide to show review command details (#81)",
            "messageBody": "* remove email field\r\n\r\n* Remove email field\r\n\r\n* Remove phone field\r\n\r\n* Remove phone attribute\r\n\r\n* Remove phone, email from test  case\r\n\r\n* Resolve merge conflicts\r\n\r\n* Add details of review command to Developer Guide\r\n\r\n* Dg  (#5)\r\n\r\n* Rework CloseCommand class (#79)\r\n\r\n* Refactor Person to Eatery\r\n\r\nv1.0 with 3 EditCommandTest failures.\r\n\r\n* Removed 2 test cases from EditCommandTest\r\n\r\n* Update BetterModelClassDiagram.puml\r\n\r\n* Remove Email and Phone class\r\n\r\n* Remove Email Phone multiplicity\r\n\r\n* Refactor Person to Eatery edit1\r\n\r\n* Add Close Command\r\n\r\n* Restore whiteline to AddressBookTest\r\n\r\n* Merge remote-tracking branch \u0027upstream/master\u0027 into close-open-eatery\r\n\r\n# Conflicts:\r\n#\tsrc/main/java/seedu/address/logic/Logic.java\r\n#\tsrc/main/java/seedu/address/logic/LogicManager.java\r\n#\tsrc/main/java/seedu/address/logic/commands/EditCommand.java\r\n#\tsrc/main/java/seedu/address/logic/parser/AddCommandParser.java\r\n#\tsrc/main/java/seedu/address/logic/parser/ParserUtil.java\r\n#\tsrc/main/java/seedu/address/model/AddressBook.java\r\n#\tsrc/main/java/seedu/address/model/Model.java\r\n#\tsrc/main/java/seedu/address/model/ModelManager.java\r\n#\tsrc/main/java/seedu/address/model/eatery/Eatery.java\r\n#\tsrc/main/java/seedu/address/model/eatery/UniqueEateryList.java\r\n#\tsrc/main/java/seedu/address/model/util/SampleDataUtil.java\r\n#\tsrc/main/java/seedu/address/storage/JsonAdaptedEatery.java\r\n#\tsrc/main/java/seedu/address/storage/JsonSerializableAddressBook.java\r\n#\tsrc/main/java/seedu/address/ui/EateryCard.java\r\n#\tsrc/main/java/seedu/address/ui/MainWindow.java\r\n#\tsrc/main/resources/view/EateryListCard.fxml\r\n#\tsrc/main/resources/view/EateryListPanel.fxml\r\n#\tsrc/main/resources/view/MainWindow.fxml\r\n#\tsrc/test/data/JsonSerializableAddressBookTest/duplicateEateryAddressBook.json\r\n#\tsrc/test/data/JsonSerializableAddressBookTest/invalidEateryAddressBook.json\r\n#\tsrc/test/data/JsonSerializableAddressBookTest/typicalEateriesAddressBook.json\r\n#\tsrc/test/java/seedu/address/logic/LogicManagerTest.java\r\n#\tsrc/test/java/seedu/address/logic/commands/AddCommandIntegrationTest.java\r\n#\tsrc/test/java/seedu/address/logic/commands/AddCommandTest.java\r\n#\tsrc/test/java/seedu/address/logic/commands/ClearCommandTest.java\r\n#\tsrc/test/java/seedu/address/logic/commands/DeleteCommandTest.java\r\n#\tsrc/test/java/seedu/address/logic/commands/EditCommandTest.java\r\n#\tsrc/test/java/seedu/address/logic/commands/FindCommandTest.java\r\n#\tsrc/test/java/seedu/address/logic/commands/ListCommandTest.java\r\n#\tsrc/test/java/seedu/address/logic/parser/AddCommandParserTest.java\r\n#\tsrc/test/java/seedu/address/logic/parser/AddressBookParserTest.java\r\n#\tsrc/test/java/seedu/address/logic/parser/EditCommandParserTest.java\r\n#\tsrc/test/java/seedu/address/logic/parser/ParserUtilTest.java\r\n#\tsrc/test/java/seedu/address/model/AddressBookTest.java\r\n#\tsrc/test/java/seedu/address/model/ModelManagerTest.java\r\n#\tsrc/test/java/seedu/address/model/eatery/EateryTest.java\r\n#\tsrc/test/java/seedu/address/model/eatery/UniqueEateryListTest.java\r\n#\tsrc/test/java/seedu/address/storage/JsonAdaptedEateryTest.java\r\n#\tsrc/test/java/seedu/address/testutil/EateryBuilder.java\r\n#\tsrc/test/java/seedu/address/testutil/EateryUtil.java\r\n#\tsrc/test/java/seedu/address/testutil/EditEateryDescriptorBuilder.java\r\n#\tsrc/test/java/seedu/address/testutil/TypicalEateries.java\r\n\r\n* Fix CloseCommand\r\n\r\n1. Remove buildClose() from EateryBuilder\r\n2. Add EOF line to EateryListPanel.fxml\r\n3. Fix duplicateEateryAddressBook.json\r\n4. Require nonnull Category for Eatery\r\n\r\n* Remove tags from requireAllNonNull in Eatery\r\n\r\n* Rework execute method of CloseCommand\r\n\r\n- Removed the hasExactEatery method and its calls.\r\n\r\n* Merge remote-tracking branch \u0027upstream/master\u0027 into close-open-eatery\r\n\r\n# Conflicts:\r\n#\tsrc/main/java/seedu/address/logic/commands/CloseCommand.java\r\n#\tsrc/test/java/seedu/address/logic/commands/AddCommandTest.java\r\n#\tsrc/test/java/seedu/address/logic/commands/CloseCommandTest.java\r\n\r\n* Update DeveloperGuide with close feature (#82)\r\n\r\n* Update Developer Guide\r\n\r\nUpdated Appendix A, B, C, D, E, F\r\n\r\n* Update Developer Guide\r\n\r\nEdited Appendix  C (remove entry from todo).\r\n\r\n* Update DeveloperGuide.adoc with Close feature\r\n\r\n* Remove UndoSequenceDiagram\r\n\r\n* Remove trailing whitespaces from DeveloperGuide\r\n\r\n* Update DeveloperGuide.adoc\r\n\r\n* Review class (#77)\r\n\r\n* remove email field\r\n\r\n* Remove email field\r\n\r\n* Remove phone field\r\n\r\n* Remove phone attribute\r\n\r\n* Remove phone, email from test  case\r\n\r\n* Resolve merge conflicts\r\n\r\n* Add basic version of Review class\r\n\r\n* Resolve merge conflicts with upstream\r\n\r\n* Fix checkstyle errors\r\n\r\n* Fix failing test cases\r\n\r\n* Fix failing tests\r\n\r\n* Verify test cases checking for similar eateries\r\n\r\n* Make reviews Json readable\r\n\r\n* Fix checkstyle errors and json adapted review errors\r\n\r\n* Make review changes permanent\r\n\r\n* Fix checkstyle errors\r\n\r\n* Fix checkstyle errors\r\n\r\n* Create set reviews method for eatery\r\n\r\n* Catch exceptions while parsing review command\r\n\r\n* Override equals method in review class\r\n\r\n* Improve code quality\r\n\r\n* Remove unused imports\r\n\r\n* Add `addfeed` command\r\n\r\n* Add `deletefeed` command\r\n\r\n* Add missing Javadocs\r\n\r\n* Add tests for feed-related commands\r\n\r\n* Update developer guide with add feature (#87)\r\n\r\n* Remove all instances of address\r\n\r\n* Add new command: Remark\r\n\r\n* Update UserGuide.adoc\r\n\r\n* Update UserGuide.adoc\r\n\r\n* Update Ui.png\r\n\r\n* Update UserGuide.adoc\r\n\r\n* Update Ui.png\r\n\r\n* Revert \"Update Ui.png\"\r\n\r\nThis reverts commit 09529ffa6d15f40b21807f2d1af2b6fd64b99378.\r\n\r\n* Revert \"Update UserGuide.adoc\"\r\n\r\nThis reverts commit 1011cb16e1d28a6e0b104c2ab2558f326e4deca1.\r\n\r\n* Revert \"Update Ui.png\"\r\n\r\nThis reverts commit 43aa00b780ab5e7ec30d320bddd7fbb157c98808.\r\n\r\n* Revert \"Update UserGuide.adoc\"\r\n\r\nThis reverts commit c907562aa13235e5c18bbad56c32118429e03c55.\r\n\r\n* Revert \"Update UserGuide.adoc\"\r\n\r\nThis reverts commit ea7590c2db054fb1359da7ec92c1364efa3b6da6.\r\n\r\n* Revert \"Merge branch \u0027tutorial-adding-command\u0027\"\r\n\r\nThis reverts commit 3f671ae4b369ecc1941d61313756e879f0c52515, reversing\r\nchanges made to 5e1abfd36d07a4f508e11d4db75ed375d1c7d091.\r\n\r\n* Revert \"Remove all instances of address\"\r\n\r\nThis reverts commit 5e1abfd36d07a4f508e11d4db75ed375d1c7d091.\r\n\r\n* Update UserGuide.adoc\r\n\r\n* Update UserGuide.adoc\r\n\r\n* Add activity and sequence diagram for Add command\r\n\r\n* Change sequence diagram\r\n\r\n* Change activity diagram\r\n\r\n* Resize activity diagram\r\n\r\n* Update DeveloperGuide.adoc\r\n\r\n* Update DeveloperGuide.adoc\r\n\r\n* Update DeveloperGuide.adoc\r\n\r\n* Update DeveloperGuide.adoc\r\n\r\n* Update DeveloperGuide.adoc\r\n\r\n* Update DeveloperGuide.adoc\r\n\r\n* Update DeveloperGuide.adoc\r\n\r\n* Update DeveloperGuide.adoc\r\n\r\n* Update developer guide with Mode command details (#84)\r\n\r\n* Edit Developer Guide for Mode Command\r\n\r\n* Update developer guide\r\n\r\n* Update dg\r\n\r\n* Update Developer guide\r\n\r\n* Make changes to dg\r\n",
            "insertions": 37,
            "deletions": 4
          },
          {
            "hash": "c54fb75c161c77320b0fd49b2b372d2d2f72fcd5",
            "messageTitle": "Add date and prevent users from reviewing closed eateries. (#90)",
            "messageBody": "* remove email field\r\n\r\n* Remove email field\r\n\r\n* Remove phone field\r\n\r\n* Remove phone attribute\r\n\r\n* Remove phone, email from test  case\r\n\r\n* Resolve merge conflicts\r\n\r\n* Include date in reviews\r\n\r\n* Prevent users from reviewing closed eateries\r\n\r\n* Store date as date object\r\n\r\n* Fix checkstyle errors\r\n\r\n* Improve code quality\r\n",
            "insertions": 57,
            "deletions": 26
          }
        ]
      }
    ],
    "dvrylc": [
      {
        "insertions": 2,
        "deletions": 3,
        "date": "2019-09-10",
        "commitResults": [
          {
            "hash": "c3badfb1abec947a383a7f911c417dd892466896",
            "messageTitle": "Change Travis link and badge in readme",
            "messageBody": "",
            "insertions": 1,
            "deletions": 1
          },
          {
            "hash": "b0bd82710a64f194272e1c6418df99883614636e",
            "messageTitle": "Update Coveralls link and badge in readme",
            "messageBody": "",
            "insertions": 1,
            "deletions": 1
          },
          {
            "hash": "12c21d3a38113e968cae509319e2631ca0a9bd75",
            "messageTitle": "Remove codacy badge from readme",
            "messageBody": "",
            "insertions": 0,
            "deletions": 1
          }
        ]
      },
      {
        "insertions": 31,
        "deletions": 36,
        "date": "2019-09-30",
        "commitResults": [
          {
            "hash": "d2f34f7068d33273763bfe11aa61bd25be5c7c21",
            "messageTitle": "Update About and Contact page (#11)",
            "messageBody": "",
            "insertions": 26,
            "deletions": 31
          },
          {
            "hash": "de13f72a32824f677154acd9c35d166fba671fef",
            "messageTitle": "Fix image extensions",
            "messageBody": "",
            "insertions": 5,
            "deletions": 5
          }
        ]
      },
      {
        "insertions": 109,
        "deletions": 142,
        "date": "2019-10-15",
        "commitResults": [
          {
            "hash": "14c511be31544ea5468f57fd56f19853e5478b2a",
            "messageTitle": "Fix category location",
            "messageBody": "",
            "insertions": 2,
            "deletions": 2
          },
          {
            "hash": "e296e7b14b3969c942b5c44ed4d1b1251e09f89b",
            "messageTitle": "Implement 3-column UI (#63)",
            "messageBody": "* Implement 3-column UI, closes #48\r\n\r\n- Shift content block to center column\r\n- Add placeholder right column for news feed\r\n- Refactor basic styles\r\n\r\n* Update views for Eatery refactor\r\n\r\n* Add category placeholder label\r\n",
            "insertions": 107,
            "deletions": 140
          }
        ]
      },
      {
        "insertions": 1586,
        "deletions": 72,
        "date": "2019-10-19",
        "commitResults": [
          {
            "hash": "0fc2d12fe50176f5da226e2d30af061d94918479",
            "messageTitle": "Implement basic news feed (#73)",
            "messageBody": "* Implement 3-column UI, closes #48\r\n\r\n- Shift content block to center column\r\n- Add placeholder right column for news feed\r\n- Refactor basic styles\r\n\r\n* Update views for Eatery refactor\r\n\r\n* Add category placeholder label\r\n\r\n* Implement basic news feed\r\n\r\nIncludes:\r\n- Basic news feed functionality\r\n- Tests for new models\r\n\r\n* Improve code style\r\n\r\n- Fix indentation\r\n- Improve variable names\r\n- Remove unnecessary `if` conditions\r\n",
            "insertions": 1586,
            "deletions": 72
          }
        ]
      },
      {
        "insertions": 19,
        "deletions": 12,
        "date": "2019-10-22",
        "commitResults": [
          {
            "hash": "61ecb2a7a18a0d37561af15310813bc548990586",
            "messageTitle": "Implement threading for post fetching (#78)",
            "messageBody": "* Implement 3-column UI, closes #48\r\n\r\n- Shift content block to center column\r\n- Add placeholder right column for news feed\r\n- Refactor basic styles\r\n\r\n* Update views for Eatery refactor\r\n\r\n* Add category placeholder label\r\n\r\n* Implement basic news feed\r\n\r\nIncludes:\r\n- Basic news feed functionality\r\n- Tests for new models\r\n\r\n* Improve code style\r\n\r\n- Fix indentation\r\n- Improve variable names\r\n- Remove unnecessary `if` conditions\r\n\r\n* Move post-fetching to a separate thread\r\n\r\n* Revert unnecessary code shift\r\n",
            "insertions": 19,
            "deletions": 12
          }
        ]
      },
      {
        "insertions": 461,
        "deletions": 5,
        "date": "2019-10-23",
        "commitResults": [
          {
            "hash": "6d652c01344b23d0414f31516f9dc7c07887c3b6",
            "messageTitle": "Add `addfeed` command",
            "messageBody": "",
            "insertions": 137,
            "deletions": 1
          },
          {
            "hash": "a1fa7224c4b4912d68ba7ef2ffe6808cf449ff85",
            "messageTitle": "Add `deletefeed` command",
            "messageBody": "",
            "insertions": 104,
            "deletions": 0
          },
          {
            "hash": "0a949a7f786e706afcedd9dbfa72d5f5a0bb6e36",
            "messageTitle": "Add missing Javadocs",
            "messageBody": "",
            "insertions": 12,
            "deletions": 0
          },
          {
            "hash": "52382759f866bdd049214c2f303abc81d6dfeb64",
            "messageTitle": "Add tests for feed-related commands",
            "messageBody": "",
            "insertions": 208,
            "deletions": 4
          }
        ]
      },
      {
        "insertions": 130,
        "deletions": 102,
        "date": "2019-10-24",
        "commitResults": [
          {
            "hash": "26d760dc6019ab29002c051c8917e597159e59e1",
            "messageTitle": "Update User Guide (#91)",
            "messageBody": "* Update User Guide\r\n\r\n* Improve User Guide\r\n",
            "insertions": 130,
            "deletions": 102
          }
        ]
      }
    ],
    "JunHongT": [
      {
        "insertions": 14,
        "deletions": 9,
        "date": "2019-09-30",
        "commitResults": [
          {
            "hash": "800b4b439da75f73c67c1b40b9eb7d93dfa2b88e",
            "messageTitle": "Update README",
            "messageBody": "",
            "insertions": 14,
            "deletions": 9
          }
        ]
      },
      {
        "insertions": 240,
        "deletions": 13,
        "date": "2019-10-20",
        "commitResults": [
          {
            "hash": "1e4eb8980a745f6d9783211fe08386f8fe550aae",
            "messageTitle": "Add mode command (#68)",
            "messageBody": "* Add Mode Command\r\n\r\n* Fix checkstyle\r\n\r\n* Fix minor bug in JsonSerializableAddressBook.java\r\n\r\n* Enable delete command for to-do list\r\n\r\n* Fix checkstyle\r\n\r\n* Fix minor bug in DeleteCommand\r\n\r\n* Create ModeCommandTest\r\n\r\n* Fix Checkstyle\r\n\r\n* Improve code quality\r\n\r\n* Fix test cases\r\n\r\n* Improve code quality\r\n",
            "insertions": 240,
            "deletions": 13
          }
        ]
      },
      {
        "insertions": 33,
        "deletions": 0,
        "date": "2019-10-23",
        "commitResults": [
          {
            "hash": "d684e9783a450d889342935b7427044730d076ea",
            "messageTitle": "Update developer guide with Mode command details (#84)",
            "messageBody": "* Edit Developer Guide for Mode Command\r\n\r\n* Update developer guide\r\n",
            "insertions": 33,
            "deletions": 0
          }
        ]
      }
    ],
    "jakq": [
      {
        "insertions": 90,
        "deletions": 25,
        "date": "2019-10-02",
        "commitResults": [
          {
            "hash": "90c060e91c3954a49dd51067f85b0d35705485d5",
            "messageTitle": "Update Developer Guide (#14)",
            "messageBody": "* Update Developer Guide\r\n\r\nUpdated Appendix A, B, C, D, E, F\r\n\r\n* Update Developer Guide\r\n\r\nEdited Appendix  C (remove entry from todo).\r\n",
            "insertions": 90,
            "deletions": 25
          }
        ]
      },
      {
        "insertions": 1228,
        "deletions": 1239,
        "date": "2019-10-15",
        "commitResults": [
          {
            "hash": "991cf8202e1190947148efe0ae1c30ecc3dd15ff",
            "messageTitle": "Refactor Person to Eatery (#61)",
            "messageBody": "* Refactor Person to Eatery\r\n\r\nv1.0 with 3 EditCommandTest failures.\r\n\r\n* Removed 2 test cases from EditCommandTest\r\n\r\n* Update BetterModelClassDiagram.puml\r\n\r\n* Remove Email and Phone class\r\n\r\n* Remove Email Phone multiplicity\r\n\r\n* Refactor Person to Eatery edit1\r\n\r\n*Close issue #55 \r\n",
            "insertions": 1228,
            "deletions": 1239
          }
        ]
      },
      {
        "insertions": 470,
        "deletions": 44,
        "date": "2019-10-21",
        "commitResults": [
          {
            "hash": "eb136426bd08fe9c2f327f8f174d8f8521552e9a",
            "messageTitle": "Add CloseCommand (#76)",
            "messageBody": "* Refactor Person to Eatery\r\n\r\nv1.0 with 3 EditCommandTest failures.\r\n\r\n* Removed 2 test cases from EditCommandTest\r\n\r\n* Update BetterModelClassDiagram.puml\r\n\r\n* Remove Email and Phone class\r\n\r\n* Remove Email Phone multiplicity\r\n\r\n* Refactor Person to Eatery edit1\r\n\r\n* Add Close Command\r\n\r\n* Restore whiteline to AddressBookTest\r\n\r\n* Merge remote-tracking branch \u0027upstream/master\u0027 into close-open-eatery\r\n\r\n# Conflicts:\r\n#\tsrc/main/java/seedu/address/logic/Logic.java\r\n#\tsrc/main/java/seedu/address/logic/LogicManager.java\r\n#\tsrc/main/java/seedu/address/logic/commands/EditCommand.java\r\n#\tsrc/main/java/seedu/address/logic/parser/AddCommandParser.java\r\n#\tsrc/main/java/seedu/address/logic/parser/ParserUtil.java\r\n#\tsrc/main/java/seedu/address/model/AddressBook.java\r\n#\tsrc/main/java/seedu/address/model/Model.java\r\n#\tsrc/main/java/seedu/address/model/ModelManager.java\r\n#\tsrc/main/java/seedu/address/model/eatery/Eatery.java\r\n#\tsrc/main/java/seedu/address/model/eatery/UniqueEateryList.java\r\n#\tsrc/main/java/seedu/address/model/util/SampleDataUtil.java\r\n#\tsrc/main/java/seedu/address/storage/JsonAdaptedEatery.java\r\n#\tsrc/main/java/seedu/address/storage/JsonSerializableAddressBook.java\r\n#\tsrc/main/java/seedu/address/ui/EateryCard.java\r\n#\tsrc/main/java/seedu/address/ui/MainWindow.java\r\n#\tsrc/main/resources/view/EateryListCard.fxml\r\n#\tsrc/main/resources/view/EateryListPanel.fxml\r\n#\tsrc/main/resources/view/MainWindow.fxml\r\n#\tsrc/test/data/JsonSerializableAddressBookTest/duplicateEateryAddressBook.json\r\n#\tsrc/test/data/JsonSerializableAddressBookTest/invalidEateryAddressBook.json\r\n#\tsrc/test/data/JsonSerializableAddressBookTest/typicalEateriesAddressBook.json\r\n#\tsrc/test/java/seedu/address/logic/LogicManagerTest.java\r\n#\tsrc/test/java/seedu/address/logic/commands/AddCommandIntegrationTest.java\r\n#\tsrc/test/java/seedu/address/logic/commands/AddCommandTest.java\r\n#\tsrc/test/java/seedu/address/logic/commands/ClearCommandTest.java\r\n#\tsrc/test/java/seedu/address/logic/commands/DeleteCommandTest.java\r\n#\tsrc/test/java/seedu/address/logic/commands/EditCommandTest.java\r\n#\tsrc/test/java/seedu/address/logic/commands/FindCommandTest.java\r\n#\tsrc/test/java/seedu/address/logic/commands/ListCommandTest.java\r\n#\tsrc/test/java/seedu/address/logic/parser/AddCommandParserTest.java\r\n#\tsrc/test/java/seedu/address/logic/parser/AddressBookParserTest.java\r\n#\tsrc/test/java/seedu/address/logic/parser/EditCommandParserTest.java\r\n#\tsrc/test/java/seedu/address/logic/parser/ParserUtilTest.java\r\n#\tsrc/test/java/seedu/address/model/AddressBookTest.java\r\n#\tsrc/test/java/seedu/address/model/ModelManagerTest.java\r\n#\tsrc/test/java/seedu/address/model/eatery/EateryTest.java\r\n#\tsrc/test/java/seedu/address/model/eatery/UniqueEateryListTest.java\r\n#\tsrc/test/java/seedu/address/storage/JsonAdaptedEateryTest.java\r\n#\tsrc/test/java/seedu/address/testutil/EateryBuilder.java\r\n#\tsrc/test/java/seedu/address/testutil/EateryUtil.java\r\n#\tsrc/test/java/seedu/address/testutil/EditEateryDescriptorBuilder.java\r\n#\tsrc/test/java/seedu/address/testutil/TypicalEateries.java\r\n\r\n* Fix CloseCommand\r\n\r\n1. Remove buildClose() from EateryBuilder\r\n2. Add EOF line to EateryListPanel.fxml\r\n3. Fix duplicateEateryAddressBook.json\r\n4. Require nonnull Category for Eatery\r\n\r\n* Remove tags from requireAllNonNull in Eatery\r\n",
            "insertions": 470,
            "deletions": 44
          }
        ]
      },
      {
        "insertions": 58,
        "deletions": 162,
        "date": "2019-10-22",
        "commitResults": [
          {
            "hash": "7b750cdf7f3596bcd99f5911fa2acc15f1b61d15",
            "messageTitle": "Rework CloseCommand class (#79)",
            "messageBody": "* Refactor Person to Eatery\r\n\r\nv1.0 with 3 EditCommandTest failures.\r\n\r\n* Removed 2 test cases from EditCommandTest\r\n\r\n* Update BetterModelClassDiagram.puml\r\n\r\n* Remove Email and Phone class\r\n\r\n* Remove Email Phone multiplicity\r\n\r\n* Refactor Person to Eatery edit1\r\n\r\n* Add Close Command\r\n\r\n* Restore whiteline to AddressBookTest\r\n\r\n* Merge remote-tracking branch \u0027upstream/master\u0027 into close-open-eatery\r\n\r\n# Conflicts:\r\n#\tsrc/main/java/seedu/address/logic/Logic.java\r\n#\tsrc/main/java/seedu/address/logic/LogicManager.java\r\n#\tsrc/main/java/seedu/address/logic/commands/EditCommand.java\r\n#\tsrc/main/java/seedu/address/logic/parser/AddCommandParser.java\r\n#\tsrc/main/java/seedu/address/logic/parser/ParserUtil.java\r\n#\tsrc/main/java/seedu/address/model/AddressBook.java\r\n#\tsrc/main/java/seedu/address/model/Model.java\r\n#\tsrc/main/java/seedu/address/model/ModelManager.java\r\n#\tsrc/main/java/seedu/address/model/eatery/Eatery.java\r\n#\tsrc/main/java/seedu/address/model/eatery/UniqueEateryList.java\r\n#\tsrc/main/java/seedu/address/model/util/SampleDataUtil.java\r\n#\tsrc/main/java/seedu/address/storage/JsonAdaptedEatery.java\r\n#\tsrc/main/java/seedu/address/storage/JsonSerializableAddressBook.java\r\n#\tsrc/main/java/seedu/address/ui/EateryCard.java\r\n#\tsrc/main/java/seedu/address/ui/MainWindow.java\r\n#\tsrc/main/resources/view/EateryListCard.fxml\r\n#\tsrc/main/resources/view/EateryListPanel.fxml\r\n#\tsrc/main/resources/view/MainWindow.fxml\r\n#\tsrc/test/data/JsonSerializableAddressBookTest/duplicateEateryAddressBook.json\r\n#\tsrc/test/data/JsonSerializableAddressBookTest/invalidEateryAddressBook.json\r\n#\tsrc/test/data/JsonSerializableAddressBookTest/typicalEateriesAddressBook.json\r\n#\tsrc/test/java/seedu/address/logic/LogicManagerTest.java\r\n#\tsrc/test/java/seedu/address/logic/commands/AddCommandIntegrationTest.java\r\n#\tsrc/test/java/seedu/address/logic/commands/AddCommandTest.java\r\n#\tsrc/test/java/seedu/address/logic/commands/ClearCommandTest.java\r\n#\tsrc/test/java/seedu/address/logic/commands/DeleteCommandTest.java\r\n#\tsrc/test/java/seedu/address/logic/commands/EditCommandTest.java\r\n#\tsrc/test/java/seedu/address/logic/commands/FindCommandTest.java\r\n#\tsrc/test/java/seedu/address/logic/commands/ListCommandTest.java\r\n#\tsrc/test/java/seedu/address/logic/parser/AddCommandParserTest.java\r\n#\tsrc/test/java/seedu/address/logic/parser/AddressBookParserTest.java\r\n#\tsrc/test/java/seedu/address/logic/parser/EditCommandParserTest.java\r\n#\tsrc/test/java/seedu/address/logic/parser/ParserUtilTest.java\r\n#\tsrc/test/java/seedu/address/model/AddressBookTest.java\r\n#\tsrc/test/java/seedu/address/model/ModelManagerTest.java\r\n#\tsrc/test/java/seedu/address/model/eatery/EateryTest.java\r\n#\tsrc/test/java/seedu/address/model/eatery/UniqueEateryListTest.java\r\n#\tsrc/test/java/seedu/address/storage/JsonAdaptedEateryTest.java\r\n#\tsrc/test/java/seedu/address/testutil/EateryBuilder.java\r\n#\tsrc/test/java/seedu/address/testutil/EateryUtil.java\r\n#\tsrc/test/java/seedu/address/testutil/EditEateryDescriptorBuilder.java\r\n#\tsrc/test/java/seedu/address/testutil/TypicalEateries.java\r\n\r\n* Fix CloseCommand\r\n\r\n1. Remove buildClose() from EateryBuilder\r\n2. Add EOF line to EateryListPanel.fxml\r\n3. Fix duplicateEateryAddressBook.json\r\n4. Require nonnull Category for Eatery\r\n\r\n* Remove tags from requireAllNonNull in Eatery\r\n\r\n* Rework execute method of CloseCommand\r\n\r\n- Removed the hasExactEatery method and its calls.\r\n\r\n* Merge remote-tracking branch \u0027upstream/master\u0027 into close-open-eatery\r\n\r\n# Conflicts:\r\n#\tsrc/main/java/seedu/address/logic/commands/CloseCommand.java\r\n#\tsrc/test/java/seedu/address/logic/commands/AddCommandTest.java\r\n#\tsrc/test/java/seedu/address/logic/commands/CloseCommandTest.java\r\n",
            "insertions": 6,
            "deletions": 98
          },
          {
            "hash": "04f8ea5d4512b49c9380d12f43165d0a77bdceb5",
            "messageTitle": "Update DeveloperGuide with close feature (#82)",
            "messageBody": "* Update Developer Guide\r\n\r\nUpdated Appendix A, B, C, D, E, F\r\n\r\n* Update Developer Guide\r\n\r\nEdited Appendix  C (remove entry from todo).\r\n\r\n* Update DeveloperGuide.adoc with Close feature\r\n\r\n* Remove UndoSequenceDiagram\r\n\r\n* Remove trailing whitespaces from DeveloperGuide\r\n\r\n* Update DeveloperGuide.adoc\r\n",
            "insertions": 52,
            "deletions": 64
          }
        ]
      },
      {
        "insertions": 130,
        "deletions": 126,
        "date": "2019-10-24",
        "commitResults": [
          {
            "hash": "51d0511bcd457ccdacfda1e969268695aab5320d",
            "messageTitle": "Make DeveloperGuide more uniform (#92)",
            "messageBody": "* Make DeveloperGuide more uniform\r\n\r\n* Fix stylistic errors in DeveloperGuide\r\n",
            "insertions": 130,
            "deletions": 126
          }
        ]
      }
    ]
  },
  "authorFinalContributionMap": {
    "walnads": 603,
    "ROHITREDDYBALAM": 483,
    "dvrylc": 2258,
    "JunHongT": 238,
    "jakq": 1713
  },
  "authorFileTypeContributionMap": {
    "walnads": {
      "docs": 85,
      "tests": 243,
      "functional": 275
    },
    "ROHITREDDYBALAM": {
      "docs": 9,
      "tests": 45,
      "functional": 429
    },
    "dvrylc": {
      "docs": 142,
      "tests": 659,
      "functional": 1453,
      "other": 4
    },
    "JunHongT": {
      "docs": 15,
      "tests": 50,
      "functional": 173
    },
    "jakq": {
      "docs": 250,
      "tests": 830,
      "functional": 604,
      "other": 29
    }
  },
  "authorContributionVariance": {
    "walnads": 8055.2256,
    "ROHITREDDYBALAM": 12422.05,
    "dvrylc": 59970.21,
    "JunHongT": 1299.5592,
    "jakq": 126878.66
  },
  "authorDisplayNameMap": {
    "walnads": "CS2103T-W11-3 NADIA ... YAHYA",
    "ROHITREDDYBALAM": "CS2103T-W11-3 BALAM ... REDDY",
    "dvrylc": "CS2103T-W11-3 CHAN  ... DARYL",
    "JunHongT": "CS2103T-W11-3 TEO J ...  HONG",
    "jakq": "CS2103T-W11-3 ANG K ... AI QI"
  }
}
