{
  "authorDailyContributionsMap": {
    "ChengGeng97": [
      {
        "insertions": 1,
        "deletions": 1,
        "date": "2019-09-18",
        "commitResults": [
          {
            "hash": "37fd2a1790c8f2566b75743a6186c7a27ca216c2",
            "messageTitle": "Add trailing whitespace in readme so that initial pull request can be created",
            "messageBody": "",
            "insertions": 1,
            "deletions": 1
          }
        ]
      },
      {
        "insertions": 560,
        "deletions": 188,
        "date": "2019-10-03",
        "commitResults": [
          {
            "hash": "53d1ea9c3dadf024c844099433eaf1d61af526d0",
            "messageTitle": "Change the docs for Week 7 + our pictures",
            "messageBody": "",
            "insertions": 555,
            "deletions": 181
          },
          {
            "hash": "44ad5200cdfed598fd033d069c4d2353f6aab994",
            "messageTitle": "Fixed the trailing whitespace",
            "messageBody": "",
            "insertions": 5,
            "deletions": 7
          }
        ]
      },
      {
        "insertions": 720,
        "deletions": 356,
        "date": "2019-10-08",
        "commitResults": [
          {
            "hash": "c63305b16c3a0c6993086503b6b185f9d888c335",
            "messageTitle": "Implemented basic functionality for Notification class - Created new Notification class and necessary packages - Made MainApp initialise Notification in init method - Made LogicManager hold onto a reference to Notification, and update Notification\u0027s internal queue whenever a command is executed",
            "messageBody": "",
            "insertions": 329,
            "deletions": 2
          },
          {
            "hash": "c73bbdac3519c51e0925c1638a7d938ef406fed3",
            "messageTitle": "Attempt to pass Appveyor and Travis checks #1",
            "messageBody": "",
            "insertions": 46,
            "deletions": 30
          },
          {
            "hash": "8b9319db1e7b87e7e087fa8a932c9721c666f29b",
            "messageTitle": "Trying to make the branch show up",
            "messageBody": "",
            "insertions": 0,
            "deletions": 0
          },
          {
            "hash": "812498247b8fc78ccbf39dca65530efaae1d260d",
            "messageTitle": "Attempt to pass Appveyor and Travis Checks #2 - Changed the line endings of files from Windows to Unix - Changed test for LogicManager to account for new constructor",
            "messageBody": "",
            "insertions": 311,
            "deletions": 308
          },
          {
            "hash": "55152610af1a1dc23dce94bcec5ef0e3a2a17e55",
            "messageTitle": "Trying to do the PR properly",
            "messageBody": "",
            "insertions": 0,
            "deletions": 0
          },
          {
            "hash": "65b3739739fb12faacac236d865ad12f72457a8a",
            "messageTitle": "Deleted a useless file I added so that I could do the PR properly",
            "messageBody": "",
            "insertions": 0,
            "deletions": 0
          },
          {
            "hash": "2a64b39e8409368a9081ac7499da7b1e42282a60",
            "messageTitle": "Bugfix for JVM not quitting: explicitly make a call to System.Exit() in MainApp\u0027s stop() method.",
            "messageBody": "",
            "insertions": 5,
            "deletions": 2
          },
          {
            "hash": "4f16a45db889953cbf8c46a13327e6a48c3392e7",
            "messageTitle": "Bugfix for Icon not showing up in System Tray",
            "messageBody": "",
            "insertions": 24,
            "deletions": 7
          },
          {
            "hash": "2fb16bc55e1276f2f3d0282cdbc34d454dbf63b0",
            "messageTitle": "Moved the Override to in DateTime to the bottom of the class",
            "messageBody": "",
            "insertions": 5,
            "deletions": 7
          }
        ]
      },
      {
        "insertions": 165,
        "deletions": 187,
        "date": "2019-10-15",
        "commitResults": [
          {
            "hash": "10f67dc39a3ffbd018b0e60f13b2632cf13d0d3b",
            "messageTitle": "Transformed Notification implementation to be multithreaded - Deleted Notification package, moved all files into Logic or UI depending on their functionality. - Deleted Notification interface, NotificationManager class and EventNotificationThread class. - Capabilities of NotificationManager and EventNotificationThread classes replaced with NotificationCheckingThread class. - Edited MainApp to account for the above. - Added getListOfPopupNotifications method to ModelManager class to be able to check through the EventList and return a list of popups notifications to be posted. - Created NotificationChecker class to do perform the above checking. - Added equalsPrecisionMinute method to DateTime to check for equality between DateTime instances up to the minute. - Added notificationTimeMatchesCurrentTime method to EventSource to check if the EventSource should be posted.",
            "messageBody": "",
            "insertions": 164,
            "deletions": 186
          },
          {
            "hash": "3876b6a4956161b5b19116fdef2ecdc7af7294b7",
            "messageTitle": "Attempt to pass AppVeyor and Travis checks #1",
            "messageBody": "",
            "insertions": 1,
            "deletions": 1
          }
        ]
      },
      {
        "insertions": 38,
        "deletions": 13,
        "date": "2019-10-20",
        "commitResults": [
          {
            "hash": "b07ace60adedd53ab0ec76013bf2114d819d68ce",
            "messageTitle": "Refined some Notification implementation - Refactored the Notification code in MainApp to maintain OOP standards - The NotificationCheckingThread now sleeps until the start of the next minute and not juse 60000 millseconds",
            "messageBody": "",
            "insertions": 38,
            "deletions": 13
          }
        ]
      },
      {
        "insertions": 184,
        "deletions": 21,
        "date": "2019-10-22",
        "commitResults": [
          {
            "hash": "e9d756675a0fd79097e0b578f8c4732509bae155",
            "messageTitle": "Added commands for switching the notifications on and off. - Added new classes NotificationOffCommand, NotificationOnCommand, NotificationOffCommandBuilder and NotificationOnCommandBuilder - Linked new commands to CommandManager through MainApp - Added new messages as appropriate to the Messages class - Added functionality within NotificationManager and NotificationCheckingThread to be able to switch notifications on and off",
            "messageBody": "",
            "insertions": 168,
            "deletions": 12
          },
          {
            "hash": "c9ea0a399f0063213ae8924d45b76dae1cf3f308",
            "messageTitle": "Deleted an empty .txt file to make the branch publishable.",
            "messageBody": "",
            "insertions": 0,
            "deletions": 0
          },
          {
            "hash": "855f91955164214342017c3f7afb6ece14ea31a8",
            "messageTitle": "Attempt to pass checks #1",
            "messageBody": "",
            "insertions": 16,
            "deletions": 9
          }
        ]
      },
      {
        "insertions": 28,
        "deletions": 1,
        "date": "2019-10-23",
        "commitResults": [
          {
            "hash": "efed5ca37fbad1f07fb3f16f92063bfcce70c8f2",
            "messageTitle": "Added the ability to tell whether Notifications are switched on or off through the system tray icon\u0027s tooltip",
            "messageBody": "",
            "insertions": 28,
            "deletions": 1
          }
        ]
      },
      {
        "insertions": 25,
        "deletions": 2,
        "date": "2019-10-24",
        "commitResults": [
          {
            "hash": "14783feca045d0ab8af21c69dd673e1a0270fb2d",
            "messageTitle": "Added javadoc comments.",
            "messageBody": "",
            "insertions": 25,
            "deletions": 2
          }
        ]
      }
    ],
    "Kyzure": [
      {
        "insertions": 373,
        "deletions": 110,
        "date": "2019-09-26",
        "commitResults": [
          {
            "hash": "0a5b7f0c1966ca9524c2dfc5906ccd18d8b15239",
            "messageTitle": "Added stub to test for UI and JavaFX",
            "messageBody": "",
            "insertions": 262,
            "deletions": 64
          },
          {
            "hash": "37fc1b5951ecad6e1d1e75a6d0133ad0304940c8",
            "messageTitle": "Changed the UI to such that the screen resize to fit both the event list and the command box + result box.",
            "messageBody": "",
            "insertions": 111,
            "deletions": 46
          }
        ]
      },
      {
        "insertions": 87,
        "deletions": 29,
        "date": "2019-09-27",
        "commitResults": [
          {
            "hash": "40c525fe94cfefe89bbcb845a58c8fb0d0388794",
            "messageTitle": "Change font and some resizing issues",
            "messageBody": "",
            "insertions": 87,
            "deletions": 29
          }
        ]
      },
      {
        "insertions": 111,
        "deletions": 69,
        "date": "2019-09-28",
        "commitResults": [
          {
            "hash": "997271db803537558ddbc0689a57455d2e6bc0f1",
            "messageTitle": "Removed ResultDisplay and added LogPanel and LogBox to have a history log for the programs output",
            "messageBody": "",
            "insertions": 111,
            "deletions": 69
          }
        ]
      },
      {
        "insertions": 125,
        "deletions": 301,
        "date": "2019-10-01",
        "commitResults": [
          {
            "hash": "c479ae98d3bcf7ed48e6a02f822c60a62df0fef4",
            "messageTitle": "Changed the name of certain files. Added methods to LogicManager and Logic Interface Combine ui and events together to display event (requires add event Command)",
            "messageBody": "",
            "insertions": 125,
            "deletions": 301
          }
        ]
      },
      {
        "insertions": 317,
        "deletions": 125,
        "date": "2019-10-02",
        "commitResults": [
          {
            "hash": "5e45bf9bc663ebf8d956cc4841ef8a8b72b1f054",
            "messageTitle": "Added java docs and fixed an ui problem",
            "messageBody": "",
            "insertions": 54,
            "deletions": 30
          },
          {
            "hash": "3d9072ae65e3c8e4f55fad8cf1685efb6fa14199",
            "messageTitle": "Updated the documents and added images (placeholder for those without images)",
            "messageBody": "",
            "insertions": 34,
            "deletions": 30
          },
          {
            "hash": "1987c737a2e15f8125e603a385c9da55001ad183",
            "messageTitle": "Added portfolio and updated AboutUs.adoc",
            "messageBody": "",
            "insertions": 28,
            "deletions": 24
          },
          {
            "hash": "32e99bc129fc5bc29499063938f19dea523abf38",
            "messageTitle": "Updated developer guide and added images for About Us page.",
            "messageBody": "",
            "insertions": 198,
            "deletions": 38
          },
          {
            "hash": "cecfc437ad3b8c27e123854ea922ba7f98f923bc",
            "messageTitle": "Updated the About Us doc to use png instead of jpg",
            "messageBody": "",
            "insertions": 3,
            "deletions": 3
          }
        ]
      },
      {
        "insertions": 337,
        "deletions": 203,
        "date": "2019-10-03",
        "commitResults": [
          {
            "hash": "80e3d3962f5f8775fcd2335c34efef003efe22ff",
            "messageTitle": "Updated Developer Guide and User Guide halfway (User Guide stopped at Done Task)",
            "messageBody": "",
            "insertions": 76,
            "deletions": 49
          },
          {
            "hash": "c8d2ddde186f428f2b333f1b5aabe21ba8539dd9",
            "messageTitle": "Updated User Guide Halfway",
            "messageBody": "",
            "insertions": 15,
            "deletions": 51
          },
          {
            "hash": "449fec76ae3db2e10a18a01627d1e25b45510e6e",
            "messageTitle": "Updates user guide and developer guide",
            "messageBody": "",
            "insertions": 246,
            "deletions": 103
          }
        ]
      },
      {
        "insertions": 209,
        "deletions": 229,
        "date": "2019-10-06",
        "commitResults": [
          {
            "hash": "b5ca64ea7a116765385a511e72ae8bf527a69739",
            "messageTitle": "Changed certain issues regarding the UI. Allows flexibility when adding Task list into the ListPanel",
            "messageBody": "",
            "insertions": 103,
            "deletions": 112
          },
          {
            "hash": "e9e5ec93a7b2029e584c5283e297c1ee505d451c",
            "messageTitle": "Fixed certain issues with UI regarding sizing. Now have flexibility to add Task List (#43)",
            "messageBody": "Changed certain issues regarding the UI. Allows flexibility when adding Task list into the ListPanel\r\n",
            "insertions": 106,
            "deletions": 117
          }
        ]
      },
      {
        "insertions": 326,
        "deletions": 30,
        "date": "2019-10-08",
        "commitResults": [
          {
            "hash": "18b3703264efa21d3d7ddf48da2ac65fbaa66521",
            "messageTitle": "Fixed the warnings regarding javaFX version. Added Calendar incomplete [Unable to take in EventSource now]",
            "messageBody": "",
            "insertions": 280,
            "deletions": 5
          },
          {
            "hash": "732645ba53ef36a41d6077c8876d6e1925cbbd24",
            "messageTitle": "Added Java Docs to pass gradle check.",
            "messageBody": "",
            "insertions": 46,
            "deletions": 25
          }
        ]
      },
      {
        "insertions": 235,
        "deletions": 107,
        "date": "2019-10-09",
        "commitResults": [
          {
            "hash": "0ead3f2af144307a92c986c37c89aa72df10bda2",
            "messageTitle": "Completed Calendar - Able to add up to 5 event per day for the month you are in. Still has bugs regarding adding events.",
            "messageBody": "",
            "insertions": 197,
            "deletions": 77
          },
          {
            "hash": "c776ebaac08a482b6044d2388d546784096ab8da",
            "messageTitle": "Completed the Calendar v1.2 - Able to tell you up to 5 events in each day of the calendar. The calendar only works for the current month you are in.",
            "messageBody": "",
            "insertions": 38,
            "deletions": 30
          }
        ]
      },
      {
        "insertions": 45,
        "deletions": 30,
        "date": "2019-10-12",
        "commitResults": [
          {
            "hash": "fa99b8f740a43dd0f5b459deebe2158b40cc88b6",
            "messageTitle": "Cahnged logic behind daycard and day card event",
            "messageBody": "",
            "insertions": 45,
            "deletions": 30
          }
        ]
      },
      {
        "insertions": 2106,
        "deletions": 702,
        "date": "2019-10-15",
        "commitResults": [
          {
            "hash": "63acb565c7bf51a98cc0fbeda4541f222fd5feca",
            "messageTitle": "Revamped the entire UI System. Now have a timeline and calendar on the side for 15/10/2019",
            "messageBody": "",
            "insertions": 1799,
            "deletions": 538
          },
          {
            "hash": "67048a7fb185dd7e5a95aa14e28230fbc6252832",
            "messageTitle": "Added functionality to change calendar date using change_timeline and change_calendar. But needs commands to function properly.",
            "messageBody": "",
            "insertions": 92,
            "deletions": 35
          },
          {
            "hash": "1ad4d494673c3aad3b39ee4676536af64ddffaa1",
            "messageTitle": "Pop Up Box now added to show the user what the instance of their command from the log panel.",
            "messageBody": "",
            "insertions": 126,
            "deletions": 89
          },
          {
            "hash": "d9a84b04db11855fa4c67778d1791f5ca1354e19",
            "messageTitle": "Added JavaDocs and FIxed coding style and format.",
            "messageBody": "",
            "insertions": 88,
            "deletions": 29
          },
          {
            "hash": "ed0d3593419c42edb5f61e5745097c25094d633a",
            "messageTitle": "Fixed some newline error.",
            "messageBody": "",
            "insertions": 1,
            "deletions": 1
          },
          {
            "hash": "56ff7aeaa338e0b36159b2f6ee6ea83629f6be92",
            "messageTitle": "Fixed newline error again.",
            "messageBody": "",
            "insertions": 0,
            "deletions": 10
          }
        ]
      },
      {
        "insertions": 333,
        "deletions": 272,
        "date": "2019-10-16",
        "commitResults": [
          {
            "hash": "84e4706b54e8da290add169e78d155884c7640bf",
            "messageTitle": "Added a few Junit Test for logic in the controller class and parser.",
            "messageBody": "",
            "insertions": 208,
            "deletions": 0
          },
          {
            "hash": "89e37b508ecb78d634547c1a1b8ea2b0cd486287",
            "messageTitle": "Added flag to stop thread from running infinitely",
            "messageBody": "",
            "insertions": 19,
            "deletions": 5
          },
          {
            "hash": "be70ac1c9e1c69a26c8c475a288cd45a62b66ccd",
            "messageTitle": "Testing to see if thread succesfully eneded.",
            "messageBody": "",
            "insertions": 7,
            "deletions": 1
          },
          {
            "hash": "e77da0c1a99efd85e5880eb4955ecf2113f4b187",
            "messageTitle": "Testing if travis will stop the thread now.",
            "messageBody": "",
            "insertions": 46,
            "deletions": 113
          },
          {
            "hash": "95023407bf8c765087ac3a6559bb67cd269c5a5e",
            "messageTitle": "Testing for travis",
            "messageBody": "",
            "insertions": 12,
            "deletions": 4
          },
          {
            "hash": "24a71e7256a6ae1e9baae990440ab81f0dec1fbd",
            "messageTitle": "Testing travis",
            "messageBody": "",
            "insertions": 37,
            "deletions": 4
          },
          {
            "hash": "8f7871fd714d1105a8e8206b7ee44321ee8fab15",
            "messageTitle": "Testing travis",
            "messageBody": "",
            "insertions": 4,
            "deletions": 4
          },
          {
            "hash": "b38163de0bcae63ab329597fac34fd5692643cfa",
            "messageTitle": "Removed Testing due to certain issues",
            "messageBody": "",
            "insertions": 0,
            "deletions": 141
          }
        ]
      },
      {
        "insertions": 299,
        "deletions": 71,
        "date": "2019-10-18",
        "commitResults": [
          {
            "hash": "3f94c4495abfae7bdc09701eebeb42e1ed54002e",
            "messageTitle": "added event total event.",
            "messageBody": "",
            "insertions": 184,
            "deletions": 40
          },
          {
            "hash": "01815307b21820d757536d4bc9cd843bef733d68",
            "messageTitle": "Added Animation for the pop up box",
            "messageBody": "",
            "insertions": 115,
            "deletions": 31
          }
        ]
      },
      {
        "insertions": 601,
        "deletions": 115,
        "date": "2019-10-21",
        "commitResults": [
          {
            "hash": "0f79571660b2fc89b486a0cc1908ac3eeed03744",
            "messageTitle": "Added logic to the calendar so it is capable of showing events by week. {Command not yet implemented}",
            "messageBody": "",
            "insertions": 601,
            "deletions": 115
          }
        ]
      },
      {
        "insertions": 783,
        "deletions": 1459,
        "date": "2019-10-22",
        "commitResults": [
          {
            "hash": "ab0defc6b0cd8caae9609c6b39f189270b380233",
            "messageTitle": "Fixed certain bugs with the week view.",
            "messageBody": "",
            "insertions": 49,
            "deletions": 14
          },
          {
            "hash": "588d7abbfdfa867039e8d4eaedcfe0f9762b16c9",
            "messageTitle": "Implenented Week and Month View now together with Day View. Improved logic regarding the calendar. Now other days appears in the calendar screen and is greyed out.",
            "messageBody": "",
            "insertions": 299,
            "deletions": 1223
          },
          {
            "hash": "7c66d3ec07f00b0fc12581d6e6c70763a0a6df3e",
            "messageTitle": "Added Java Docs and Changed Event Card to show the full date instead of time in english.",
            "messageBody": "",
            "insertions": 435,
            "deletions": 222
          }
        ]
      },
      {
        "insertions": 523,
        "deletions": 279,
        "date": "2019-10-23",
        "commitResults": [
          {
            "hash": "f50899e0edbbf6804dc9c54652dd8033c539debc",
            "messageTitle": "Added some Class Diagrams and removed certain unnecessary UI elements.",
            "messageBody": "",
            "insertions": 0,
            "deletions": 102
          },
          {
            "hash": "d09a731ae45004ed9d437d82e2b87e9aab62d74a",
            "messageTitle": "Added Class Diagram and removed certain unnecessary UI elements",
            "messageBody": "",
            "insertions": 130,
            "deletions": 60
          },
          {
            "hash": "43336c9a6f6a15e0fb7b555cd0241ec5b9df5c16",
            "messageTitle": "Changed the directory of Card and CardHolder for abstraction reasons. Updated Developer Guide and User Guide regarding the portion of UI.",
            "messageBody": "",
            "insertions": 393,
            "deletions": 117
          }
        ]
      },
      {
        "insertions": 224,
        "deletions": 41,
        "date": "2019-10-24",
        "commitResults": [
          {
            "hash": "c5140b8c3e766d1f766087c26015606e6d3dee74",
            "messageTitle": "Added Java Docs.",
            "messageBody": "",
            "insertions": 104,
            "deletions": 9
          },
          {
            "hash": "f8aca4e6eb1d5be92b3258524fb5dfd3169cc783",
            "messageTitle": "Fixed minor bugs.",
            "messageBody": "",
            "insertions": 11,
            "deletions": 19
          },
          {
            "hash": "9dac3e229e81b8ce5c3349a97638b69e231729e6",
            "messageTitle": "Updated The user guide and changed FXML file by a small amount.",
            "messageBody": "",
            "insertions": 109,
            "deletions": 13
          }
        ]
      }
    ],
    "marcusteh1238": [
      {
        "insertions": 5,
        "deletions": 6,
        "date": "2019-09-18",
        "commitResults": [
          {
            "hash": "f4055c98de150eed0dc72f98d52edd324101fca3",
            "messageTitle": "Update README.adoc",
            "messageBody": "Remove Codacy badge as stated in the Travis tutorial\n",
            "insertions": 0,
            "deletions": 1
          },
          {
            "hash": "54a12ed501cee0b1eb04b7eb70d69b69f10fd4cf",
            "messageTitle": "Update README.adoc",
            "messageBody": "Update links in README.adoc to point to build status of this repo instead\n",
            "insertions": 3,
            "deletions": 3
          },
          {
            "hash": "243bcd28087a9ba4a18b42aa7065851a00225668",
            "messageTitle": "Remove trailing whitespace from README.adoc",
            "messageBody": "",
            "insertions": 1,
            "deletions": 1
          },
          {
            "hash": "eaae3c0fd3345f0d0fc18fb2cbca7ee5c8284b88",
            "messageTitle": "Add newline to the end of README.adoc",
            "messageBody": "",
            "insertions": 1,
            "deletions": 1
          }
        ]
      },
      {
        "insertions": 128,
        "deletions": 0,
        "date": "2019-10-08",
        "commitResults": [
          {
            "hash": "be0c58093f5d9d21388aea9fdd77dc35b4c99895",
            "messageTitle": "Create ics package with IcsParser class",
            "messageBody": "",
            "insertions": 11,
            "deletions": 0
          },
          {
            "hash": "443c556f7a158c4ab9343b2c96b5a491ab381bea",
            "messageTitle": "Add IcsException class",
            "messageBody": "",
            "insertions": 7,
            "deletions": 0
          },
          {
            "hash": "82c8456f9a0abf35675163dddeaf5f48cd4f16f5",
            "messageTitle": "Add functionality to create a basic Event",
            "messageBody": "",
            "insertions": 110,
            "deletions": 0
          }
        ]
      },
      {
        "insertions": 42,
        "deletions": 27,
        "date": "2019-10-09",
        "commitResults": [
          {
            "hash": "6215874f9359de8ee9957efc041f6c2ad1272114",
            "messageTitle": "Some code cleanup to fit the checkstyle",
            "messageBody": "",
            "insertions": 38,
            "deletions": 23
          },
          {
            "hash": "90f7bdd44709d0ff8756213c9e75921b18d57825",
            "messageTitle": "Rename .ics to ICS in comments",
            "messageBody": "",
            "insertions": 4,
            "deletions": 4
          }
        ]
      },
      {
        "insertions": 251,
        "deletions": 56,
        "date": "2019-10-16",
        "commitResults": [
          {
            "hash": "6a33fa479126136b28937527af0c0431d1a22159",
            "messageTitle": "Create IcsExporter.java",
            "messageBody": "",
            "insertions": 5,
            "deletions": 0
          },
          {
            "hash": "8496cd2b534cd7b04d536ec0226a1dee37ba8190",
            "messageTitle": "Update methods",
            "messageBody": "",
            "insertions": 24,
            "deletions": 21
          },
          {
            "hash": "3e63ab88f4b78571840d2a48a2098db6e4c41878",
            "messageTitle": "Add additional EventSource constructor",
            "messageBody": "",
            "insertions": 11,
            "deletions": 0
          },
          {
            "hash": "b2406be22f32b5b967e99cc839ee159300005137",
            "messageTitle": "Create IcsUtil.java",
            "messageBody": "",
            "insertions": 62,
            "deletions": 0
          },
          {
            "hash": "2937e31dec5fd2fcbbb40f2987b9bdb013f61c67",
            "messageTitle": "Add toIcsString() function to EventSource class",
            "messageBody": "",
            "insertions": 27,
            "deletions": 0
          },
          {
            "hash": "09ccd7d2477e983112e48b3b00231c081963472d",
            "messageTitle": "Update IcsExporter.java",
            "messageBody": "",
            "insertions": 38,
            "deletions": 0
          },
          {
            "hash": "ba08d0e5ad8d66cfcd5276579a479f9cf986a5ed",
            "messageTitle": "Update files to pass checkstyle, remove unused import",
            "messageBody": "",
            "insertions": 23,
            "deletions": 9
          },
          {
            "hash": "0526c8c08564057f1d8e5d9607a534b28be13601",
            "messageTitle": "Refactor IcsParser",
            "messageBody": "",
            "insertions": 61,
            "deletions": 26
          }
        ]
      },
      {
        "insertions": 6,
        "deletions": 21,
        "date": "2019-10-17",
        "commitResults": [
          {
            "hash": "94640b72189968e2d9b1436a68fc6002f27926eb",
            "messageTitle": "Refactor IcsParser to use Util function",
            "messageBody": "",
            "insertions": 2,
            "deletions": 17
          },
          {
            "hash": "09f7030ce1a392067a90f336f9e62e06c32a4fe0",
            "messageTitle": "Update DeveloperGuide.adoc",
            "messageBody": "",
            "insertions": 4,
            "deletions": 4
          }
        ]
      },
      {
        "insertions": 367,
        "deletions": 154,
        "date": "2019-10-19",
        "commitResults": [
          {
            "hash": "5e8dfbbe67b75c7369deb4b963bff0e5c458582b",
            "messageTitle": "Add ICS import command",
            "messageBody": "",
            "insertions": 102,
            "deletions": 8
          },
          {
            "hash": "7d3cd0edff3fb028091c56759dbde2ab92151f33",
            "messageTitle": "Revert \"Add ICS import command\"",
            "messageBody": "This reverts commit 5e8dfbbe67b75c7369deb4b963bff0e5c458582b.\n",
            "insertions": 8,
            "deletions": 102
          },
          {
            "hash": "e2ac64fdb03cd56d0f680ce7a72e5a69a55f7fb7",
            "messageTitle": "Add ICS import command",
            "messageBody": "",
            "insertions": 102,
            "deletions": 8
          },
          {
            "hash": "9cd0b6ee34fc5ec3c8429d92af96974313d55b58",
            "messageTitle": "Add javadoc comments and change syntax to fit style",
            "messageBody": "",
            "insertions": 18,
            "deletions": 7
          },
          {
            "hash": "b9f9c26704ac962d5861aee62dc4b9d89555def8",
            "messageTitle": "Complete export functionality and some refactoring",
            "messageBody": "",
            "insertions": 31,
            "deletions": 29
          },
          {
            "hash": "8cd56d43e23e247d49d3950cfae3e846a94b1a06",
            "messageTitle": "Add export command",
            "messageBody": "",
            "insertions": 106,
            "deletions": 0
          }
        ]
      }
    ],
    "bruceskellator": [
      {
        "insertions": 326,
        "deletions": 37,
        "date": "2019-10-08",
        "commitResults": [
          {
            "hash": "4c08eea24b4e659c5cbbccb9d270827cda031252",
            "messageTitle": "Completed UndoableHistory class",
            "messageBody": "",
            "insertions": 133,
            "deletions": 2
          },
          {
            "hash": "5b988fd7add0dadedb57bf5f4459a3631561c2c6",
            "messageTitle": "Added support for UndoableHistory in ModelManager. Also added deep-copy constructors for EventList and EventSource classes. Undo functionality has been fully implemented",
            "messageBody": "",
            "insertions": 140,
            "deletions": 17
          },
          {
            "hash": "8f0c0ef224317684cbe5b8c3d00049b5f8c896c4",
            "messageTitle": "Edited the Developer and User guides for the undo/redo sections",
            "messageBody": "",
            "insertions": 26,
            "deletions": 17
          },
          {
            "hash": "9106170f201f184fc9958148f36a587688366fdb",
            "messageTitle": "Modified classes to pass Travis",
            "messageBody": "",
            "insertions": 27,
            "deletions": 1
          }
        ]
      },
      {
        "insertions": 60,
        "deletions": 42,
        "date": "2019-10-15",
        "commitResults": [
          {
            "hash": "c40f70d0ed88d769d87dd374f00ae2901cb3dcc9",
            "messageTitle": "Changed name of UndoableHistory class to UndoRedoManager for greater clarity",
            "messageBody": "",
            "insertions": 18,
            "deletions": 18
          },
          {
            "hash": "1d74f08aebfdd87be4e936743406ee1df4cd17da",
            "messageTitle": "Added methods in ModelManager that calls clearFutureHistory and CommitToHistory methods in UndoRedoManager. This allows any Command class to interact only with ModelManager and not with UndoRedoManager, thus maintaining abstraction.",
            "messageBody": "",
            "insertions": 42,
            "deletions": 24
          }
        ]
      },
      {
        "insertions": 7,
        "deletions": 7,
        "date": "2019-10-16",
        "commitResults": [
          {
            "hash": "972da94ad8cd28895fb4aab092db410fd86df0cc",
            "messageTitle": "Edited javadocs",
            "messageBody": "",
            "insertions": 7,
            "deletions": 7
          }
        ]
      },
      {
        "insertions": 196,
        "deletions": 43,
        "date": "2019-10-17",
        "commitResults": [
          {
            "hash": "2cc93770d22c12edb705936ae21791b5ee3a6b79",
            "messageTitle": "Implemented undo and redo commands",
            "messageBody": "",
            "insertions": 190,
            "deletions": 27
          },
          {
            "hash": "506467cf017a8850ca8ad2f57c42964d308530b2",
            "messageTitle": "Fixed Checkstyle and Travis errors",
            "messageBody": "",
            "insertions": 6,
            "deletions": 16
          }
        ]
      }
    ],
    "WeomuCat": [
      {
        "insertions": 347,
        "deletions": 57,
        "date": "2019-09-25",
        "commitResults": [
          {
            "hash": "b24bd1445a40e94f36a38b4311ff589b8f080bd9",
            "messageTitle": "Added Events Skeleton.",
            "messageBody": "",
            "insertions": 316,
            "deletions": 26
          },
          {
            "hash": "d960d2c509e809b80f24b0dee87af77074e90e5e",
            "messageTitle": "Rename Event to EventSource.",
            "messageBody": "",
            "insertions": 31,
            "deletions": 31
          }
        ]
      },
      {
        "insertions": 314,
        "deletions": 328,
        "date": "2019-10-03",
        "commitResults": [
          {
            "hash": "cdd6a63082cb5da3142a8094493422c240f86a48",
            "messageTitle": "Simplify events, pass gradle checks.",
            "messageBody": "- Remove EventsBook, use EventList.\n- Added javadocs for events.\n- Fix tests.\n",
            "insertions": 218,
            "deletions": 230
          },
          {
            "hash": "ec4172688cabe453f50bdaff1b576b5ea7fd7b52",
            "messageTitle": "Fix trailing whitespace for .fxml",
            "messageBody": "",
            "insertions": 96,
            "deletions": 94
          },
          {
            "hash": "9ec6db48bb0a84bc21f6d5c05d6d78b4040e8eeb",
            "messageTitle": "Fix previous merge.",
            "messageBody": "",
            "insertions": 0,
            "deletions": 4
          }
        ]
      },
      {
        "insertions": 284,
        "deletions": 31,
        "date": "2019-10-05",
        "commitResults": [
          {
            "hash": "9d06b69bd8a6e96aca91edef29ba8352b675663d",
            "messageTitle": "Adding FullCommandParser.",
            "messageBody": "",
            "insertions": 268,
            "deletions": 6
          },
          {
            "hash": "cab7217a6eb9a06ee673439d5ca252c29329c851",
            "messageTitle": "Rename Time to DateTime.",
            "messageBody": "- EventSource: Make tags optional and rename time to startDateTime.\n",
            "insertions": 16,
            "deletions": 25
          }
        ]
      },
      {
        "insertions": 645,
        "deletions": 324,
        "date": "2019-10-06",
        "commitResults": [
          {
            "hash": "e8b74e7b9a946c24d552ca9a76ef6dc7daf4c3cb",
            "messageTitle": "Finish implementation of CommandParser.",
            "messageBody": "- Finish implementation of AddEventCommand.\n- No tests yet.\n",
            "insertions": 440,
            "deletions": 225
          },
          {
            "hash": "3ed042d0eff60e31e8dcf5a7cc0b5fec10196c7f",
            "messageTitle": "Added some command tests.",
            "messageBody": "",
            "insertions": 114,
            "deletions": 10
          },
          {
            "hash": "c646cb6b382aa72549db90d6e20a5fe33530b3e4",
            "messageTitle": "Fix checkstyle.",
            "messageBody": "",
            "insertions": 1,
            "deletions": 0
          },
          {
            "hash": "0daf967df7abc0cb751ff1e8e1b3c0b88c0b5899",
            "messageTitle": "Fix line endings.",
            "messageBody": "",
            "insertions": 84,
            "deletions": 84
          },
          {
            "hash": "e1de2b6dc66935be9e27e3216b7bbe26a5629133",
            "messageTitle": "Not sure what changed?",
            "messageBody": "",
            "insertions": 0,
            "deletions": 0
          },
          {
            "hash": "6836b4aaeddef63f56171358338745365ef2d278",
            "messageTitle": "Fix EventList not updating Ui.",
            "messageBody": "- Change arraylist to observablelist\n",
            "insertions": 3,
            "deletions": 3
          },
          {
            "hash": "c4a10bc95792dc8f7fd9343c083cd2091cb916e5",
            "messageTitle": "Fix checkstyle.",
            "messageBody": "",
            "insertions": 0,
            "deletions": 2
          },
          {
            "hash": "8d6ed64640664eeb2c73edd3cc1ccd73d14985d0",
            "messageTitle": "Add comments.",
            "messageBody": "",
            "insertions": 3,
            "deletions": 0
          }
        ]
      },
      {
        "insertions": 469,
        "deletions": 211,
        "date": "2019-10-07",
        "commitResults": [
          {
            "hash": "a0f77ff9b62c106991c1bc358defacf9a7d54d16",
            "messageTitle": "Added DeleteCommand.",
            "messageBody": "- Added variable arguments.\n- Added IndexParser.\n- Fix Arugments \u0026 Options optional check.\n- Javadocs not done.\n",
            "insertions": 406,
            "deletions": 185
          },
          {
            "hash": "f3cffc5d4f48df28758e7992b27784769ba943ff",
            "messageTitle": "Added javadocs and tests.",
            "messageBody": "",
            "insertions": 63,
            "deletions": 26
          }
        ]
      },
      {
        "insertions": 1133,
        "deletions": 303,
        "date": "2019-10-08",
        "commitResults": [
          {
            "hash": "575b462a375267b293e1f8113d875cd22f1eefca",
            "messageTitle": "Added EditEventCommand.",
            "messageBody": "- Abstract out commands, options and arugments with more builders.\n- Javadocs \u0026 tests not done.\n",
            "insertions": 587,
            "deletions": 194
          },
          {
            "hash": "38f590cd2261458b0f9476ca5402729fc7caad94",
            "messageTitle": "Added javadocs.",
            "messageBody": "",
            "insertions": 31,
            "deletions": 0
          },
          {
            "hash": "35558e904f53a920bbd278449b846613de05e97c",
            "messageTitle": "Small change to Argument build().",
            "messageBody": "- Change javadocs accordingly.\n",
            "insertions": 16,
            "deletions": 9
          },
          {
            "hash": "efdc71a03088bf8b594dafcd7d91bce1c111b977",
            "messageTitle": "Added single quote matching to CommandParser.",
            "messageBody": "",
            "insertions": 4,
            "deletions": 0
          },
          {
            "hash": "2b46c2b05a113e037c0fe1e45a954ed6369feda1",
            "messageTitle": "Small change to VariableArguments build().",
            "messageBody": "- Fix Argument build() parsing null values.\n",
            "insertions": 40,
            "deletions": 12
          },
          {
            "hash": "c3291c236e21b39f6bc912fabe47ffaff78a6b98",
            "messageTitle": "Added command tests.",
            "messageBody": "",
            "insertions": 455,
            "deletions": 88
          }
        ]
      },
      {
        "insertions": 567,
        "deletions": 4129,
        "date": "2019-10-11",
        "commitResults": [
          {
            "hash": "de70ba458d2b3cd0af47bf5a86915254d37576bd",
            "messageTitle": "Refactor Commands, added CommandManager.",
            "messageBody": "- Code is uncompilable, LogicManager yet to be refactored out.\n",
            "insertions": 191,
            "deletions": 40
          },
          {
            "hash": "2947c0ac1e42e87a58fd33cf4739c341d7e90e51",
            "messageTitle": "Refactor Ui \u0026 Logic, added listeners.",
            "messageBody": "- Coverage is quite bad now.\n- Storage is neglected for now.\n",
            "insertions": 376,
            "deletions": 4089
          }
        ]
      },
      {
        "insertions": 121,
        "deletions": 39,
        "date": "2019-10-13",
        "commitResults": [
          {
            "hash": "8c0cabf031c323b9c56a804b3f678652edc4b102",
            "messageTitle": "Added EventSourceBuilder.",
            "messageBody": "",
            "insertions": 121,
            "deletions": 39
          }
        ]
      },
      {
        "insertions": 106,
        "deletions": 37,
        "date": "2019-10-14",
        "commitResults": [
          {
            "hash": "b102ed9a67c8e08f368ba65ec205921ebfd80cf8",
            "messageTitle": "Added new methods for events.",
            "messageBody": "",
            "insertions": 106,
            "deletions": 37
          }
        ]
      },
      {
        "insertions": 391,
        "deletions": 2811,
        "date": "2019-10-17",
        "commitResults": [
          {
            "hash": "45f9b311ececf4fbadd342ce0ef7affb56cab6af",
            "messageTitle": "Refactor ModelManager.",
            "messageBody": "- Moved NotificationChecker and UndoRedoManager out of ModelManager.\n- Added listeners to UndoRedoManager.\n- Refactor EventList -\u003e NotNullList.\n",
            "insertions": 390,
            "deletions": 673
          },
          {
            "hash": "665f755dd340fad343051e1faefd4fccc53c3917",
            "messageTitle": "Delete Person \u0026 AddressBook.",
            "messageBody": "",
            "insertions": 1,
            "deletions": 2138
          }
        ]
      },
      {
        "insertions": 0,
        "deletions": 6,
        "date": "2019-10-24",
        "commitResults": [
          {
            "hash": "05e79b99f0bd346213f88e8cb087dede0fc82258",
            "messageTitle": "Fix previous merge",
            "messageBody": "",
            "insertions": 0,
            "deletions": 6
          }
        ]
      }
    ]
  },
  "authorFinalContributionMap": {
    "ChengGeng97": 795,
    "Kyzure": 2914,
    "marcusteh1238": 291,
    "bruceskellator": 227,
    "WeomuCat": 3103
  },
  "authorFileTypeContributionMap": {
    "ChengGeng97": {
      "docs": 287,
      "tests": 0,
      "functional": 507,
      "other": 1
    },
    "Kyzure": {
      "docs": 463,
      "tests": 0,
      "functional": 2245,
      "other": 206
    },
    "marcusteh1238": {
      "docs": 3,
      "tests": 0,
      "functional": 288
    },
    "bruceskellator": {
      "docs": 0,
      "tests": 0,
      "functional": 227
    },
    "WeomuCat": {
      "docs": 0,
      "tests": 588,
      "functional": 2515
    }
  },
  "authorContributionVariance": {
    "ChengGeng97": 35935.734,
    "Kyzure": 274825.47,
    "marcusteh1238": 7441.3145,
    "bruceskellator": 3856.5127,
    "WeomuCat": 678001.06
  },
  "authorDisplayNameMap": {
    "ChengGeng97": "CS2103T-F12-1 ONG C ...  GENG",
    "Kyzure": "CS2103T-F12-1 TIMOT ... HIWEN",
    "marcusteh1238": "CS2103T-F12-1 TEH H ... ARCUS",
    "bruceskellator": "CS2103T-F12-1 BRUCE ... E ONG",
    "WeomuCat": "CS2103T-F12-1 DENIS ...  TJIA"
  }
}
