{
  "authorDailyContributionsMap": {
    "brianyenna": [
      {
        "insertions": 138,
        "deletions": 79,
        "date": "2019-10-03",
        "commitResults": [
          {
            "hash": "c1bf3a89192e7d3d41b24a9cffc84e8a3d8b1991",
            "messageTitle": "Update user guide (#26)",
            "messageBody": "* Update build.gradle file (minor changes)\n\n* Complete set-up for project (as per the Developer Guide)\n\n* Update README.adoc with Travis CI build status\n\n* Update some files to ensure that ./config/travis/run-checks.sh runs fine\n\n* Create the 4 different ListStorages. Create AlfredStorage. Create AlfredStorageManager (halfway done).\n\n* Creation of all necessary Storage classes (with the exception of the TeamListStorage handler classes)\n\n* Added Storage classes for TeamList\n\n* Fix bracket issue\n\n* Update Storage classes with appropriate JSON adaptation\n\n* Update User Guide\n\n* Update README.adoc\n",
            "insertions": 138,
            "deletions": 79
          }
        ]
      },
      {
        "insertions": 2431,
        "deletions": 972,
        "date": "2019-10-06",
        "commitResults": [
          {
            "hash": "56a85083b4bd7ad22d42670fa1a8fc938d43db33",
            "messageTitle": "Morph storage (#11)",
            "messageBody": "* Update build.gradle file (minor changes)\r\n\r\n* Complete set-up for project (as per the Developer Guide)\r\n\r\n* Update README.adoc with Travis CI build status\r\n\r\n* Update some files to ensure that ./config/travis/run-checks.sh runs fine\r\n\r\n* Create the 4 different ListStorages. Create AlfredStorage. Create AlfredStorageManager (halfway done).\r\n\r\n* Creation of all necessary Storage classes (with the exception of the TeamListStorage handler classes)\r\n\r\n* Added Storage classes for TeamList\r\n\r\n* Fix bracket issue\r\n",
            "insertions": 1457,
            "deletions": 5
          },
          {
            "hash": "3b0f26a26c872861e0448068cc36fa6332c37c79",
            "messageTitle": "Morph storage (#18)",
            "messageBody": "* Update build.gradle file (minor changes)\r\n\r\n* Complete set-up for project (as per the Developer Guide)\r\n\r\n* Update README.adoc with Travis CI build status\r\n\r\n* Update some files to ensure that ./config/travis/run-checks.sh runs fine\r\n\r\n* Create the 4 different ListStorages. Create AlfredStorage. Create AlfredStorageManager (halfway done).\r\n\r\n* Creation of all necessary Storage classes (with the exception of the TeamListStorage handler classes)\r\n\r\n* Added Storage classes for TeamList\r\n\r\n* Fix bracket issue\r\n\r\n* Update Storage classes with appropriate JSON adaptation\r\n",
            "insertions": 231,
            "deletions": 126
          },
          {
            "hash": "f95b35bb881bb595d4a37258b4dbbd6d24151f95",
            "messageTitle": "Update user guide (#26)",
            "messageBody": "* Update build.gradle file (minor changes)\r\n\r\n* Complete set-up for project (as per the Developer Guide)\r\n\r\n* Update README.adoc with Travis CI build status\r\n\r\n* Update some files to ensure that ./config/travis/run-checks.sh runs fine\r\n\r\n* Create the 4 different ListStorages. Create AlfredStorage. Create AlfredStorageManager (halfway done).\r\n\r\n* Creation of all necessary Storage classes (with the exception of the TeamListStorage handler classes)\r\n\r\n* Added Storage classes for TeamList\r\n\r\n* Fix bracket issue\r\n\r\n* Update Storage classes with appropriate JSON adaptation\r\n\r\n* Update User Guide\r\n\r\n* Update README.adoc\r\n",
            "insertions": 6,
            "deletions": 2
          },
          {
            "hash": "17bbcefb1e757c4d9a94746955c9dfb02fd3ed75",
            "messageTitle": "Fix Storage Compilation Errors (#42)",
            "messageBody": "* Update build.gradle file (minor changes)\r\n\r\n* Complete set-up for project (as per the Developer Guide)\r\n\r\n* Update README.adoc with Travis CI build status\r\n\r\n* Update some files to ensure that ./config/travis/run-checks.sh runs fine\r\n\r\n* Create the 4 different ListStorages. Create AlfredStorage. Create AlfredStorageManager (halfway done).\r\n\r\n* Creation of all necessary Storage classes (with the exception of the TeamListStorage handler classes)\r\n\r\n* Added Storage classes for TeamList\r\n\r\n* Fix bracket issue\r\n\r\n* Update Storage classes with appropriate JSON adaptation\r\n\r\n* Update User Guide\r\n\r\n* Fixed all compilation problems\r\n",
            "insertions": 171,
            "deletions": 99
          },
          {
            "hash": "e00e8d543bd65dce68c8e3afe69140db4b424f87",
            "messageTitle": "Fix compileTestJava (#45)",
            "messageBody": "* Update build.gradle file (minor changes)\r\n\r\n* Complete set-up for project (as per the Developer Guide)\r\n\r\n* Update README.adoc with Travis CI build status\r\n\r\n* Update some files to ensure that ./config/travis/run-checks.sh runs fine\r\n\r\n* Create the 4 different ListStorages. Create AlfredStorage. Create AlfredStorageManager (halfway done).\r\n\r\n* Creation of all necessary Storage classes (with the exception of the TeamListStorage handler classes)\r\n\r\n* Added Storage classes for TeamList\r\n\r\n* Fix bracket issue\r\n\r\n* Update Storage classes with appropriate JSON adaptation\r\n\r\n* Update User Guide\r\n\r\n* Fixed all compilation problems\r\n\r\n* Stop-gap fix for compileTestJava\r\n\r\n* Stop-gap measures to fix compileTestJava while fixing codebase\r\n",
            "insertions": 434,
            "deletions": 370
          },
          {
            "hash": "780f6c7b8c171aa215133ba1c05aead1f6c48aea",
            "messageTitle": "Implement Basic Storage Tests and Fix Compile Errors (#57)",
            "messageBody": "* Update build.gradle file (minor changes)\r\n\r\n* Complete set-up for project (as per the Developer Guide)\r\n\r\n* Update README.adoc with Travis CI build status\r\n\r\n* Update some files to ensure that ./config/travis/run-checks.sh runs fine\r\n\r\n* Create the 4 different ListStorages. Create AlfredStorage. Create AlfredStorageManager (halfway done).\r\n\r\n* Creation of all necessary Storage classes (with the exception of the TeamListStorage handler classes)\r\n\r\n* Added Storage classes for TeamList\r\n\r\n* Fix bracket issue\r\n\r\n* Update Storage classes with appropriate JSON adaptation\r\n\r\n* Update User Guide\r\n\r\n* Fixed all compilation problems\r\n\r\n* Stop-gap fix for compileTestJava\r\n\r\n* Stop-gap measures to fix compileTestJava while fixing codebase\r\n\r\n* Ensure that ParticipantList can be saved and read from file\r\n\r\n* Remove all dependencies on Issues and IssueList for Storage\r\n\r\n* Create TypicalMentors.java file\r\n\r\n* Update SubjectName enum values\r\n\r\n* Update TypicalMentors.java\r\n\r\n* Fix compileTestJava compilation errors\r\n",
            "insertions": 132,
            "deletions": 370
          }
        ]
      },
      {
        "insertions": 551,
        "deletions": 99,
        "date": "2019-10-11",
        "commitResults": [
          {
            "hash": "20f1f478e024fd760a170dab422f17d64e76d241",
            "messageTitle": "Update storage (#78)",
            "messageBody": "",
            "insertions": 551,
            "deletions": 99
          }
        ]
      },
      {
        "insertions": 650,
        "deletions": 8,
        "date": "2019-10-17",
        "commitResults": [
          {
            "hash": "68b9fc969f365281562d3a55671806fdddae6627",
            "messageTitle": "Implement model history (#104)",
            "messageBody": "* Create HistoryRecord and HistoryManager. Update entities and objects within entities with deep copy() method\r\n\r\n* Update all Commands with a call to Model#updateHistory()\r\n\r\n* Update javadoc for ModelManager#updateHistory() method\r\n\r\n* Update constructor for ModelHistoryRecord with deep copies of the EntityLists\r\n\r\n* Fix checkstyle and update ModelManagerStub with placeholder updateHistory() method\r\n\r\n* Update the exceptions thrown in the EntityList classes\r\n\r\n* Update javadocs\r\n",
            "insertions": 444,
            "deletions": 7
          },
          {
            "hash": "723597292c6d843cf22108b8c369b5efd8750b5a",
            "messageTitle": "Implement model history tests (#108)",
            "messageBody": "* Create HistoryRecord and HistoryManager. Update entities and objects within entities with deep copy() method\r\n\r\n* Update all Commands with a call to Model#updateHistory()\r\n\r\n* Update javadoc for ModelManager#updateHistory() method\r\n\r\n* Update constructor for ModelHistoryRecord with deep copies of the EntityLists\r\n\r\n* Fix checkstyle and update ModelManagerStub with placeholder updateHistory() method\r\n\r\n* Create tets for ModelHistoryManager\r\n\r\n* Update ModelHistoryManager tests (for undo command)\r\n\r\n* Update MentorList.java. Fix minor problem/artifact from git merge\r\n",
            "insertions": 133,
            "deletions": 1
          },
          {
            "hash": "abafaf64c3a48be7ec8fc985e4b219520ef3a364",
            "messageTitle": "Implement undo command (#107)",
            "messageBody": "* Create HistoryRecord and HistoryManager. Update entities and objects within entities with deep copy() method\r\n\r\n* Update all Commands with a call to Model#updateHistory()\r\n\r\n* Update javadoc for ModelManager#updateHistory() method\r\n\r\n* Update constructor for ModelHistoryRecord with deep copies of the EntityLists\r\n\r\n* Fix checkstyle and update ModelManagerStub with placeholder updateHistory() method\r\n\r\n* Create tets for ModelHistoryManager\r\n\r\n* Update ModelHistoryManager tests (for undo command)\r\n\r\n* Create UndoCommand class\r\n\r\n* Fix checkstyle violations\r\n\r\n* Added undo command command word to Alfred Parser. Effects are now visible on GUI\r\n\r\n* Fix checkstyle error\r\n",
            "insertions": 73,
            "deletions": 0
          }
        ]
      },
      {
        "insertions": 251,
        "deletions": 113,
        "date": "2019-10-19",
        "commitResults": [
          {
            "hash": "182ebc6cf86fb94384566b7abb6cfa3b142e41e6",
            "messageTitle": "Fix storage bugs (#123)",
            "messageBody": "* Fix bug causing addTeam command to fail. Issue has been identified to be the saving of Optional\u003cMentor\u003e object in TeamList\r\n\r\n* Remove debug statements\r\n\r\n* Remove debug statements\r\n\r\n* Update all Storage files with more cleaner exception throwing and handling\r\n\r\n* Change comment typo\r\n",
            "insertions": 134,
            "deletions": 100
          },
          {
            "hash": "cc5ecf818e5d6d430a9a3b169dcb639719d3c947",
            "messageTitle": "Fix problem of default values populating teamlist.json and write edge test cases (#124)",
            "messageBody": "* Fix bug causing addTeam command to fail. Issue has been identified to be the saving of Optional\u003cMentor\u003e object in TeamList\r\n\r\n* Remove debug statements\r\n\r\n* Remove debug statements\r\n\r\n* Update all Storage files with more cleaner exception throwing and handling\r\n\r\n* Change comment typo\r\n\r\n* Fixed JsonTeamListStorageTest bug that causes teamlist.json to be populated with default values everytime a test is run\r\n\r\n* Update JsonTeamListStorage with tests for Optional\u003cMentor\u003e and empty ParticipantList\r\n\r\n* Refactor JsonTeamListStorageTest and update javadocs\r\n",
            "insertions": 117,
            "deletions": 13
          }
        ]
      },
      {
        "insertions": 491,
        "deletions": 230,
        "date": "2019-10-24",
        "commitResults": [
          {
            "hash": "e48867bf87e0dc6e592f52320badc3f7da70a730",
            "messageTitle": "Standardise User Guide and Update User Guide with Undo/Redo Command Information (#150)",
            "messageBody": "",
            "insertions": 326,
            "deletions": 135
          },
          {
            "hash": "daa22fc4037e39277e41a4216d19aad83c16ba4e",
            "messageTitle": "Update developer guide (Storage) (#152)",
            "messageBody": "* Create AlfredStorageClassDiagram .png and .puml files\r\n\r\n* Completed Storage section of Developer Guide\r\n",
            "insertions": 154,
            "deletions": 84
          },
          {
            "hash": "77af6646c5ae3c591a1edd12c9ee2e501ceae83c",
            "messageTitle": "Update DeveloperGuide.adoc",
            "messageBody": "Remove addressbook references",
            "insertions": 3,
            "deletions": 2
          },
          {
            "hash": "b64ad569a4b20422a0e3198047c2459dd382075b",
            "messageTitle": "Update DeveloperGuide.adoc",
            "messageBody": "Update comments",
            "insertions": 2,
            "deletions": 2
          },
          {
            "hash": "bdf73aa721ce57d3e36201d2e4e1f985f18774e2",
            "messageTitle": "Update ID.java regex and solve empty EntityList in JSON bug (#158)",
            "messageBody": "",
            "insertions": 6,
            "deletions": 7
          }
        ]
      },
      {
        "insertions": 1107,
        "deletions": 331,
        "date": "2019-10-27",
        "commitResults": [
          {
            "hash": "e7efc39fb1021f028dd4eadae8f9f2331e4d1d56",
            "messageTitle": "Revert \"Updated ViewCommand, Refactored ListCommands, Other minor updates (#168)\" (#171)",
            "messageBody": "This reverts commit c44c907aee7fa403b0f3639d73bc054baa913feb.",
            "insertions": 471,
            "deletions": 179
          },
          {
            "hash": "03e58b64f87a073c6d6b4e815f4cc9fddc844e8b",
            "messageTitle": "Update Undo Feature (#173)",
            "messageBody": "",
            "insertions": 222,
            "deletions": 70
          },
          {
            "hash": "629cd91a50503b084f55f5fe77d57fbdd457e0c4",
            "messageTitle": "Implement redo (#185)",
            "messageBody": "",
            "insertions": 414,
            "deletions": 82
          }
        ]
      },
      {
        "insertions": 354,
        "deletions": 98,
        "date": "2019-10-31",
        "commitResults": [
          {
            "hash": "9278221c8c9979611f4bba2096f232f0e5b42ac8",
            "messageTitle": "Implement command navigation (#190)",
            "messageBody": "* Preliminary code changes to ensure that TextField displays properly\r\n\r\n* Implement basic command navigation feature\r\n\r\n* Changed CommandHistoryManager implementation from 2 stacks to 1 LinkedList\r\n\r\n* Remove debug statements\r\n",
            "insertions": 225,
            "deletions": 21
          },
          {
            "hash": "a7bce1f2492994df6e0348c779cf6f4c28ae50f9",
            "messageTitle": "Update user guide v1.3 (#202)",
            "messageBody": "* Update javadocs for setCommandNavigationHandler()\r\n\r\n* Update User Guide formating. Delete commandType duplicate error. Update user guide for history, undo, redo and command navigation\r\n",
            "insertions": 103,
            "deletions": 54
          },
          {
            "hash": "6464f93f60be4e19444cfa8e1d95cbf69311e27e",
            "messageTitle": "Update UserGuide",
            "messageBody": "Minor corrections for `history` command section. \r\n\r\nUpdate Command Summary section to indicate features that come in v2.0",
            "insertions": 11,
            "deletions": 11
          },
          {
            "hash": "65a3c523dfae63b4bdd6c5ad37b387dc634a147f",
            "messageTitle": "Update UserGuide.adoc",
            "messageBody": "Update with further corrections for `history` command section",
            "insertions": 7,
            "deletions": 5
          },
          {
            "hash": "bf6d4be1ac2b3c3555c8c63510653e0662e51db8",
            "messageTitle": "Update UserGuide.adoc (`history` command section)",
            "messageBody": "",
            "insertions": 3,
            "deletions": 3
          },
          {
            "hash": "157fb4b5c05da5c9e6e8bf5e080ed3f83bc68a1d",
            "messageTitle": "Update UserGuide.adoc",
            "messageBody": "Updated `command navigation` section",
            "insertions": 2,
            "deletions": 1
          },
          {
            "hash": "38380004a47479abf96476c35db95f647b664b23",
            "messageTitle": "Update user guide v1.3 (#209)",
            "messageBody": "* Update javadocs for setCommandNavigationHandler()\r\n\r\n* Update User Guide formating. Delete commandType duplicate error. Update user guide for history, undo, redo and command navigation\r\n\r\n* Fix userguide\r\n",
            "insertions": 3,
            "deletions": 3
          }
        ]
      },
      {
        "insertions": 15,
        "deletions": 29,
        "date": "2019-11-01",
        "commitResults": [
          {
            "hash": "1a89c68a3c39689c3dcc3a3ea5557cc313ee6f3c",
            "messageTitle": "Change user guide 1 nov (#220)",
            "messageBody": "* change user guide as per TA feedback\r\n\r\n* Update User Guide\r\n\r\n* Update QuickStart\r\n",
            "insertions": 15,
            "deletions": 29
          }
        ]
      },
      {
        "insertions": 35,
        "deletions": 10,
        "date": "2019-11-02",
        "commitResults": [
          {
            "hash": "e5d35c0dee189145854cb1d7598cf3dc6f21fc08",
            "messageTitle": "Fix command navigation (#222)",
            "messageBody": "* Simple fix for command navigation feature\r\n\r\n* Update Commands with TrackableState marker interface and model.updateHistory() and model.recordCommandExecution() in their respective execute() methods\r\n",
            "insertions": 35,
            "deletions": 10
          }
        ]
      },
      {
        "insertions": 387,
        "deletions": 899,
        "date": "2019-11-03",
        "commitResults": [
          {
            "hash": "c848ad54d7395490b389fb7e29b5ca7a0218c6b9",
            "messageTitle": "Implement Multiple Undo/Redo Feature (#240)",
            "messageBody": "* Simple fix for command navigation feature\r\n\r\n* Update Commands with TrackableState marker interface and model.updateHistory() and model.recordCommandExecution() in their respective execute() methods\r\n\r\n* Implement multiple undo-redo feature. Create tests. Display command input string in History section of UI\r\n\r\n* Change panel colours for delimiters in History section\r\n",
            "insertions": 335,
            "deletions": 104
          },
          {
            "hash": "6ff93118a1ae8ed463c541a7ccd351d8d396fa6a",
            "messageTitle": "Deprecate ab3 storage (#279)",
            "messageBody": "* Deprecate AB3 storage code. Update HistoryCommand with parser to prevent abuse. Ensure that undo/redo saves to Storage\r\n\r\n* Delete LoadException.java\r\n\r\n* Deprecate all remaining storage classes\r\n",
            "insertions": 52,
            "deletions": 795
          }
        ]
      },
      {
        "insertions": 4,
        "deletions": 0,
        "date": "2019-11-04",
        "commitResults": [
          {
            "hash": "ff7b7b7281fb7d00816545237f8dde4a1e7ef238",
            "messageTitle": "Implement capacity of 50 for CommandHistoryManager (#241)",
            "messageBody": "* Simple fix for command navigation feature\r\n\r\n* Update Commands with TrackableState marker interface and model.updateHistory() and model.recordCommandExecution() in their respective execute() methods\r\n\r\n* Implement multiple undo-redo feature. Create tests. Display command input string in History section of UI\r\n\r\n* Change panel colours for delimiters in History section\r\n\r\n* Implement capacity of 50 for CommandHistoryManager\r\n\r\n* Changed capacity back to 50 commands\r\n\r\n* Update capacity to CAPACITY\r\n",
            "insertions": 4,
            "deletions": 0
          }
        ]
      },
      {
        "insertions": 10,
        "deletions": 4,
        "date": "2019-11-05",
        "commitResults": [
          {
            "hash": "27011d1b9c60fa826b70f6a606934e41bf03f890",
            "messageTitle": "Change to use Alt Modifier for Command History Navigation Feature (#283)",
            "messageBody": "* Change to alt+up/down keys for command history navigation. Fix index bug in feature\r\n\r\n* Alt Key Combination\r\n",
            "insertions": 10,
            "deletions": 4
          }
        ]
      },
      {
        "insertions": 919,
        "deletions": 208,
        "date": "2019-11-06",
        "commitResults": [
          {
            "hash": "1397e9fc004143da922c5f307fdc7bdab0a46114",
            "messageTitle": "Update developer guide v1.4 (#287)",
            "messageBody": "",
            "insertions": 919,
            "deletions": 208
          }
        ]
      },
      {
        "insertions": 48,
        "deletions": 19,
        "date": "2019-11-09",
        "commitResults": [
          {
            "hash": "117c7a4f26ddf5cf3bb6757085712652f5f6091a",
            "messageTitle": "Fix undo redo ui response (#302)",
            "messageBody": "",
            "insertions": 8,
            "deletions": 12
          },
          {
            "hash": "dcec30198f9b029399f8e2a345af920df6de49be",
            "messageTitle": "Update user guide v1.4 (#317)",
            "messageBody": "* Update User Guide for command history navigation, undo and redo\r\n\r\n* Updat User Guide\r\n",
            "insertions": 40,
            "deletions": 7
          }
        ]
      },
      {
        "insertions": 544,
        "deletions": 238,
        "date": "2019-11-10",
        "commitResults": [
          {
            "hash": "78b4526e03f4780a8b20e419948a3d0c65490b09",
            "messageTitle": "Create final tests (#340)",
            "messageBody": "* Create CommandRecordTest and CommandHistoryManagerTest\r\n\r\n* Created equality tests for UndoCommand and RedoCommand\r\n",
            "insertions": 184,
            "deletions": 4
          },
          {
            "hash": "8e4d9f2592df05aa74b1cb0e811b9e991ab3b474",
            "messageTitle": "Update user guide (Undo/Redo/History) (#341)",
            "messageBody": "",
            "insertions": 38,
            "deletions": 17
          },
          {
            "hash": "d71462a30842f993fe458de90f80fc36b40d56f5",
            "messageTitle": "Update developer guide and user guide (#346)",
            "messageBody": "",
            "insertions": 259,
            "deletions": 36
          },
          {
            "hash": "e642a397f96a11a88f2f2fdfd1c96111ad5a001c",
            "messageTitle": "Near last fixes (#337)",
            "messageBody": "",
            "insertions": 63,
            "deletions": 181
          }
        ]
      },
      {
        "insertions": 407,
        "deletions": 131,
        "date": "2019-11-11",
        "commitResults": [
          {
            "hash": "90c3e3dae094c01681c92db3038a458391a7bd9a",
            "messageTitle": "Update Home and Help commands for Command History Navigation Feature (#355)",
            "messageBody": "",
            "insertions": 98,
            "deletions": 46
          },
          {
            "hash": "344b7a2e0443d5ca32cf058ed31f226a74b59f79",
            "messageTitle": "Update and Finalise PPP (#358)",
            "messageBody": "* Update PPP\r\n\r\n* update with attempt to fix include bug\r\n\r\n* Create PPP pdf\r\n\r\n* Update PPP and generated PDF\r\n\r\n* Finalise PPP\r\n",
            "insertions": 250,
            "deletions": 34
          },
          {
            "hash": "8699cdf6159ee6bc8352f78456f019b09bdf3030",
            "messageTitle": "Update ppp (#365)",
            "messageBody": "",
            "insertions": 2,
            "deletions": 2
          },
          {
            "hash": "de5f2131db40ea518fedd0f1ee2dcbaacaf7831a",
            "messageTitle": "Standardise dg (#367)",
            "messageBody": "* Update PPP\r\n\r\n* Update DG for Design Considerations Formatting Standardisation\r\n",
            "insertions": 39,
            "deletions": 33
          },
          {
            "hash": "20ff632ef0dcb428f127000c554bf372cf112fbb",
            "messageTitle": "Standardise dg (#369)",
            "messageBody": "",
            "insertions": 18,
            "deletions": 16
          }
        ]
      }
    ],
    "Abhiman2211": [
      {
        "insertions": 84,
        "deletions": 54,
        "date": "2019-10-03",
        "commitResults": [
          {
            "hash": "8a31fd6678ad0583b01519085476a495d4094cbe",
            "messageTitle": "Update UserGuide Introduction and Quickstart",
            "messageBody": "",
            "insertions": 13,
            "deletions": 8
          },
          {
            "hash": "963f24653bac778efdf22256cdb2fb6d25d81231",
            "messageTitle": "Update UserGuide Section 4",
            "messageBody": "",
            "insertions": 71,
            "deletions": 46
          }
        ]
      },
      {
        "insertions": 994,
        "deletions": 345,
        "date": "2019-10-06",
        "commitResults": [
          {
            "hash": "eaaf812bec6298631c8e9259afb25f29589cdac2",
            "messageTitle": "Alfred Add Command Parsers (#32)",
            "messageBody": "* Add Alfred-specific parser classes.\r\n\r\n* Modify prefixes.\r\n\r\n* Implement Add Command Parsers.\r\n",
            "insertions": 901,
            "deletions": 225
          },
          {
            "hash": "f16a39af4fffbf89b7f909cf2fe22ae8898014b1",
            "messageTitle": "Fix add participant parser (#47)",
            "messageBody": "",
            "insertions": 93,
            "deletions": 120
          }
        ]
      },
      {
        "insertions": 39,
        "deletions": 10,
        "date": "2019-10-10",
        "commitResults": [
          {
            "hash": "6683dcae29b12690c8c644c966adca35c4aa4859",
            "messageTitle": "Edit add command parsers (#62)",
            "messageBody": "",
            "insertions": 39,
            "deletions": 10
          }
        ]
      },
      {
        "insertions": 487,
        "deletions": 296,
        "date": "2019-10-17",
        "commitResults": [
          {
            "hash": "5bff88aba3ad5a2efcc691b7c9a8ac3f13cd07a0",
            "messageTitle": "Add Alfred Parsers (#98)",
            "messageBody": "",
            "insertions": 487,
            "deletions": 296
          }
        ]
      },
      {
        "insertions": 280,
        "deletions": 153,
        "date": "2019-10-20",
        "commitResults": [
          {
            "hash": "833eaa5e24aa72a2de31eef3855ff36d61413686",
            "messageTitle": "Update UserGuide.adoc",
            "messageBody": "",
            "insertions": 26,
            "deletions": 22
          },
          {
            "hash": "a0fcb525c1bdfe9b9da68c1b4776c175b4975376",
            "messageTitle": "Enhance Standardisation of Commands (#127)",
            "messageBody": "",
            "insertions": 254,
            "deletions": 131
          }
        ]
      },
      {
        "insertions": 1147,
        "deletions": 82,
        "date": "2019-10-23",
        "commitResults": [
          {
            "hash": "342ca70368bfa8942d0d38485d8090712c60e07a",
            "messageTitle": "Rename Alfred parser util methods (#130)",
            "messageBody": "",
            "insertions": 1071,
            "deletions": 49
          },
          {
            "hash": "806c0d149975adedf604ca16d7632102f64b9124",
            "messageTitle": "Update User Guide",
            "messageBody": "Add guide to leaderboard and scoring features.",
            "insertions": 34,
            "deletions": 9
          },
          {
            "hash": "f12c56958bd1767bec25ee896e50c1a82512478b",
            "messageTitle": "Userguide (#147)",
            "messageBody": "",
            "insertions": 42,
            "deletions": 24
          }
        ]
      },
      {
        "insertions": 201,
        "deletions": 1023,
        "date": "2019-10-24",
        "commitResults": [
          {
            "hash": "282011378ae184a3561bd3cac72e5f78955bed37",
            "messageTitle": "Developerguide (#154)",
            "messageBody": "",
            "insertions": 95,
            "deletions": 50
          },
          {
            "hash": "3a9122965fa314df014d126807e56f07da5a7d10",
            "messageTitle": "Remove oldparsers (#161)",
            "messageBody": "",
            "insertions": 106,
            "deletions": 973
          }
        ]
      },
      {
        "insertions": 598,
        "deletions": 2,
        "date": "2019-10-28",
        "commitResults": [
          {
            "hash": "5f90e418343a63bcb7095c2f41ad934614d65b5c",
            "messageTitle": "Feature judging (#135)",
            "messageBody": "",
            "insertions": 598,
            "deletions": 2
          }
        ]
      },
      {
        "insertions": 804,
        "deletions": 25,
        "date": "2019-10-31",
        "commitResults": [
          {
            "hash": "7492f589b4891653b9fa390775cfb61ffe43aefc",
            "messageTitle": "Feature leaderboard (#134)",
            "messageBody": "",
            "insertions": 771,
            "deletions": 22
          },
          {
            "hash": "07392793eb76b4035b5380f5a1079ec506d66409",
            "messageTitle": "Leaderboard userguide (#198)",
            "messageBody": "",
            "insertions": 33,
            "deletions": 3
          }
        ]
      },
      {
        "insertions": 6,
        "deletions": 1,
        "date": "2019-11-01",
        "commitResults": [
          {
            "hash": "916365671563d383ee3f5c8ec2d6c21726014d7e",
            "messageTitle": "Docs userguide (#216)",
            "messageBody": "",
            "insertions": 6,
            "deletions": 1
          }
        ]
      },
      {
        "insertions": 536,
        "deletions": 34,
        "date": "2019-11-02",
        "commitResults": [
          {
            "hash": "93bea7d921d7ec91c6b817eef37e082eb2953a77",
            "messageTitle": "Scoring test (#242)",
            "messageBody": "",
            "insertions": 536,
            "deletions": 34
          }
        ]
      },
      {
        "insertions": 186,
        "deletions": 102,
        "date": "2019-11-03",
        "commitResults": [
          {
            "hash": "0788d8b53b2f761d4fc2cd2c81ea7a8ff82126e5",
            "messageTitle": "Pe fixes (#275)",
            "messageBody": "",
            "insertions": 186,
            "deletions": 102
          }
        ]
      },
      {
        "insertions": 537,
        "deletions": 122,
        "date": "2019-11-06",
        "commitResults": [
          {
            "hash": "ddddbb7dd702055c2ec988491aaf1669f8b8cf9c",
            "messageTitle": "Test leaderboard (#280)",
            "messageBody": "",
            "insertions": 537,
            "deletions": 122
          }
        ]
      },
      {
        "insertions": 3,
        "deletions": 2,
        "date": "2019-11-07",
        "commitResults": [
          {
            "hash": "45d2fe51ba0bf9dbdfd6441300e41d643e75c4c9",
            "messageTitle": "Update README.adoc",
            "messageBody": "",
            "insertions": 1,
            "deletions": 0
          },
          {
            "hash": "592595872c70009e80cab53b478f22c4142c1bc4",
            "messageTitle": "Add Coveralls",
            "messageBody": "",
            "insertions": 2,
            "deletions": 1
          },
          {
            "hash": "cc4094d6cb4f6ac2f36c45069ef3a2c82e1d55b4",
            "messageTitle": "Rectify Formatting",
            "messageBody": "",
            "insertions": 0,
            "deletions": 1
          }
        ]
      },
      {
        "insertions": 815,
        "deletions": 56,
        "date": "2019-11-08",
        "commitResults": [
          {
            "hash": "d8027fa889f1d6861420bb748cbaa4a9524d0a73",
            "messageTitle": "Devguide (#292)",
            "messageBody": "",
            "insertions": 815,
            "deletions": 55
          },
          {
            "hash": "a179a88ae283dbc2d68729528691bdd400cf7a62",
            "messageTitle": "Remove Coveralls badge",
            "messageBody": "",
            "insertions": 0,
            "deletions": 1
          }
        ]
      },
      {
        "insertions": 854,
        "deletions": 659,
        "date": "2019-11-09",
        "commitResults": [
          {
            "hash": "b646207c48e89874ec62291f9465abf6d8d7788d",
            "messageTitle": "Refactorscore (#298)",
            "messageBody": "",
            "insertions": 296,
            "deletions": 523
          },
          {
            "hash": "6a97423e6de4de067a6ed1d22649cc282f85d703",
            "messageTitle": "user guide fix (#304)",
            "messageBody": "",
            "insertions": 80,
            "deletions": 54
          },
          {
            "hash": "5ccaf01982adf66b2329dc46c264c51e9f37b61d",
            "messageTitle": "Final improvement (#299)",
            "messageBody": "",
            "insertions": 275,
            "deletions": 75
          },
          {
            "hash": "88595980bd927a86e1d3ab17f38ff2b800b61387",
            "messageTitle": "Ugfixpt2 (#314)",
            "messageBody": "",
            "insertions": 23,
            "deletions": 1
          },
          {
            "hash": "b92df068e292e184d1fb79f8a3f4cb9fdeabb4c7",
            "messageTitle": "Scoringdevguide (#318)",
            "messageBody": "",
            "insertions": 180,
            "deletions": 6
          }
        ]
      },
      {
        "insertions": 283,
        "deletions": 175,
        "date": "2019-11-10",
        "commitResults": [
          {
            "hash": "454057215e005276f5d036cc09f0c4a321194d68",
            "messageTitle": "General Improvements for Code (#329)",
            "messageBody": "",
            "insertions": 212,
            "deletions": 134
          },
          {
            "hash": "ee9fcf36f8f569e6c29336adca451b7e071d1630",
            "messageTitle": "Ugupdate (#333)",
            "messageBody": "",
            "insertions": 11,
            "deletions": 7
          },
          {
            "hash": "0c500567aaa7d97a55a75e99b721d1a51583b6ee",
            "messageTitle": "Finalise Scoring Section in Dev Guide (#345)",
            "messageBody": "",
            "insertions": 60,
            "deletions": 34
          }
        ]
      },
      {
        "insertions": 496,
        "deletions": 153,
        "date": "2019-11-11",
        "commitResults": [
          {
            "hash": "a04995dff8df2d4772d7c60ab295155d379038d2",
            "messageTitle": "Add changes to UG, DG and PPP (#363)",
            "messageBody": "",
            "insertions": 221,
            "deletions": 120
          },
          {
            "hash": "3ce3c6e5ca5efcd6a96b658fe8d1a6e8c11b7725",
            "messageTitle": "Edit to Alfred Documentation (#368)",
            "messageBody": "",
            "insertions": 49,
            "deletions": 7
          },
          {
            "hash": "4c07ca5690bd36c4691edb963075ee1329f453e0",
            "messageTitle": "Miscellaneous Changes to Help Command and DG (#375)",
            "messageBody": "",
            "insertions": 53,
            "deletions": 9
          },
          {
            "hash": "70a64482e2d9efe2223fdd0d127a565369ccfa2f",
            "messageTitle": "Merge PPP Changes into Master (#379)",
            "messageBody": "",
            "insertions": 173,
            "deletions": 17
          }
        ]
      }
    ],
    "hcwong": [
      {
        "insertions": 109,
        "deletions": 51,
        "date": "2019-10-03",
        "commitResults": [
          {
            "hash": "f686b606d1790dd2259ee763ffd70824192e816d",
            "messageTitle": "Fix checkStyle errors",
            "messageBody": "",
            "insertions": 5,
            "deletions": 4
          },
          {
            "hash": "830001a353d2b8f9c84b0f999340485e47e799ec",
            "messageTitle": "Make changes to developer guide for week 7 milestone (#25)",
            "messageBody": "",
            "insertions": 91,
            "deletions": 37
          },
          {
            "hash": "b1375265448fa9b0486d022e59f4ea912f93e9e6",
            "messageTitle": "Fix typos on DG (#39)",
            "messageBody": "",
            "insertions": 13,
            "deletions": 10
          }
        ]
      },
      {
        "insertions": 3053,
        "deletions": 982,
        "date": "2019-10-06",
        "commitResults": [
          {
            "hash": "b327fad48018a0ceb5dfa5318f0b5ad792defd82",
            "messageTitle": "Implement Model public methods (#7)",
            "messageBody": "* Implemented Entity abstract class\r\n\r\n* Add EntityList Interface\r\n\r\n* Add method to check for existence\r\n\r\n* Refactor EntityListInterface\r\n\r\n* Demo flow of how controller will call model via modelManager\r\n\r\n* Add team object\r\n\r\n* Create mentor class\r\n\r\n* Add issue type\r\n\r\n* Add the 4 lists. Now they are fairly repetitive, but do not want to prematurely optimize\r\n\r\n* Modify the Model API to reflect latest changes\r\n\r\n* Rename ID to Id and expose viewMinimal and viewDetailed methods\r\n\r\n* Add equals, toString, hash for all\r\n\r\n* Add line\r\n",
            "insertions": 1818,
            "deletions": 90
          },
          {
            "hash": "a22ba257a4300077df63f082f1fea779942e6027",
            "messageTitle": "Refactor/model api (#19)",
            "messageBody": "* Move all the CRUD methods from EntityList to ModelManager\r\n\r\n* Remove the override methods from the various EntityLists as they are now superflous\r\n\r\n* Remove circular references from entity objects\r\n\r\n* Created ReadableEntityList to abstract and implemented Participant methods\r\n\r\n* Implement API for all 4 entities. Pending only saving and load of model\r\n\r\n* Standardize all entities to have only 1 constructor as per Brian\u0027s comment\r\n\r\n* Make model throw AlfredRuntimeException\r\n\r\n* Rename package to use lowercase\r\n\r\n* Uncomment old person type methods to reduce errors\r\n",
            "insertions": 1063,
            "deletions": 783
          },
          {
            "hash": "944b5505ebaf07df314dac68eccd5e11b918524b",
            "messageTitle": "Move generate id to readable entityList so that controller and parser can call it (#31)",
            "messageBody": "",
            "insertions": 9,
            "deletions": 7
          },
          {
            "hash": "6d48fa5128e9a46c5dae2285a312549919b259d2",
            "messageTitle": "Fix remaining checkstyle errors (#58)",
            "messageBody": "",
            "insertions": 132,
            "deletions": 98
          },
          {
            "hash": "32914041f967f57b7b038f8065a9d61d2907a8c3",
            "messageTitle": "Chore/skip tests (#48)",
            "messageBody": "",
            "insertions": 31,
            "deletions": 4
          }
        ]
      },
      {
        "insertions": 33,
        "deletions": 20,
        "date": "2019-10-07",
        "commitResults": [
          {
            "hash": "c4c585e1fc1db65faaca72260e1706d3f8d820a5",
            "messageTitle": "Replace the \u003d\u003d with .equals (#60)",
            "messageBody": "",
            "insertions": 33,
            "deletions": 20
          }
        ]
      },
      {
        "insertions": 206,
        "deletions": 172,
        "date": "2019-10-10",
        "commitResults": [
          {
            "hash": "e96548f3c15cb4cd311df67992e4f30172154282",
            "messageTitle": "Task/update exceptions (#52)",
            "messageBody": "* Move exceptions\r\n\r\n* Update Exceptions\r\n\r\n* Fix conflicts after rebase\r\n",
            "insertions": 206,
            "deletions": 172
          }
        ]
      },
      {
        "insertions": 397,
        "deletions": 81,
        "date": "2019-10-11",
        "commitResults": [
          {
            "hash": "b58f2ff23f389fba9e8c724598defa766c997403",
            "messageTitle": "Add model tests and add cross updating when CRUD operation (#61)",
            "messageBody": "",
            "insertions": 397,
            "deletions": 81
          }
        ]
      },
      {
        "insertions": 243,
        "deletions": 133,
        "date": "2019-10-12",
        "commitResults": [
          {
            "hash": "5d0a849237cfc172dbb99e93a43b55f621842959",
            "messageTitle": "Make generateId static and move model initialization to modelManager (#65)",
            "messageBody": "",
            "insertions": 243,
            "deletions": 133
          }
        ]
      },
      {
        "insertions": 94,
        "deletions": 82,
        "date": "2019-10-13",
        "commitResults": [
          {
            "hash": "c610996e76004be755b24bb10f18703fabf67981",
            "messageTitle": "Hotfix to expose FilteredList for find command (#88)",
            "messageBody": "",
            "insertions": 94,
            "deletions": 82
          }
        ]
      },
      {
        "insertions": 624,
        "deletions": 93,
        "date": "2019-10-14",
        "commitResults": [
          {
            "hash": "319d7fbf534bcc248806ffe0b7f65d23b7c91072",
            "messageTitle": "Customize error message (#82)",
            "messageBody": "",
            "insertions": 200,
            "deletions": 70
          },
          {
            "hash": "298ec04ff490773dbcec2de3803fb40699bb0fbf",
            "messageTitle": "Implement looser definition of equality (#85)",
            "messageBody": "",
            "insertions": 424,
            "deletions": 23
          }
        ]
      },
      {
        "insertions": 460,
        "deletions": 33,
        "date": "2019-10-17",
        "commitResults": [
          {
            "hash": "2568308d38187f86dc4033a2a03afdd09715b574",
            "messageTitle": "Implement find command (#86)",
            "messageBody": "* Implement find function on model\r\n\r\n* Add tests\r\n\r\n* Implement commands\r\n\r\n* Implement parser for find command\r\n\r\n* Rename parsers and add it into alfredparser\r\n\r\n* Make message usage clearer\r\n\r\n* Fix typo\r\n",
            "insertions": 460,
            "deletions": 33
          }
        ]
      },
      {
        "insertions": 13,
        "deletions": 3,
        "date": "2019-10-19",
        "commitResults": [
          {
            "hash": "dd41337a9e308715e2b68daa037bdb4cb5bb7529",
            "messageTitle": "Fixes the ID generation of entity objects (#125)",
            "messageBody": "",
            "insertions": 13,
            "deletions": 3
          }
        ]
      },
      {
        "insertions": 63,
        "deletions": 15,
        "date": "2019-10-23",
        "commitResults": [
          {
            "hash": "990e29406b569afbebb63e3d2dcff5c909255241",
            "messageTitle": "Updated User and Developer Guide (#145)",
            "messageBody": "",
            "insertions": 63,
            "deletions": 15
          }
        ]
      },
      {
        "insertions": 29,
        "deletions": 2,
        "date": "2019-10-25",
        "commitResults": [
          {
            "hash": "35a38a63894e92e19ddc90195c0f1b6f69b683e6",
            "messageTitle": "Fix/reset filteredlist (#164)",
            "messageBody": "",
            "insertions": 29,
            "deletions": 2
          }
        ]
      },
      {
        "insertions": 281,
        "deletions": 129,
        "date": "2019-10-26",
        "commitResults": [
          {
            "hash": "8ee59621611315611ed73bd90778a0b582358f48",
            "messageTitle": "Implement find by multiple fields (#128)",
            "messageBody": "",
            "insertions": 264,
            "deletions": 102
          },
          {
            "hash": "2c0d9e3885bf8040e4ae66519502eec322b1ca5c",
            "messageTitle": "Comma separate the entities when they are printed out (#156)",
            "messageBody": "",
            "insertions": 17,
            "deletions": 27
          }
        ]
      },
      {
        "insertions": 227,
        "deletions": 819,
        "date": "2019-10-27",
        "commitResults": [
          {
            "hash": "8a809f5869b1c348c88ac0cab18ebfffad7c6d70",
            "messageTitle": "Update Help Command (#170)",
            "messageBody": "",
            "insertions": 218,
            "deletions": 27
          },
          {
            "hash": "b222d52edbece928c5ec6d1abb151e419a3a6747",
            "messageTitle": "Deprecate Address Book (#160)",
            "messageBody": "",
            "insertions": 9,
            "deletions": 792
          }
        ]
      },
      {
        "insertions": 384,
        "deletions": 7,
        "date": "2019-10-31",
        "commitResults": [
          {
            "hash": "d58291a66bcc963604afceff364184bfb783446b",
            "messageTitle": "Update find UG (#200)",
            "messageBody": "",
            "insertions": 19,
            "deletions": 3
          },
          {
            "hash": "b821c75dbd1b56233327928f7a4b0015e8b6449c",
            "messageTitle": "Add find tests (#187)",
            "messageBody": "",
            "insertions": 364,
            "deletions": 3
          },
          {
            "hash": "d799712c6112ded0c7e144f8e211dddb2496c169",
            "messageTitle": "Update release version (#212)",
            "messageBody": "",
            "insertions": 1,
            "deletions": 1
          }
        ]
      },
      {
        "insertions": 481,
        "deletions": 112,
        "date": "2019-11-04",
        "commitResults": [
          {
            "hash": "382aaf2c47d1d2ef80c82f91be7ddbac6bad0b47",
            "messageTitle": "Implement negative find and find by union (#274)",
            "messageBody": "",
            "insertions": 481,
            "deletions": 112
          }
        ]
      },
      {
        "insertions": 100,
        "deletions": 122,
        "date": "2019-11-09",
        "commitResults": [
          {
            "hash": "a1441166a91306aef674cd52a24bab2d871062fc",
            "messageTitle": "Add entertainment and other into SubjectName (#289)",
            "messageBody": "",
            "insertions": 11,
            "deletions": 2
          },
          {
            "hash": "9ced2fb78b7618e5e735d10e9e5e08d65ff32592",
            "messageTitle": "Add codecov (#301)",
            "messageBody": "",
            "insertions": 7,
            "deletions": 0
          },
          {
            "hash": "17b5f89ee944ffe64f9c2bac7f5058791490f42e",
            "messageTitle": "Deprecate Ab3 model 2 (#169)",
            "messageBody": "",
            "insertions": 61,
            "deletions": 99
          },
          {
            "hash": "d3a35d617f348dad76d6d77222a97ff063001872",
            "messageTitle": "Make find case insenstitive (#290)",
            "messageBody": "",
            "insertions": 9,
            "deletions": 12
          },
          {
            "hash": "d84669d49cbe5f85940c8e7df9c75ee4df194011",
            "messageTitle": "Revert \"Make find case insenstitive (#290)\" (#327)",
            "messageBody": "",
            "insertions": 12,
            "deletions": 9
          }
        ]
      },
      {
        "insertions": 870,
        "deletions": 1796,
        "date": "2019-11-10",
        "commitResults": [
          {
            "hash": "4551deff0dc0760596a03806207180f219ffe513",
            "messageTitle": "Refactored the initialize method to be less ugly (#129)",
            "messageBody": "",
            "insertions": 32,
            "deletions": 34
          },
          {
            "hash": "ffc10c508bb76ddd296c69c11b6797edfd832f64",
            "messageTitle": "Model Manager Tests + Delete Persons PR. (#316)",
            "messageBody": "",
            "insertions": 533,
            "deletions": 1631
          },
          {
            "hash": "413ab3b43eaae7631a34743140480c90781f3559",
            "messageTitle": "Fix typos in find that are causing bugs (#328)",
            "messageBody": "",
            "insertions": 10,
            "deletions": 7
          },
          {
            "hash": "010e6a23c0e6d8ee55d8022ee414107bab97461e",
            "messageTitle": "Update get commands for model (#331)",
            "messageBody": "",
            "insertions": 127,
            "deletions": 60
          },
          {
            "hash": "97a69651abf84723074067c73a14864ef9cc3518",
            "messageTitle": "Close help window once other command is typed in (#343)",
            "messageBody": "",
            "insertions": 10,
            "deletions": 0
          },
          {
            "hash": "94b2b9d250f501e20d25b73cb7bb6be5309fcd7a",
            "messageTitle": "Fix Find case insensitivity (#342)",
            "messageBody": "",
            "insertions": 86,
            "deletions": 54
          },
          {
            "hash": "9b18f7fcc6c4b10e9180def6a8b32c5c27865214",
            "messageTitle": "Fix Find Userguide (#348)",
            "messageBody": "",
            "insertions": 72,
            "deletions": 10
          }
        ]
      },
      {
        "insertions": 834,
        "deletions": 195,
        "date": "2019-11-11",
        "commitResults": [
          {
            "hash": "13916d55d0d55245e5ed7de43835d90f67aa5ef4",
            "messageTitle": "Update find and model DG (#359)",
            "messageBody": "",
            "insertions": 372,
            "deletions": 68
          },
          {
            "hash": "b4ff2d4a210c8a77a1e4f90278bc568f5cccb3f1",
            "messageTitle": "PPP Joshua (#362)",
            "messageBody": "",
            "insertions": 360,
            "deletions": 50
          },
          {
            "hash": "36e262f94488823c78aec8415350cd20eb260c3d",
            "messageTitle": "Fix typos for Joshua\u0027s stuff (#366)",
            "messageBody": "",
            "insertions": 72,
            "deletions": 65
          },
          {
            "hash": "b3d339357e36675ec6e76db86efb8324b322139b",
            "messageTitle": "Add logic description (#370)",
            "messageBody": "",
            "insertions": 19,
            "deletions": 1
          },
          {
            "hash": "b958f7af63db9cf5e52dac8c4fdcfdcdd2eb08de",
            "messageTitle": "Fix delete participant bug (#373)",
            "messageBody": "",
            "insertions": 1,
            "deletions": 1
          },
          {
            "hash": "11bc280b81ff92ea0bfe2627156bfc42fe9b835d",
            "messageTitle": "Update find suggestion templates (#372)",
            "messageBody": "",
            "insertions": 10,
            "deletions": 10
          }
        ]
      },
      {
        "insertions": 0,
        "deletions": 0,
        "date": "2019-11-14",
        "commitResults": [
          {
            "hash": "ac24f4359c151010a62979dffe41572c4da4ce8a",
            "messageTitle": " Fix filenames for PPP (#388)",
            "messageBody": "",
            "insertions": 0,
            "deletions": 0
          }
        ]
      }
    ],
    "john0227": [
      {
        "insertions": 36,
        "deletions": 31,
        "date": "2019-10-03",
        "commitResults": [
          {
            "hash": "ff91bb2e9a246f224a27affdd2c0f52005c01f1e",
            "messageTitle": "Changes to AboutUs.adoc and ContactUs.adoc (#29)",
            "messageBody": "* Made changes to fit team\u0027s scope.\r\n\r\n* Added AddCommands and DeleteCommands.\r\n\r\n* Added Edit Commands\r\n\r\n* Added List and View commands.\r\n\r\n* Corrected repoUrl\r\n\r\n* Made changes to follow Joshua\u0027s implementations. Contains vaguely-implemented methods.\r\n\r\n* Changed parameters from EntityList to Model. Made some changes to follow Joshua\u0027s implementations.\r\n\r\n* Moved ENTITY_TYPE to a static constant stored in CliSyntax.\r\n\r\n* Updated code to use viewMinimal() and viewDetailed().\r\n\r\n* Minor changes\r\n\r\n* Implemented potential ways of executing each Participant command.\r\n\r\n* Merge from upstream\r\n\r\n* Updated code to use Model#updateParticipant\u0027s return value.\r\n\r\n* Removed Commands associated with Issues.\r\n\r\n* Removed Commands associated with Issues.\r\n\r\n(cherry picked from commit cef69759ba683ab153084b6e274ea11472a12365)\r\n\r\n* Imported Entities and other objects.\r\n\r\n* Updated AboutUs.adoc and ContactUs.adoc\r\n",
            "insertions": 33,
            "deletions": 29
          },
          {
            "hash": "baae9f8d8bd97c662458a57b4f8cb2e1e3903add",
            "messageTitle": "Made corrections to teammate names (#35)",
            "messageBody": "",
            "insertions": 2,
            "deletions": 2
          },
          {
            "hash": "4aed57c3e18a178acaf223444ead4945692856e9",
            "messageTitle": "Update README.adoc to show Netlify status",
            "messageBody": "",
            "insertions": 1,
            "deletions": 0
          }
        ]
      },
      {
        "insertions": 3,
        "deletions": 3,
        "date": "2019-10-04",
        "commitResults": [
          {
            "hash": "800c4b443599ab4e9c0987541f28c82d2bba3dab",
            "messageTitle": "Corrected Netlify status badge snippet",
            "messageBody": "",
            "insertions": 1,
            "deletions": 1
          },
          {
            "hash": "be8c36a43457f1839a36051579310f13d646fe31",
            "messageTitle": "Update README.adoc",
            "messageBody": "",
            "insertions": 1,
            "deletions": 1
          },
          {
            "hash": "96ead6d1d344e580e2a4df56ecb9adb7f6a2ed99",
            "messageTitle": "Update README.adoc",
            "messageBody": "",
            "insertions": 1,
            "deletions": 1
          }
        ]
      },
      {
        "insertions": 1311,
        "deletions": 470,
        "date": "2019-10-06",
        "commitResults": [
          {
            "hash": "f03788dd3c9bd5c16379704f0da102e89a9d3305",
            "messageTitle": "Implemented Participant Commands (#14)",
            "messageBody": "* Made changes to fit team\u0027s scope.\r\n\r\n* Added AddCommands and DeleteCommands.\r\n\r\n* Added Edit Commands\r\n\r\n* Added List and View commands.\r\n\r\n* Corrected repoUrl\r\n\r\n* Made changes to follow Joshua\u0027s implementations. Contains vaguely-implemented methods.\r\n\r\n* Changed parameters from EntityList to Model. Made some changes to follow Joshua\u0027s implementations.\r\n\r\n* Moved ENTITY_TYPE to a static constant stored in CliSyntax.\r\n\r\n* Updated code to use viewMinimal() and viewDetailed().\r\n\r\n* Minor changes\r\n\r\n* Implemented potential ways of executing each Participant command.\r\n\r\n* Removed Commands associated with Issues.\r\n\r\n(cherry picked from commit cef69759ba683ab153084b6e274ea11472a12365)\r\n",
            "insertions": 791,
            "deletions": 1
          },
          {
            "hash": "d84feec614f84cb0ae57709a7ef88ca173d7e787",
            "messageTitle": "Updated EditParticipantCommand",
            "messageBody": "Updated code to use return value of editParticipant()",
            "insertions": 4,
            "deletions": 2
          },
          {
            "hash": "5227da8a4a05ef9fcdc7f88e02a3f85ee5d586e5",
            "messageTitle": "Imported Entities and other objects (#2)",
            "messageBody": "* Made changes to fit team\u0027s scope.\r\n\r\n* Added AddCommands and DeleteCommands.\r\n\r\n* Added Edit Commands\r\n\r\n* Added List and View commands.\r\n\r\n* Corrected repoUrl\r\n\r\n* Made changes to follow Joshua\u0027s implementations. Contains vaguely-implemented methods.\r\n\r\n* Changed parameters from EntityList to Model. Made some changes to follow Joshua\u0027s implementations.\r\n\r\n* Moved ENTITY_TYPE to a static constant stored in CliSyntax.\r\n\r\n* Updated code to use viewMinimal() and viewDetailed().\r\n\r\n* Minor changes\r\n\r\n* Implemented potential ways of executing each Participant command.\r\n\r\n* Merge from upstream\r\n\r\n* Updated code to use Model#updateParticipant\u0027s return value.\r\n\r\n* Removed Commands associated with Issues.\r\n\r\n* Removed Commands associated with Issues.\r\n\r\n(cherry picked from commit cef69759ba683ab153084b6e274ea11472a12365)\r\n\r\n* Imported Entities and other objects.\r\n",
            "insertions": 30,
            "deletions": 7
          },
          {
            "hash": "549a720a1e43f193e59f7bdb2604b99c7c582255",
            "messageTitle": "Checkstyle: Commands and Parsers (#51)",
            "messageBody": "",
            "insertions": 256,
            "deletions": 180
          },
          {
            "hash": "e10c066e80a36962b06a38cbe478844d78c45625",
            "messageTitle": "Checkstyle EntityList (#53)",
            "messageBody": "",
            "insertions": 222,
            "deletions": 274
          },
          {
            "hash": "0c85b33cace4affc04ecb22ccfe09ddffe3b6ce6",
            "messageTitle": "Checkstyle: SubjectName.java (#54)",
            "messageBody": "",
            "insertions": 8,
            "deletions": 6
          }
        ]
      },
      {
        "insertions": 928,
        "deletions": 137,
        "date": "2019-10-11",
        "commitResults": [
          {
            "hash": "e2a3dc6299c1176ad25d45e80d2cfc1ff3a7bd4a",
            "messageTitle": "MentorCommands and TeamCommands (#63)",
            "messageBody": "",
            "insertions": 928,
            "deletions": 137
          }
        ]
      },
      {
        "insertions": 2534,
        "deletions": 297,
        "date": "2019-10-14",
        "commitResults": [
          {
            "hash": "8733b63e56bb3d56cb4837483ecf4868c01b185e",
            "messageTitle": "Implemented tests for commands (#79)",
            "messageBody": "",
            "insertions": 2534,
            "deletions": 297
          }
        ]
      },
      {
        "insertions": 17,
        "deletions": 24,
        "date": "2019-10-19",
        "commitResults": [
          {
            "hash": "fe211bddfc7f5562742c4b9d5fba0b43e6aea5ef",
            "messageTitle": "Updates on AlfredParserUtil (#116)",
            "messageBody": "",
            "insertions": 16,
            "deletions": 23
          },
          {
            "hash": "46dc184ca2192178641df9f0b86fc18ba4c7a684",
            "messageTitle": "Update ProjectType.java",
            "messageBody": "",
            "insertions": 1,
            "deletions": 1
          }
        ]
      },
      {
        "insertions": 2393,
        "deletions": 31,
        "date": "2019-10-23",
        "commitResults": [
          {
            "hash": "de63471f1863bc55a2018bf1eb0e271d6b25630b",
            "messageTitle": "Feat/bulk registration (#87)",
            "messageBody": "",
            "insertions": 2393,
            "deletions": 31
          }
        ]
      },
      {
        "insertions": 112,
        "deletions": 22,
        "date": "2019-10-24",
        "commitResults": [
          {
            "hash": "70644d9a98328dbb5dfe6003213fd55c3b89d34c",
            "messageTitle": "Updated User Guide to reflect Import/Export Commands (#144)",
            "messageBody": "",
            "insertions": 112,
            "deletions": 22
          }
        ]
      },
      {
        "insertions": 179,
        "deletions": 471,
        "date": "2019-10-26",
        "commitResults": [
          {
            "hash": "c44c907aee7fa403b0f3639d73bc054baa913feb",
            "messageTitle": "Updated ViewCommand, Refactored ListCommands, Other minor updates (#168)",
            "messageBody": "",
            "insertions": 179,
            "deletions": 471
          }
        ]
      },
      {
        "insertions": 1403,
        "deletions": 1577,
        "date": "2019-10-27",
        "commitResults": [
          {
            "hash": "2a387c78c9ef9865352dbbe4d1f60935055c09b3",
            "messageTitle": "Updated parsertests branch with master branch (#192)",
            "messageBody": "",
            "insertions": 1403,
            "deletions": 1577
          }
        ]
      },
      {
        "insertions": 133,
        "deletions": 57,
        "date": "2019-10-28",
        "commitResults": [
          {
            "hash": "2c8d994cb89217ce7f90ba0e419f5a51d6c8e951",
            "messageTitle": "Updated ViewCommand, Refactored ListCommands, Other minor updates (#180)",
            "messageBody": "",
            "insertions": 133,
            "deletions": 57
          }
        ]
      },
      {
        "insertions": 3,
        "deletions": 3,
        "date": "2019-10-30",
        "commitResults": [
          {
            "hash": "2efc0e462d33cd77dc246180efae3788cdda8b45",
            "messageTitle": "Creates an error file after ImportCommand (#182)",
            "messageBody": "",
            "insertions": 3,
            "deletions": 3
          }
        ]
      },
      {
        "insertions": 175,
        "deletions": 89,
        "date": "2019-10-31",
        "commitResults": [
          {
            "hash": "8679cf39d52c7bc20ea353e4620113a8b71d10f1",
            "messageTitle": "Docs/user guide (#199)",
            "messageBody": "",
            "insertions": 59,
            "deletions": 10
          },
          {
            "hash": "1c01ff993fe6ad892629c9729213b146b41fb157",
            "messageTitle": "Made changes to documentation (#206)",
            "messageBody": "",
            "insertions": 116,
            "deletions": 79
          }
        ]
      },
      {
        "insertions": 65,
        "deletions": 13,
        "date": "2019-11-01",
        "commitResults": [
          {
            "hash": "9917ce6f9d68384035adbeb6b6b2cc1eba3e9605",
            "messageTitle": "Fixed issues with deleting (#207)",
            "messageBody": "",
            "insertions": 65,
            "deletions": 13
          }
        ]
      },
      {
        "insertions": 1089,
        "deletions": 431,
        "date": "2019-11-09",
        "commitResults": [
          {
            "hash": "3b24c3ec71798a42d99c62c13e16fc0550c3212a",
            "messageTitle": "Resolved Issues raised during the PE (#291)",
            "messageBody": "",
            "insertions": 91,
            "deletions": 90
          },
          {
            "hash": "35f8d9f74a21fd3f9953392b647cada01894a818",
            "messageTitle": "EditCommand (#310)",
            "messageBody": "* Merge from upstream\r\n\r\n* Updated code to use Model#updateParticipant\u0027s return value.\r\n\r\n* Change Exception and UI class\r\n\r\n* Revert \"Change Exception and UI class\" (#16)\r\n\r\nThis reverts commit 6e60a08e38ad76f4c6ad054c54ef605bb195e123.\r\n\r\n* Final changes to Feat/change exception class (#17)\r\n\r\n* Exception interface updates\r\n\r\n* Exception interface updates v1.1\r\n\r\n* add parenthesis\r\n\r\n* Update DataConversionException.java\r\n\r\n* Update ParseException.java\r\n\r\n* Update DuplicateEntityException.java\r\n\r\n* Update Messages.java\r\n\r\n* Implement Model public methods (#7)\r\n\r\n* Implemented Entity abstract class\r\n\r\n* Add EntityList Interface\r\n\r\n* Add method to check for existence\r\n\r\n* Refactor EntityListInterface\r\n\r\n* Demo flow of how controller will call model via modelManager\r\n\r\n* Add team object\r\n\r\n* Create mentor class\r\n\r\n* Add issue type\r\n\r\n* Add the 4 lists. Now they are fairly repetitive, but do not want to prematurely optimize\r\n\r\n* Modify the Model API to reflect latest changes\r\n\r\n* Rename ID to Id and expose viewMinimal and viewDetailed methods\r\n\r\n* Add equals, toString, hash for all\r\n\r\n* Add line\r\n\r\n* Refactor/model api (#19)\r\n\r\n* Move all the CRUD methods from EntityList to ModelManager\r\n\r\n* Remove the override methods from the various EntityLists as they are now superflous\r\n\r\n* Remove circular references from entity objects\r\n\r\n* Created ReadableEntityList to abstract and implemented Participant methods\r\n\r\n* Implement API for all 4 entities. Pending only saving and load of model\r\n\r\n* Standardize all entities to have only 1 constructor as per Brian\u0027s comment\r\n\r\n* Make model throw AlfredRuntimeException\r\n\r\n* Rename package to use lowercase\r\n\r\n* Uncomment old person type methods to reduce errors\r\n\r\n* Morph storage (#18)\r\n\r\n* Update build.gradle file (minor changes)\r\n\r\n* Complete set-up for project (as per the Developer Guide)\r\n\r\n* Update README.adoc with Travis CI build status\r\n\r\n* Update some files to ensure that ./config/travis/run-checks.sh runs fine\r\n\r\n* Create the 4 different ListStorages. Create AlfredStorage. Create AlfredStorageManager (halfway done).\r\n\r\n* Creation of all necessary Storage classes (with the exception of the TeamListStorage handler classes)\r\n\r\n* Added Storage classes for TeamList\r\n\r\n* Fix bracket issue\r\n\r\n* Update Storage classes with appropriate JSON adaptation\r\n\r\n* Removed Commands associated with Issues.\r\n\r\n* Removed Commands associated with Issues.\r\n\r\n(cherry picked from commit cef69759ba683ab153084b6e274ea11472a12365)\r\n\r\n* Implemented Participant Commands (#14)\r\n\r\n* Made changes to fit team\u0027s scope.\r\n\r\n* Added AddCommands and DeleteCommands.\r\n\r\n* Added Edit Commands\r\n\r\n* Added List and View commands.\r\n\r\n* Corrected repoUrl\r\n\r\n* Made changes to follow Joshua\u0027s implementations. Contains vaguely-implemented methods.\r\n\r\n* Changed parameters from EntityList to Model. Made some changes to follow Joshua\u0027s implementations.\r\n\r\n* Moved ENTITY_TYPE to a static constant stored in CliSyntax.\r\n\r\n* Updated code to use viewMinimal() and viewDetailed().\r\n\r\n* Minor changes\r\n\r\n* Implemented potential ways of executing each Participant command.\r\n\r\n* Removed Commands associated with Issues.\r\n\r\n(cherry picked from commit cef69759ba683ab153084b6e274ea11472a12365)\r\n\r\n* Updated EditParticipantCommand\r\n\r\nUpdated code to use return value of editParticipant()\r\n\r\n* Feat/validate objects (#15)\r\n\r\n* Added object validation\r\n\r\n* Edited code after review\r\n\r\n* Imported Entities and other objects.\r\n\r\n* Imported Entities and other objects (#2)\r\n\r\n* Made changes to fit team\u0027s scope.\r\n\r\n* Added AddCommands and DeleteCommands.\r\n\r\n* Added Edit Commands\r\n\r\n* Added List and View commands.\r\n\r\n* Corrected repoUrl\r\n\r\n* Made changes to follow Joshua\u0027s implementations. Contains vaguely-implemented methods.\r\n\r\n* Changed parameters from EntityList to Model. Made some changes to follow Joshua\u0027s implementations.\r\n\r\n* Moved ENTITY_TYPE to a static constant stored in CliSyntax.\r\n\r\n* Updated code to use viewMinimal() and viewDetailed().\r\n\r\n* Minor changes\r\n\r\n* Implemented potential ways of executing each Participant command.\r\n\r\n* Merge from upstream\r\n\r\n* Updated code to use Model#updateParticipant\u0027s return value.\r\n\r\n* Removed Commands associated with Issues.\r\n\r\n* Removed Commands associated with Issues.\r\n\r\n(cherry picked from commit cef69759ba683ab153084b6e274ea11472a12365)\r\n\r\n* Imported Entities and other objects.\r\n\r\n* Updated AboutUs.adoc and ContactUs.adoc\r\n\r\n* Update user guide (#26)\r\n\r\n* Update build.gradle file (minor changes)\r\n\r\n* Complete set-up for project (as per the Developer Guide)\r\n\r\n* Update README.adoc with Travis CI build status\r\n\r\n* Update some files to ensure that ./config/travis/run-checks.sh runs fine\r\n\r\n* Create the 4 different ListStorages. Create AlfredStorage. Create AlfredStorageManager (halfway done).\r\n\r\n* Creation of all necessary Storage classes (with the exception of the TeamListStorage handler classes)\r\n\r\n* Added Storage classes for TeamList\r\n\r\n* Fix bracket issue\r\n\r\n* Update Storage classes with appropriate JSON adaptation\r\n\r\n* Update User Guide\r\n\r\n* Update README.adoc\r\n\r\n* Changes to AboutUs.adoc and ContactUs.adoc (#29)\r\n\r\n* Made changes to fit team\u0027s scope.\r\n\r\n* Added AddCommands and DeleteCommands.\r\n\r\n* Added Edit Commands\r\n\r\n* Added List and View commands.\r\n\r\n* Corrected repoUrl\r\n\r\n* Made changes to follow Joshua\u0027s implementations. Contains vaguely-implemented methods.\r\n\r\n* Changed parameters from EntityList to Model. Made some changes to follow Joshua\u0027s implementations.\r\n\r\n* Moved ENTITY_TYPE to a static constant stored in CliSyntax.\r\n\r\n* Updated code to use viewMinimal() and viewDetailed().\r\n\r\n* Minor changes\r\n\r\n* Implemented potential ways of executing each Participant command.\r\n\r\n* Merge from upstream\r\n\r\n* Updated code to use Model#updateParticipant\u0027s return value.\r\n\r\n* Removed Commands associated with Issues.\r\n\r\n* Removed Commands associated with Issues.\r\n\r\n(cherry picked from commit cef69759ba683ab153084b6e274ea11472a12365)\r\n\r\n* Imported Entities and other objects.\r\n\r\n* Updated AboutUs.adoc and ContactUs.adoc\r\n\r\n* Update UserGuide Introduction and Quickstart\r\n\r\n* Update UserGuide Section 4\r\n\r\n* Move generate id to readable entityList so that controller and parser can call it (#31)\r\n\r\n* Alfred Add Command Parsers (#32)\r\n\r\n* Add Alfred-specific parser classes.\r\n\r\n* Modify prefixes.\r\n\r\n* Implement Add Command Parsers.\r\n\r\n* Made changes to teammate names.\r\n\r\n* Made changes to teammate names.\r\n\r\n(cherry picked from commit 7c8d00aa67de6068d6176dbee5b0dcd9dbe91055)\r\n\r\n* Fix Storage Compilation Errors (#42)\r\n\r\n* Update build.gradle file (minor changes)\r\n\r\n* Complete set-up for project (as per the Developer Guide)\r\n\r\n* Update README.adoc with Travis CI build status\r\n\r\n* Update some files to ensure that ./config/travis/run-checks.sh runs fine\r\n\r\n* Create the 4 different ListStorages. Create AlfredStorage. Create AlfredStorageManager (halfway done).\r\n\r\n* Creation of all necessary Storage classes (with the exception of the TeamListStorage handler classes)\r\n\r\n* Added Storage classes for TeamList\r\n\r\n* Fix bracket issue\r\n\r\n* Update Storage classes with appropriate JSON adaptation\r\n\r\n* Update User Guide\r\n\r\n* Fixed all compilation problems\r\n\r\n* Alfred Delete Command Parser (#33)\r\n\r\n* Add Alfred-specific parser classes.\r\n\r\n* Modify prefixes.\r\n\r\n* Implement Add Command Parsers.\r\n\r\n* Implement Alfed delete command parsers.\r\n\r\n* Standardise command line syntax.\r\n\r\n* Revert \"Alfred Delete Command Parser (#33)\" (#43)\r\n\r\nThis reverts commit 2da432d0e9545d26af46c9bfe678fa65fb36eaba.\r\n\r\n* Update gitignore to ignore binary files (#44)\r\n\r\n* Fix compileTestJava (#45)\r\n\r\n* Update build.gradle file (minor changes)\r\n\r\n* Complete set-up for project (as per the Developer Guide)\r\n\r\n* Update README.adoc with Travis CI build status\r\n\r\n* Update some files to ensure that ./config/travis/run-checks.sh runs fine\r\n\r\n* Create the 4 different ListStorages. Create AlfredStorage. Create AlfredStorageManager (halfway done).\r\n\r\n* Creation of all necessary Storage classes (with the exception of the TeamListStorage handler classes)\r\n\r\n* Added Storage classes for TeamList\r\n\r\n* Fix bracket issue\r\n\r\n* Update Storage classes with appropriate JSON adaptation\r\n\r\n* Update User Guide\r\n\r\n* Fixed all compilation problems\r\n\r\n* Stop-gap fix for compileTestJava\r\n\r\n* Stop-gap measures to fix compileTestJava while fixing codebase\r\n\r\n* Fix add participant parser (#47)\r\n\r\n* Changed code to follow checkstyle 8.1\r\n\r\n* Checkstyle: Commands and Parsers (#51)\r\n\r\n* Changed code to follow checkstyle\r\n\r\n* Checkstyle EntityList (#53)\r\n\r\n* Updated checkstyle\r\n\r\n* Checkstyle: SubjectName.java (#54)\r\n\r\n* Feat/checkstyle (#55)\r\n\r\n* Feat/checkstyle (#56)\r\n\r\n* Implement Basic Storage Tests and Fix Compile Errors (#57)\r\n\r\n* Update build.gradle file (minor changes)\r\n\r\n* Complete set-up for project (as per the Developer Guide)\r\n\r\n* Update README.adoc with Travis CI build status\r\n\r\n* Update some files to ensure that ./config/travis/run-checks.sh runs fine\r\n\r\n* Create the 4 different ListStorages. Create AlfredStorage. Create AlfredStorageManager (halfway done).\r\n\r\n* Creation of all necessary Storage classes (with the exception of the TeamListStorage handler classes)\r\n\r\n* Added Storage classes for TeamList\r\n\r\n* Fix bracket issue\r\n\r\n* Update Storage classes with appropriate JSON adaptation\r\n\r\n* Update User Guide\r\n\r\n* Fixed all compilation problems\r\n\r\n* Stop-gap fix for compileTestJava\r\n\r\n* Stop-gap measures to fix compileTestJava while fixing codebase\r\n\r\n* Ensure that ParticipantList can be saved and read from file\r\n\r\n* Remove all dependencies on Issues and IssueList for Storage\r\n\r\n* Create TypicalMentors.java file\r\n\r\n* Update SubjectName enum values\r\n\r\n* Update TypicalMentors.java\r\n\r\n* Fix compileTestJava compilation errors\r\n\r\n* Fix remaining checkstyle errors (#58)\r\n\r\n* Modify add command parsers to handle missing arguments.\r\n\r\n* Fix checkstyle errors.\r\n\r\n* Finished implementation of Commands for Team and Mentor\r\n\r\n* Changed code to follow checkstyle\r\n\r\n* Placeholders for each team member\u0027s adoc\r\n\r\n* Edit add parser arguments to make them consistent.\r\n\r\n* Rename addressbookparser to AlfredParser.\r\n\r\n* Edited code to reflect feedback\r\n\r\n* Added COMMAND_USAGE to all commands\r\n\r\n* Possible method to add participant/mentor to teams\r\n\r\n* Implemented test for AddParticipantCommand and StringUtil class\r\n\r\n* Fixed checkstyle for tests\r\n\r\n* Fixed checkstyle issues\r\n\r\n* Fixed checkstyle issues\r\n\r\n(cherry picked from commit 6dce6643d1e6687d258294146cf91805b509e670)\r\n\r\n* Implemented LoadCommand\r\n\r\n* Implemented ExportCommand\r\n\r\n* Fixed issues with Export and Load Command\r\n\r\n* Updated ListCommands\r\n\r\n* Implemented test for AddParticipantCommand and StringUtil class\r\n\r\n* Fixed checkstyle for tests\r\n\r\n* Fixed issues with AddParticipantCommandTest\r\n\r\n* Implemented AddCommandTests for all Entities\r\n\r\n* Implemented DeleteCommandTest for all entities and repackaged tests\r\n\r\n* Implemented ListCommandTests for all entities\r\n\r\n* Implemented ViewCommandTests for all Entities\r\n\r\n* Implemented test for AddParticipantCommand and StringUtil class\r\n\r\n* Fixed checkstyle for tests\r\n\r\n* Implemented test for AddParticipantCommand and StringUtil class\r\n\r\n* Fixed issues with AddParticipantCommandTest\r\n\r\n* Implemented AddCommandTests for all Entities\r\n\r\n* Implemented DeleteCommandTest for all entities and repackaged tests\r\n\r\n* Implemented ListCommandTests for all entities\r\n\r\n* Implemented ViewCommandTests for all Entities\r\n\r\n* Implemented EditCommandTests and EditDescriptorTests for all entities and updated other tests\r\n\r\n* Removed potential issue of travis failure\r\n\r\n* Implemented ExportCommand for all entities and updated the contains() method in all implementations of EntityList\r\n\r\n* Implemented Parsers for Export and Load Commands\r\n\r\n* Implemented LoadCommand\r\n\r\n* Implemented ExportCommand\r\n\r\n* Fixed issues with Export and Load Command\r\n\r\n* Implemented ExportCommand for all entities and updated the contains() method in all implementations of EntityList\r\n\r\n* Implemented Parsers for Export and Load Commands\r\n\r\n* Updated Export and Load Commands\r\n\r\n* Fixed checkstyle issues and refactored LoadCommand\r\n\r\n* Updated validation of SubjectName and ProjectType and other minor updates\r\n\r\n* Fixed checkstyle issue\r\n\r\n* Implemented LoadCommand\r\n\r\n* Implemented ExportCommand\r\n\r\n* Fixed issues with Export and Load Command\r\n\r\n* Implemented ExportCommand for all entities and updated the contains() method in all implementations of EntityList\r\n\r\n* Implemented Parsers for Export and Load Commands\r\n\r\n* Implemented LoadCommand\r\n\r\n* Implemented ExportCommand\r\n\r\n* Fixed issues with Export and Load Command\r\n\r\n* Implemented ExportCommand for all entities and updated the contains() method in all implementations of EntityList\r\n\r\n* Implemented Parsers for Export and Load Commands\r\n\r\n* Updated Export and Load Commands\r\n\r\n* Fixed checkstyle issues and refactored LoadCommand\r\n\r\n* FIxed error\r\n\r\n* Implemented tests for CsvUtil\r\n\r\n* Implemented tests for Id\r\n\r\n* Implemented tests for Error and ErrorTracker\r\n\r\n* Implemented tests for LoadCommand\r\n\r\n* Fixed checkstyle issues\r\n\r\n* Implemented tests for LoadCommandParser\r\n\r\n* Implemented tests for ExportCommandParser\r\n\r\n* Implemented tests for ExportCommand\r\n\r\n* Implemented tests for all subclasses of ExportCommands\r\n\r\n* Fixed checkstyle issues\r\n\r\n* Updated CommandException\r\n\r\n* Updated LoadCommand and ExportCommand to allow loading/exporting of Participants and Mentors of Teams through csv\r\n\r\n* Updated tests for Load and Export Commands\r\n\r\n* Fixed checkstyle issues\r\n\r\n* Fixed travis issues\r\n\r\n* Fixed potential Travis issues\r\n\r\n* Fixed travis\r\n\r\n* Fixed checkstyle issues\r\n\r\n* Updated code to reflect Abhiman\u0027s suggestions\r\n\r\n* Updated user guide to fit Export and Import Command\r\n\r\n* Updated code to reflect Joshua\u0027s comments\r\n\r\n* Fixed checkstyle issues\r\n\r\n* Fixed failing tests\r\n\r\n* Changed method name\r\n\r\n* Updated user guide to fit Export and Import Command\r\n\r\n* Updated ID regex and loading of entities\r\n\r\n* Updated ViewCommand and refactored listcommand\r\n\r\n* Fixed tests\r\n\r\n* Fixed checkstyle issues\r\n\r\n* Some changes on UI code\r\n\r\n* Changed IOException message\r\n\r\n* Add AlfredParserUtil Tests.\r\n\r\n* Remove project type field.\r\n\r\n* Updated ImportCommand to create an output csv file with errors if an exception is thrown while importing data\r\n\r\n* Deprecated ProjectType\r\n\r\n* Updated ImportCommand to create errorFile only if file path is specified\r\n\r\n* Add tests for AlfredParser.\r\n\r\n* Updated tests for ImportCommand and ImportCommandParser\r\n\r\n* Fix checkstyle errors.\r\n\r\n* Fixed checkstyle issues\r\n\r\n* save work.\r\n\r\n* Add more test cases for AlfredParser.\r\n\r\n* Fix disabled tests to work.\r\n\r\n* Add code for edit command.\r\n\r\n* Fixed PR issue\r\n\r\n* Add edit command parsers.\r\n\r\n* Fix checkstyle errors.\r\n\r\n* Corrected tests\r\n\r\n* Merged feat/deprecate-projecttype\r\n\r\n* Removed csv file\r\n\r\n* Deleted placeholders for assign commands\r\n\r\n* Fixed issues with deletion\r\n\r\n* Fixed tests\r\n\r\n* Fixed checkstyle issues\r\n\r\n* Created tests for DeleteMentorCommand\r\n\r\n* Removed @disabled for one test\r\n\r\n* Fixed travis issues\r\n\r\n* fixed checkstyle\r\n\r\n* Updated to enable jar files\r\n\r\n* Added ImportCommand details in DG\r\n\r\n* Updated EditCommand\r\n",
            "insertions": 169,
            "deletions": 49
          },
          {
            "hash": "41660ac02aaa3c4121806edf22d13e111b206ed0",
            "messageTitle": "Revert \"EditCommand (#310)\" (#311)",
            "messageBody": "",
            "insertions": 49,
            "deletions": 169
          },
          {
            "hash": "a3f84d12a0675c30c49b319794809a920947d29d",
            "messageTitle": "Updating DG (#313)",
            "messageBody": "",
            "insertions": 646,
            "deletions": 74
          },
          {
            "hash": "aafc9cb4fa118810ec2130a81b36863c135da4cf",
            "messageTitle": "EditCommand (#312)",
            "messageBody": "",
            "insertions": 134,
            "deletions": 49
          }
        ]
      },
      {
        "insertions": 50,
        "deletions": 38,
        "date": "2019-11-10",
        "commitResults": [
          {
            "hash": "a065c2bdbd120537594594ce18158ad283e21bef",
            "messageTitle": "Fix/import export (#350)",
            "messageBody": "",
            "insertions": 21,
            "deletions": 8
          },
          {
            "hash": "c0e757da7fca7ee5c5ee812f02b3c756694a6c68",
            "messageTitle": "Revert \"Fix/import export (#350)\" (#351)",
            "messageBody": "",
            "insertions": 8,
            "deletions": 21
          },
          {
            "hash": "537f3fdca4b216ef2af6d0392347342ad7f7c85e",
            "messageTitle": "Fix tilde in file path (#353)",
            "messageBody": "",
            "insertions": 21,
            "deletions": 9
          }
        ]
      },
      {
        "insertions": 621,
        "deletions": 181,
        "date": "2019-11-11",
        "commitResults": [
          {
            "hash": "4a96aabb66f2cc0614bf423d411a6ecbaa17785f",
            "messageTitle": "UGDG Update (#349)",
            "messageBody": "",
            "insertions": 563,
            "deletions": 127
          },
          {
            "hash": "3ea98af705252c69c123e1529c7d12531aef73fa",
            "messageTitle": "update ppp (#360)",
            "messageBody": "",
            "insertions": 31,
            "deletions": 31
          },
          {
            "hash": "e53e9562390ff5e471322b077dd02054109109f9",
            "messageTitle": "Update johnmin.adoc",
            "messageBody": "",
            "insertions": 0,
            "deletions": 1
          },
          {
            "hash": "e770df0560d03511270d7f3bc0eccb1a403791a5",
            "messageTitle": "Update johnmin.adoc",
            "messageBody": "",
            "insertions": 1,
            "deletions": 1
          },
          {
            "hash": "5272790bfab3ca90c46caae77d2befcbea7b752a",
            "messageTitle": "Update johnmin.adoc",
            "messageBody": "",
            "insertions": 1,
            "deletions": 1
          },
          {
            "hash": "aae2bb487992388bceb6f3b8a2b0590ec85dc5b4",
            "messageTitle": "Update PPP (#364)",
            "messageBody": "",
            "insertions": 19,
            "deletions": 19
          },
          {
            "hash": "e47b6d2b8c2e80ef012dc814a2944ca34c652a1a",
            "messageTitle": "Update Error Message ImportCommand (#376)",
            "messageBody": "",
            "insertions": 5,
            "deletions": 0
          },
          {
            "hash": "1ac3e18ab8d23bdd9a2f0e0efab9765ee7650805",
            "messageTitle": "Update UserGuide.adoc",
            "messageBody": "",
            "insertions": 1,
            "deletions": 1
          }
        ]
      }
    ],
    "Joanna-YJA": [
      {
        "insertions": 147,
        "deletions": 22,
        "date": "2019-10-03",
        "commitResults": [
          {
            "hash": "73bbafb4507730a85d2c7c3ccd22d077165e1a66",
            "messageTitle": "Change developer guide (#38)",
            "messageBody": "",
            "insertions": 147,
            "deletions": 22
          }
        ]
      },
      {
        "insertions": 1632,
        "deletions": 1148,
        "date": "2019-10-06",
        "commitResults": [
          {
            "hash": "4894d6292a9936c02fe9a0ca0ce2f5f4068a0070",
            "messageTitle": "Change Exception and UI class",
            "messageBody": "",
            "insertions": 558,
            "deletions": 353
          },
          {
            "hash": "63e4d3bcd7846dd73e53e1e7bc9935c3bc48def3",
            "messageTitle": "Revert \"Change Exception and UI class\" (#16)",
            "messageBody": "This reverts commit 6e60a08e38ad76f4c6ad054c54ef605bb195e123.",
            "insertions": 353,
            "deletions": 558
          },
          {
            "hash": "1df27abde4c7376443a3eb1378921eb707d8204e",
            "messageTitle": "Final changes to Feat/change exception class (#17)",
            "messageBody": "* Exception interface updates\r\n\r\n* Exception interface updates v1.1\r\n\r\n* add parenthesis\r\n\r\n* Update DataConversionException.java\r\n\r\n* Update ParseException.java\r\n\r\n* Update DuplicateEntityException.java\r\n\r\n* Update Messages.java\r\n",
            "insertions": 107,
            "deletions": 21
          },
          {
            "hash": "87e168328683468788aa862be488daa9d2e6b691",
            "messageTitle": "Feat/validate objects (#15)",
            "messageBody": "* Added object validation\r\n\r\n* Edited code after review\r\n",
            "insertions": 309,
            "deletions": 47
          },
          {
            "hash": "f868ebbec7442b38e256cefd169cd400603a47b2",
            "messageTitle": "Feat/checkstyle (#55)",
            "messageBody": "",
            "insertions": 305,
            "deletions": 168
          },
          {
            "hash": "312829c35f64330db711ed2a8f36f73465a1552e",
            "messageTitle": "Feat/checkstyle (#56)",
            "messageBody": "",
            "insertions": 0,
            "deletions": 1
          }
        ]
      },
      {
        "insertions": 291,
        "deletions": 0,
        "date": "2019-10-14",
        "commitResults": [
          {
            "hash": "69b16ca55dff5fd20d25a02b51131f43427fc960",
            "messageTitle": "Add entity card and entity panel (#89)",
            "messageBody": "",
            "insertions": 291,
            "deletions": 0
          }
        ]
      },
      {
        "insertions": 532,
        "deletions": 191,
        "date": "2019-10-17",
        "commitResults": [
          {
            "hash": "52cc14dfc7cbd4a15db8e0a4cb80902872dbf0ea",
            "messageTitle": "Feat/display entity list (#100)",
            "messageBody": "* Changed files to allow user interface ti display proper content during initialisation\r\n\r\n* Fix checkstyle\r\n\r\n* Update MESSAGE_USAGE of commands\r\n\r\n* update Massage Usag for command\r\n\r\n* Update UI to show CommandResult\r\n\r\n* Fix checkstyle\r\n\r\n* Morph User Interface to display entity list\r\n\r\n* Change Entity list displayed for commands\r\n\r\n* Fix bug\r\n\r\n* Fix compile error\r\n\r\n* Fix compile error\r\n\r\n* Update MentorList.java\r\n\r\n* Fix checkstyle\r\n\r\n* Fix checkstyle\r\n\r\n* Update AddMentorCommand.java\r\n\r\n* Fix checkstyle\r\n\r\n* Fix checkstyle\r\n\r\n* Fix checkstyle\r\n\r\n* Fix bug\r\n\r\n* Fix checkstyle\r\n",
            "insertions": 532,
            "deletions": 191
          }
        ]
      },
      {
        "insertions": 549,
        "deletions": 269,
        "date": "2019-10-24",
        "commitResults": [
          {
            "hash": "80e8e074af37c37065040eba02855ed75fbd65e8",
            "messageTitle": "Update user guide (#149)",
            "messageBody": "",
            "insertions": 42,
            "deletions": 17
          },
          {
            "hash": "99a941887b4667af2322591913d6ee8e4b94b2fe",
            "messageTitle": "Update developer guide (#153)",
            "messageBody": "",
            "insertions": 40,
            "deletions": 14
          },
          {
            "hash": "becd961b0c5d54e957a75a739340f14ae5edab82",
            "messageTitle": "Redesign User Interface (#159)",
            "messageBody": "",
            "insertions": 467,
            "deletions": 238
          }
        ]
      },
      {
        "insertions": 470,
        "deletions": 120,
        "date": "2019-10-25",
        "commitResults": [
          {
            "hash": "723a07f563d2cf3e0df6e2eb38e309040cb47d35",
            "messageTitle": "Redesign User Interface to display HistoryCommand (#167)",
            "messageBody": "",
            "insertions": 470,
            "deletions": 120
          }
        ]
      },
      {
        "insertions": 843,
        "deletions": 56,
        "date": "2019-10-31",
        "commitResults": [
          {
            "hash": "cde4bb50f2fa24328a41fe38b0e96242acc2237a",
            "messageTitle": "Implement Assign Command (#196)",
            "messageBody": "",
            "insertions": 843,
            "deletions": 56
          }
        ]
      },
      {
        "insertions": 109,
        "deletions": 35,
        "date": "2019-11-01",
        "commitResults": [
          {
            "hash": "2d0b5e823a7695741a89b0978455a89cb8a7a54e",
            "messageTitle": "Update User guide (#215)",
            "messageBody": "",
            "insertions": 54,
            "deletions": 4
          },
          {
            "hash": "26a8ba21c5ed5c5e99ee40fefc26419ae52215eb",
            "messageTitle": "Fix typo",
            "messageBody": "",
            "insertions": 0,
            "deletions": 1
          },
          {
            "hash": "621f6e62db8d2864f377c2b2e6b566c82db888bf",
            "messageTitle": "fix bug (#217)",
            "messageBody": "",
            "insertions": 9,
            "deletions": 23
          },
          {
            "hash": "fa381ce7156f5039298388327d86c1ac497e227a",
            "messageTitle": "Feat/fix (#218)",
            "messageBody": "",
            "insertions": 3,
            "deletions": 0
          },
          {
            "hash": "bd42cd0e954b6e600ed9003a0afd6b1b953e6e38",
            "messageTitle": "Feat/update user guide v1.3 (#219)",
            "messageBody": "",
            "insertions": 43,
            "deletions": 7
          }
        ]
      },
      {
        "insertions": 1889,
        "deletions": 915,
        "date": "2019-11-06",
        "commitResults": [
          {
            "hash": "c8bc1e5ec9c613d2ecb231c55dc5db357f024e0b",
            "messageTitle": "Final fixed command suggestion box (#281)",
            "messageBody": "",
            "insertions": 822,
            "deletions": 11
          },
          {
            "hash": "542d31a5a9914af52a9db49aadf18c54f7bcc1fb",
            "messageTitle": "Implement Homepage to show Statistics (#197)",
            "messageBody": "",
            "insertions": 717,
            "deletions": 179
          },
          {
            "hash": "57f2ea142187f5d141f23b117547b99a5d5ead03",
            "messageTitle": "Feat/dark mode (#284)",
            "messageBody": "",
            "insertions": 350,
            "deletions": 725
          }
        ]
      },
      {
        "insertions": 626,
        "deletions": 49,
        "date": "2019-11-07",
        "commitResults": [
          {
            "hash": "55b73075f73b17035280e18d1b3997e90d6750dd",
            "messageTitle": "Update User Guide, Developer Guide and Personal Project Portfolio (#293)",
            "messageBody": "",
            "insertions": 626,
            "deletions": 49
          }
        ]
      },
      {
        "insertions": 188,
        "deletions": 24,
        "date": "2019-11-08",
        "commitResults": [
          {
            "hash": "0a462f83b90bfbb9887c9855d044dcab4b57ad0b",
            "messageTitle": "Fix bug in command suggestion box and updates feature to accomodate new commands (#294)",
            "messageBody": "",
            "insertions": 165,
            "deletions": 7
          },
          {
            "hash": "b64ff039af3852521d4e94cf1aeded1249de9f1a",
            "messageTitle": "Fix bug (#296)",
            "messageBody": "",
            "insertions": 23,
            "deletions": 17
          }
        ]
      },
      {
        "insertions": 119,
        "deletions": 88,
        "date": "2019-11-09",
        "commitResults": [
          {
            "hash": "d1f644f5daf1258b775fb927c14e193edb00c5e8",
            "messageTitle": "Set maximum team size (#297)",
            "messageBody": "",
            "insertions": 29,
            "deletions": 15
          },
          {
            "hash": "3de20ebcc7710a5bc207abbb8932d7997667a895",
            "messageTitle": "Update color of CommandRecordCard and File Menu Item (#300)",
            "messageBody": "",
            "insertions": 5,
            "deletions": 13
          },
          {
            "hash": "bde56b1623d6e627dbad098afc1c3eff1d6dd81e",
            "messageTitle": "Update colors (#303)",
            "messageBody": "",
            "insertions": 16,
            "deletions": 22
          },
          {
            "hash": "b8890cf0804c22208be20b34edf4aa8d7faca8c0",
            "messageTitle": "set minimum window size (#308)",
            "messageBody": "",
            "insertions": 4,
            "deletions": 0
          },
          {
            "hash": "d8d94ca3e4c22e4f6ee359e6c5303c7b302583fb",
            "messageTitle": "Update command navigation events (#315)",
            "messageBody": "",
            "insertions": 65,
            "deletions": 38
          }
        ]
      },
      {
        "insertions": 118,
        "deletions": 222,
        "date": "2019-11-10",
        "commitResults": [
          {
            "hash": "f9d235c07e1a7303afa5af003d76d2b531386c9f",
            "messageTitle": "Update AutoCompleteCommandBox and edited event handler (#330)",
            "messageBody": "",
            "insertions": 109,
            "deletions": 216
          },
          {
            "hash": "2c879761d715f57f096e58c0ea8848d7ca04a87c",
            "messageTitle": "fix bug (#332)",
            "messageBody": "",
            "insertions": 9,
            "deletions": 6
          }
        ]
      },
      {
        "insertions": 901,
        "deletions": 229,
        "date": "2019-11-11",
        "commitResults": [
          {
            "hash": "e49f7749b8cb9c5f8bc4abf58c6c90b62f3315bd",
            "messageTitle": "Create tests for assign/remove command (#347)",
            "messageBody": "",
            "insertions": 533,
            "deletions": 8
          },
          {
            "hash": "18abd4da618ecac45eae61241f9178ab3cffb3cd",
            "messageTitle": "Update user guide and developer guide and project portfolio (#361)",
            "messageBody": "",
            "insertions": 264,
            "deletions": 164
          },
          {
            "hash": "6eea788e0a40d59351423a9acc7b726d6c916177",
            "messageTitle": "Fix bug in command suggestion box (#371)",
            "messageBody": "",
            "insertions": 49,
            "deletions": 51
          },
          {
            "hash": "f7c3aac6d554e0197089d6de800ed75254afe369",
            "messageTitle": "fix bug  update ugdg (#377)",
            "messageBody": "",
            "insertions": 49,
            "deletions": 4
          },
          {
            "hash": "c74136681565c01d5acea37b61a0f3794e0606be",
            "messageTitle": "Feat/fix bug 5.0 (#378)",
            "messageBody": "",
            "insertions": 6,
            "deletions": 2
          }
        ]
      }
    ]
  },
  "authorFinalContributionMap": {
    "brianyenna": 5598,
    "Abhiman2211": 5987,
    "hcwong": 5631,
    "john0227": 8883,
    "Joanna-YJA": 5598
  },
  "authorFileTypeContributionMap": {
    "brianyenna": {
      "docs": 1001,
      "tests": 1367,
      "functional": 2417,
      "other": 813
    },
    "Abhiman2211": {
      "docs": 924,
      "tests": 1818,
      "functional": 2682,
      "other": 563
    },
    "hcwong": {
      "docs": 729,
      "tests": 1625,
      "functional": 3077,
      "other": 200
    },
    "john0227": {
      "docs": 597,
      "tests": 4538,
      "functional": 3095,
      "other": 653
    },
    "Joanna-YJA": {
      "docs": 566,
      "tests": 535,
      "functional": 4083,
      "other": 414
    }
  },
  "authorContributionVariance": {
    "brianyenna": 246407.08,
    "Abhiman2211": 132212.58,
    "hcwong": 357927.94,
    "john0227": 391625.22,
    "Joanna-YJA": 257511.28
  },
  "authorDisplayNameMap": {
    "brianyenna": "CS2103T-F11-1 YEN R ... BRIAN",
    "Abhiman2211": "CS2103T-F11-1 ABHIM ... YADAV",
    "hcwong": "CS2103T-F11-1 JOSHU ... CHIEN",
    "john0227": "CS2103T-F11-1 KYUNG ... O MIN",
    "Joanna-YJA": "CS2103T-F11-1 YAP J ... A AUN"
  }
}
