{
  "authorDailyContributionsMap": {
    "LivingOnEdge": [
      {
        "insertions": 138,
        "deletions": 42,
        "date": "2019-10-02",
        "commitResults": [
          {
            "hash": "791f7149f336ac4e4c13ecabe6a334b4de00230a",
            "messageTitle": "Update Developer Guide",
            "messageBody": "",
            "insertions": 138,
            "deletions": 42
          }
        ]
      },
      {
        "insertions": 214,
        "deletions": 250,
        "date": "2019-10-07",
        "commitResults": [
          {
            "hash": "299753ded0eb95c47b56af3e773d2323cbb50a71",
            "messageTitle": "Change Address to Description",
            "messageBody": "Allow Empty Description upon Meme creation\n\nAdd Invalid name Test\n\nFix json file EOF new line\n\nEdit Message Usage for AddCommand\n\nEdit Message Usage for AddCommand\n",
            "insertions": 214,
            "deletions": 250
          }
        ]
      },
      {
        "insertions": 88,
        "deletions": 0,
        "date": "2019-10-16",
        "commitResults": [
          {
            "hash": "4205c148e6453b0a6c45c5b1361103de35d7f6ed",
            "messageTitle": "Add StageCommand",
            "messageBody": "",
            "insertions": 88,
            "deletions": 0
          }
        ]
      },
      {
        "insertions": 263,
        "deletions": 66,
        "date": "2019-10-23",
        "commitResults": [
          {
            "hash": "9b0140009b898e17f85e1c03f86c3647ba055898",
            "messageTitle": "Add Export and Import to DG",
            "messageBody": "",
            "insertions": 197,
            "deletions": 0
          },
          {
            "hash": "4fbf0a473f3c1e7e9fb055c9716b9af2afa1ea77",
            "messageTitle": "Temporary Remove Export Sequence Diagram",
            "messageBody": "",
            "insertions": 1,
            "deletions": 1
          },
          {
            "hash": "807443dee1ee532ba50b4a09453a38f63cce224e",
            "messageTitle": "Temporary Remove Export Import Sequence Diagram",
            "messageBody": "",
            "insertions": 0,
            "deletions": 65
          },
          {
            "hash": "aa555faa5103cd93258b4be1015f81d40a1087c8",
            "messageTitle": "Update DG",
            "messageBody": "",
            "insertions": 65,
            "deletions": 0
          }
        ]
      },
      {
        "insertions": 22,
        "deletions": 12,
        "date": "2019-10-24",
        "commitResults": [
          {
            "hash": "bdcc0f72ad4ee432b6ac93e8228adc31da26e25d",
            "messageTitle": "Fix DG for Export",
            "messageBody": "",
            "insertions": 22,
            "deletions": 12
          }
        ]
      },
      {
        "insertions": 1198,
        "deletions": 116,
        "date": "2019-10-26",
        "commitResults": [
          {
            "hash": "dd105f6bbaf11047804fad9f58a2cf8ad34cb7b1",
            "messageTitle": "Fix minor changes",
            "messageBody": "",
            "insertions": 1,
            "deletions": 1
          },
          {
            "hash": "ce54203d886a948e62906bbacb7bedc3c89a54db",
            "messageTitle": "Export import (#77)",
            "messageBody": "* Fix documentation\r\n\r\n* Fix checkstyle issue\r\n\r\n* Add Export Command\r\n\r\n* Add working ExportCommand implementation\r\n\r\n* Fix some checkstyle failures\r\n\r\n* Fix checkstyle issues\r\n\r\n* Add UnstageCommand\r\n\r\n* Add Import Context and update UI\r\n\r\n* Fix checkstyle issues\r\n\r\n* Add ImportCommand Implementation\r\n\r\n* Rename method in Meme class\r\n\r\n* Add clear functionality to import staging area\r\n\r\n* Rename command based on context\r\n\r\n* Fix merge issues\r\n\r\n* Add Stage Sequence Diagram\r\n\r\n* Add Export Sequence Diagram\r\n\r\n* Add newline to ExportSequenceDiagram.puml\r\n\r\n* Resolve Issues\r\n\r\n* Rename filePath to imagePath\r\n\r\n* Create separate ImportMemeGridCard for import\r\n\r\n* Add Abstraction to FileUtil\r\n\r\n* Update UniqueMemeListTest\r\n\r\n* Resolve Issues\r\n\r\n* Fix directoryPath bug\r\n\r\n* Add abstraction to Export Import in FileUtil\r\n\r\n* Fix checkstyle Issues\r\n\r\n* Resolve bugs\r\n\r\n* Resolve Issues\r\n\r\n* Resolve Issues\r\n",
            "insertions": 1197,
            "deletions": 88
          },
          {
            "hash": "dfbd94f49edb2fced646fc2ebe74859651c8a3ab",
            "messageTitle": "Remove archive tab (#102)",
            "messageBody": "",
            "insertions": 0,
            "deletions": 27
          }
        ]
      },
      {
        "insertions": 178,
        "deletions": 11,
        "date": "2019-10-27",
        "commitResults": [
          {
            "hash": "9984517448d90e019e7d6d68fa16e59122319325",
            "messageTitle": "Add Export Path to User Preference",
            "messageBody": "Fix checkstyle Issues\n\nFix Minor Issues\n\nRename settings to preferences\n",
            "insertions": 178,
            "deletions": 11
          }
        ]
      },
      {
        "insertions": 3,
        "deletions": 3,
        "date": "2019-10-28",
        "commitResults": [
          {
            "hash": "ad3232e07639e85a603d63612daa16268d86d11b",
            "messageTitle": "Fix minor bugs",
            "messageBody": "",
            "insertions": 3,
            "deletions": 3
          }
        ]
      },
      {
        "insertions": 95,
        "deletions": 11,
        "date": "2019-10-30",
        "commitResults": [
          {
            "hash": "9d43cf4403175b7c72516f20100e537bc526e72d",
            "messageTitle": "Add Default Export Path to ExportCommand (#130)",
            "messageBody": "Add JavaDocs to method\r\n\r\nFix Bugs\r\n\r\nEnable export to canonical directory\r\n\r\nResolve merge conflicts",
            "insertions": 95,
            "deletions": 11
          }
        ]
      },
      {
        "insertions": 803,
        "deletions": 173,
        "date": "2019-10-31",
        "commitResults": [
          {
            "hash": "5bcfa70c5681960bd0ba0e32f64afe79e2e23268",
            "messageTitle": "Add Support Commands for Import and Export (#128)",
            "messageBody": "* Add Support Commands for Import and Export\r\n\r\nRemove commitWeme method\r\n\r\nFix minor issues\r\n\r\nFix minor issues\r\n\r\nFix minor issues\r\n\r\n* Fix minor issues\r\n",
            "insertions": 599,
            "deletions": 3
          },
          {
            "hash": "3ac9cf043e4c711a1180372ed89b9fc663edbd2f",
            "messageTitle": "Fix compilation bug",
            "messageBody": "Fix minor bug\n",
            "insertions": 1,
            "deletions": 2
          },
          {
            "hash": "f0773ea9194ee7fa731bc3ce708e234c4642df78",
            "messageTitle": "Add Undo/Redo UG fix",
            "messageBody": "Update Command Summary\n\nUpdate UG\n",
            "insertions": 203,
            "deletions": 168
          }
        ]
      },
      {
        "insertions": 6,
        "deletions": 0,
        "date": "2019-11-01",
        "commitResults": [
          {
            "hash": "1716830aff15a2eb88d8dc670f154b6fcf0f6a3f",
            "messageTitle": "Update User Guide (#161)",
            "messageBody": "* Update User Guide\r\n\r\n* Update User Guide\r\n",
            "insertions": 6,
            "deletions": 0
          }
        ]
      }
    ],
    "moziliar": [
      {
        "insertions": 268,
        "deletions": 85,
        "date": "2019-10-01",
        "commitResults": [
          {
            "hash": "dd350dff70675c1cdae06b490c2b406c2480f26b",
            "messageTitle": "Update User Guide (#30)",
            "messageBody": "* Edit User Guide\r\n\r\n* Fix User Guide\r\n",
            "insertions": 268,
            "deletions": 85
          }
        ]
      },
      {
        "insertions": 1,
        "deletions": 1,
        "date": "2019-10-03",
        "commitResults": [
          {
            "hash": "7223a38c8f575086d5094a993c7e34d4a6d28a37",
            "messageTitle": "Update UserGuide.adoc",
            "messageBody": "Standardize the naming of the documents.",
            "insertions": 1,
            "deletions": 1
          }
        ]
      },
      {
        "insertions": 623,
        "deletions": 678,
        "date": "2019-10-11",
        "commitResults": [
          {
            "hash": "3298da8f943390badf930ecc661bce80fb70b09f",
            "messageTitle": "Change name to image url (#38)",
            "messageBody": "* Replace name with path\r\n\r\n* Change NameContainsKeywordPredicate to TagContainsKeywordPredicate\r\n",
            "insertions": 623,
            "deletions": 678
          }
        ]
      },
      {
        "insertions": 13,
        "deletions": 44,
        "date": "2019-10-17",
        "commitResults": [
          {
            "hash": "cdee65f5c37e6e90d5db31866e43f0b2a8e20d4e",
            "messageTitle": "Remove filepath from EditCommand",
            "messageBody": "",
            "insertions": 13,
            "deletions": 44
          }
        ]
      },
      {
        "insertions": 5,
        "deletions": 5,
        "date": "2019-10-18",
        "commitResults": [
          {
            "hash": "2357f8125182e627cf41dbe2fc3f354dc56ec51f",
            "messageTitle": "Fix Edit message",
            "messageBody": "",
            "insertions": 3,
            "deletions": 3
          },
          {
            "hash": "665638d3c8d871bdb961fe12b5ac01d0ff99c4f9",
            "messageTitle": "Fix Edit message",
            "messageBody": "",
            "insertions": 2,
            "deletions": 2
          }
        ]
      },
      {
        "insertions": 1009,
        "deletions": 54,
        "date": "2019-10-23",
        "commitResults": [
          {
            "hash": "676fd8e5d83fe8088fa4647d4fad342c75143c21",
            "messageTitle": "Add Like Memes Feature",
            "messageBody": "",
            "insertions": 869,
            "deletions": 53
          },
          {
            "hash": "1e97218cd3c4f90656a3c11fdb5f0ad7ab302e1c",
            "messageTitle": "Fix bug",
            "messageBody": "",
            "insertions": 1,
            "deletions": 1
          },
          {
            "hash": "b197ef5d5cd87f4c1247dd59fd6694ed785320de",
            "messageTitle": "Add stats: like meme section to Developer Guide (#80)",
            "messageBody": "* Update DG for like feature\r\n\r\n* Update UI diagram\r\n\r\n* Merge master into current branch\r\n\r\n* Format DG and change phrasing\r\n",
            "insertions": 139,
            "deletions": 0
          }
        ]
      },
      {
        "insertions": 214,
        "deletions": 277,
        "date": "2019-10-24",
        "commitResults": [
          {
            "hash": "af0fff6d04bb6b2f532f5e188897a02a4f2f8f03",
            "messageTitle": "Port Stats under Memebook",
            "messageBody": "",
            "insertions": 214,
            "deletions": 277
          }
        ]
      },
      {
        "insertions": 294,
        "deletions": 11,
        "date": "2019-10-27",
        "commitResults": [
          {
            "hash": "46a73791b2bb4bf565dc2bf5bd921ff95a6fded9",
            "messageTitle": "Tags collation (#76)",
            "messageBody": "* Add likes feature\r\n\r\n* Add likes feature\r\n\r\n* Add like feature\r\n\r\n* Remove debugger\r\n\r\n* Remove unfinished listener\r\n\r\n* Add likes feature\r\n\r\n* Add likes feature\r\n\r\n* Add like feature\r\n\r\n* Remove debugger\r\n\r\n* Remove unfinished listener\r\n\r\n* Fix style\r\n\r\n* Rebase master\r\n\r\n* Rebase master\r\n\r\n* Fix style\r\n\r\n* Add StatsEngine infrastructure\r\n\r\n* Add storage support for Stats\r\n\r\n* Refresh page after like\r\n\r\n* Fix like data rendering\r\n\r\n* Remove debugging line\r\n\r\n* Fix issues\r\n\r\n* Fix issues\r\n\r\n* Remove sample like data\r\n\r\n* Fix issues\r\n\r\n* Fix issues\r\n\r\n* Fix imports\r\n\r\n* Fix minor issues\r\n\r\n* Change class JavaDoc\r\n\r\n* Fix issues\r\n\r\n* Remove redundant interfaces\r\n\r\n* WIP\r\n\r\n* Fix issues\r\n\r\n* Fix issue\r\n\r\n* Add tag stats feature\r\n\r\n* Fix bug\r\n\r\n* Fix number display\r\n\r\n* Fix style\r\n\r\n* Remove debugger\r\n\r\n* Change method naming\r\n\r\n* Fix issues\r\n\r\n* Refactor Tag parsing implementation\r\n\r\n* Fix issues\r\n\r\n* Change method signature\r\n\r\n* Fix style\r\n\r\n* Change comparator for TagWIthCount\r\n\r\n* Change method signature\r\n",
            "insertions": 294,
            "deletions": 11
          }
        ]
      },
      {
        "insertions": 30,
        "deletions": 30,
        "date": "2019-10-28",
        "commitResults": [
          {
            "hash": "7764974eb53715075d1d0f42a9cb53b563decf39",
            "messageTitle": "Move stats to Model Package (#120)",
            "messageBody": "",
            "insertions": 30,
            "deletions": 30
          }
        ]
      },
      {
        "insertions": 224,
        "deletions": 49,
        "date": "2019-10-29",
        "commitResults": [
          {
            "hash": "ee91a1901236d4c59e4ebbb258778992dc53b1ec",
            "messageTitle": "Add like data visual by tags to statistics panel (#108)",
            "messageBody": "* Add likes feature\r\n\r\n* Add likes feature\r\n\r\n* Add like feature\r\n\r\n* Remove debugger\r\n\r\n* Remove unfinished listener\r\n\r\n* Add likes feature\r\n\r\n* Add likes feature\r\n\r\n* Add like feature\r\n\r\n* Remove debugger\r\n\r\n* Remove unfinished listener\r\n\r\n* Fix style\r\n\r\n* Rebase master\r\n\r\n* Rebase master\r\n\r\n* Fix style\r\n\r\n* Add StatsEngine infrastructure\r\n\r\n* Add storage support for Stats\r\n\r\n* Refresh page after like\r\n\r\n* Fix like data rendering\r\n\r\n* Remove debugging line\r\n\r\n* Fix issues\r\n\r\n* Fix issues\r\n\r\n* Remove sample like data\r\n\r\n* Fix issues\r\n\r\n* Fix issues\r\n\r\n* Fix imports\r\n\r\n* Fix minor issues\r\n\r\n* Change class JavaDoc\r\n\r\n* Fix issues\r\n\r\n* Remove redundant interfaces\r\n\r\n* WIP\r\n\r\n* Fix issues\r\n\r\n* Fix issue\r\n\r\n* Add tag stats feature\r\n\r\n* Fix bug\r\n\r\n* Fix number display\r\n\r\n* Fix style\r\n\r\n* Remove debugger\r\n\r\n* Change method naming\r\n\r\n* Fix issues\r\n\r\n* Refactor Tag parsing implementation\r\n\r\n* Fix issues\r\n\r\n* Add tag by likes chart\r\n\r\n* Refactor pie chart generation\r\n\r\n* Fix style\r\n\r\n* Fix style\r\n\r\n* Fix style and issue\r\n\r\n* Add getStats to Stats interface\r\n",
            "insertions": 224,
            "deletions": 49
          }
        ]
      },
      {
        "insertions": 307,
        "deletions": 150,
        "date": "2019-10-30",
        "commitResults": [
          {
            "hash": "32cc6edf715ec4e816f53872b46b2f4c2ca21f55",
            "messageTitle": "Delete unused storage files (#136)",
            "messageBody": "",
            "insertions": 0,
            "deletions": 123
          },
          {
            "hash": "2805a6ff28e773f64416137a9b2e42882f069fc8",
            "messageTitle": "Update stats UG and DG",
            "messageBody": "",
            "insertions": 67,
            "deletions": 18
          },
          {
            "hash": "12e454797b77268347ee4e55a51d32162bf78d5b",
            "messageTitle": "Mo/enhance like (#124)",
            "messageBody": "* Enhance like command\r\n\r\n* Fix style\r\n\r\n* Add DisLike command\r\n\r\n* Add dislike command and down key press\r\n\r\n* Add index toggle on key press\r\n\r\n* Disallow index smaller than 1\r\n\r\n* Add horizontal and vertical rules for easier template creation\r\n\r\n* Remove extra import\r\n\r\n* Change prompt to hint upon completing like command\r\n\r\n* Enhance like command\r\n\r\n* Fix style\r\n\r\n* Add DisLike command\r\n\r\n* Add dislike command and down key press\r\n\r\n* Add index toggle on key press\r\n\r\n* Disallow index smaller than 1\r\n\r\n* Remove extra import\r\n\r\n* Change prompt to hint upon completing like command\r\n\r\n* Merge key press event handlers together\r\n\r\n* Fix issue\r\n\r\n* Fix issue\r\n\r\n* Limit arrow key press handling to Like\r\n",
            "insertions": 240,
            "deletions": 9
          }
        ]
      },
      {
        "insertions": 14,
        "deletions": 5,
        "date": "2019-11-01",
        "commitResults": [
          {
            "hash": "cd7d71badc40e94cae5f606086f5e882ad0d3e2a",
            "messageTitle": "Add upper bound for index toggling (#155)",
            "messageBody": "* Add upper bound for index toggling\r\n\r\n* Fix minor issues\r\n",
            "insertions": 14,
            "deletions": 5
          }
        ]
      },
      {
        "insertions": 649,
        "deletions": 111,
        "date": "2019-11-05",
        "commitResults": [
          {
            "hash": "eef59256e459d42c97b95d34e1c93fd4280e3136",
            "messageTitle": "Re-implement like data to frontend (#200)",
            "messageBody": "* Re-implement like data to frontend\r\n\r\n* Fix like update issue\r\n\r\n* Add default like when importing and creating meme\r\n\r\n* Relocate addDefaultLikeData\r\n\r\n* Refactor\r\n\r\n* Fix style\r\n",
            "insertions": 117,
            "deletions": 52
          },
          {
            "hash": "7576d22e5ebb0f8540ee27dd932cf34b08f9c34a",
            "messageTitle": "Add dislike (#203)",
            "messageBody": "* WIP\r\n\r\n* Separate dislike from like\r\n\r\n* Fix dislike left right toggle\r\n\r\n* Rebase master\r\n\r\n* Fix stats update issue\r\n",
            "insertions": 532,
            "deletions": 59
          }
        ]
      }
    ],
    "jonchan51": [
      {
        "insertions": 6,
        "deletions": 6,
        "date": "2019-09-13",
        "commitResults": [
          {
            "hash": "34f8b9a5e6f6681fea1afce7f22d755f93de732e",
            "messageTitle": "Update badges on README",
            "messageBody": "",
            "insertions": 6,
            "deletions": 6
          }
        ]
      },
      {
        "insertions": 832,
        "deletions": 832,
        "date": "2019-09-28",
        "commitResults": [
          {
            "hash": "7ff27b53dfa0f437f6f14850c5ac504124c90784",
            "messageTitle": "Refactor Person to Meme",
            "messageBody": "",
            "insertions": 480,
            "deletions": 480
          },
          {
            "hash": "da42424c4841d2d7ac5a2bd5dd2a37a6c160dcc8",
            "messageTitle": "Refactor UniquePersonList to UniqueMemeList",
            "messageBody": "",
            "insertions": 116,
            "deletions": 116
          },
          {
            "hash": "66c04abc57e9cde9d9e8f0ae8ebac988cb616058",
            "messageTitle": "Rename person package to meme",
            "messageBody": "",
            "insertions": 105,
            "deletions": 105
          },
          {
            "hash": "3b4875d4ef26ffd32f10d361c3d8b1b1da937c10",
            "messageTitle": "Rename to Meme in UI components",
            "messageBody": "",
            "insertions": 25,
            "deletions": 25
          },
          {
            "hash": "20cd74926e0a611c73d2e328dd8c2683eb70cb4e",
            "messageTitle": "Refactor EditPersonDescriptor to EditMemeDescriptor",
            "messageBody": "",
            "insertions": 66,
            "deletions": 66
          },
          {
            "hash": "47bf88efd4085a923ac8399520a580027854f8e7",
            "messageTitle": "Refactor JsonAdaptedPerson to JsonAdaptedMeme",
            "messageBody": "",
            "insertions": 40,
            "deletions": 40
          }
        ]
      },
      {
        "insertions": 1536,
        "deletions": 1534,
        "date": "2019-09-29",
        "commitResults": [
          {
            "hash": "73d04b91f22576c5949cdedb3a1d5e07b5dbebcb",
            "messageTitle": "Refactor Person to Meme in tests",
            "messageBody": "",
            "insertions": 295,
            "deletions": 295
          },
          {
            "hash": "e4fe7c99f3d025b45059dc0dc6374de8b017d549",
            "messageTitle": "Refactor AddressBook to MemeBook",
            "messageBody": "",
            "insertions": 153,
            "deletions": 152
          },
          {
            "hash": "4ae81a696c6a85658b9667cf8f1b21a90f2adc26",
            "messageTitle": "Refactor Address to MemeBook in non-storage",
            "messageBody": "",
            "insertions": 87,
            "deletions": 87
          },
          {
            "hash": "bde5fbeb6d2def9409806fc0280257bb7e199a66",
            "messageTitle": "Refactor AddressBook to MemeBook in Storage",
            "messageBody": "",
            "insertions": 105,
            "deletions": 105
          },
          {
            "hash": "cc9d137ec5f6f1264d2d77ae66ff8f74acd2d6c4",
            "messageTitle": "Refactor AddressBook to MemeBook in tests",
            "messageBody": "",
            "insertions": 59,
            "deletions": 59
          },
          {
            "hash": "7c871f143c3eb3c37d0ab549c33390b227f42bee",
            "messageTitle": "Clean up Person and Address Book remnants",
            "messageBody": "",
            "insertions": 60,
            "deletions": 59
          },
          {
            "hash": "6915545fd166a9389fb91d9388bc0c77c1c3fa1e",
            "messageTitle": "Rename address to weme package",
            "messageBody": "",
            "insertions": 777,
            "deletions": 777
          }
        ]
      },
      {
        "insertions": 10,
        "deletions": 10,
        "date": "2019-09-30",
        "commitResults": [
          {
            "hash": "df182cea2c11722c284a13b8d866d929d03d09e6",
            "messageTitle": "Change addressBookFilePath to wemeFilePath",
            "messageBody": "",
            "insertions": 10,
            "deletions": 10
          }
        ]
      },
      {
        "insertions": 590,
        "deletions": 321,
        "date": "2019-10-13",
        "commitResults": [
          {
            "hash": "3012cf7c8330eb123021742654938d3fdd8dddc3",
            "messageTitle": "Add Context (#40)",
            "messageBody": "* Add context switching\r\n\r\nWorks by changing parsers to switch to the specified context.\r\n\r\n* Change to TabCommand\r\n\r\n* Add tests for tabs\r\n\r\n* Rename Parsers\r\n",
            "insertions": 585,
            "deletions": 315
          },
          {
            "hash": "e97f5bb6bcb651d2323955a10560ced371950f00",
            "messageTitle": "Update repo links in docs and build.gradle",
            "messageBody": "",
            "insertions": 5,
            "deletions": 6
          }
        ]
      },
      {
        "insertions": 388,
        "deletions": 10,
        "date": "2019-10-16",
        "commitResults": [
          {
            "hash": "a8c63ab7eb94af2e3e75dfd7daf378fa04299932",
            "messageTitle": "Add basic Undo Redo Commands",
            "messageBody": "Undo Redo currently just reverts the meme entries. Support for other\nresources (templates) and statistics, along with file deletion will need\nto be integrated later.\n",
            "insertions": 273,
            "deletions": 10
          },
          {
            "hash": "dc510faa6ac9eaeb4229e1807deb226d83bb7598",
            "messageTitle": "Add tests for Undo Redo",
            "messageBody": "",
            "insertions": 115,
            "deletions": 0
          }
        ]
      },
      {
        "insertions": 143,
        "deletions": 17,
        "date": "2019-10-21",
        "commitResults": [
          {
            "hash": "e282f6066fa8c911a92369b7729906393d48e7cb",
            "messageTitle": "Fix SampleDataUtil (#67)",
            "messageBody": "* Fix SampleDataUtil",
            "insertions": 99,
            "deletions": 17
          },
          {
            "hash": "1efeedd35527c3086f6834c9b039ebe47e71f65b",
            "messageTitle": "Add file cleanup on exit (#65)",
            "messageBody": "Closes #62 as delete no longer needs to touch files.\r\n",
            "insertions": 44,
            "deletions": 0
          }
        ]
      },
      {
        "insertions": 82,
        "deletions": 79,
        "date": "2019-10-22",
        "commitResults": [
          {
            "hash": "30a36438085ddd53a56a54141179a4fda7569ad0",
            "messageTitle": "Change file hash to UUID (#68)",
            "messageBody": "Previously we were using SHA-1 to hash the entire image when adding\r\nimages to weme. However, this means that you cannot have duplicated\r\nimages (which should not actually be our responsibility), and it makes\r\nit more difficult to undo and redo newly added entries. By using UUID\r\ninstead, we can just stick to a file cleanup on exit to clear\r\nunreferenced images, which is much cleaner than manually adding special\r\ncases to each command for undo and redo.\r\n",
            "insertions": 82,
            "deletions": 79
          }
        ]
      },
      {
        "insertions": 173,
        "deletions": 120,
        "date": "2019-10-23",
        "commitResults": [
          {
            "hash": "dca80a1c2c0a08d809a1a82b071a9d8248b8e06f",
            "messageTitle": "Add documentation for Undo Redo Command (#70)",
            "messageBody": "",
            "insertions": 106,
            "deletions": 61
          },
          {
            "hash": "93b72df2d2d1dbad9f7abd1ad1980092dbcd7579",
            "messageTitle": "Update general DG",
            "messageBody": "",
            "insertions": 67,
            "deletions": 59
          }
        ]
      },
      {
        "insertions": 532,
        "deletions": 522,
        "date": "2019-10-25",
        "commitResults": [
          {
            "hash": "30cfad01497cde71614a4edecab18535a806a2f2",
            "messageTitle": "Rename MemeBook to Weme",
            "messageBody": "Weme is the class that encapsulates all data related classes.\n",
            "insertions": 442,
            "deletions": 446
          },
          {
            "hash": "30e4dbac4686afbdeda8393a408734dc9432b8a8",
            "messageTitle": "Rename weme to Weme",
            "messageBody": "",
            "insertions": 71,
            "deletions": 71
          },
          {
            "hash": "3115dcd0a0487fff875a7083fdcc65d7f4e810e7",
            "messageTitle": "Fix MemeClearCommand",
            "messageBody": "MemeClearCommand was clearing the whole Weme. Changed to only clear\nMemes\n",
            "insertions": 19,
            "deletions": 5
          }
        ]
      },
      {
        "insertions": 71,
        "deletions": 85,
        "date": "2019-10-27",
        "commitResults": [
          {
            "hash": "f529203959fd37c3f604b43f23d7133a5baf1675",
            "messageTitle": "Fix Undo for Like Command",
            "messageBody": "",
            "insertions": 41,
            "deletions": 84
          },
          {
            "hash": "1486e8731a193af7e2c941fa0563da4f2e5bcad6",
            "messageTitle": "Delete unreferenced templates on exit",
            "messageBody": "",
            "insertions": 30,
            "deletions": 1
          }
        ]
      },
      {
        "insertions": 89,
        "deletions": 56,
        "date": "2019-10-28",
        "commitResults": [
          {
            "hash": "321fdc99e278ad7041c3a54701e879eee012156b",
            "messageTitle": "Add feedback for Undoable commands",
            "messageBody": "Rationale behind this is to inform users what command they just\nundid / redid.\n\nImplementation:\nAdd feedback in the form of strings to `versionedWeme`. The choice to\nuse Strings is to prevent coupling. While that makes it more useless for\nnow, its implementation can be extended to a `Command` or\n`CommandResult` in the future if necessary.\n",
            "insertions": 89,
            "deletions": 56
          }
        ]
      },
      {
        "insertions": 725,
        "deletions": 143,
        "date": "2019-10-29",
        "commitResults": [
          {
            "hash": "b75e1acf15a17302bd910a44e8856bdebe519330",
            "messageTitle": "Fix undo for Import command",
            "messageBody": "",
            "insertions": 15,
            "deletions": 71
          },
          {
            "hash": "b3ad8ae432eea8fbbb7e9b941a2b8214c323e4b3",
            "messageTitle": "Add Archives field and command",
            "messageBody": "",
            "insertions": 214,
            "deletions": 12
          },
          {
            "hash": "c1c6a7ad3961dfe130c96bbe3d86c5cd7da96abb",
            "messageTitle": "Add archive and unarchive parsers for memes",
            "messageBody": "",
            "insertions": 193,
            "deletions": 34
          },
          {
            "hash": "0a6746c4e80ad0a0f2b2942b3d1c2b1ca1158334",
            "messageTitle": "Add isArchived field to JSON",
            "messageBody": "",
            "insertions": 19,
            "deletions": 10
          },
          {
            "hash": "7ac3786bfd4a218f82be4d30e779597a2e91d28f",
            "messageTitle": "Add archive and unarchive for templates",
            "messageBody": "",
            "insertions": 266,
            "deletions": 5
          },
          {
            "hash": "8fd5fac9998a91891696563b14cfc7bb1a43948e",
            "messageTitle": "Make Edit commands support archives",
            "messageBody": "",
            "insertions": 18,
            "deletions": 11
          }
        ]
      },
      {
        "insertions": 216,
        "deletions": 122,
        "date": "2019-10-30",
        "commitResults": [
          {
            "hash": "6545c047d67a736b8e886984780e15e0f797e43e",
            "messageTitle": "Change MemeBook to Weme in docs",
            "messageBody": "",
            "insertions": 112,
            "deletions": 106
          },
          {
            "hash": "314188a3acc774a06632fd055776a7c7c3c94ef2",
            "messageTitle": "Improve undo redo docs",
            "messageBody": "",
            "insertions": 104,
            "deletions": 16
          }
        ]
      },
      {
        "insertions": 12,
        "deletions": 5,
        "date": "2019-11-01",
        "commitResults": [
          {
            "hash": "013cec0b25c9e2d700cc31ce0a5ddb33e7a02fa8",
            "messageTitle": "Fix Undo UG (#157)",
            "messageBody": "",
            "insertions": 12,
            "deletions": 5
          }
        ]
      },
      {
        "insertions": 1,
        "deletions": 1,
        "date": "2019-11-02",
        "commitResults": [
          {
            "hash": "a06a68b2fae69c959c485946d7834c288bfdf91e",
            "messageTitle": "Update appveyor on readme",
            "messageBody": "",
            "insertions": 1,
            "deletions": 1
          }
        ]
      },
      {
        "insertions": 16,
        "deletions": 1,
        "date": "2019-11-05",
        "commitResults": [
          {
            "hash": "5c7e230e91d7592fc62f394d3952f3e7418c3edc",
            "messageTitle": "Fix undo for likes",
            "messageBody": "",
            "insertions": 16,
            "deletions": 1
          }
        ]
      }
    ],
    "gary-lgy": [
      {
        "insertions": 81,
        "deletions": 59,
        "date": "2019-10-02",
        "commitResults": [
          {
            "hash": "d99a59b989f1bfd539053d6c7e86b6c29f53bd2e",
            "messageTitle": "Edit Developer Guide",
            "messageBody": "1. Reorder user stories to put more basic ones on top\n2. Fine-tune use cases\n3. Change AddressBook to Weme\n4. Use american spelling\n5. Correct typos\n",
            "insertions": 81,
            "deletions": 59
          }
        ]
      },
      {
        "insertions": 81,
        "deletions": 67,
        "date": "2019-10-12",
        "commitResults": [
          {
            "hash": "bcbb8995466bfa8981f18a4cf16628eba3a5f103",
            "messageTitle": "Change UI to display memes in GridView",
            "messageBody": "",
            "insertions": 81,
            "deletions": 67
          }
        ]
      },
      {
        "insertions": 47,
        "deletions": 47,
        "date": "2019-10-13",
        "commitResults": [
          {
            "hash": "e7c691cd0936e75ff000758f79ce2eeacfc4983c",
            "messageTitle": "Clean up remnants of \u0027address\u0027 and \u0027person\u0027",
            "messageBody": "",
            "insertions": 47,
            "deletions": 47
          }
        ]
      },
      {
        "insertions": 350,
        "deletions": 44,
        "date": "2019-10-16",
        "commitResults": [
          {
            "hash": "38e38e1c0e77571f354ea20660a92a9dface9cb4",
            "messageTitle": "Let model and logic store SimpleObjectProperty\u003cModelContext\u003e",
            "messageBody": "",
            "insertions": 20,
            "deletions": 22
          },
          {
            "hash": "0de4363bb2b5960263082a38a6b7f366753284e5",
            "messageTitle": "Implement tabs",
            "messageBody": "",
            "insertions": 306,
            "deletions": 22
          },
          {
            "hash": "73af69e40ba8f6ddedddc3e0d5be1345d820dbbd",
            "messageTitle": "Add TabCommand test",
            "messageBody": "",
            "insertions": 24,
            "deletions": 0
          }
        ]
      },
      {
        "insertions": 462,
        "deletions": 50,
        "date": "2019-10-17",
        "commitResults": [
          {
            "hash": "c157da976228287cbe0fc663cb1e7803cbf70c16",
            "messageTitle": "Add meme and template image location to user preferences",
            "messageBody": "",
            "insertions": 65,
            "deletions": 20
          },
          {
            "hash": "029bcae31b5fc0013c199dc5ca0a7e4abef846e1",
            "messageTitle": "Change AddCommand logic to handle file copying",
            "messageBody": "",
            "insertions": 397,
            "deletions": 30
          }
        ]
      },
      {
        "insertions": 979,
        "deletions": 134,
        "date": "2019-10-22",
        "commitResults": [
          {
            "hash": "e85aac7ba4113285791253f97f24625c6a19d3d1",
            "messageTitle": "Add Template class",
            "messageBody": "",
            "insertions": 156,
            "deletions": 14
          },
          {
            "hash": "0425782f0a3a386d1dfaaf516c962392ef78b531",
            "messageTitle": "Add templates into model",
            "messageBody": "",
            "insertions": 333,
            "deletions": 77
          },
          {
            "hash": "9ad992cbf9a545b833697bb0d0c1bfb7c554d2f9",
            "messageTitle": "Make templates and memebook json seriablable",
            "messageBody": "",
            "insertions": 225,
            "deletions": 31
          },
          {
            "hash": "bab980b8e246cce8706e73724b71fb58aa6503f3",
            "messageTitle": "Add sample templates to preload data",
            "messageBody": "",
            "insertions": 78,
            "deletions": 11
          },
          {
            "hash": "a40d1dcf880d47527d5ef0311ce479fc83e98480",
            "messageTitle": "Add template grid view",
            "messageBody": "",
            "insertions": 187,
            "deletions": 1
          }
        ]
      },
      {
        "insertions": 388,
        "deletions": 30,
        "date": "2019-10-23",
        "commitResults": [
          {
            "hash": "9cbed0256a207396050fb3121ea2d7be491623e7",
            "messageTitle": "Add templates section to Developer\u0027s Guide",
            "messageBody": "",
            "insertions": 202,
            "deletions": 28
          },
          {
            "hash": "134fca3b29e9452913645a3cc4c322dcf9b0129f",
            "messageTitle": "Make separate class diagram for templates section",
            "messageBody": "",
            "insertions": 40,
            "deletions": 1
          },
          {
            "hash": "06aef3b009ffa5f96097818770347c29bd460ae5",
            "messageTitle": "Add tabs section to Developer Guide",
            "messageBody": "",
            "insertions": 146,
            "deletions": 1
          }
        ]
      },
      {
        "insertions": 43,
        "deletions": 11,
        "date": "2019-10-24",
        "commitResults": [
          {
            "hash": "e73a7ffc2de264bf871e301b45683b181423ff35",
            "messageTitle": "Refactor ModelContext getters and setters",
            "messageBody": "1. Refactor original getters to return ObservableValue instead of\n   SimpleObjectProperty\n2. Provide setter methods to replace calling setValue() on the\n   SimpleObjectProperty\n",
            "insertions": 43,
            "deletions": 11
          }
        ]
      },
      {
        "insertions": 475,
        "deletions": 14,
        "date": "2019-10-27",
        "commitResults": [
          {
            "hash": "a2cfa7f3adc3a7d430a27b169b74597cb46f61d9",
            "messageTitle": "Add template commands",
            "messageBody": "",
            "insertions": 475,
            "deletions": 13
          },
          {
            "hash": "8b278694b4738d996fc5f224c066fc25e13e48fb",
            "messageTitle": "Fix extra space in tab bar",
            "messageBody": "",
            "insertions": 0,
            "deletions": 1
          }
        ]
      },
      {
        "insertions": 918,
        "deletions": 44,
        "date": "2019-10-29",
        "commitResults": [
          {
            "hash": "407a574f74ab9f4fb12f474e8aeb7da1f3dafcfc",
            "messageTitle": "Support adding text to template (#116)",
            "messageBody": "* Rename ParserUtil.parseContext to ParserUtil.parseTab\r\n\r\n* Add infra for adding text to templates\r\n\r\n* Implement adding text to templates\r\n",
            "insertions": 892,
            "deletions": 39
          },
          {
            "hash": "0ab91a2f688c8f8f8bc6f54b5422d79db9044c49",
            "messageTitle": "Add horizontal and vertical rules for easier template creation",
            "messageBody": "",
            "insertions": 26,
            "deletions": 5
          }
        ]
      },
      {
        "insertions": 836,
        "deletions": 194,
        "date": "2019-10-30",
        "commitResults": [
          {
            "hash": "75dab5673d58befebd8464c1ae3aac39e7481a6a",
            "messageTitle": "Allow user to specify meme text color",
            "messageBody": "",
            "insertions": 110,
            "deletions": 7
          },
          {
            "hash": "221a19d88e75185a988703c2048b6a1992205b22",
            "messageTitle": "Allow user to specify meme text style",
            "messageBody": "Valid styles include plain, bold, italic, or their combination\n",
            "insertions": 161,
            "deletions": 11
          },
          {
            "hash": "5d8e886974dbc697cfa26d1eaa0231191f93567f",
            "messageTitle": "Add sample font size legend",
            "messageBody": "",
            "insertions": 42,
            "deletions": 47
          },
          {
            "hash": "dd5fc47bf5f712d15c2623dec91c7578169e5004",
            "messageTitle": "Allow user to specify font size",
            "messageBody": "",
            "insertions": 116,
            "deletions": 13
          },
          {
            "hash": "d3058f7f8e4a4951b84009ee2ef15ddbcad0a2c2",
            "messageTitle": "Implement CreateCommand for meme creation",
            "messageBody": "New memes can now be created from templates\n",
            "insertions": 140,
            "deletions": 7
          },
          {
            "hash": "06c16e9bf69af538dba7df039b5a4a597e20c8fd",
            "messageTitle": "Display a list of text added in meme creation",
            "messageBody": "",
            "insertions": 175,
            "deletions": 15
          },
          {
            "hash": "5540234e9d94b9f92f7b65c0fa37466cd1f3c9ed",
            "messageTitle": "Update templates section of Developer Guide",
            "messageBody": "",
            "insertions": 92,
            "deletions": 94
          }
        ]
      },
      {
        "insertions": 604,
        "deletions": 64,
        "date": "2019-10-31",
        "commitResults": [
          {
            "hash": "43cf9829cf9dc2cc0b11b6081db98c7d03310cf1",
            "messageTitle": "Support editing and deleting text in meme creation",
            "messageBody": "",
            "insertions": 506,
            "deletions": 12
          },
          {
            "hash": "23ed458437011b6ec1b2256edaf1f27ee7afde30",
            "messageTitle": "Debug Developer Guide (#150)",
            "messageBody": "* Fix class diagrams\r\n\r\n* Debug DG\r\n",
            "insertions": 98,
            "deletions": 52
          }
        ]
      },
      {
        "insertions": 254,
        "deletions": 174,
        "date": "2019-11-01",
        "commitResults": [
          {
            "hash": "5cee94cb26aef8c980a35cccb8a4ed1dd2d20a51",
            "messageTitle": "Fix Memes section of the User Guide",
            "messageBody": "",
            "insertions": 101,
            "deletions": 81
          },
          {
            "hash": "72e8feb94bb94a9c75bfeef973f8c794cc21ba7e",
            "messageTitle": "Fix Templates section of the User Guide",
            "messageBody": "",
            "insertions": 44,
            "deletions": 62
          },
          {
            "hash": "cb1626aea4bd25ed6d94cf26b67c50a15e5d19a2",
            "messageTitle": "Add Create Tab session to the User Guide",
            "messageBody": "",
            "insertions": 72,
            "deletions": 1
          },
          {
            "hash": "4c721b0bed299690005dec36152acb3ca75ffb64",
            "messageTitle": "Fix export/import sections of the User Guide",
            "messageBody": "",
            "insertions": 11,
            "deletions": 11
          },
          {
            "hash": "ba4cb1c59ea6f65e67e56c244e8911438482fa84",
            "messageTitle": "Fix Command Suggestions section of the User Guide",
            "messageBody": "",
            "insertions": 6,
            "deletions": 6
          },
          {
            "hash": "ccbf7169b83540a85b6c75604bca2d14616742c6",
            "messageTitle": "Fix command summary",
            "messageBody": "",
            "insertions": 20,
            "deletions": 13
          }
        ]
      },
      {
        "insertions": 38,
        "deletions": 64,
        "date": "2019-11-05",
        "commitResults": [
          {
            "hash": "70966f59308c0023388d6fc75de6640668d0a192",
            "messageTitle": "Refactor UI components",
            "messageBody": "",
            "insertions": 38,
            "deletions": 64
          }
        ]
      }
    ],
    "cutieprobe": [
      {
        "insertions": 330,
        "deletions": 42,
        "date": "2019-10-02",
        "commitResults": [
          {
            "hash": "549dc16f8c6d1263bc8a67bde6c6d1e7f421c22c",
            "messageTitle": "Update AboutUs",
            "messageBody": "",
            "insertions": 25,
            "deletions": 23
          },
          {
            "hash": "edf712e3b0fcea7f58f8918720703c1d4b77d2be",
            "messageTitle": "Update ContactUs",
            "messageBody": "",
            "insertions": 1,
            "deletions": 1
          },
          {
            "hash": "990952637b9d193f4981893a672b72ebb91edc16",
            "messageTitle": "Update README",
            "messageBody": "",
            "insertions": 304,
            "deletions": 18
          }
        ]
      },
      {
        "insertions": 89,
        "deletions": 713,
        "date": "2019-10-06",
        "commitResults": [
          {
            "hash": "516a93473ff82e66155810dbffdaef334f55f8b1",
            "messageTitle": "Remove Email and Phone field",
            "messageBody": "",
            "insertions": 89,
            "deletions": 713
          }
        ]
      },
      {
        "insertions": 34,
        "deletions": 3,
        "date": "2019-10-16",
        "commitResults": [
          {
            "hash": "9c0c49f26ee2b4d6e71cf0861afcbbc50bc5b805",
            "messageTitle": "Add support for result box live refreshing on change of inputs",
            "messageBody": "",
            "insertions": 34,
            "deletions": 3
          }
        ]
      },
      {
        "insertions": 39,
        "deletions": 0,
        "date": "2019-10-23",
        "commitResults": [
          {
            "hash": "17d7955347888add61d76fe4ecbf6e4dd5d7b1a1",
            "messageTitle": "Add command suggestion section to Developer Guide",
            "messageBody": "",
            "insertions": 39,
            "deletions": 0
          }
        ]
      },
      {
        "insertions": 991,
        "deletions": 37,
        "date": "2019-10-26",
        "commitResults": [
          {
            "hash": "16d947f858efa7927dc44bb9f775dc424d95fa77",
            "messageTitle": "Add basic command prompt",
            "messageBody": "1. Add prompter for command word.\n2. Add prompter for `TabCommand`.\n3. Add prompter for  `MemeAddCommand`.\n4. Add `Records` in `Model` to store all historical records of command arguments.\n4. Add sample data for `Records`.\n\nCloses #28\n",
            "insertions": 991,
            "deletions": 37
          }
        ]
      },
      {
        "insertions": 8,
        "deletions": 1,
        "date": "2019-10-27",
        "commitResults": [
          {
            "hash": "6ad7cd079d9d2ceb8e88ca5582e96902b3611ca5",
            "messageTitle": "Fix #106: Feedback not showing upon command success",
            "messageBody": "",
            "insertions": 8,
            "deletions": 1
          }
        ]
      },
      {
        "insertions": 1604,
        "deletions": 514,
        "date": "2019-10-28",
        "commitResults": [
          {
            "hash": "cd3f316c7993689ec992b58bfeb99fe5c4123dcd",
            "messageTitle": "Add remaining command prompters 1. Add prompters for remaining commands. 2. Refactor commands, parsers and prompters into sub-packages.",
            "messageBody": "",
            "insertions": 1571,
            "deletions": 469
          },
          {
            "hash": "0e799b38338731571e74aa4ce4cbadc27738b752",
            "messageTitle": "Subpackaging tests for Command and Parser packages",
            "messageBody": "",
            "insertions": 33,
            "deletions": 45
          }
        ]
      },
      {
        "insertions": 404,
        "deletions": 312,
        "date": "2019-10-29",
        "commitResults": [
          {
            "hash": "722d750967d2ac245c9b5aec0fa949b0c8da553f",
            "messageTitle": "Add command auto-completion",
            "messageBody": "",
            "insertions": 404,
            "deletions": 312
          }
        ]
      },
      {
        "insertions": 379,
        "deletions": 16,
        "date": "2019-10-30",
        "commitResults": [
          {
            "hash": "158dd3ecbb6fbd8f116504c39f501eb9c88a1dca",
            "messageTitle": "Update Developer Guide",
            "messageBody": "",
            "insertions": 5,
            "deletions": 1
          },
          {
            "hash": "8023a1a59829f322ffe31cc5b7cd75ed5d382eca",
            "messageTitle": "Add more command prompt",
            "messageBody": "",
            "insertions": 374,
            "deletions": 15
          }
        ]
      },
      {
        "insertions": 809,
        "deletions": 322,
        "date": "2019-11-01",
        "commitResults": [
          {
            "hash": "1b944cee9bbf1302f47cd23cad264d55989ebeac",
            "messageTitle": "Update User Guide",
            "messageBody": "",
            "insertions": 27,
            "deletions": 7
          },
          {
            "hash": "922d685866cff28c71a6ba7f9ddfc2f34efbfc22",
            "messageTitle": "Add command descriptions in command prompt",
            "messageBody": "",
            "insertions": 781,
            "deletions": 314
          },
          {
            "hash": "929909c2d8bb323aacb79e64a9af3053ba68f181",
            "messageTitle": "Update prompters to add a space for command word auto-completion",
            "messageBody": "",
            "insertions": 1,
            "deletions": 1
          }
        ]
      }
    ]
  },
  "authorFinalContributionMap": {
    "LivingOnEdge": 2462,
    "moziliar": 2548,
    "jonchan51": 3341,
    "gary-lgy": 4856,
    "cutieprobe": 3308
  },
  "authorFileTypeContributionMap": {
    "LivingOnEdge": {
      "docs": 240,
      "tests": 345,
      "functional": 1755,
      "other": 122
    },
    "moziliar": {
      "docs": 139,
      "tests": 462,
      "functional": 1856,
      "other": 91
    },
    "jonchan51": {
      "docs": 118,
      "tests": 1111,
      "functional": 1921,
      "other": 191
    },
    "gary-lgy": {
      "docs": 488,
      "tests": 412,
      "functional": 3686,
      "other": 270
    },
    "cutieprobe": {
      "docs": 108,
      "tests": 151,
      "functional": 3047,
      "other": 2
    }
  },
  "authorContributionVariance": {
    "LivingOnEdge": 47009.527,
    "moziliar": 60895.285,
    "jonchan51": 228376.42,
    "gary-lgy": 66322.23,
    "cutieprobe": 123783.69
  },
  "authorDisplayNameMap": {
    "LivingOnEdge": "CS2103-T16-3 BILL  ...  CHEE",
    "moziliar": "CS2103-T16-3 MO ZO ... NGRAN",
    "jonchan51": "CS2103-T16-3 CHAN  ... ATHAN",
    "gary-lgy": "CS2103-T16-3 LIU G ... GYUAN",
    "cutieprobe": "CS2103-T16-3 LIU Z ...  ZIMU"
  }
}
