{
  "authorDailyContributionsMap": {
    "limerencee": [
      {
        "insertions": 0,
        "deletions": 1,
        "date": "2019-09-08",
        "commitResults": [
          {
            "hash": "4d38aa45fb0405e027ac79a5c9379c279b110802",
            "messageTitle": "Remove the codacy badge from README",
            "messageBody": "",
            "insertions": 0,
            "deletions": 1
          }
        ]
      },
      {
        "insertions": 75,
        "deletions": 162,
        "date": "2019-09-22",
        "commitResults": [
          {
            "hash": "490b5b4363abfe0bce443f4273e14f2c1505fa3a",
            "messageTitle": "Changed more documents context to THRIFT (#51)",
            "messageBody": "* Changed documents context to THRIFT\r\n\r\n* Modified UserGuide and AboutUs\r\n\r\nImproved wording clarity in UserGuide and refined my role in AboutUs.\r\n\r\n* Updated UserGuide\r\n\r\nModified wording and formatting for \u0027Delete\u0027 command.\r\n\r\n* Updated UserGuide\r\n",
            "insertions": 75,
            "deletions": 162
          }
        ]
      },
      {
        "insertions": 60,
        "deletions": 13,
        "date": "2019-09-26",
        "commitResults": [
          {
            "hash": "ba422b079ef333b42cdb86149f8ed56d09b5c2a2",
            "messageTitle": "Updated DeveloperGuide to include use cases for features that I am working on",
            "messageBody": "",
            "insertions": 59,
            "deletions": 8
          },
          {
            "hash": "0d919b79b6629da2325c52c9920d832cf6ba6fe0",
            "messageTitle": "Updated DG appendix",
            "messageBody": "",
            "insertions": 1,
            "deletions": 5
          }
        ]
      },
      {
        "insertions": 4018,
        "deletions": 3796,
        "date": "2019-09-27",
        "commitResults": [
          {
            "hash": "a823da0747d3ae2eabe85dcad5e8af884cabb006",
            "messageTitle": "Mass Codebase Refactor (#62)",
            "messageBody": "* Changed documents context to THRIFT\r\n\r\n* Modified UserGuide and AboutUs\r\n\r\nImproved wording clarity in UserGuide and refined my role in AboutUs.\r\n\r\n* Renamed \u0027model\u0027 package to \u0027transaction\u0027 and began refactoring\r\n\r\nAdded Transaction related classes and a new utility class which contains functions for converting currencies around.\r\n\r\n* Renamed package from \u0027seedu.address\u0027 to \u0027thrift\u0027\r\n\r\n* Added tests for Transaction class attributes\r\n\r\n* Mass refactor to change Person class to Transaction class\r\n\r\nAlso added Income and Expense classes, and replaced all instances of Person class references to either Transaction, Expense or Income class. This commit passes the JUnit test cases.\r\n\r\n* Initial refactor complete\r\n\r\nApplication is able to run and able to add expense\r\n",
            "insertions": 4018,
            "deletions": 3796
          }
        ]
      },
      {
        "insertions": 20,
        "deletions": 20,
        "date": "2019-09-28",
        "commitResults": [
          {
            "hash": "78481c90ce44e72e77d5fe8435b1819ae037aa0a",
            "messageTitle": "Changed command syntax in UG for \u0027add expense\u0027 and \u0027add income\u0027 into one word (#74)",
            "messageBody": "* Changed documents context to THRIFT\r\n\r\n* Modified UserGuide and AboutUs\r\n\r\nImproved wording clarity in UserGuide and refined my role in AboutUs.\r\n\r\n* Renamed \u0027model\u0027 package to \u0027transaction\u0027 and began refactoring\r\n\r\nAdded Transaction related classes and a new utility class which contains functions for converting currencies around.\r\n\r\n* Renamed package from \u0027seedu.address\u0027 to \u0027thrift\u0027\r\n\r\n* Added tests for Transaction class attributes\r\n\r\n* Mass refactor to change Person class to Transaction class\r\n\r\nAlso added Income and Expense classes, and replaced all instances of Person class references to either Transaction, Expense or Income class. This commit passes the JUnit test cases.\r\n\r\n* Initial refactor complete\r\n\r\nApplication is able to run and able to add expense\r\n\r\n* Updated UG syntax for adding transactions\r\n\r\n\u0027add expense\u0027 -\u003e \u0027add_expense\u0027 and \u0027add income\u0027 -\u003e \u0027add_income\u0027\r\n\r\n* Fixed typo in UG\r\n",
            "insertions": 20,
            "deletions": 20
          }
        ]
      },
      {
        "insertions": 23,
        "deletions": 24,
        "date": "2019-10-01",
        "commitResults": [
          {
            "hash": "ebb4642063faeed8ca4e7d2dccef022b15d4b18a",
            "messageTitle": "Edited UGDG to ensure consistency (#82)",
            "messageBody": "* Edited UGDG to ensure consistency.\r\n\r\n* Corrected casing for \u0027Transaction\u0027 to \u0027transaction\u0027\r\n",
            "insertions": 23,
            "deletions": 24
          }
        ]
      },
      {
        "insertions": 265,
        "deletions": 54,
        "date": "2019-10-08",
        "commitResults": [
          {
            "hash": "74331ae6190707049ff3c63dd16b9a7e035d3be4",
            "messageTitle": "TransactionCard modifications and added new Balance UI (#89)",
            "messageBody": "Added \u0027Balance\u0027 Ui pane, Modified TransactionCard into ExpenseTransactionCard and IncomeTransactionCard, Formatted the layout of ExpenseTransactionCard and IncomeTransactionCard",
            "insertions": 265,
            "deletions": 54
          }
        ]
      },
      {
        "insertions": 454,
        "deletions": 38,
        "date": "2019-10-09",
        "commitResults": [
          {
            "hash": "1002a7d624f84419ae4f2d3fbee6be9ca18e13f2",
            "messageTitle": "Added \u0027add_income\u0027 command (#93)",
            "messageBody": "* Added add_income command and tests\r\n\r\nOther changes:\r\n1. Improved the way large money values are shown: \"1000000.00\" - \"1,000,000.00\".\r\n2. The raw transaction value (\"1000000.00\" instead of \"1,000,000.00\") is now stored into the JSON data file instead of the formatted one, to ease restoration of transaction objects upon application startup.\r\n\r\n* Added comments for AddTransactionCommandParser class\r\n\r\nAlso changed the arguments AddTransactionCommandParser#parseTransactionDate() as it does not require ArgumentMultimap to return the TransactionDate.\r\n",
            "insertions": 454,
            "deletions": 38
          }
        ]
      },
      {
        "insertions": 361,
        "deletions": 25,
        "date": "2019-10-11",
        "commitResults": [
          {
            "hash": "fddc4ceca26fd435edf82263399c4506ee435dca",
            "messageTitle": "UI improvements to remove text truncation which results in the appearance of ellipses. (#101)",
            "messageBody": "* Bugfix for big transaction values storing incorrectly into JSON\r\n\r\n* Balance bar at the bottom now shows label for monthly budget.\r\n\r\n1. Enabled text-wrap for the various labels in an Expense/IncomeTransactionCard.\r\n2. Added a DateUtils library for ease of making Java\u0027s Date to work.\r\n3. Adjusted the main UI for abit.\r\n\r\n* Removed unused css styles\r\n\r\n* Fixed a bug where there is no minWidth for Value labels, causing unsightly overflows\r\n\r\n* Removed unused methods in DateUtils and formatted comments to comply with coding standards.\r\n\r\n* Added tests for DateUtils class\r\n",
            "insertions": 361,
            "deletions": 25
          }
        ]
      },
      {
        "insertions": 303,
        "deletions": 68,
        "date": "2019-10-12",
        "commitResults": [
          {
            "hash": "c56422e45fd0d924a5f36ba9bd922158083aec16",
            "messageTitle": "Added Remark field into Transactions using the prefix \u0027r/\u0027",
            "messageBody": "1. Updated AddExpenseCommandParser, AddIncomeCommandParser and UpdateCommandParser to work with the new field.\n2. Updated UI Transaction cards to display the Remark value.\n3. Updated all relevant tests and made test for Remark.\n4. Updated JsonAdaptedTransaction to ensure that the new field is saved and restored properly.\n5. Updated UG and fixed the output for add_expense and add_income portions.\n",
            "insertions": 253,
            "deletions": 56
          },
          {
            "hash": "055cb142b6559a31867f627ab8ea4f812e38c05e",
            "messageTitle": "Changed command usage messages for add_expense, add_income and update",
            "messageBody": "",
            "insertions": 7,
            "deletions": 4
          },
          {
            "hash": "2852496e8354d0a2f383182d7adfefa10fff4ee2",
            "messageTitle": "Forgot to stage UpdateCommand in previous commit.",
            "messageBody": "",
            "insertions": 1,
            "deletions": 0
          },
          {
            "hash": "bdd687e774c02b4a6b6db2d8d564427a71621445",
            "messageTitle": "Refactored delete command to require i/ prefix (#104)",
            "messageBody": "* Refactored delete command to require i/ prefix\r\n\r\nAlso added proper tests for the new delete command.\r\n\r\n* Fixed formatting and method name chage from commit abaf355\r\n",
            "insertions": 42,
            "deletions": 8
          }
        ]
      },
      {
        "insertions": 72,
        "deletions": 9,
        "date": "2019-10-17",
        "commitResults": [
          {
            "hash": "605cf732cf6ee815e44b9b7f85e7054880d04abf",
            "messageTitle": "Fixed the bug where updating similar transaction would result in unintended behaviour (#132)",
            "messageBody": "* Fixed a bug whereby when updating similar transactions, the first occurrence would update instead\r\n\r\n* Added JUnit tests for new update method\r\n",
            "insertions": 70,
            "deletions": 5
          },
          {
            "hash": "265b916e3a7718073e8cf5c59cf72c3e01513ba7",
            "messageTitle": "Fixed a bug whereby when deleting similar transactions, the first occurrence would be deleted instead (#138)",
            "messageBody": "",
            "insertions": 2,
            "deletions": 4
          }
        ]
      },
      {
        "insertions": 1521,
        "deletions": 357,
        "date": "2019-10-20",
        "commitResults": [
          {
            "hash": "db2cadf51f1d58756bfd4d474985d354d6f069f5",
            "messageTitle": "Budget command added allowing user to specify their budget for a specific month (#143)",
            "messageBody": "* Budget command added which allows user to specify their budget for a specific month.\r\n\r\nMonth are uniquely identified by the following format: MM/yyyy.\r\nOther changes:\r\n1. Updated UGDG to include `budget` command.\r\n2. Updated prefix for money from `c/COST` to `v/VALUE`, UGDG are updated to reflect this change.\r\n3. Added classes to support `BudgetList` which stores `Budget` objects containing `Value` and `Calendar`.\r\n4. Added JUnit test cases for `budget` command and the supporting classes like `BudgetList`, `BudgetCommand`, `BudgetCommandParser` and `ThriftTest` itself.\r\n\r\n* Added saving/reading of monthly budgets into the data file.\r\n\r\n1. Setting budget now saves into the JSON file, similar to how `Transaction` is stored.\r\n2. Added JUnit tests for (de)/serializing of `Budget` objects.\r\n3. Fixed JUnit tests for `JsonSerializableThrift`.\r\n4. Added `StreamUtils` for converting `Iterator\u003cT\u003e` to `Stream\u003cT\u003e`. JUnit tests are also added for this new utility class.\r\n\r\n* Fixed missing EOF in test json file\r\n\r\n* THRIFT now shows the current month\u0027s transactions on startup.\r\n\r\n1. New `TransactionIsInMonthYearPredicateTest` file to check if a `Transaction` belongs to that month. JUnit tests are added as well.\r\n2. Current month\u0027s budget is shown in GUI.\r\n3. Current month\u0027s balance is shown in GUI.\r\n\r\n* Refreshes and displays the current month\u0027s transaction list after add/delete/update is executed\r\n\r\n* Supported dynamic updating of displayed month\u0027s budget and balance\r\n\r\n1. After parsing successfully either a Add/Budget/Delete/Update command, reflect the possible changes on the GUI.\r\n\r\n* Bugfix to now include `Undo` and `Redo` commands to trigger refreshing the GUI.\r\n\r\n* Fix checkstyle\r\n\r\n* When Add/Budget/Delete/Update a transaction, the balance will only be updated if the transaction belongs to the current month.\r\n\r\n* Allow budget to be $0 value and other bug fixes.\r\n\r\n1. Clone will now update the month balance accordingly.\r\n\r\n* Added JUnit tests to BudgetValue class\r\n\r\n* Resolved checkstyle violations and accidental changes to DG.\r\n\r\n* Fixed typo in DG\r\n\r\n* Fixed checkstyle\r\n",
            "insertions": 1432,
            "deletions": 211
          },
          {
            "hash": "e8d77e3b5a3b9bc651f16e4e208292710df0bb0b",
            "messageTitle": "Fixed a bug where the balance will be updated incorrectly if the transaction list is filtered (#161)",
            "messageBody": "",
            "insertions": 1,
            "deletions": 1
          },
          {
            "hash": "ebf1a29926dbef327e221682e24df63490ab86b0",
            "messageTitle": "Refactored \"find\" command and removed \"clear\" command (#163)",
            "messageBody": "* Removed \"clear\" command and refactored \"find\" command\r\n\r\n`find` command now searches a `Transaction`\u0027s `Remark` field for keyword match as well.\r\n\r\n* Added JUnit test and fixed existing ones\r\n",
            "insertions": 88,
            "deletions": 145
          }
        ]
      },
      {
        "insertions": 143,
        "deletions": 20,
        "date": "2019-10-21",
        "commitResults": [
          {
            "hash": "a57dfa807bfc0688fb597a0f799eb189ed52ff01",
            "messageTitle": "Added support for scrolling into newly added Transaction if it exists in the current view (#165)",
            "messageBody": "Other changes:\r\n1. Refactored `LogicManager#execute` to introduce abstraction as there were multiple checks done to the `Command` variable which made the method long and breaks SLAP principle.",
            "insertions": 143,
            "deletions": 20
          }
        ]
      },
      {
        "insertions": 515,
        "deletions": 201,
        "date": "2019-10-22",
        "commitResults": [
          {
            "hash": "7674c4bcacb0498d809f55dbc6afe309fe697b9a",
            "messageTitle": "Update DG with implementation of add transaction (#169)",
            "messageBody": "* Created structure of PPP\r\n\r\n* Updated DG with implementation on add expense/income feature\r\n\r\n* Updated DG with implementation on add expense/income feature\r\n\r\n* Updated DG to change diagrams and wording to THRIFT context.\r\n",
            "insertions": 439,
            "deletions": 117
          },
          {
            "hash": "c8bf7dbb2b0636d4b6b8927b83bc3e114a17eb5b",
            "messageTitle": "Prepare for the release of v1.2.1 (#172)",
            "messageBody": "* Ready to create standalone JARs\r\n\r\nRemoved unnecessary `SampleDataUtil` which populates THRIFT with sample data.\r\n\r\n* Fixed asciidoc warnings when building JAR\r\n",
            "insertions": 39,
            "deletions": 65
          },
          {
            "hash": "d15ee2aa62c280764d4b8208460fe6a52081b6a3",
            "messageTitle": "Updated DG diagram to improve readability (#176)",
            "messageBody": "* Created structure of PPP\r\n\r\n* Updated DG with implementation on add expense/income feature\r\n\r\n* Updated DG with implementation on add expense/income feature\r\n\r\n* Updated DG to change diagrams and wording to THRIFT context.\r\n\r\n* Fixed diagrams in DG\r\n\r\n* Fixed caption\r\n\r\n* Adjusted colour for diagram in DG\r\n\r\n* DG update diagram\r\n\r\n* Fix DG diagram\r\n",
            "insertions": 37,
            "deletions": 19
          }
        ]
      }
    ],
    "krusagiz": [
      {
        "insertions": 110,
        "deletions": 3,
        "date": "2019-09-28",
        "commitResults": [
          {
            "hash": "9a7704245ac5beb6f07f4cc90dad198736deef1e",
            "messageTitle": "Added photo, Modified AboutUs and UserGuide (#69)",
            "messageBody": "* Added photo, Modified AboutUs and UserGuide\r\n\r\n* Fixed line endings\r\n\r\n* Added photo, Modified AboutUs and UserGuide\r\n\r\n* Fixed line endings\r\n\r\n* Added some whitespace to AboutUs\r\n\r\n* Changed format for convert and re-added tags lost to conflict\r\n\r\n* Changed prefix for convert command\r\n\r\n* Changed variables names and prefixes of convert command\r\n",
            "insertions": 110,
            "deletions": 3
          }
        ]
      },
      {
        "insertions": 179,
        "deletions": 4,
        "date": "2019-09-30",
        "commitResults": [
          {
            "hash": "92b27e17c2b34c721263e4bb92c0066a3cbe5722",
            "messageTitle": "Added use cases to DG and added logo (#79)",
            "messageBody": "* Added Use cases to DG and added logo\r\n\r\n- Logo files added to repo\r\n- Logo added to DG and UG\r\n\r\n* Edited DeveloperGuide.adoc and logos\r\n\r\n- SVG versions of the logos are now included\r\n\r\n* Added SVG to .gitattributes\r\n\r\n* Added Illustrator file back to repo\r\n\r\n* Added my test cases to the DG\r\n\r\n* Removed an unnecessary period\r\n",
            "insertions": 179,
            "deletions": 4
          }
        ]
      },
      {
        "insertions": 739,
        "deletions": 17,
        "date": "2019-10-13",
        "commitResults": [
          {
            "hash": "cd6183bc200a5ab0e8d1a3b788a5e53868a28210",
            "messageTitle": "Added Tag/Untag Command (#112)",
            "messageBody": "* Tag command added\r\n\r\n* Tag command added\r\n\r\n* Added UntagCommand\r\n\r\n- TagCommand modified\r\n\r\n* Created TagCommand tests\r\n\r\n* Created UntagCommand Tests\r\n\r\n- Modified TagCommand tests\r\n\r\n* Fixed checkstyle\r\n\r\n* Changed Tag/Untag command section in UserGuide slightly\r\n\r\n* Fixed coding standard violations\r\n\r\n* Adjusted some method signature indentations\r\n\r\n* Fixed JavaDocs whitespace\r\n",
            "insertions": 697,
            "deletions": 2
          },
          {
            "hash": "e085c29892fc9dfee75ec5ec896522d0b2b10816",
            "messageTitle": "Added non-alphanumeric exception catch to Tag/Untag commands (#114)",
            "messageBody": "* Tag command added\r\n\r\n* Tag command added\r\n\r\n* Added UntagCommand\r\n\r\n- TagCommand modified\r\n\r\n* Created TagCommand tests\r\n\r\n* Created UntagCommand Tests\r\n\r\n- Modified TagCommand tests\r\n\r\n* Fixed checkstyle\r\n\r\n* Changed Tag/Untag command section in UserGuide slightly\r\n\r\n* Fixed coding standard violations\r\n\r\n* Adjusted some method signature indentations\r\n\r\n* Fixed JavaDocs whitespace\r\n\r\n* Added exception catch for non-alphanumeric tag names\r\n\r\n* Fixed merge\r\n",
            "insertions": 42,
            "deletions": 15
          }
        ]
      },
      {
        "insertions": 62,
        "deletions": 34,
        "date": "2019-10-15",
        "commitResults": [
          {
            "hash": "6a2528a4abb9748210dc0b0d77b05e99cc84a408",
            "messageTitle": "General Bugfix for Tag/Untag (#118)",
            "messageBody": "* Added check for multiple index given for Tag/Untag\r\n\r\n- Added new getSingleValue method in ArgumentMultimap\r\nto get a singular value that is checked for extras\r\n- Added new message format in Messages\r\n\r\n* Changed constant name\r\n\r\n* Fixed unused imports\r\n\r\n* SLAP Tag/Untag Parser\r\n\r\n* Removed unused exception catch\r\n",
            "insertions": 62,
            "deletions": 34
          }
        ]
      },
      {
        "insertions": 2,
        "deletions": 2,
        "date": "2019-10-18",
        "commitResults": [
          {
            "hash": "13aeca2a01d907d5d8c58751f031fc9e174ae8a8",
            "messageTitle": "Fixed Tag/Untag index selection bug (#142)",
            "messageBody": "",
            "insertions": 2,
            "deletions": 2
          }
        ]
      },
      {
        "insertions": 13,
        "deletions": 0,
        "date": "2019-10-19",
        "commitResults": [
          {
            "hash": "ec0802e097b42db1dfda9a49a59652bdcc80fcc6",
            "messageTitle": "Added Tests for getSingleValue() (#151)",
            "messageBody": "* Fixed Tag/Untag index selection bug\r\n\r\n* Added test case for getSingleValue\r\n\r\n* Fixed Checkstyle\r\n\r\n* Added space inside lambda\r\n",
            "insertions": 13,
            "deletions": 0
          }
        ]
      },
      {
        "insertions": 5,
        "deletions": 5,
        "date": "2019-10-20",
        "commitResults": [
          {
            "hash": "10f2082ebf0657b42f9cab88637fdd1926e3e241",
            "messageTitle": "Tag/Untag Filtered List Bugfix (#164)",
            "messageBody": "* Make Tag/Untag work on Filtered Lists\r\n\r\n* Removed redundant GUI update\r\n",
            "insertions": 5,
            "deletions": 5
          }
        ]
      },
      {
        "insertions": 907,
        "deletions": 57,
        "date": "2019-10-22",
        "commitResults": [
          {
            "hash": "8987a55648cf83083828c6616f934af24fbc1111",
            "messageTitle": "Added ConvertCommand with tests (#168)",
            "messageBody": "* Added ConvertCommand with tests\r\n\r\n- Allow for corrupted or empty currency.json\r\n\r\n* Updated Default Currency Mappings\r\n\r\n* Fixed coding standards\r\n\r\n* Added DECIMAL_FORMATTER to format values\r\n\r\n- Rearranged CliSyntax variables in alphabetical order\r\n",
            "insertions": 597,
            "deletions": 18
          },
          {
            "hash": "b25bdc7fb0c53c52831a441cb36b9089e78cdba5",
            "messageTitle": "UGDG Update (#178)",
            "messageBody": "* Diagrams added\r\n\r\n* Updated DG with Tag/Untag\r\n\r\n* Resolved Grandma and added Diagrams\r\n\r\n* More punctuation fixes\r\n",
            "insertions": 310,
            "deletions": 39
          }
        ]
      }
    ],
    "lightz96": [
      {
        "insertions": 13,
        "deletions": 15,
        "date": "2019-09-20",
        "commitResults": [
          {
            "hash": "033b8d7df707602c77069b43fa36aa78a3ffe83c",
            "messageTitle": "Removes SE-EDU branding (#46)",
            "messageBody": "* Removes SE-EDU branding\r\n\r\n* Updates UserGuide and DeveloperGuide\r\n\r\n* Updates travis ci badge\r\n\r\n* Updates appveyor badge\r\n\r\n* Updates appveyor badge\r\n\r\n* Updates coveralls badge\r\n\r\n* Adds netlify badge and removes learning outcomes link\r\n",
            "insertions": 13,
            "deletions": 15
          }
        ]
      },
      {
        "insertions": 301,
        "deletions": 64,
        "date": "2019-09-24",
        "commitResults": [
          {
            "hash": "7d8fc36dad07d60edb57ff7ae732b681fb694608",
            "messageTitle": "Update documentation (#59)",
            "messageBody": "* Adds MIT license and Updates badges logo\r\n\r\n* Updates AboutUs and creates dummy portfolio\r\n\r\n* Update Ui image\r\n\r\n* Update user guide\r\n\r\n* Update aboutus and user guide\r\n\r\n* Update developer guide and minor changes to user guide and aboutus\r\n\r\n* Change to LF\r\n\r\n* Add newline at EOF for my portfolio\r\n",
            "insertions": 301,
            "deletions": 64
          }
        ]
      },
      {
        "insertions": 632,
        "deletions": 1120,
        "date": "2019-09-28",
        "commitResults": [
          {
            "hash": "b6b469dbd4f98ea0ed030f3698f18516b44e7280",
            "messageTitle": "Refactor code and comments from Person to Transaction, Address Book to Thrift (#76)",
            "messageBody": "* Follow up on the comments mentioned in PR #62\r\n\r\n* Remove Person class\r\n\r\n* Removes Address class\r\n\r\n* Removes Phone class\r\n\r\n* Removes Name class\r\n\r\n* Removes Email class\r\n\r\n* Validate the description field in JsonAdaptedTransaction\r\n\r\n* Rename to ThriftBuilder\r\n\r\n* Rename to JsonSerializableThrift\r\n\r\n* Rename from JsonAddressBookStorage to JsonThriftStorage\r\n\r\n* Rename AddressBookStorage to ThriftStorage\r\n\r\n* Rename AddressBookParser to ThriftParser\r\n\r\n* Rename AddressBook to Thrift\r\n\r\n* Change ordering of imports\r\n\r\n* Change ordering of imports\r\n\r\n* Change ordering of imports for tests\r\n\r\n* Rename ReadOnlyAddressBook to ReadOnlyThrift\r\n\r\n* Modify the JsonSerializableAddressBookTest folder name\r\n\r\n* Rename the tests in test/data\r\n\r\n* Rename to Thrift for the logic portion\r\n\r\n* Update UserPrefs to use Thrift instead of Address book\r\n\r\n* Update the userguide url in the app\r\n\r\n* Update the naming for UI\r\n\r\n* Rename withDescription() to withTransaction in ThriftBuilder\r\n\r\n* Rename to Thrift\r\n\r\n* Rename to Transaction instead of Person\r\n\r\n* Update coding standards\r\n\r\n* Rename Person to Transaction, Address Book to Thrift in all JUnit tests\r\n\r\n* Rename to thrift in javadoc\r\n\r\n* Update the icon filepath\r\n\r\n* Added JUnit test for Messages.java\r\n",
            "insertions": 632,
            "deletions": 1120
          }
        ]
      },
      {
        "insertions": 177,
        "deletions": 15,
        "date": "2019-10-01",
        "commitResults": [
          {
            "hash": "fd4ae8d7fae12b82204836c706315bea2e4ae290",
            "messageTitle": "Update Developer Guide and User Guide (#83)",
            "messageBody": "* Removes duplicate commands in command summary and updates the link for undoable commands\r\n\r\n* Adds test cases in DG\r\n\r\n* Adds one more test case for redo command\r\n\r\n* Update formatting for redo and undo test cases\r\n",
            "insertions": 177,
            "deletions": 15
          }
        ]
      },
      {
        "insertions": 385,
        "deletions": 69,
        "date": "2019-10-08",
        "commitResults": [
          {
            "hash": "f909741a24ee14b3befd44960d63b16013ad3df0",
            "messageTitle": "Add undo feature for add_expense command (#90)",
            "messageBody": "* Remove MessageTest\r\n\r\n* Add dummy undocommand\r\n\r\n* Rename persons to transactions\r\n\r\n* Add PastUndoableCommands with the ability to store and retrieve command\r\n\r\n* Add undo feature for add_expense command\r\n",
            "insertions": 385,
            "deletions": 69
          }
        ]
      },
      {
        "insertions": 136,
        "deletions": 4,
        "date": "2019-10-11",
        "commitResults": [
          {
            "hash": "adef72f86f1c96a0ab7bfe119c8eb6688b3efb64",
            "messageTitle": "Undo feature for delete command (#99)",
            "messageBody": "* Add undo feature for delete command\r\n\r\n* Update the test cases\r\n\r\n* Update javadoc\r\n",
            "insertions": 136,
            "deletions": 4
          }
        ]
      },
      {
        "insertions": 730,
        "deletions": 87,
        "date": "2019-10-12",
        "commitResults": [
          {
            "hash": "008026e736f45ee4fc8e1dc970ae50ec5ba650ca",
            "messageTitle": "Undo add_income command (#107)",
            "messageBody": "* Add undo feature for add_income command\r\n\r\n* Add assertion and logging\r\n\r\n* Modify incorrect assertion\r\n",
            "insertions": 105,
            "deletions": 1
          },
          {
            "hash": "8b7aecc73f34c23a130c70fa1bdee3426e44e1a4",
            "messageTitle": "Redo add_expense command (#110)",
            "messageBody": "* Modify the implementation and tests for undo add_expense and add_income\r\n\r\n* Modify the model for redo feature\r\n\r\n* Add dummy RedoCommand\r\n\r\n* Add Redo feature for add_expense command and its corresponding tests\r\n\r\n* Resolve issue raised\r\n",
            "insertions": 435,
            "deletions": 42
          },
          {
            "hash": "6e3a7f3a62805f9e0d52e6392da81ccd1f04f592",
            "messageTitle": "Redo add_income command (#111)",
            "messageBody": "* Add Undo feature for add_income command\r\n\r\n* Remove unused import\r\n\r\n* Display full transaction list after executing undo/redo command\r\n\r\n* Resolves undo feature for delete command bug\r\n\r\n* Updates javadoc and tests\r\n\r\n* Add back the method getLastTransaction()\r\n",
            "insertions": 190,
            "deletions": 44
          }
        ]
      },
      {
        "insertions": 103,
        "deletions": 7,
        "date": "2019-10-13",
        "commitResults": [
          {
            "hash": "25f7a592e6260067ab54c97912ad595a84d00ec8",
            "messageTitle": "Redo delete command (#115)",
            "messageBody": "* Update the badges\r\n\r\n* Redo feature for delete command\r\n",
            "insertions": 103,
            "deletions": 7
          }
        ]
      },
      {
        "insertions": 91,
        "deletions": 5,
        "date": "2019-10-15",
        "commitResults": [
          {
            "hash": "9857680e03923784402db883f0f311bbad07dd55",
            "messageTitle": "Undo and redo feature for Update command (#117)",
            "messageBody": "* Add undo feature for update command\r\n\r\n* Resolve Value#equals bug\r\n\r\n* Add redo feature for update command\r\n\r\n* Resolves typo\r\n",
            "insertions": 91,
            "deletions": 5
          }
        ]
      },
      {
        "insertions": 58,
        "deletions": 0,
        "date": "2019-10-19",
        "commitResults": [
          {
            "hash": "cbf1a7b8d2fb314ae268754f19bed9f4c038243e",
            "messageTitle": "Undo and redo features for clone command (#156)",
            "messageBody": "* Adds undo and redo feature for clone command\r\n\r\n* Removes unused import\r\n",
            "insertions": 58,
            "deletions": 0
          }
        ]
      },
      {
        "insertions": 234,
        "deletions": 40,
        "date": "2019-10-20",
        "commitResults": [
          {
            "hash": "8fe15b372bb25dee1ae664a8b71feadc7e7f665e",
            "messageTitle": "Fix the undo and redo features for update command (#158)",
            "messageBody": "* Fixs bug #152\r\n\r\n* Makes use of requireAllNonNull method instead\r\n",
            "insertions": 34,
            "deletions": 33
          },
          {
            "hash": "db35a940d33b81175e9f573b470069111fd2e5a4",
            "messageTitle": "Undo and redo features for tag command (#159)",
            "messageBody": "* Adds undo feature for tag command and its test\r\n\r\n* Adds redo feature for tag command and its test\r\n\r\n* Refactor code\r\n",
            "insertions": 97,
            "deletions": 4
          },
          {
            "hash": "83f56ba985ebdfe6af6698dcfe2590f8f5753dc3",
            "messageTitle": "Undo and redo feature for untag command (#160)",
            "messageBody": "* Adds undo feature for untag command\r\n\r\n* Adds redo feature for untag command\r\n\r\n* Resolves checkstyle issues\r\n",
            "insertions": 103,
            "deletions": 3
          }
        ]
      },
      {
        "insertions": 251,
        "deletions": 12,
        "date": "2019-10-21",
        "commitResults": [
          {
            "hash": "6662dea18c640e51fc09d8fa39548e91af43b03b",
            "messageTitle": "Allow the user to view usage of a specific command (#167)",
            "messageBody": "* Creates parser for HelpCommand\r\n\r\n* Allows user to view usage of a specific command\r\n",
            "insertions": 251,
            "deletions": 12
          }
        ]
      },
      {
        "insertions": 345,
        "deletions": 18,
        "date": "2019-10-22",
        "commitResults": [
          {
            "hash": "0490c5275962bd207e218618f90d4e7a80fb2797",
            "messageTitle": "Add undo and redo feature implementation in DG (#174)",
            "messageBody": "* Add undo add_expense command sequence diagram\r\n\r\n* Create images for the implementation of undo and redo feature\r\n\r\n* Adds undo and redo implementation\r\n\r\n* Adds sequence diagram for undo feature\r\n\r\n* Adds sequence diagram for redo feature\r\n\r\n* Adds design considerations\r\n\r\n* Adds EOF in diagrams and removes redundant style.puml\r\n\r\n* Update titles in the form of sentence case\r\n\r\n* Edited grammar in the DG and add legends to the DG\r\n\r\n* Update the size of the image\r\n",
            "insertions": 313,
            "deletions": 11
          },
          {
            "hash": "736537a0ef884159ca9eb0ae7d701ccf0d7e3772",
            "messageTitle": "Modify logic class diagram (#181)",
            "messageBody": "* Modify logic class diagram\r\n\r\n* Change Filtering transaction to sentence case\r\n",
            "insertions": 32,
            "deletions": 7
          }
        ]
      },
      {
        "insertions": 386,
        "deletions": 42,
        "date": "2019-10-24",
        "commitResults": [
          {
            "hash": "b5f561df2945f8d0e52979490d398728ba2f8afd",
            "messageTitle": "Update help command (#187)",
            "messageBody": "* Allow users to view usage of the commands\r\n\r\n* Resolves grammar and typo issues\r\n",
            "insertions": 199,
            "deletions": 31
          },
          {
            "hash": "e9307610f2e345b9366037f40113343b20bdedff",
            "messageTitle": "Add undo and redo feature for budget command (#188)",
            "messageBody": "* Add undo and redo feature for budget command\r\n\r\n* Add test cases\r\n",
            "insertions": 187,
            "deletions": 11
          }
        ]
      },
      {
        "insertions": 1010,
        "deletions": 119,
        "date": "2019-10-26",
        "commitResults": [
          {
            "hash": "1816234677abcfc08445bbecbe00a6b6c660b7fa",
            "messageTitle": "Modify UI layout (#193)",
            "messageBody": "* Changes UI to use white theme\r\n\r\n* Add cards to the UI\r\n\r\n* Update the monthly budget, monthly date, montly balance in the UI\r\n\r\n* Update filter text when user executes find or list command\r\n\r\n* Provide up-to-date expense for current month\r\n\r\n* Provide up-to-date income for current month\r\n\r\n* Fix minor layout in listview cell\r\n\r\n* Modify colour to ensure that it is consistent\r\n\r\n* Add newline at EOF\r\n\r\n* Add the word \u0027Budget\u0027 to the UI\r\n\r\n* Add test for ModelManager\r\n\r\n* Removes unused import\r\n",
            "insertions": 1010,
            "deletions": 119
          }
        ]
      }
    ],
    "lye-jw": [
      {
        "insertions": 132,
        "deletions": 10,
        "date": "2019-09-26",
        "commitResults": [
          {
            "hash": "2ecf4e593585ff697912a9054c516c736fd8e521",
            "messageTitle": "Update AboutUs.adoc and UserGuide.adoc (Jian Wen) (#56)",
            "messageBody": "* Update AboutUs.doc (Jian Wen)\r\n\r\n* Update UserGuide.adoc\r\n\r\n* Update lye-jw.adoc Portfolio file\r\n\r\n* Refine UserGuide\r\n\r\n* Fix checkStyle issue\r\n",
            "insertions": 132,
            "deletions": 10
          }
        ]
      },
      {
        "insertions": 47,
        "deletions": 8,
        "date": "2019-09-28",
        "commitResults": [
          {
            "hash": "f262476f923fe004edabb9770436f962f7b5d7fa",
            "messageTitle": "Add on Update and Clone use cases in DeveloperGuide (#77)",
            "messageBody": "",
            "insertions": 47,
            "deletions": 8
          }
        ]
      },
      {
        "insertions": 32,
        "deletions": 0,
        "date": "2019-09-29",
        "commitResults": [
          {
            "hash": "8edc9f1340a8254f55686fa15c210843c63f36bc",
            "messageTitle": "Add test cases for update and clone in DeveloperGuide (#78)",
            "messageBody": "",
            "insertions": 32,
            "deletions": 0
          }
        ]
      },
      {
        "insertions": 325,
        "deletions": 290,
        "date": "2019-10-10",
        "commitResults": [
          {
            "hash": "12569ab95c4b7e0ca2b6c73f74f94df8a0241c1e",
            "messageTitle": "Refactor Edit to Update and modify EditCommand syntax (#94)",
            "messageBody": "* Refactor instances of edit \u0026 classes to update\r\n\r\n* Refactor Edit to Update and modify update syntax\r\n\r\n* Modify tests to reflect changes in syntax\r\n\r\n* Fix checkstyle issues\r\n\r\n* Add 2 new use cases to DeveloperGuide\r\n\r\n* Fix issues raised in review\r\n",
            "insertions": 325,
            "deletions": 290
          }
        ]
      },
      {
        "insertions": 36,
        "deletions": 18,
        "date": "2019-10-12",
        "commitResults": [
          {
            "hash": "abaf355a1511d9119a363dc46daa8baa28e2c074",
            "messageTitle": "Include original transaction in status message after update (#102)",
            "messageBody": "* Refactor instances of edit \u0026 classes to update\r\n\r\n* Refactor Edit to Update and modify update syntax\r\n\r\n* Modify tests to reflect changes in syntax\r\n\r\n* Fix checkstyle issues\r\n\r\n* Add 2 new use cases to DeveloperGuide\r\n\r\n* Fix issues raised in review\r\n\r\n* Display original transaction of updated transaction in status message\r\n\r\n* Update failing tests\r\n",
            "insertions": 36,
            "deletions": 18
          }
        ]
      },
      {
        "insertions": 58,
        "deletions": 13,
        "date": "2019-10-13",
        "commitResults": [
          {
            "hash": "02ffd5147a0d628c6649825617a2d03c57f228e3",
            "messageTitle": "Improve UI indication for update operation (#113)",
            "messageBody": "* Implement scroll to TransactionCard of transaction after update\r\n\r\n* Add correct implementation of scroll to updated item UI feature\r\n\r\n* Rectify failing tests and checkstyle issues\r\n\r\n* Fix issues raised by reviews reviewed\r\n",
            "insertions": 58,
            "deletions": 13
          }
        ]
      },
      {
        "insertions": 41,
        "deletions": 40,
        "date": "2019-10-15",
        "commitResults": [
          {
            "hash": "62697288f14eff2646a319633792a6e4898ceae1",
            "messageTitle": "Fix and add new tests for Update",
            "messageBody": "",
            "insertions": 41,
            "deletions": 40
          }
        ]
      },
      {
        "insertions": 335,
        "deletions": 2,
        "date": "2019-10-18",
        "commitResults": [
          {
            "hash": "2d3ff571d5490cdadf011eb1d59ba777af82d832",
            "messageTitle": "Create classes for Clone command and related JUnit tests (#141)",
            "messageBody": "* Implement CloneCommand and CloneCommandParser classes\r\n\r\n* Create CloneCommandTest and CloneCommandParser classes containing JUnit tests\r\n\r\n* Fix issues raised by reviews \u0026 updated UserGuide\r\n",
            "insertions": 335,
            "deletions": 2
          }
        ]
      },
      {
        "insertions": 40,
        "deletions": 9,
        "date": "2019-10-19",
        "commitResults": [
          {
            "hash": "ce3818e621d2a61d18ba88f35138f8035febe8c2",
            "messageTitle": "Add more tests for Parser classes to increase code coverage (#148)",
            "messageBody": "* add test cases for some parser classes\r\n\r\n* Add more tests and fix import errors\r\n\r\n* Fix minor Javadoc comment typo\r\n",
            "insertions": 40,
            "deletions": 9
          }
        ]
      },
      {
        "insertions": 70,
        "deletions": 53,
        "date": "2019-10-21",
        "commitResults": [
          {
            "hash": "0c480d643c62b6317e531a86175b2740bcdd5ec8",
            "messageTitle": "Refactor Commands into scrolling and non-scrolling types (#150)",
            "messageBody": "* Refactor Commands into scrolling \u0026 non-scrolling types\r\n\r\n* Fix incorrect details in Javadoc comments\r\n\r\n* Refactor BudgetCommand to subclass of NonScrollingCommand\r\n\r\n* Fix checkstyle issues\r\n",
            "insertions": 70,
            "deletions": 53
          }
        ]
      },
      {
        "insertions": 163,
        "deletions": 86,
        "date": "2019-10-22",
        "commitResults": [
          {
            "hash": "17ee77dd83eba9c24e972209d1915fc37f766af5",
            "messageTitle": "Added Update command implementation to DevGuide for 1.3 (#180)",
            "messageBody": "* Add implementation of Update command to DevGuide\r\n\r\n* Add Design Considerations to Update command section in DevGuide\r\n\r\n* Fix DevGuide casing differences in subsection titles\r\n\r\n* Fix DevGuide Update subsection casing\r\n",
            "insertions": 163,
            "deletions": 86
          }
        ]
      },
      {
        "insertions": 43,
        "deletions": 44,
        "date": "2019-10-26",
        "commitResults": [
          {
            "hash": "960304b0e402d99000101d2909b2dd447754fbfc",
            "messageTitle": "Complete Clone and Update commands (#190)",
            "messageBody": "* Complete Clone and Update commands\r\n- Clone: Implement UI scrolling to cloned item\r\n- Update: Disallow repeated prefixes in command\r\n\r\n* Include checks for existence of cloned and updated transactions during UI scrolling\r\n",
            "insertions": 43,
            "deletions": 44
          }
        ]
      }
    ],
    "kensonoenqh": [
      {
        "insertions": 50,
        "deletions": 0,
        "date": "2019-09-26",
        "commitResults": [
          {
            "hash": "7fe651d7ca0b7ed5aeafe7e7219b6b6c18f6088e",
            "messageTitle": "Updated developer guide with one use case (#64)",
            "messageBody": "* Updated developer guide with one use case\r\n\r\n* Commit the image file that i forgot.\r\n",
            "insertions": 20,
            "deletions": 0
          },
          {
            "hash": "a0cad8267c4bb7bcb93cd64611fa396f0950d19f",
            "messageTitle": "Updated UserGuide.adoc and AboutUs.adoc (#63)",
            "messageBody": "* Updated UserGuide.adoc and AboutUs.adoc\r\n\r\n* removed remaining budget line in userguide as per jiahaos suggestion.\r\n\r\n* Fixed typo, also edited help command because i edited it by mistake before.\r\n\r\n* Fixed typo from resolving conflict in UserGuide\r\n\r\n* Added one new line to end of userguide\r\n\r\n* Improved user guide for format\r\n",
            "insertions": 30,
            "deletions": 0
          }
        ]
      },
      {
        "insertions": 19,
        "deletions": 17,
        "date": "2019-09-30",
        "commitResults": [
          {
            "hash": "4b5c7cb6aa5cf06a6243786ce94f2f4c7fb10f89",
            "messageTitle": "Kenson-DG (#80)",
            "messageBody": "* Updated developer guide with one use case\r\n\r\n* Commit the image file that i forgot.\r\n\r\n* Added my test cases for listing transactions.\r\n\r\n* Resolved the rest of the conflicts i missed out, and edited tagging a little (seems like some error conflict)\r\n\r\n* Edited a few typos and errors.\r\n\r\n* Remove monthly expenses\r\n\r\n* added +s to follow formatting\r\n\r\n* removed fullstop\r\n",
            "insertions": 19,
            "deletions": 17
          }
        ]
      },
      {
        "insertions": 52,
        "deletions": 1,
        "date": "2019-10-15",
        "commitResults": [
          {
            "hash": "ee2a07830ad2b03b56f22a3dbf34d059bb61db0c",
            "messageTitle": "Kenson list extension (#119)",
            "messageBody": "* added ListCommandParser to read arguments after command \"list\"\r\n\r\n* Further edit listcommand to return exceptions when bad input or wrong prefixes are used.\r\n\r\n* Cleaned up ListCommand to make 1.3 changes easier.\r\n\r\n* Tried to SLAP parse by creating getCommand. edited the conditions to make it more clean..\r\n\r\n* Changed getCommand to private.\r\n",
            "insertions": 52,
            "deletions": 1
          }
        ]
      },
      {
        "insertions": 116,
        "deletions": 19,
        "date": "2019-10-22",
        "commitResults": [
          {
            "hash": "f8e06ded3d40d0d1848d2e7b32185850231097eb",
            "messageTitle": "Kenson list command1.3 (#175)",
            "messageBody": "* Rewrote listcommand to improve logic and actually throw correct exception for wrong month user input.\r\n\r\n* edited one old test case and added some comments to understand code easier.\r\n\r\n* Cleaned up some repetitive code snippets.\r\n",
            "insertions": 56,
            "deletions": 19
          },
          {
            "hash": "7e16bfdb3bce7682b3cbbee8e98aec9b165f7610",
            "messageTitle": "Updated the DG to include diagram and the filtering transactions feature (#179)",
            "messageBody": "* Updated DG to include 1 diagram and the filtering transactions feature\r\n\r\n* Added my diagram to the images folder.\r\n\r\n* Improved grammar, edited the diagram slightly.\r\n\r\n* changed predicates to **predicates** also updated the listactivitydiagram a lil.\r\n\r\n* Straightened the lines in my activity diagram.\r\n\r\n* marked up predicates and edited activity diagram.\r\n",
            "insertions": 60,
            "deletions": 0
          }
        ]
      }
    ]
  },
  "authorFinalContributionMap": {
    "limerencee": 6608,
    "krusagiz": 1860,
    "lightz96": 4439,
    "lye-jw": 1138,
    "kensonoenqh": 196
  },
  "authorFileTypeContributionMap": {
    "limerencee": {
      "docs": 382,
      "tests": 2849,
      "functional": 3102,
      "other": 275
    },
    "krusagiz": {
      "docs": 346,
      "tests": 566,
      "functional": 772,
      "other": 176
    },
    "lightz96": {
      "docs": 542,
      "tests": 1684,
      "functional": 1982,
      "other": 231
    },
    "lye-jw": {
      "docs": 254,
      "tests": 470,
      "functional": 317,
      "other": 97
    },
    "kensonoenqh": {
      "docs": 95,
      "tests": 1,
      "functional": 88,
      "other": 12
    }
  },
  "authorContributionVariance": {
    "limerencee": 1229513.5,
    "krusagiz": 28762.326,
    "lightz96": 99442.234,
    "lye-jw": 10729.659,
    "kensonoenqh": 457.99854
  },
  "authorDisplayNameMap": {
    "limerencee": "CS2103T-W12-2 POH J ... A HAO",
    "krusagiz": "CS2103T-W12-2 ANG C ... ELVIN",
    "lightz96": "CS2103T-W12-2 LEE B ... QIANG",
    "lye-jw": "CS2103T-W12-2 LYE J ... N WEN",
    "kensonoenqh": "CS2103T-W12-2 OEN Q ... ENSON"
  }
}
