{
  "authorDailyContributionsMap": {
    "shawnkoh": [
      {
        "insertions": 390,
        "deletions": 0,
        "date": "2019-10-08",
        "commitResults": [
          {
            "hash": "dc0932ddd387c812a75b8054f45cbd7d4208e4a9",
            "messageTitle": "Set up models (#24)",
            "messageBody": "* Set up models\r\n\r\n* Remove attempt and participation models\r\n",
            "insertions": 390,
            "deletions": 0
          }
        ]
      },
      {
        "insertions": 142,
        "deletions": 1,
        "date": "2019-10-30",
        "commitResults": [
          {
            "hash": "e98b49b84463936bdb19e48648c9327d6c22f919",
            "messageTitle": "Add overall rank command (#56)",
            "messageBody": "",
            "insertions": 142,
            "deletions": 1
          }
        ]
      }
    ],
    "belbel98": [
      {
        "insertions": 521,
        "deletions": 289,
        "date": "2019-09-30",
        "commitResults": [
          {
            "hash": "aae6a55cebd718d46754c004ec79b3421783f764",
            "messageTitle": "Update Project Website (#4)",
            "messageBody": "* Update project website\r\n\r\nSpecifically the AboutUs, ContactUs, and README page.\r\n\r\n* Edit AboutUs page\r\n\r\nChanged \u0027prof\u0027 to \u0027professor\u0027\r\nMade changes to responsibilities, and added component ic for everyone.\r\n",
            "insertions": 52,
            "deletions": 258
          },
          {
            "hash": "f7d6ca2480c96df459afd223376593b438f58aba",
            "messageTitle": "Tutorial adding command (#9)",
            "messageBody": "* Update .gitignore\r\n\r\n* Enhance RemarkCommand\r\n\r\nCompleted steps up till this step on the tutorial\r\n\r\n* Add Remark class to the model\r\n\r\n* Add placeholder element for remark to the UI\r\n\r\n* Modify Person to support Remark field\r\n\r\n* Update Storage\r\n\r\nAdd Remark field to JsonAdaptedPerson class\r\n\r\n* Finalise UI - Connect Remark field to PersonCard\r\n\r\n* Modify RemarkCommand execute() method\r\n",
            "insertions": 469,
            "deletions": 31
          }
        ]
      },
      {
        "insertions": 234,
        "deletions": 19,
        "date": "2019-10-08",
        "commitResults": [
          {
            "hash": "0ca2f9938664fcbd3edd31351d3f955e914ef352",
            "messageTitle": "Participation Component (#26)",
            "messageBody": "* Update .gitignore\r\n\r\nto exclude all .iml files\r\n\r\n* Create Attempt and Participation packages\r\n\r\n* Remove trailing white spaces in UserGuide.adoc\r\n",
            "insertions": 234,
            "deletions": 19
          }
        ]
      },
      {
        "insertions": 124,
        "deletions": 12,
        "date": "2019-10-15",
        "commitResults": [
          {
            "hash": "3f04365ab5b8f62fe6a0470a78d7690645f109ac",
            "messageTitle": "Set up Attempt, Exercise, Participation Components (#27)",
            "messageBody": "* Create ObservableList for the different Attempts\r\n\r\n* Add Exceptions\r\n\r\n* Change Attempt, Exercise, Participation classes\r\n\r\nas well as updated changes to review PR\r\n\r\n* Optimise imports\r\n\r\n* Minor changes\r\n\r\n* Add JavaDoc Comment in Participation.java\r\n",
            "insertions": 124,
            "deletions": 12
          }
        ]
      },
      {
        "insertions": 17,
        "deletions": 57,
        "date": "2019-10-17",
        "commitResults": [
          {
            "hash": "dd4f1b3c62e95061c42783bbb24fec3ef7ebe57a",
            "messageTitle": "Remove unnecessary commands in the User Guide",
            "messageBody": "For the participation feature",
            "insertions": 17,
            "deletions": 57
          }
        ]
      },
      {
        "insertions": 25,
        "deletions": 14,
        "date": "2019-10-18",
        "commitResults": [
          {
            "hash": "394da1f8519c1075686dc5b1ce0a0cfd52a67a30",
            "messageTitle": "Update UserGuide.adoc",
            "messageBody": "",
            "insertions": 25,
            "deletions": 14
          }
        ]
      },
      {
        "insertions": 349,
        "deletions": 6,
        "date": "2019-10-22",
        "commitResults": [
          {
            "hash": "96090d7f3b0eccb0e5d6f6168919795e09126c3d",
            "messageTitle": "Participation lists (#43)",
            "messageBody": "* Create list participation command and parser\r\n\r\n* Optimise imports for checkstyle\r\n\r\n* Add alternate command result\r\n\r\n* Add ListPartCommandParserTest\r\n\r\n* checkstyle fix\r\n\r\n* Add method to get the top attempts in Participation.java\r\n\r\n* Added front end to display participation list\r\n\r\n* Add empty constructor for ListPartCommand\r\n\r\n* Fix attempt creation from json file issue\r\n\r\n* Update ListPartCommandParserTest.java\r\n\r\nremoved tests for the tests which were not working..\r\n\r\n* checkstyleTest fix\r\n\r\n* Combined methods to getThreeLiftScore()\r\n\r\n* Regroup methods in Participation.java\r\n",
            "insertions": 349,
            "deletions": 6
          }
        ]
      },
      {
        "insertions": 31,
        "deletions": 19,
        "date": "2019-10-24",
        "commitResults": [
          {
            "hash": "c367a20454a18de7bc4c4d083834524fc6ac8f58",
            "messageTitle": "Update Session commands on UG",
            "messageBody": "",
            "insertions": 20,
            "deletions": 19
          },
          {
            "hash": "60619c3bd74570bbce58509c6afe4892156ef92d",
            "messageTitle": "Update command for Session Handling",
            "messageBody": "",
            "insertions": 11,
            "deletions": 0
          }
        ]
      },
      {
        "insertions": 10,
        "deletions": 34,
        "date": "2019-10-28",
        "commitResults": [
          {
            "hash": "23d3baf2698907651b391791aa8560ea5fab9209",
            "messageTitle": "Update UserGuide for correct session handling commands (#47)",
            "messageBody": "",
            "insertions": 10,
            "deletions": 34
          }
        ]
      },
      {
        "insertions": 1116,
        "deletions": 30,
        "date": "2019-10-29",
        "commitResults": [
          {
            "hash": "0b621a50ce56bf16ece1299ece27cbfa0116ff4f",
            "messageTitle": "Session Handling (#48)",
            "messageBody": "* Create Session package\r\n\r\n* Update Participation.java\r\n\r\n* Update UserGuide.adoc\r\n\r\n* Change constructor parameter for Session\r\n\r\n* Setup Session component\r\n\r\n* Create runtime exceptions\r\n\r\n* Add commands to handle session\r\n\r\n* Fix session handling\r\n\r\nSession can now import participations with preloaded attempts, and can continue the previous session from where they are left off.\r\n\r\n* Fix import order for checkstyle\r\n\r\n* Add ObservableValue for SessionInformation to be displayed on frontend\r\n\r\n* Revert \"Add ObservableValue for SessionInformation to be displayed on frontend\"\r\n\r\nThis reverts commit 9a91c3ac2b3b5da44561dfeb2793a66450ff02ed.\r\n\r\n* Allow session to display following lifter and attempt\r\n\r\n* Remove LoadAttemptsCommand, add AddPartCommand\r\n\r\nattempt submission will be required when creating new participation.\r\n\r\n* Update Model and ModelManager\r\n\r\n* Fix checkstyle and optimise imports\r\n\r\n* Optimise imports\r\n",
            "insertions": 1116,
            "deletions": 30
          }
        ]
      },
      {
        "insertions": 76,
        "deletions": 17,
        "date": "2019-10-30",
        "commitResults": [
          {
            "hash": "0baa419737c7df9d72d338f307a4a14ec5253ef5",
            "messageTitle": "Update session command result, create package for competition in logic (#50)",
            "messageBody": "",
            "insertions": 76,
            "deletions": 17
          }
        ]
      }
    ],
    "HoWeiChin": [
      {
        "insertions": 180,
        "deletions": 103,
        "date": "2019-10-02",
        "commitResults": [
          {
            "hash": "03981b564e0bb1d3b3d1f06956caff4a59c1f449",
            "messageTitle": "User guide for powerlifting coordinator  (#22)",
            "messageBody": "* Update UserGuide.adoc\r\n\r\n* Update UserGuide.adoc\r\n\r\n* Update UserGuide.adoc\r\n\r\n* Update UserGuide.adoc\r\n\r\n* Update UserGuide.adoc\r\n\r\n* Update UserGuide.adoc\r\n\r\n* Update UserGuide.adoc\r\n\r\n* Update UserGuide.adoc\r\n\r\n* Update UserGuide.adoc\r\n\r\n* Update UserGuide.adoc\r\n\r\n* Update UserGuide.adoc\r\n\r\n* Update UserGuide.adoc\r\n\r\n* Update UserGuide.adoc\r\n\r\n* Update UserGuide.adoc\r\n\r\n* Update UserGuide.adoc\r\n\r\n* Update UserGuide.adoc\r\n\r\n* Update UserGuide.adoc\r\n\r\n* Update UserGuide.adoc\r\n\r\n* Update UserGuide.adoc\r\n",
            "insertions": 180,
            "deletions": 103
          }
        ]
      },
      {
        "insertions": 2,
        "deletions": 0,
        "date": "2019-10-09",
        "commitResults": [
          {
            "hash": "943b13a053367f3d45e1a724ff922f8f1a74abe2",
            "messageTitle": "Update user guide (#30)",
            "messageBody": "* Ui.png added to UG\r\n\r\n* Ui.png added to UG with space\r\n\r\n* New Ui.png\r\n\r\n* Delete Ui.png\r\n\r\n* Add files via upload\r\n",
            "insertions": 2,
            "deletions": 0
          }
        ]
      },
      {
        "insertions": 485,
        "deletions": 957,
        "date": "2019-10-16",
        "commitResults": [
          {
            "hash": "284ef5bc2ddb33e420ea78fd35e6fb9b226303ab",
            "messageTitle": "Person class changes propagated (#35)",
            "messageBody": "* Person class changes propagated\r\n\r\nUpdate code to pass checkstyle\r\n\r\nFixed customDate equals method\r\n\r\nChange name from String to Name class\r\n\r\nUpdate tests due to changes in Person class\r\n\r\n* Update src/main/java/seedu/address/model/person/CustomDate.java\r\n\r\nCo-Authored-By: Christabel \u003c50402053+belbel98@users.noreply.github.com\u003e\r\n",
            "insertions": 485,
            "deletions": 957
          }
        ]
      },
      {
        "insertions": 666,
        "deletions": 22,
        "date": "2019-10-21",
        "commitResults": [
          {
            "hash": "a8f1f51753b75da02d2a917b6b189f9cd7334904",
            "messageTitle": "New comp features (#44)",
            "messageBody": "* New Branch\r\n\r\n* CRUD for Competitions\r\n\r\n* CRUD added to front end\r\n\r\n* Remove trailing whitespace from user guide\r\n",
            "insertions": 666,
            "deletions": 22
          }
        ]
      },
      {
        "insertions": 46,
        "deletions": 0,
        "date": "2019-10-24",
        "commitResults": [
          {
            "hash": "7094d7db59c8dc88e16baebc2e00b05f39530286",
            "messageTitle": "CRUD for Competitions added",
            "messageBody": "",
            "insertions": 46,
            "deletions": 0
          }
        ]
      },
      {
        "insertions": 4,
        "deletions": 4,
        "date": "2019-10-28",
        "commitResults": [
          {
            "hash": "6f593b1017c9898c43ca257323a69e456a3492b3",
            "messageTitle": "Update UserGuide.adoc",
            "messageBody": "",
            "insertions": 1,
            "deletions": 1
          },
          {
            "hash": "3b54180e8ddfa20e95fb1522f73ef67026c129fb",
            "messageTitle": "Update UserGuide.adoc",
            "messageBody": "",
            "insertions": 3,
            "deletions": 3
          }
        ]
      },
      {
        "insertions": 268,
        "deletions": 13,
        "date": "2019-10-30",
        "commitResults": [
          {
            "hash": "64352befaf8fe3703b88ee3b027bedf5c5f48d6e",
            "messageTitle": "New comp features (#49)",
            "messageBody": "* New Branch\r\n\r\n* CRUD for Competitions\r\n\r\n* CRUD added to front end\r\n\r\n* UserGuide.adoc fixed\r\n\r\n* checks start/end dates\r\n\r\n* Ranking added\r\n\r\n* Ranking modified\r\n\r\n* Tests issues resolved\r\n\r\n* additional changes made as per pr comments\r\n\r\n* rebased and test bug fixes\r\n",
            "insertions": 268,
            "deletions": 13
          }
        ]
      },
      {
        "insertions": 153,
        "deletions": 154,
        "date": "2019-10-31",
        "commitResults": [
          {
            "hash": "f8be4371f92ef5a269402ea958cb822b7e32e886",
            "messageTitle": "Change UI and other minor adjustments (#60)",
            "messageBody": "* New Branch\r\n\r\n* CRUD for Competitions\r\n\r\n* CRUD added to front end\r\n\r\n* UserGuide.adoc fixed\r\n\r\n* checks start/end dates\r\n\r\n* additional changes made as per pr comments\r\n\r\n* UI changes\r\n",
            "insertions": 19,
            "deletions": 9
          },
          {
            "hash": "0647c8100ab74dc299cba6cae05f4ef2d0f0ac7e",
            "messageTitle": "Update UserGuide.adoc",
            "messageBody": "",
            "insertions": 2,
            "deletions": 0
          },
          {
            "hash": "71162a6c16452c950dd952c7a725bf69456bc377",
            "messageTitle": "Update UserGuide.adoc",
            "messageBody": "",
            "insertions": 2,
            "deletions": 2
          },
          {
            "hash": "2621e4a94bca8b61654181ce6d1a97a7739fc600",
            "messageTitle": "Update UserGuide.adoc",
            "messageBody": "",
            "insertions": 2,
            "deletions": 2
          },
          {
            "hash": "7a0a9cd91ba4d8185f4573b716a810815a5ec2b3",
            "messageTitle": "Update UserGuide.adoc",
            "messageBody": "",
            "insertions": 1,
            "deletions": 1
          },
          {
            "hash": "e28ba055b89a6fb039625908c7acf7e731d4d823",
            "messageTitle": "Update UserGuide.adoc",
            "messageBody": "",
            "insertions": 21,
            "deletions": 60
          },
          {
            "hash": "453e748a5658350f41d43263fdcf303a22d635e2",
            "messageTitle": "Update UserGuide.adoc",
            "messageBody": "",
            "insertions": 3,
            "deletions": 0
          },
          {
            "hash": "47d27da4b600a5da6836d70dd44bbdbc115c54e3",
            "messageTitle": "Update UserGuide.adoc",
            "messageBody": "",
            "insertions": 3,
            "deletions": 1
          },
          {
            "hash": "b33c6e3a4c145f137b45ae49a0bd741a27c129e8",
            "messageTitle": "Update UserGuide.adoc",
            "messageBody": "",
            "insertions": 57,
            "deletions": 44
          },
          {
            "hash": "e44b9bec9df68eff3e6d17fd611af9128583aacf",
            "messageTitle": "Update UserGuide.adoc",
            "messageBody": "",
            "insertions": 6,
            "deletions": 6
          },
          {
            "hash": "229f614c1e49c139e191ad13abc167b7faf1ab9e",
            "messageTitle": "Update UserGuide.adoc",
            "messageBody": "",
            "insertions": 2,
            "deletions": 0
          },
          {
            "hash": "c864ff024f9bc9eefcb32c603d72493d6a8873be",
            "messageTitle": "Update UserGuide.adoc",
            "messageBody": "",
            "insertions": 2,
            "deletions": 0
          },
          {
            "hash": "1d827b07449ff1a11f04e45748003303a4a3cd51",
            "messageTitle": "Update UserGuide.adoc",
            "messageBody": "",
            "insertions": 5,
            "deletions": 0
          },
          {
            "hash": "c9f03d1713106ef1832412b561e9752062507588",
            "messageTitle": "Update UserGuide.adoc",
            "messageBody": "",
            "insertions": 16,
            "deletions": 1
          },
          {
            "hash": "1a5cb011a5a6a0f163d66810f18af8ede2979f13",
            "messageTitle": "Update UserGuide.adoc",
            "messageBody": "",
            "insertions": 1,
            "deletions": 1
          },
          {
            "hash": "3d1613d8c64895b2f9be58b99780398a3925b449",
            "messageTitle": "Update UserGuide.adoc",
            "messageBody": "",
            "insertions": 0,
            "deletions": 21
          },
          {
            "hash": "ae70f339ecf3ed80b3d32f49469ac8b6ee8c43dd",
            "messageTitle": "Update UserGuide.adoc",
            "messageBody": "",
            "insertions": 11,
            "deletions": 6
          }
        ]
      }
    ],
    "ooimingsheng": [
      {
        "insertions": 1,
        "deletions": 1,
        "date": "2019-09-14",
        "commitResults": [
          {
            "hash": "0988274316006181a309853c3b943327f8e2e6e8",
            "messageTitle": "Update ReadMe Build Status badge",
            "messageBody": "",
            "insertions": 1,
            "deletions": 1
          }
        ]
      },
      {
        "insertions": 1,
        "deletions": 2,
        "date": "2019-09-15",
        "commitResults": [
          {
            "hash": "de717597f7f040d5c357a321b111db5ff9eb13df",
            "messageTitle": "Remove codacy badge to test travis enabling auto-publishing of documentation",
            "messageBody": "",
            "insertions": 1,
            "deletions": 2
          }
        ]
      },
      {
        "insertions": 669,
        "deletions": 500,
        "date": "2019-09-30",
        "commitResults": [
          {
            "hash": "d2c2dcf035178d48d493f3cd0a8b4e51ce1370b7",
            "messageTitle": "Revert \"Tutorial adding command (#9)\" (#10)",
            "messageBody": "This reverts commit f7d6ca2480c96df459afd223376593b438f58aba.",
            "insertions": 31,
            "deletions": 469
          },
          {
            "hash": "4699ee0d7a978f70fdc3e2c103ace229a2ad5edf",
            "messageTitle": "Edit developer guide (#3)",
            "messageBody": "* Change repo url\r\n\r\n* Update developer guide to include user stories, user profile,  non-functional requirements, use cases\r\n\r\n* Edit repository URL\r\n\r\n* Edit repository URL to correct URL\r\n\r\nsorry the previous commit was incorrect\r\n",
            "insertions": 638,
            "deletions": 31
          }
        ]
      },
      {
        "insertions": 253,
        "deletions": 659,
        "date": "2019-10-10",
        "commitResults": [
          {
            "hash": "4ae810bd8356f62e85daee84cb4b20b4ee82f4bc",
            "messageTitle": "Abstract out unique lists and exceptions (#32)",
            "messageBody": "",
            "insertions": 253,
            "deletions": 659
          }
        ]
      },
      {
        "insertions": 1881,
        "deletions": 724,
        "date": "2019-10-15",
        "commitResults": [
          {
            "hash": "8cc6a4b434fa4d6f675ab62dbcb115937985bf33",
            "messageTitle": "Create storage for multiple classes (#34)",
            "messageBody": "* Make generic storage\r\n\r\n* Add Json classes for participation and competition\r\n",
            "insertions": 1881,
            "deletions": 724
          }
        ]
      },
      {
        "insertions": 437,
        "deletions": 171,
        "date": "2019-10-16",
        "commitResults": [
          {
            "hash": "bb6d0452c29218df2152eab2a221445a0d58487b",
            "messageTitle": "Refactor participation class and include JSON storage for participation class (#38)",
            "messageBody": "* Refactor participation class\r\n\r\n* Add participation data storage\r\n",
            "insertions": 437,
            "deletions": 171
          }
        ]
      },
      {
        "insertions": 24,
        "deletions": 0,
        "date": "2019-10-21",
        "commitResults": [
          {
            "hash": "54bfd5489943a34d5fa26718ad99181eeb0bb8af",
            "messageTitle": "Add scoring methods (#45)",
            "messageBody": "",
            "insertions": 24,
            "deletions": 0
          }
        ]
      },
      {
        "insertions": 2426,
        "deletions": 2097,
        "date": "2019-10-30",
        "commitResults": [
          {
            "hash": "5b3ef18b9e587b03216c0937f06bbd45f08ca896",
            "messageTitle": "Scope commands to in/out of session (#51)",
            "messageBody": "",
            "insertions": 965,
            "deletions": 350
          },
          {
            "hash": "dc31afcaf47f39e424cff5022d243350f200150d",
            "messageTitle": "Refactor file structure and names (#53)",
            "messageBody": "",
            "insertions": 1229,
            "deletions": 1667
          },
          {
            "hash": "8fc887e7096f9a32fff186f13b10bfa739cab96d",
            "messageTitle": "Add show hide abilities (#54)",
            "messageBody": "",
            "insertions": 232,
            "deletions": 80
          }
        ]
      },
      {
        "insertions": 337,
        "deletions": 162,
        "date": "2019-10-31",
        "commitResults": [
          {
            "hash": "b32312252610d09887f259e6e0e7587153ee123e",
            "messageTitle": "Make ranklist command (#59)",
            "messageBody": "",
            "insertions": 337,
            "deletions": 162
          }
        ]
      }
    ]
  },
  "authorFinalContributionMap": {
    "shawnkoh": 172,
    "belbel98": 1405,
    "HoWeiChin": 885,
    "ooimingsheng": 5380
  },
  "authorFileTypeContributionMap": {
    "shawnkoh": {
      "docs": 0,
      "tests": 10,
      "functional": 162
    },
    "belbel98": {
      "docs": 106,
      "tests": 55,
      "functional": 1244
    },
    "HoWeiChin": {
      "docs": 153,
      "tests": 196,
      "functional": 536
    },
    "ooimingsheng": {
      "docs": 640,
      "tests": 1192,
      "functional": 3547,
      "other": 1
    }
  },
  "authorContributionVariance": {
    "shawnkoh": 2990.6443,
    "belbel98": 36380.594,
    "HoWeiChin": 47166.277,
    "ooimingsheng": 502679.7
  },
  "authorDisplayNameMap": {
    "shawnkoh": "CS2103-T11-3 KOH Z ... SHAWN",
    "belbel98": "CS2103-T11-3 CHRIS ...  TENG",
    "HoWeiChin": "CS2103-T11-3 HO WE ...  CHIN",
    "ooimingsheng": "CS2103-T11-3 OOI M ... SHENG"
  }
}
