{
  "authorDailyContributionsMap": {
    "shawnkoh": [
      {
        "insertions": 390,
        "deletions": 0,
        "date": "2019-10-08",
        "commitResults": [
          {
            "hash": "dc0932ddd387c812a75b8054f45cbd7d4208e4a9",
            "messageTitle": "Set up models (#24)",
            "messageBody": "* Set up models\r\n\r\n* Remove attempt and participation models\r\n",
            "insertions": 390,
            "deletions": 0
          }
        ]
      },
      {
        "insertions": 142,
        "deletions": 1,
        "date": "2019-10-30",
        "commitResults": [
          {
            "hash": "e98b49b84463936bdb19e48648c9327d6c22f919",
            "messageTitle": "Add overall rank command (#56)",
            "messageBody": "",
            "insertions": 142,
            "deletions": 1
          }
        ]
      }
    ],
    "belbel98": [
      {
        "insertions": 521,
        "deletions": 289,
        "date": "2019-09-30",
        "commitResults": [
          {
            "hash": "aae6a55cebd718d46754c004ec79b3421783f764",
            "messageTitle": "Update Project Website (#4)",
            "messageBody": "* Update project website\r\n\r\nSpecifically the AboutUs, ContactUs, and README page.\r\n\r\n* Edit AboutUs page\r\n\r\nChanged \u0027prof\u0027 to \u0027professor\u0027\r\nMade changes to responsibilities, and added component ic for everyone.\r\n",
            "insertions": 52,
            "deletions": 258
          },
          {
            "hash": "f7d6ca2480c96df459afd223376593b438f58aba",
            "messageTitle": "Tutorial adding command (#9)",
            "messageBody": "* Update .gitignore\r\n\r\n* Enhance RemarkCommand\r\n\r\nCompleted steps up till this step on the tutorial\r\n\r\n* Add Remark class to the model\r\n\r\n* Add placeholder element for remark to the UI\r\n\r\n* Modify Person to support Remark field\r\n\r\n* Update Storage\r\n\r\nAdd Remark field to JsonAdaptedPerson class\r\n\r\n* Finalise UI - Connect Remark field to PersonCard\r\n\r\n* Modify RemarkCommand execute() method\r\n",
            "insertions": 469,
            "deletions": 31
          }
        ]
      },
      {
        "insertions": 234,
        "deletions": 19,
        "date": "2019-10-08",
        "commitResults": [
          {
            "hash": "0ca2f9938664fcbd3edd31351d3f955e914ef352",
            "messageTitle": "Participation Component (#26)",
            "messageBody": "* Update .gitignore\r\n\r\nto exclude all .iml files\r\n\r\n* Create Attempt and Participation packages\r\n\r\n* Remove trailing white spaces in UserGuide.adoc\r\n",
            "insertions": 234,
            "deletions": 19
          }
        ]
      },
      {
        "insertions": 124,
        "deletions": 12,
        "date": "2019-10-15",
        "commitResults": [
          {
            "hash": "3f04365ab5b8f62fe6a0470a78d7690645f109ac",
            "messageTitle": "Set up Attempt, Exercise, Participation Components (#27)",
            "messageBody": "* Create ObservableList for the different Attempts\r\n\r\n* Add Exceptions\r\n\r\n* Change Attempt, Exercise, Participation classes\r\n\r\nas well as updated changes to review PR\r\n\r\n* Optimise imports\r\n\r\n* Minor changes\r\n\r\n* Add JavaDoc Comment in Participation.java\r\n",
            "insertions": 124,
            "deletions": 12
          }
        ]
      },
      {
        "insertions": 17,
        "deletions": 57,
        "date": "2019-10-17",
        "commitResults": [
          {
            "hash": "dd4f1b3c62e95061c42783bbb24fec3ef7ebe57a",
            "messageTitle": "Remove unnecessary commands in the User Guide",
            "messageBody": "For the participation feature",
            "insertions": 17,
            "deletions": 57
          }
        ]
      },
      {
        "insertions": 25,
        "deletions": 14,
        "date": "2019-10-18",
        "commitResults": [
          {
            "hash": "394da1f8519c1075686dc5b1ce0a0cfd52a67a30",
            "messageTitle": "Update UserGuide.adoc",
            "messageBody": "",
            "insertions": 25,
            "deletions": 14
          }
        ]
      },
      {
        "insertions": 349,
        "deletions": 6,
        "date": "2019-10-22",
        "commitResults": [
          {
            "hash": "96090d7f3b0eccb0e5d6f6168919795e09126c3d",
            "messageTitle": "Participation lists (#43)",
            "messageBody": "* Create list participation command and parser\r\n\r\n* Optimise imports for checkstyle\r\n\r\n* Add alternate command result\r\n\r\n* Add ListPartCommandParserTest\r\n\r\n* checkstyle fix\r\n\r\n* Add method to get the top attempts in Participation.java\r\n\r\n* Added front end to display participation list\r\n\r\n* Add empty constructor for ListPartCommand\r\n\r\n* Fix attempt creation from json file issue\r\n\r\n* Update ListPartCommandParserTest.java\r\n\r\nremoved tests for the tests which were not working..\r\n\r\n* checkstyleTest fix\r\n\r\n* Combined methods to getThreeLiftScore()\r\n\r\n* Regroup methods in Participation.java\r\n",
            "insertions": 349,
            "deletions": 6
          }
        ]
      },
      {
        "insertions": 31,
        "deletions": 19,
        "date": "2019-10-24",
        "commitResults": [
          {
            "hash": "c367a20454a18de7bc4c4d083834524fc6ac8f58",
            "messageTitle": "Update Session commands on UG",
            "messageBody": "",
            "insertions": 20,
            "deletions": 19
          },
          {
            "hash": "60619c3bd74570bbce58509c6afe4892156ef92d",
            "messageTitle": "Update command for Session Handling",
            "messageBody": "",
            "insertions": 11,
            "deletions": 0
          }
        ]
      },
      {
        "insertions": 10,
        "deletions": 34,
        "date": "2019-10-28",
        "commitResults": [
          {
            "hash": "23d3baf2698907651b391791aa8560ea5fab9209",
            "messageTitle": "Update UserGuide for correct session handling commands (#47)",
            "messageBody": "",
            "insertions": 10,
            "deletions": 34
          }
        ]
      },
      {
        "insertions": 1116,
        "deletions": 30,
        "date": "2019-10-29",
        "commitResults": [
          {
            "hash": "0b621a50ce56bf16ece1299ece27cbfa0116ff4f",
            "messageTitle": "Session Handling (#48)",
            "messageBody": "* Create Session package\r\n\r\n* Update Participation.java\r\n\r\n* Update UserGuide.adoc\r\n\r\n* Change constructor parameter for Session\r\n\r\n* Setup Session component\r\n\r\n* Create runtime exceptions\r\n\r\n* Add commands to handle session\r\n\r\n* Fix session handling\r\n\r\nSession can now import participations with preloaded attempts, and can continue the previous session from where they are left off.\r\n\r\n* Fix import order for checkstyle\r\n\r\n* Add ObservableValue for SessionInformation to be displayed on frontend\r\n\r\n* Revert \"Add ObservableValue for SessionInformation to be displayed on frontend\"\r\n\r\nThis reverts commit 9a91c3ac2b3b5da44561dfeb2793a66450ff02ed.\r\n\r\n* Allow session to display following lifter and attempt\r\n\r\n* Remove LoadAttemptsCommand, add AddPartCommand\r\n\r\nattempt submission will be required when creating new participation.\r\n\r\n* Update Model and ModelManager\r\n\r\n* Fix checkstyle and optimise imports\r\n\r\n* Optimise imports\r\n",
            "insertions": 1116,
            "deletions": 30
          }
        ]
      },
      {
        "insertions": 76,
        "deletions": 17,
        "date": "2019-10-30",
        "commitResults": [
          {
            "hash": "0baa419737c7df9d72d338f307a4a14ec5253ef5",
            "messageTitle": "Update session command result, create package for competition in logic (#50)",
            "messageBody": "",
            "insertions": 76,
            "deletions": 17
          }
        ]
      },
      {
        "insertions": 196,
        "deletions": 41,
        "date": "2019-11-01",
        "commitResults": [
          {
            "hash": "68d728354cc0ca4b34e82431b61e0bcad25ab0fa",
            "messageTitle": "Made changes to session and participation commands (#61)",
            "messageBody": "* Made changes to session and participation commands\r\n\r\n* Optimise imports\r\n\r\n* Update UserGuide on new/edited commands\r\n\r\n* Fix trailing whitespaces\r\n",
            "insertions": 196,
            "deletions": 41
          }
        ]
      },
      {
        "insertions": 70,
        "deletions": 30,
        "date": "2019-11-04",
        "commitResults": [
          {
            "hash": "cdb4533aee82dc9cc8a897d1f55e46c100177851",
            "messageTitle": "Fix session related issues (#116)",
            "messageBody": "* Fix issue #106\r\n\r\nWrong Error Message when listParticipation competition name does not exist\r\n\r\n* Fix issue #104\r\n\r\nAllows negative values to be entered for the weight carried, and also the space between kg and weight.\r\n\r\n* Fix issue #82\r\n\r\nDuring competition, doesn\u0027t show who comes next.\r\n\r\n* Fix issues #81 , #98\r\n\r\n* Fix issue #102\r\n\r\nNo indicator when the competition has ended and who won.\r\n\r\n* Refactor in/out session command/parser files into correct package\r\n\r\n* add prefix_comp for startSession command\r\n\r\n* Fix issue #100\r\n\r\n* move file to correct package\r\n\r\n* Reorder imports\r\n",
            "insertions": 70,
            "deletions": 30
          }
        ]
      },
      {
        "insertions": 93,
        "deletions": 306,
        "date": "2019-11-06",
        "commitResults": [
          {
            "hash": "6ccf18e5d6866788b51ad65cd567792b3d2433fd",
            "messageTitle": "Update Developer Guide (incomplete) (#120)",
            "messageBody": "* Remove unnecessary sections in DG\r\n\r\n* Added participation feature into DG\r\n\r\nand other miscellenous (adding diagrams)\r\n\r\n* Add endSession feature description\r\n",
            "insertions": 93,
            "deletions": 306
          }
        ]
      },
      {
        "insertions": 1,
        "deletions": 1,
        "date": "2019-11-07",
        "commitResults": [
          {
            "hash": "221df64c0e2c253706aa842fca270dc449818660",
            "messageTitle": "Minor fix on NextLifterCommand (#122)",
            "messageBody": "* Update NextLifterCommand.java\r\n",
            "insertions": 1,
            "deletions": 1
          }
        ]
      },
      {
        "insertions": 109,
        "deletions": 19,
        "date": "2019-11-09",
        "commitResults": [
          {
            "hash": "479fbd787be4a70c166e97e9606e93196f8ab001",
            "messageTitle": "Fix trailing whitespace for travis build",
            "messageBody": "",
            "insertions": 14,
            "deletions": 10
          },
          {
            "hash": "b52773f7e2232eab9829dbb68603479f5b4f6418",
            "messageTitle": "Added session features and sequence diagrams (#126)",
            "messageBody": "",
            "insertions": 95,
            "deletions": 9
          }
        ]
      }
    ],
    "HoWeiChin": [
      {
        "insertions": 180,
        "deletions": 103,
        "date": "2019-10-02",
        "commitResults": [
          {
            "hash": "03981b564e0bb1d3b3d1f06956caff4a59c1f449",
            "messageTitle": "User guide for powerlifting coordinator  (#22)",
            "messageBody": "* Update UserGuide.adoc\r\n\r\n* Update UserGuide.adoc\r\n\r\n* Update UserGuide.adoc\r\n\r\n* Update UserGuide.adoc\r\n\r\n* Update UserGuide.adoc\r\n\r\n* Update UserGuide.adoc\r\n\r\n* Update UserGuide.adoc\r\n\r\n* Update UserGuide.adoc\r\n\r\n* Update UserGuide.adoc\r\n\r\n* Update UserGuide.adoc\r\n\r\n* Update UserGuide.adoc\r\n\r\n* Update UserGuide.adoc\r\n\r\n* Update UserGuide.adoc\r\n\r\n* Update UserGuide.adoc\r\n\r\n* Update UserGuide.adoc\r\n\r\n* Update UserGuide.adoc\r\n\r\n* Update UserGuide.adoc\r\n\r\n* Update UserGuide.adoc\r\n\r\n* Update UserGuide.adoc\r\n",
            "insertions": 180,
            "deletions": 103
          }
        ]
      },
      {
        "insertions": 2,
        "deletions": 0,
        "date": "2019-10-09",
        "commitResults": [
          {
            "hash": "943b13a053367f3d45e1a724ff922f8f1a74abe2",
            "messageTitle": "Update user guide (#30)",
            "messageBody": "* Ui.png added to UG\r\n\r\n* Ui.png added to UG with space\r\n\r\n* New Ui.png\r\n\r\n* Delete Ui.png\r\n\r\n* Add files via upload\r\n",
            "insertions": 2,
            "deletions": 0
          }
        ]
      },
      {
        "insertions": 485,
        "deletions": 957,
        "date": "2019-10-16",
        "commitResults": [
          {
            "hash": "284ef5bc2ddb33e420ea78fd35e6fb9b226303ab",
            "messageTitle": "Person class changes propagated (#35)",
            "messageBody": "* Person class changes propagated\r\n\r\nUpdate code to pass checkstyle\r\n\r\nFixed customDate equals method\r\n\r\nChange name from String to Name class\r\n\r\nUpdate tests due to changes in Person class\r\n\r\n* Update src/main/java/seedu/address/model/person/CustomDate.java\r\n\r\nCo-Authored-By: Christabel \u003c50402053+belbel98@users.noreply.github.com\u003e\r\n",
            "insertions": 485,
            "deletions": 957
          }
        ]
      },
      {
        "insertions": 666,
        "deletions": 22,
        "date": "2019-10-21",
        "commitResults": [
          {
            "hash": "a8f1f51753b75da02d2a917b6b189f9cd7334904",
            "messageTitle": "New comp features (#44)",
            "messageBody": "* New Branch\r\n\r\n* CRUD for Competitions\r\n\r\n* CRUD added to front end\r\n\r\n* Remove trailing whitespace from user guide\r\n",
            "insertions": 666,
            "deletions": 22
          }
        ]
      },
      {
        "insertions": 46,
        "deletions": 0,
        "date": "2019-10-24",
        "commitResults": [
          {
            "hash": "7094d7db59c8dc88e16baebc2e00b05f39530286",
            "messageTitle": "CRUD for Competitions added",
            "messageBody": "",
            "insertions": 46,
            "deletions": 0
          }
        ]
      },
      {
        "insertions": 4,
        "deletions": 4,
        "date": "2019-10-28",
        "commitResults": [
          {
            "hash": "6f593b1017c9898c43ca257323a69e456a3492b3",
            "messageTitle": "Update UserGuide.adoc",
            "messageBody": "",
            "insertions": 1,
            "deletions": 1
          },
          {
            "hash": "3b54180e8ddfa20e95fb1522f73ef67026c129fb",
            "messageTitle": "Update UserGuide.adoc",
            "messageBody": "",
            "insertions": 3,
            "deletions": 3
          }
        ]
      },
      {
        "insertions": 268,
        "deletions": 13,
        "date": "2019-10-30",
        "commitResults": [
          {
            "hash": "64352befaf8fe3703b88ee3b027bedf5c5f48d6e",
            "messageTitle": "New comp features (#49)",
            "messageBody": "* New Branch\r\n\r\n* CRUD for Competitions\r\n\r\n* CRUD added to front end\r\n\r\n* UserGuide.adoc fixed\r\n\r\n* checks start/end dates\r\n\r\n* Ranking added\r\n\r\n* Ranking modified\r\n\r\n* Tests issues resolved\r\n\r\n* additional changes made as per pr comments\r\n\r\n* rebased and test bug fixes\r\n",
            "insertions": 268,
            "deletions": 13
          }
        ]
      },
      {
        "insertions": 241,
        "deletions": 241,
        "date": "2019-10-31",
        "commitResults": [
          {
            "hash": "f8be4371f92ef5a269402ea958cb822b7e32e886",
            "messageTitle": "Change UI and other minor adjustments (#60)",
            "messageBody": "* New Branch\r\n\r\n* CRUD for Competitions\r\n\r\n* CRUD added to front end\r\n\r\n* UserGuide.adoc fixed\r\n\r\n* checks start/end dates\r\n\r\n* additional changes made as per pr comments\r\n\r\n* UI changes\r\n",
            "insertions": 19,
            "deletions": 9
          },
          {
            "hash": "0647c8100ab74dc299cba6cae05f4ef2d0f0ac7e",
            "messageTitle": "Update UserGuide.adoc",
            "messageBody": "",
            "insertions": 2,
            "deletions": 0
          },
          {
            "hash": "71162a6c16452c950dd952c7a725bf69456bc377",
            "messageTitle": "Update UserGuide.adoc",
            "messageBody": "",
            "insertions": 2,
            "deletions": 2
          },
          {
            "hash": "2621e4a94bca8b61654181ce6d1a97a7739fc600",
            "messageTitle": "Update UserGuide.adoc",
            "messageBody": "",
            "insertions": 2,
            "deletions": 2
          },
          {
            "hash": "7a0a9cd91ba4d8185f4573b716a810815a5ec2b3",
            "messageTitle": "Update UserGuide.adoc",
            "messageBody": "",
            "insertions": 1,
            "deletions": 1
          },
          {
            "hash": "e28ba055b89a6fb039625908c7acf7e731d4d823",
            "messageTitle": "Update UserGuide.adoc",
            "messageBody": "",
            "insertions": 21,
            "deletions": 60
          },
          {
            "hash": "453e748a5658350f41d43263fdcf303a22d635e2",
            "messageTitle": "Update UserGuide.adoc",
            "messageBody": "",
            "insertions": 3,
            "deletions": 0
          },
          {
            "hash": "47d27da4b600a5da6836d70dd44bbdbc115c54e3",
            "messageTitle": "Update UserGuide.adoc",
            "messageBody": "",
            "insertions": 3,
            "deletions": 1
          },
          {
            "hash": "b33c6e3a4c145f137b45ae49a0bd741a27c129e8",
            "messageTitle": "Update UserGuide.adoc",
            "messageBody": "",
            "insertions": 57,
            "deletions": 44
          },
          {
            "hash": "e44b9bec9df68eff3e6d17fd611af9128583aacf",
            "messageTitle": "Update UserGuide.adoc",
            "messageBody": "",
            "insertions": 6,
            "deletions": 6
          },
          {
            "hash": "229f614c1e49c139e191ad13abc167b7faf1ab9e",
            "messageTitle": "Update UserGuide.adoc",
            "messageBody": "",
            "insertions": 2,
            "deletions": 0
          },
          {
            "hash": "c864ff024f9bc9eefcb32c603d72493d6a8873be",
            "messageTitle": "Update UserGuide.adoc",
            "messageBody": "",
            "insertions": 2,
            "deletions": 0
          },
          {
            "hash": "1d827b07449ff1a11f04e45748003303a4a3cd51",
            "messageTitle": "Update UserGuide.adoc",
            "messageBody": "",
            "insertions": 5,
            "deletions": 0
          },
          {
            "hash": "c9f03d1713106ef1832412b561e9752062507588",
            "messageTitle": "Update UserGuide.adoc",
            "messageBody": "",
            "insertions": 16,
            "deletions": 1
          },
          {
            "hash": "1a5cb011a5a6a0f163d66810f18af8ede2979f13",
            "messageTitle": "Update UserGuide.adoc",
            "messageBody": "",
            "insertions": 1,
            "deletions": 1
          },
          {
            "hash": "3d1613d8c64895b2f9be58b99780398a3925b449",
            "messageTitle": "Update UserGuide.adoc",
            "messageBody": "",
            "insertions": 0,
            "deletions": 21
          },
          {
            "hash": "ae70f339ecf3ed80b3d32f49469ac8b6ee8c43dd",
            "messageTitle": "Update UserGuide.adoc",
            "messageBody": "",
            "insertions": 11,
            "deletions": 6
          },
          {
            "hash": "7cc0f7d67b82c17debf96ac01f26ae4fc78b8144",
            "messageTitle": "Update UserGuide.adoc",
            "messageBody": "",
            "insertions": 32,
            "deletions": 25
          },
          {
            "hash": "816c0480ab589b74f895eed44ba7b8ced0fcfb33",
            "messageTitle": "Update UserGuide.adoc",
            "messageBody": "Latest updates.",
            "insertions": 55,
            "deletions": 61
          },
          {
            "hash": "09880473cdf8bbd3ba6f6750a86a6146465e6053",
            "messageTitle": "Update UserGuide.adoc",
            "messageBody": "",
            "insertions": 1,
            "deletions": 1
          }
        ]
      },
      {
        "insertions": 9,
        "deletions": 11,
        "date": "2019-11-02",
        "commitResults": [
          {
            "hash": "96809f5b235ee3362a094612287216564350b1c0",
            "messageTitle": "Update UserGuide.adoc",
            "messageBody": "",
            "insertions": 3,
            "deletions": 2
          },
          {
            "hash": "3d3bc118e8ea8a57334a895a7441752e856e7608",
            "messageTitle": "Update UserGuide.adoc",
            "messageBody": "",
            "insertions": 0,
            "deletions": 3
          },
          {
            "hash": "51ae2abfbaee2d29b850d937336a35882ab9db8d",
            "messageTitle": "Update UserGuide.adoc",
            "messageBody": "",
            "insertions": 2,
            "deletions": 2
          },
          {
            "hash": "67fd0e57a55f7419c2b0337b29b6947672883ac6",
            "messageTitle": "Update UserGuide.adoc",
            "messageBody": "",
            "insertions": 1,
            "deletions": 1
          },
          {
            "hash": "1eadded5a16ca75d0fbfb6fcaac21c1ebc620537",
            "messageTitle": "Update UserGuide.adoc",
            "messageBody": "",
            "insertions": 1,
            "deletions": 1
          },
          {
            "hash": "3251b64088734a201482d80cffdb8fdf8b95b35b",
            "messageTitle": "Update build.gradle",
            "messageBody": "",
            "insertions": 1,
            "deletions": 1
          },
          {
            "hash": "425ee7837c69334144a32eb3cfae273fca1f432e",
            "messageTitle": "Update build.gradle",
            "messageBody": "",
            "insertions": 1,
            "deletions": 1
          }
        ]
      },
      {
        "insertions": 62,
        "deletions": 50,
        "date": "2019-11-04",
        "commitResults": [
          {
            "hash": "8dd6e4395c3b6b46e108fabdae3f0b5f1b1b4e03",
            "messageTitle": "Resolve dry pe (#117)",
            "messageBody": "* resolve ranking and issue 65\r\n\r\n* Further furnishing for issue 65\r\n\r\n* further refinements\r\n\r\n* further refinements\r\n\r\n* Powerlifting Icon added\r\n",
            "insertions": 57,
            "deletions": 44
          },
          {
            "hash": "1183143b83950a90bd3a135902b6bdaaf61b2711",
            "messageTitle": "Update build.gradle",
            "messageBody": "",
            "insertions": 2,
            "deletions": 2
          },
          {
            "hash": "37b9bda98d9ee23d74c31dbe981b9c7dc18e89c1",
            "messageTitle": "Update build.gradle",
            "messageBody": "",
            "insertions": 1,
            "deletions": 1
          },
          {
            "hash": "2f96446962c121cb08fd4ca6d9e7c79d0bbcc0e2",
            "messageTitle": "Update build.gradle",
            "messageBody": "",
            "insertions": 1,
            "deletions": 1
          },
          {
            "hash": "c3b48b6a757c6fbb68b96cec24660e680b0d9eee",
            "messageTitle": "Update build.gradle",
            "messageBody": "",
            "insertions": 1,
            "deletions": 2
          }
        ]
      },
      {
        "insertions": 689,
        "deletions": 314,
        "date": "2019-11-09",
        "commitResults": [
          {
            "hash": "2da0bd4444cc9f20347de52263ac3d86923c151e",
            "messageTitle": "Authorship issues (#125)",
            "messageBody": "* resolve ranking and issue 65\r\n\r\n* Further furnishing for issue 65\r\n\r\n* further refinements\r\n\r\n* further refinements\r\n\r\n* Powerlifting Icon added\r\n\r\n* UG issues resolved\r\n\r\n* add authorship\r\n\r\n* authorship\r\n",
            "insertions": 641,
            "deletions": 291
          },
          {
            "hash": "fa7530111fe12c32df27f95af45eb180ab475958",
            "messageTitle": "Update DeveloperGuide.adoc",
            "messageBody": "",
            "insertions": 7,
            "deletions": 0
          },
          {
            "hash": "5a6cbdeafb148c3f7ea6b6bd9ca2dca8bb271bb1",
            "messageTitle": "Update DeveloperGuide.adoc",
            "messageBody": "",
            "insertions": 16,
            "deletions": 1
          },
          {
            "hash": "6163885c61250d3324b080a9d9dba82f37f39a6c",
            "messageTitle": "Update DeveloperGuide.adoc",
            "messageBody": "",
            "insertions": 6,
            "deletions": 3
          },
          {
            "hash": "544c8d2ecfd92ff95b494aab5f8b68a3468c6025",
            "messageTitle": "Update DeveloperGuide.adoc",
            "messageBody": "",
            "insertions": 1,
            "deletions": 0
          },
          {
            "hash": "c48f938961829fab3d3f7f2aee190424030c4a0d",
            "messageTitle": "Update DeveloperGuide.adoc",
            "messageBody": "",
            "insertions": 9,
            "deletions": 11
          },
          {
            "hash": "f0ab0f1b34fa5fe822bcc3f5b43e870a35943fdb",
            "messageTitle": "Update DeveloperGuide.adoc",
            "messageBody": "",
            "insertions": 7,
            "deletions": 7
          },
          {
            "hash": "384f29dccfe8aa35c9d36e4a2ff44c67fb7d8ce6",
            "messageTitle": "Update DeveloperGuide.adoc",
            "messageBody": "",
            "insertions": 1,
            "deletions": 0
          },
          {
            "hash": "8adcb469bd5c3990ef6ad85c1a7e85b1fb54f540",
            "messageTitle": "Update DeveloperGuide.adoc",
            "messageBody": "",
            "insertions": 1,
            "deletions": 1
          }
        ]
      },
      {
        "insertions": 71,
        "deletions": 4,
        "date": "2019-11-10",
        "commitResults": [
          {
            "hash": "c0d30d8f2ea8640d65005c83fcba5eda6614f3fa",
            "messageTitle": "Dg (#128)",
            "messageBody": "* DG updated\r\n\r\n* DG updated\r\n\r\n* removed uml for rank feature\r\n\r\n* more refinements\r\n",
            "insertions": 71,
            "deletions": 4
          }
        ]
      }
    ],
    "ooimingsheng": [
      {
        "insertions": 1,
        "deletions": 1,
        "date": "2019-09-14",
        "commitResults": [
          {
            "hash": "0988274316006181a309853c3b943327f8e2e6e8",
            "messageTitle": "Update ReadMe Build Status badge",
            "messageBody": "",
            "insertions": 1,
            "deletions": 1
          }
        ]
      },
      {
        "insertions": 1,
        "deletions": 2,
        "date": "2019-09-15",
        "commitResults": [
          {
            "hash": "de717597f7f040d5c357a321b111db5ff9eb13df",
            "messageTitle": "Remove codacy badge to test travis enabling auto-publishing of documentation",
            "messageBody": "",
            "insertions": 1,
            "deletions": 2
          }
        ]
      },
      {
        "insertions": 669,
        "deletions": 500,
        "date": "2019-09-30",
        "commitResults": [
          {
            "hash": "d2c2dcf035178d48d493f3cd0a8b4e51ce1370b7",
            "messageTitle": "Revert \"Tutorial adding command (#9)\" (#10)",
            "messageBody": "This reverts commit f7d6ca2480c96df459afd223376593b438f58aba.",
            "insertions": 31,
            "deletions": 469
          },
          {
            "hash": "4699ee0d7a978f70fdc3e2c103ace229a2ad5edf",
            "messageTitle": "Edit developer guide (#3)",
            "messageBody": "* Change repo url\r\n\r\n* Update developer guide to include user stories, user profile,  non-functional requirements, use cases\r\n\r\n* Edit repository URL\r\n\r\n* Edit repository URL to correct URL\r\n\r\nsorry the previous commit was incorrect\r\n",
            "insertions": 638,
            "deletions": 31
          }
        ]
      },
      {
        "insertions": 253,
        "deletions": 659,
        "date": "2019-10-10",
        "commitResults": [
          {
            "hash": "4ae810bd8356f62e85daee84cb4b20b4ee82f4bc",
            "messageTitle": "Abstract out unique lists and exceptions (#32)",
            "messageBody": "",
            "insertions": 253,
            "deletions": 659
          }
        ]
      },
      {
        "insertions": 1881,
        "deletions": 724,
        "date": "2019-10-15",
        "commitResults": [
          {
            "hash": "8cc6a4b434fa4d6f675ab62dbcb115937985bf33",
            "messageTitle": "Create storage for multiple classes (#34)",
            "messageBody": "* Make generic storage\r\n\r\n* Add Json classes for participation and competition\r\n",
            "insertions": 1881,
            "deletions": 724
          }
        ]
      },
      {
        "insertions": 437,
        "deletions": 171,
        "date": "2019-10-16",
        "commitResults": [
          {
            "hash": "bb6d0452c29218df2152eab2a221445a0d58487b",
            "messageTitle": "Refactor participation class and include JSON storage for participation class (#38)",
            "messageBody": "* Refactor participation class\r\n\r\n* Add participation data storage\r\n",
            "insertions": 437,
            "deletions": 171
          }
        ]
      },
      {
        "insertions": 24,
        "deletions": 0,
        "date": "2019-10-21",
        "commitResults": [
          {
            "hash": "54bfd5489943a34d5fa26718ad99181eeb0bb8af",
            "messageTitle": "Add scoring methods (#45)",
            "messageBody": "",
            "insertions": 24,
            "deletions": 0
          }
        ]
      },
      {
        "insertions": 2426,
        "deletions": 2097,
        "date": "2019-10-30",
        "commitResults": [
          {
            "hash": "5b3ef18b9e587b03216c0937f06bbd45f08ca896",
            "messageTitle": "Scope commands to in/out of session (#51)",
            "messageBody": "",
            "insertions": 965,
            "deletions": 350
          },
          {
            "hash": "dc31afcaf47f39e424cff5022d243350f200150d",
            "messageTitle": "Refactor file structure and names (#53)",
            "messageBody": "",
            "insertions": 1229,
            "deletions": 1667
          },
          {
            "hash": "8fc887e7096f9a32fff186f13b10bfa739cab96d",
            "messageTitle": "Add show hide abilities (#54)",
            "messageBody": "",
            "insertions": 232,
            "deletions": 80
          }
        ]
      },
      {
        "insertions": 337,
        "deletions": 162,
        "date": "2019-10-31",
        "commitResults": [
          {
            "hash": "b32312252610d09887f259e6e0e7587153ee123e",
            "messageTitle": "Make ranklist command (#59)",
            "messageBody": "",
            "insertions": 337,
            "deletions": 162
          }
        ]
      },
      {
        "insertions": 233,
        "deletions": 22,
        "date": "2019-11-02",
        "commitResults": [
          {
            "hash": "6316218af78ec9fa424e51f03877ad4260e766e4",
            "messageTitle": "Fix some dry PE issues (#111)",
            "messageBody": "",
            "insertions": 8,
            "deletions": 8
          },
          {
            "hash": "c9045d40eea09d6c31d6d20a3ccbcbe8e54dd557",
            "messageTitle": "Fix more dry PE issues (#112)",
            "messageBody": "",
            "insertions": 225,
            "deletions": 14
          }
        ]
      },
      {
        "insertions": 473,
        "deletions": 98,
        "date": "2019-11-10",
        "commitResults": [
          {
            "hash": "cd1e1b93dd6f90f032268e089aa85d218e811009",
            "messageTitle": "Make tests (#127)",
            "messageBody": "LGTM",
            "insertions": 339,
            "deletions": 96
          },
          {
            "hash": "f7e7995b265d22ccc558e504565eeef3b8fcc0ad",
            "messageTitle": "Add PPP for Ming Sheng",
            "messageBody": "",
            "insertions": 134,
            "deletions": 2
          }
        ]
      }
    ]
  },
  "authorFinalContributionMap": {
    "shawnkoh": 161,
    "belbel98": 1691,
    "HoWeiChin": 1902,
    "ooimingsheng": 5586
  },
  "authorFileTypeContributionMap": {
    "shawnkoh": {
      "docs": 0,
      "tests": 0,
      "functional": 161
    },
    "belbel98": {
      "docs": 246,
      "tests": 32,
      "functional": 1413
    },
    "HoWeiChin": {
      "docs": 268,
      "tests": 832,
      "functional": 800,
      "other": 2
    },
    "ooimingsheng": {
      "docs": 538,
      "tests": 1234,
      "functional": 3813,
      "other": 1
    }
  },
  "authorContributionVariance": {
    "shawnkoh": 2549.1614,
    "belbel98": 33535.332,
    "HoWeiChin": 55634.613,
    "ooimingsheng": 432748.47
  },
  "authorDisplayNameMap": {
    "shawnkoh": "CS2103-T11-3 KOH Z ... SHAWN",
    "belbel98": "CS2103-T11-3 CHRIS ...  TENG",
    "HoWeiChin": "CS2103-T11-3 HO WE ...  CHIN",
    "ooimingsheng": "CS2103-T11-3 OOI M ... SHENG"
  }
}
