{
  "authorDailyContributionsMap": {
    "shawnlsj97": [
      {
        "insertions": 5,
        "deletions": 4,
        "date": "2019-09-24",
        "commitResults": [
          {
            "hash": "78d68564eb131c1fb00601f6954c1bc83405a600",
            "messageTitle": "Test travis setup",
            "messageBody": "",
            "insertions": 0,
            "deletions": 0
          },
          {
            "hash": "f7a9dd35a0fb8ec9e0e4191985a3f3c5689cf6e2",
            "messageTitle": "Test travis",
            "messageBody": "",
            "insertions": 1,
            "deletions": 0
          },
          {
            "hash": "2517b14630ee0b3f7defd13f61f1905cad71fce1",
            "messageTitle": "Test travis",
            "messageBody": "",
            "insertions": 1,
            "deletions": 1
          },
          {
            "hash": "eb0000b2579ea1f6c9f5f4ccd54268707eabf081",
            "messageTitle": "Update badges to own repo",
            "messageBody": "",
            "insertions": 2,
            "deletions": 2
          },
          {
            "hash": "550f3614d899d4240c7c9a1fa52e3fc92bc24114",
            "messageTitle": "Update badges to own repo",
            "messageBody": "",
            "insertions": 1,
            "deletions": 1
          }
        ]
      },
      {
        "insertions": 16,
        "deletions": 17,
        "date": "2019-10-02",
        "commitResults": [
          {
            "hash": "f1bc75d91dbbf9d33e174279fb5fc93706b98978",
            "messageTitle": "Update README acknowledgement",
            "messageBody": "",
            "insertions": 2,
            "deletions": 1
          },
          {
            "hash": "19679660faf152d17fd09a32fca04ca6118b14c2",
            "messageTitle": "Update README",
            "messageBody": "",
            "insertions": 6,
            "deletions": 7
          },
          {
            "hash": "57400b4e6a8e5800e0961efb7eda9b0bcffdb89f",
            "messageTitle": "Remove test file",
            "messageBody": "",
            "insertions": 0,
            "deletions": 1
          },
          {
            "hash": "bc9de585eb6a1d17f099e2d0e5fb317b87496b13",
            "messageTitle": "Update README fav icon",
            "messageBody": "",
            "insertions": 1,
            "deletions": 0
          },
          {
            "hash": "11fe7cebf9c01ca339fb29c9c79c6335cb5e6120",
            "messageTitle": "Update README",
            "messageBody": "",
            "insertions": 2,
            "deletions": 3
          },
          {
            "hash": "1900fe9d1eae43eab69dc9e6693ea301cc293ea6",
            "messageTitle": "Update README badges and remove website header",
            "messageBody": "",
            "insertions": 3,
            "deletions": 2
          },
          {
            "hash": "d85d5812de40db719712ce689e6037069c31b06e",
            "messageTitle": "Update acknowledgement",
            "messageBody": "",
            "insertions": 1,
            "deletions": 1
          },
          {
            "hash": "a171d12a7742ab4d395cb40d9c4d8f63708a96f1",
            "messageTitle": "Change shadowjar file name",
            "messageBody": "",
            "insertions": 1,
            "deletions": 1
          },
          {
            "hash": "86c09f3bd686425e8c10dda606090b4889382f42",
            "messageTitle": "Remove learning outcomes",
            "messageBody": "",
            "insertions": 0,
            "deletions": 1
          }
        ]
      },
      {
        "insertions": 0,
        "deletions": 1,
        "date": "2019-10-03",
        "commitResults": [
          {
            "hash": "dc8be01459b1b41cf25da3efbe752a0fe317f535",
            "messageTitle": "Update README",
            "messageBody": "",
            "insertions": 0,
            "deletions": 1
          }
        ]
      },
      {
        "insertions": 75,
        "deletions": 0,
        "date": "2019-10-10",
        "commitResults": [
          {
            "hash": "40cfe2f761d649b2a85ad664d148629b828eb452",
            "messageTitle": "Implement SortCommand",
            "messageBody": "",
            "insertions": 70,
            "deletions": 0
          },
          {
            "hash": "bc447628a2d9ba74166bab0ae23afd32eaef4b20",
            "messageTitle": "Fix check style errors",
            "messageBody": "",
            "insertions": 5,
            "deletions": 0
          }
        ]
      },
      {
        "insertions": 49,
        "deletions": 0,
        "date": "2019-10-11",
        "commitResults": [
          {
            "hash": "2d4f0df79687df6705c3d1fdd72f0d4527f0d274",
            "messageTitle": "Update test for Sort Command",
            "messageBody": "",
            "insertions": 49,
            "deletions": 0
          }
        ]
      },
      {
        "insertions": 154,
        "deletions": 2,
        "date": "2019-10-13",
        "commitResults": [
          {
            "hash": "f9e37565232747bd4eaed605fd62f73ba16fc196",
            "messageTitle": "Add TrainingDate class for use in Attendance and Performance class and add SortCommandTest",
            "messageBody": "",
            "insertions": 154,
            "deletions": 2
          }
        ]
      },
      {
        "insertions": 451,
        "deletions": 56,
        "date": "2019-10-16",
        "commitResults": [
          {
            "hash": "8c8fb05982fabd9328a714ef63068889412d17c2",
            "messageTitle": "Add GUI changes and implement calendar.fxml",
            "messageBody": "",
            "insertions": 163,
            "deletions": 23
          },
          {
            "hash": "3b53c3ea08c7057d9a3b4b6d2009f849c1bce470",
            "messageTitle": "Add view command",
            "messageBody": "",
            "insertions": 227,
            "deletions": 7
          },
          {
            "hash": "85ac42d55743ede485a9e734b68ca27d80bf1ae0",
            "messageTitle": "Update java doc, will fix rest of checkstyle error by tonight",
            "messageBody": "",
            "insertions": 3,
            "deletions": 0
          },
          {
            "hash": "b011051cbd269ad8f9bae38558004fc89155b330",
            "messageTitle": "Fix checkstyle errors",
            "messageBody": "",
            "insertions": 23,
            "deletions": 2
          },
          {
            "hash": "906daede1d95e328d47a817dbe5c810763083083",
            "messageTitle": "Fix wrong import order",
            "messageBody": "",
            "insertions": 1,
            "deletions": 1
          },
          {
            "hash": "f575c7396283c58c23a148ff08604f5020d65559",
            "messageTitle": "Fix checkstyle errors",
            "messageBody": "",
            "insertions": 0,
            "deletions": 3
          },
          {
            "hash": "ca7bc8e362db005c79fca5802c27b1804cdd19c6",
            "messageTitle": "Update command usage string",
            "messageBody": "",
            "insertions": 3,
            "deletions": 3
          },
          {
            "hash": "656f3376c67bb20fed1322923ed76cd2182de8b7",
            "messageTitle": "Integrate select command and fxml",
            "messageBody": "",
            "insertions": 29,
            "deletions": 16
          },
          {
            "hash": "65af5c7cbca76d49ea4c0a20007055a2289394fb",
            "messageTitle": "Update MainWindow.fxml",
            "messageBody": "",
            "insertions": 2,
            "deletions": 1
          }
        ]
      },
      {
        "insertions": 23,
        "deletions": 14,
        "date": "2019-10-17",
        "commitResults": [
          {
            "hash": "ce4021e291841060ef0f08cc7eda7f7e649be600",
            "messageTitle": "Fix fit issues of info display panel",
            "messageBody": "",
            "insertions": 11,
            "deletions": 12
          },
          {
            "hash": "7d8b964570be7a4dbfc8e3793f39f103141ecda8",
            "messageTitle": "Fix errors from travis and appveyour",
            "messageBody": "",
            "insertions": 11,
            "deletions": 1
          },
          {
            "hash": "6494bdda1ffb8182820bc5da5c64fdfd9b2c371a",
            "messageTitle": "Add newline at EOF",
            "messageBody": "",
            "insertions": 1,
            "deletions": 1
          }
        ]
      },
      {
        "insertions": 262,
        "deletions": 37,
        "date": "2019-10-22",
        "commitResults": [
          {
            "hash": "79d274ea1f1e73fb1ab1b643adfe937330fcac3f",
            "messageTitle": "Implement calendar logic to populate all fields",
            "messageBody": "",
            "insertions": 262,
            "deletions": 37
          }
        ]
      },
      {
        "insertions": 175,
        "deletions": 73,
        "date": "2019-10-25",
        "commitResults": [
          {
            "hash": "deff55b1d1c5b56661c116d988810cb1a4e9d98c",
            "messageTitle": "Abstract long methods and add javadoc",
            "messageBody": "",
            "insertions": 171,
            "deletions": 70
          },
          {
            "hash": "20ea3f72f0eb3c0098dc91f84685f957520d498c",
            "messageTitle": "Update logo and app title",
            "messageBody": "",
            "insertions": 4,
            "deletions": 3
          }
        ]
      },
      {
        "insertions": 1053,
        "deletions": 197,
        "date": "2019-10-26",
        "commitResults": [
          {
            "hash": "f4635284722c3faa53f75b99f110b7aee0f9cf3a",
            "messageTitle": "Update GUI to match proposed design",
            "messageBody": "",
            "insertions": 453,
            "deletions": 59
          },
          {
            "hash": "6ba7ea963d2629f8e220e0c180940bff3eb3f934",
            "messageTitle": "Fix checkstyle error",
            "messageBody": "",
            "insertions": 4,
            "deletions": 1
          },
          {
            "hash": "197e672ba60dcfe89395251f634cf6a7f055bb42",
            "messageTitle": "Finalise UI design",
            "messageBody": "",
            "insertions": 129,
            "deletions": 33
          },
          {
            "hash": "43f19e99d04321b3473bdda8fcda1b074cda460d",
            "messageTitle": "Finalise UI design",
            "messageBody": "",
            "insertions": 5,
            "deletions": 8
          },
          {
            "hash": "598afb49b65f2baa0c9f60ac326abdc84b8448f6",
            "messageTitle": "Create calendar command for calendar functionality",
            "messageBody": "",
            "insertions": 31,
            "deletions": 1
          },
          {
            "hash": "19498b44d4edfcf0d9a426cf8039e0e2184bc20a",
            "messageTitle": "Fix CalendarCommandParser bug",
            "messageBody": "",
            "insertions": 24,
            "deletions": 17
          },
          {
            "hash": "27c1f417f83d351c477b9ae5fa4745badc423127",
            "messageTitle": "Fix checkstyle errors",
            "messageBody": "",
            "insertions": 19,
            "deletions": 5
          },
          {
            "hash": "a6b03ac5ed8a5709fb81f7e9693f70f91675a367",
            "messageTitle": "Add test classes related to calendar and view commands",
            "messageBody": "",
            "insertions": 374,
            "deletions": 70
          },
          {
            "hash": "c6dbc8c59d6746cf9adab7703920ed0abb05f690",
            "messageTitle": "Fix broken tests from change in model",
            "messageBody": "",
            "insertions": 14,
            "deletions": 3
          }
        ]
      },
      {
        "insertions": 211,
        "deletions": 99,
        "date": "2019-10-27",
        "commitResults": [
          {
            "hash": "b9ef51c2b80eb262a7775a68119aae5aa627b7bb",
            "messageTitle": "Fix failing tests",
            "messageBody": "",
            "insertions": 17,
            "deletions": 23
          },
          {
            "hash": "8dd81bcaeb2ba7c1f92dbec44b6a2a6e839617ad",
            "messageTitle": "Fix checkstyle errors",
            "messageBody": "",
            "insertions": 0,
            "deletions": 2
          },
          {
            "hash": "453fc5f428a65febd87092e6ba5d5a347af5f588",
            "messageTitle": "Add test for feature class. Improve code readability for other classes.",
            "messageBody": "",
            "insertions": 47,
            "deletions": 11
          },
          {
            "hash": "bcc327e427d9018d280591a9c0967c164f8db320",
            "messageTitle": "Change container for each grid in calendar",
            "messageBody": "",
            "insertions": 5,
            "deletions": 5
          },
          {
            "hash": "9211d6f3e9538738a251f7c22a965e299488e7bc",
            "messageTitle": "Add performance command dot indicator to calendar",
            "messageBody": "",
            "insertions": 142,
            "deletions": 58
          }
        ]
      },
      {
        "insertions": 435,
        "deletions": 167,
        "date": "2019-10-28",
        "commitResults": [
          {
            "hash": "fadb8ad24d4fdbafd1bb10ea365e47b4767bbff3",
            "messageTitle": "Implement display of performance on selected date",
            "messageBody": "",
            "insertions": 220,
            "deletions": 32
          },
          {
            "hash": "3404f52b8b80aecc6e79a611c5f64c79b6891958",
            "messageTitle": "Recolour menu bar",
            "messageBody": "",
            "insertions": 12,
            "deletions": 0
          },
          {
            "hash": "7d71516ff1927bfe339a0efe25eba94bf496f855",
            "messageTitle": "Update DG",
            "messageBody": "",
            "insertions": 156,
            "deletions": 86
          },
          {
            "hash": "8b6b134c62b2b28021af26bdc935526e8df7c89d",
            "messageTitle": "Reorder DG",
            "messageBody": "",
            "insertions": 42,
            "deletions": 45
          },
          {
            "hash": "5973511f07266da4bb95814f29c636b974674bf9",
            "messageTitle": "Move tags in person card to bottom",
            "messageBody": "",
            "insertions": 1,
            "deletions": 1
          },
          {
            "hash": "c82466d98e826d1d808b786b18b4e522b00eb45c",
            "messageTitle": "Update theme configurations",
            "messageBody": "",
            "insertions": 4,
            "deletions": 3
          }
        ]
      },
      {
        "insertions": 117,
        "deletions": 50,
        "date": "2019-10-29",
        "commitResults": [
          {
            "hash": "1b98a72028504e726f3483499afaa2cc4e7519c1",
            "messageTitle": "Update DG",
            "messageBody": "",
            "insertions": 69,
            "deletions": 3
          },
          {
            "hash": "3b6e418b43cd7a39ee4cf9ec6d64f025083bedef",
            "messageTitle": "Update DG",
            "messageBody": "",
            "insertions": 3,
            "deletions": 3
          },
          {
            "hash": "6f6492af8ef92807bbf96531cd4c67f923bef93f",
            "messageTitle": "Reorder UG",
            "messageBody": "",
            "insertions": 44,
            "deletions": 43
          },
          {
            "hash": "dd4c202a509171047355c50783fca1e7474507cf",
            "messageTitle": "Update scrollbar",
            "messageBody": "",
            "insertions": 1,
            "deletions": 1
          }
        ]
      }
    ],
    "ChangUo79": [
      {
        "insertions": 171,
        "deletions": 88,
        "date": "2019-10-02",
        "commitResults": [
          {
            "hash": "7703019398140be260b2683040a50dc9a4d85afa",
            "messageTitle": "Updated UG",
            "messageBody": "",
            "insertions": 171,
            "deletions": 88
          }
        ]
      },
      {
        "insertions": 1,
        "deletions": 1,
        "date": "2019-10-03",
        "commitResults": [
          {
            "hash": "a2a910dcf25508771369f175fc8886d994a24955",
            "messageTitle": "Updated AboutUs",
            "messageBody": "",
            "insertions": 1,
            "deletions": 1
          }
        ]
      },
      {
        "insertions": 130,
        "deletions": 40,
        "date": "2019-10-09",
        "commitResults": [
          {
            "hash": "2e78a145b0dfa038a3a3721b33c9b5752ea1a80a",
            "messageTitle": "Made changes to MainWindow",
            "messageBody": "",
            "insertions": 33,
            "deletions": 29
          },
          {
            "hash": "51b639df93f28e7e1345504cc426167c15a920a6",
            "messageTitle": "Updated MainWindow",
            "messageBody": "",
            "insertions": 9,
            "deletions": 8
          },
          {
            "hash": "46858fcbf71c98b2c89593157d77a89ca09d9c1a",
            "messageTitle": "Created InformationDisplay class and updated MainWindow fxml",
            "messageBody": "",
            "insertions": 88,
            "deletions": 3
          }
        ]
      },
      {
        "insertions": 111,
        "deletions": 70,
        "date": "2019-10-13",
        "commitResults": [
          {
            "hash": "4c039323869b9716f8729f8224fd1ac5d03755d0",
            "messageTitle": "Updated to show basic information of a selected person",
            "messageBody": "",
            "insertions": 34,
            "deletions": 18
          },
          {
            "hash": "ca1950b6bca5b77440c5113000c6134d322a2487",
            "messageTitle": "Updated with changes to font",
            "messageBody": "",
            "insertions": 29,
            "deletions": 9
          },
          {
            "hash": "a9e79a66a1ba5cb33aa8c9bd60297b07e421f5dd",
            "messageTitle": "Updated to comply with checkstyle",
            "messageBody": "",
            "insertions": 48,
            "deletions": 43
          }
        ]
      },
      {
        "insertions": 60,
        "deletions": 9,
        "date": "2019-10-15",
        "commitResults": [
          {
            "hash": "1fc4d8d810e4823b69e5afe978edd72381ce3b51",
            "messageTitle": "Implementation of SelectCommand",
            "messageBody": "",
            "insertions": 60,
            "deletions": 9
          }
        ]
      },
      {
        "insertions": 167,
        "deletions": 86,
        "date": "2019-10-16",
        "commitResults": [
          {
            "hash": "95cf2b62617b33beb18d26e13fcc0705b30455b5",
            "messageTitle": "Updated SelectCommand to display personal information of the person selected",
            "messageBody": "",
            "insertions": 101,
            "deletions": 24
          },
          {
            "hash": "60397df80e6cb6409a4c8d03b68aa3320db4b285",
            "messageTitle": "Updated to comply with Checkstyle",
            "messageBody": "",
            "insertions": 66,
            "deletions": 62
          }
        ]
      },
      {
        "insertions": 115,
        "deletions": 59,
        "date": "2019-10-19",
        "commitResults": [
          {
            "hash": "3f5cb3bca909c0423b9718f260fc6170be0eb915",
            "messageTitle": "Updated AddCommand and EditCommand to include photo of person",
            "messageBody": "",
            "insertions": 108,
            "deletions": 52
          },
          {
            "hash": "69937d4d58d37f3a29a56b5169cf2abbb8ba8d0b",
            "messageTitle": "Minor changes to EditCommand and EditCommandParser to make edits to photo work",
            "messageBody": "",
            "insertions": 7,
            "deletions": 7
          }
        ]
      },
      {
        "insertions": 104,
        "deletions": 58,
        "date": "2019-10-21",
        "commitResults": [
          {
            "hash": "a3f882078235f0e116bd42b3e7801188cbf8f4a9",
            "messageTitle": "Included test case for SelectCommand and updated other test cases",
            "messageBody": "",
            "insertions": 104,
            "deletions": 58
          }
        ]
      },
      {
        "insertions": 433,
        "deletions": 80,
        "date": "2019-10-22",
        "commitResults": [
          {
            "hash": "539999046282f1a3b218b07713f23cca8218dab8",
            "messageTitle": "Some updates on DG and UG. Included a sequence diagram for selectCommand. Updated some test cases and some still in progress",
            "messageBody": "",
            "insertions": 433,
            "deletions": 80
          }
        ]
      },
      {
        "insertions": 89,
        "deletions": 18,
        "date": "2019-10-23",
        "commitResults": [
          {
            "hash": "006d8ecd270d1d68390b77749599cc4d4f43ea7e",
            "messageTitle": "Updated test cases",
            "messageBody": "",
            "insertions": 89,
            "deletions": 18
          }
        ]
      },
      {
        "insertions": 69,
        "deletions": 7,
        "date": "2019-10-24",
        "commitResults": [
          {
            "hash": "ef652c2e8c472f82ccc005f0f139499f0b8c359d",
            "messageTitle": "Updated Developer guide for selectCommand and adding/editing of photo. Still missing pros and cons for design consideration.",
            "messageBody": "",
            "insertions": 69,
            "deletions": 7
          }
        ]
      },
      {
        "insertions": 113,
        "deletions": 109,
        "date": "2019-10-25",
        "commitResults": [
          {
            "hash": "5d0c319a33d2756e3b487f69fe5eae6d9b531abb",
            "messageTitle": "Updated to comply with checkstyle",
            "messageBody": "",
            "insertions": 112,
            "deletions": 108
          },
          {
            "hash": "162eaf08f7dd88b0bdddd3eca10c2494ef763c5c",
            "messageTitle": "Updated to comply with checkstyle",
            "messageBody": "",
            "insertions": 1,
            "deletions": 1
          }
        ]
      },
      {
        "insertions": 152,
        "deletions": 50,
        "date": "2019-10-27",
        "commitResults": [
          {
            "hash": "fb0ce95eddfb0c053aacb8a9c664ed9824cd2c7e",
            "messageTitle": "Update SelectCommand GUI",
            "messageBody": "",
            "insertions": 152,
            "deletions": 50
          }
        ]
      }
    ],
    "hellodommy": [
      {
        "insertions": 3,
        "deletions": 3,
        "date": "2019-09-18",
        "commitResults": [
          {
            "hash": "fb245147cfcd0ab0baff7d03793f3a5ca258ee3a",
            "messageTitle": "Test Travis",
            "messageBody": "",
            "insertions": 1,
            "deletions": 0
          },
          {
            "hash": "98056f4d26e47fb6207e39473dc7219bcf0b1861",
            "messageTitle": "Update the link to the \u0027build status\u0027 badge",
            "messageBody": "",
            "insertions": 1,
            "deletions": 2
          },
          {
            "hash": "1c646ee34a9505a7ef6509df1ab3a39db8e9ff18",
            "messageTitle": "Update \u0027build status\u0027 badge image link",
            "messageBody": "",
            "insertions": 1,
            "deletions": 1
          }
        ]
      },
      {
        "insertions": 1,
        "deletions": 2,
        "date": "2019-09-24",
        "commitResults": [
          {
            "hash": "44007dbc7d3bdd3bf3bcdba1b2d6c5ea66a3ab95",
            "messageTitle": "Link \u0027build status\u0027 badge to Travis of my fork",
            "messageBody": "",
            "insertions": 1,
            "deletions": 1
          },
          {
            "hash": "e588bba9c2ba5e0acc7b043b648f05051416b7ca",
            "messageTitle": "Remove codacy badge",
            "messageBody": "",
            "insertions": 0,
            "deletions": 1
          }
        ]
      },
      {
        "insertions": 29,
        "deletions": 28,
        "date": "2019-09-26",
        "commitResults": [
          {
            "hash": "0d0b1d0bb1e6952eebb330bfcf9ac9d55cfa6793",
            "messageTitle": "Update About Us and Contact Us pages",
            "messageBody": "",
            "insertions": 26,
            "deletions": 26
          },
          {
            "hash": "a04ff8e87e6378924fa06a7595634ebedcd334bc",
            "messageTitle": "Revert badges to reflect team\u0027s repo",
            "messageBody": "",
            "insertions": 2,
            "deletions": 1
          },
          {
            "hash": "8881cf0114418240b6f2b7b71fd5d7d0cf6cb176",
            "messageTitle": "Update member photo",
            "messageBody": "",
            "insertions": 1,
            "deletions": 1
          }
        ]
      },
      {
        "insertions": 348,
        "deletions": 30,
        "date": "2019-10-02",
        "commitResults": [
          {
            "hash": "0e4358eef309b0e79a9e6bb65f7eb4871c54062e",
            "messageTitle": "Update About Us and Contact Us",
            "messageBody": "",
            "insertions": 20,
            "deletions": 20
          },
          {
            "hash": "885e3ab40a9e57b42881dfbd86fdd417c950a64a",
            "messageTitle": "Add AppVeyor and Codacy badges for Athletick",
            "messageBody": "",
            "insertions": 2,
            "deletions": 4
          },
          {
            "hash": "73016d2032dab52945d0f4759fc390b4736ad839",
            "messageTitle": "Add Coveralls badge for Athletick",
            "messageBody": "",
            "insertions": 1,
            "deletions": 0
          },
          {
            "hash": "99369a0e4fb7bc5c0ea435ade758f639ec3d7f2c",
            "messageTitle": "Add logo",
            "messageBody": "",
            "insertions": 2,
            "deletions": 0
          },
          {
            "hash": "48cb8852414513c1fa9711bbe8e77c60d36d14b6",
            "messageTitle": "Fix logo path",
            "messageBody": "",
            "insertions": 1,
            "deletions": 1
          },
          {
            "hash": "93d760f95acec30a7796cb6924ffe504d0792118",
            "messageTitle": "Combine Athletick and AB-3 Developer Guide",
            "messageBody": "",
            "insertions": 322,
            "deletions": 3
          },
          {
            "hash": "3a9650c1c457ca6dfe8ceb817b2affedc7663d74",
            "messageTitle": "Remove Athletick logo in README",
            "messageBody": "",
            "insertions": 0,
            "deletions": 2
          }
        ]
      },
      {
        "insertions": 19,
        "deletions": 7,
        "date": "2019-10-03",
        "commitResults": [
          {
            "hash": "92886e7ae063a2e6e0b985922db02b7c6aab9e96",
            "messageTitle": "Add unique identification for use cases",
            "messageBody": "",
            "insertions": 19,
            "deletions": 7
          }
        ]
      },
      {
        "insertions": 336,
        "deletions": 10,
        "date": "2019-10-13",
        "commitResults": [
          {
            "hash": "a7221db33315a35b77964c847eeb81c51c93b575",
            "messageTitle": "Add classes that enable filtering by tags",
            "messageBody": "",
            "insertions": 78,
            "deletions": 0
          },
          {
            "hash": "ae0e45f431e6b01e08906e13209dffcf2a0197c7",
            "messageTitle": "Add parser support for FilterCommand",
            "messageBody": "",
            "insertions": 33,
            "deletions": 0
          },
          {
            "hash": "2a63942b434d6dc0ba96968e7b3b5bb8962a57af",
            "messageTitle": "Add test coverage for FilterCommand",
            "messageBody": "",
            "insertions": 105,
            "deletions": 0
          },
          {
            "hash": "9844d66c42573e1ed1c4760a8069b43f2d39ce5f",
            "messageTitle": "Provide tag suggestions to the user",
            "messageBody": "",
            "insertions": 26,
            "deletions": 1
          },
          {
            "hash": "6474c03fe95afc9a3003ac6670a61c741c7484a3",
            "messageTitle": "Adhere to checkstyle",
            "messageBody": "",
            "insertions": 10,
            "deletions": 6
          },
          {
            "hash": "b7317aa9b7ce583366c25cd3993e7eeb8f8a7da1",
            "messageTitle": "Add test for FilterCommand",
            "messageBody": "",
            "insertions": 82,
            "deletions": 1
          },
          {
            "hash": "cf3d9a02aaf07a050f39194cf0e2c6ef50185790",
            "messageTitle": "Fix for Codacy (Avoid using equals() to compare against null)",
            "messageBody": "",
            "insertions": 2,
            "deletions": 2
          }
        ]
      },
      {
        "insertions": 47,
        "deletions": 5,
        "date": "2019-10-15",
        "commitResults": [
          {
            "hash": "619f5264864a2aa05d530b3d41a1008c9c20088e",
            "messageTitle": "Split into 2 lines for readability",
            "messageBody": "",
            "insertions": 3,
            "deletions": 1
          },
          {
            "hash": "7152733cdc099885a8e61075121a2f036e6455af",
            "messageTitle": "Remove Codacy badge",
            "messageBody": "",
            "insertions": 0,
            "deletions": 1
          },
          {
            "hash": "ed4903b8fa215765727fce681560b3c044b15097",
            "messageTitle": "Shorten line",
            "messageBody": "",
            "insertions": 1,
            "deletions": 3
          },
          {
            "hash": "0ef1d044a6faf09812c94584f42da5eae5341829",
            "messageTitle": "Add skeleton for Performance",
            "messageBody": "",
            "insertions": 43,
            "deletions": 0
          }
        ]
      },
      {
        "insertions": 21,
        "deletions": 0,
        "date": "2019-10-16",
        "commitResults": [
          {
            "hash": "5bc8d1e43924f08a2e1871709efc00b208e3febf",
            "messageTitle": "Add JavaDoc comments",
            "messageBody": "",
            "insertions": 21,
            "deletions": 0
          }
        ]
      },
      {
        "insertions": 10,
        "deletions": 12,
        "date": "2019-10-17",
        "commitResults": [
          {
            "hash": "cc3f4f4f18a07d8a2b312c59b4df5042c5976242",
            "messageTitle": "Remove use of a Performance class",
            "messageBody": "",
            "insertions": 10,
            "deletions": 12
          }
        ]
      },
      {
        "insertions": 94,
        "deletions": 5,
        "date": "2019-10-21",
        "commitResults": [
          {
            "hash": "670af3dab49aab5f71aa317c73e1ad1defab44b5",
            "messageTitle": "Enable execution of event creation",
            "messageBody": "",
            "insertions": 60,
            "deletions": 2
          },
          {
            "hash": "860cea5063d3f48f2bb0c03b33d2402206685737",
            "messageTitle": "Enable parsing of adding a new event",
            "messageBody": "",
            "insertions": 24,
            "deletions": 1
          },
          {
            "hash": "7270686b259e4b33538e49b1f2d95bc8aa88040f",
            "messageTitle": "Edit message constraint message",
            "messageBody": "",
            "insertions": 1,
            "deletions": 1
          },
          {
            "hash": "fe0faca7a1a0ac28c93c4fad9dd29be91546ee5e",
            "messageTitle": "Add JavaDoc comments",
            "messageBody": "",
            "insertions": 9,
            "deletions": 1
          }
        ]
      },
      {
        "insertions": 470,
        "deletions": 71,
        "date": "2019-10-23",
        "commitResults": [
          {
            "hash": "314a23165e5392b94c7e87bf527ab19f23032e73",
            "messageTitle": "Enable parsing of event from e/ prefix",
            "messageBody": "",
            "insertions": 21,
            "deletions": 1
          },
          {
            "hash": "bfd67dc8de221e47700f694176d0238de2ede2e8",
            "messageTitle": "Enable basic parsing of date and timing for performance based on d/ and t/ prefixes",
            "messageBody": "",
            "insertions": 20,
            "deletions": 0
          },
          {
            "hash": "dcb9160cfddbcc94d8a7d775b692051a9c51a9fe",
            "messageTitle": "Enable retrieving of specific events from the event list",
            "messageBody": "",
            "insertions": 19,
            "deletions": 0
          },
          {
            "hash": "cc80f92f7973301923ead11ed3822fa562c9fbc7",
            "messageTitle": "Modify timing type",
            "messageBody": "",
            "insertions": 3,
            "deletions": 3
          },
          {
            "hash": "e36d9b67e30fe2108f4a4a533046386a476032fe",
            "messageTitle": "Implement basic logic for performance",
            "messageBody": "",
            "insertions": 159,
            "deletions": 1
          },
          {
            "hash": "a6cc85c9875cdadbdcdf678013bb5a349f39ebf4",
            "messageTitle": "Enable adding of athlete\u0027s performances without storage or retrieval",
            "messageBody": "",
            "insertions": 23,
            "deletions": 13
          },
          {
            "hash": "ac0851ca469eaa8b7685cbac6110c4eacc0038ad",
            "messageTitle": "Update team data entry, athlete management and performance in user guide",
            "messageBody": "",
            "insertions": 225,
            "deletions": 53
          }
        ]
      },
      {
        "insertions": 195,
        "deletions": 131,
        "date": "2019-10-24",
        "commitResults": [
          {
            "hash": "098402d4123aaf2d01651469b6937b3a501a2f38",
            "messageTitle": "Update rest of user guide",
            "messageBody": "",
            "insertions": 162,
            "deletions": 107
          },
          {
            "hash": "b93fd28bbfcfa5fe9fc48e96a768f8aec9c0ad9f",
            "messageTitle": "Add screenshots for all features, expect training and undo/redo",
            "messageBody": "",
            "insertions": 14,
            "deletions": 10
          },
          {
            "hash": "e18392cd5fb39d9a6146f8c7e62a0071fdc3301e",
            "messageTitle": "Test admonition",
            "messageBody": "",
            "insertions": 10,
            "deletions": 5
          },
          {
            "hash": "ba3d4de8a62d1adc5282a367a3a9d76f077fe9df",
            "messageTitle": "Update repo link",
            "messageBody": "",
            "insertions": 2,
            "deletions": 2
          },
          {
            "hash": "3eca62dd2dff6fb7f7b5252d2682d71f715e5581",
            "messageTitle": "Modify stylesheets to Athletick\u0027s theme colours",
            "messageBody": "",
            "insertions": 7,
            "deletions": 7
          }
        ]
      },
      {
        "insertions": 206,
        "deletions": 131,
        "date": "2019-10-25",
        "commitResults": [
          {
            "hash": "710ad5b0b55305d670ae19ad85393ed8a6f370a1",
            "messageTitle": "Add newline at the end of file",
            "messageBody": "",
            "insertions": 1,
            "deletions": 1
          },
          {
            "hash": "e577b21d742b1e86a40288f8c0af1e4f98004cb4",
            "messageTitle": "Add filter and attendance features in the developer guide",
            "messageBody": "",
            "insertions": 71,
            "deletions": 0
          },
          {
            "hash": "5f0d3e1f827361ff77d36c68691d93857c873da0",
            "messageTitle": "Format use case headers to not show in table of contents",
            "messageBody": "",
            "insertions": 20,
            "deletions": 34
          },
          {
            "hash": "4e659579720806c850389cb57a3ada9554b1e2b5",
            "messageTitle": "Add mark-up for class names",
            "messageBody": "",
            "insertions": 16,
            "deletions": 15
          },
          {
            "hash": "1f9529cc556970cb5cf8d4fcfa0164f16b7a956a",
            "messageTitle": "Allow filtering by multiple tags",
            "messageBody": "",
            "insertions": 25,
            "deletions": 7
          },
          {
            "hash": "42773298ec4fe5264e1277f4fc373fe67afb5e22",
            "messageTitle": "Simplify parsing of tags for filtering",
            "messageBody": "",
            "insertions": 4,
            "deletions": 15
          },
          {
            "hash": "4a431016f93ad14ab3f1902f2250593291081f83",
            "messageTitle": "Pass all test cases",
            "messageBody": "",
            "insertions": 52,
            "deletions": 42
          },
          {
            "hash": "1bb2b8410e1a6f1342d1015c06066a86bec224f1",
            "messageTitle": "Comply with CheckStyle",
            "messageBody": "",
            "insertions": 2,
            "deletions": 2
          },
          {
            "hash": "cc042cedcf26e5d814c7b01daf8c054774d6ba93",
            "messageTitle": "Edit message usage",
            "messageBody": "",
            "insertions": 6,
            "deletions": 6
          },
          {
            "hash": "2330e2d06176fb74d549627f420e7e63554140b6",
            "messageTitle": "Rename date class to AthletickDate",
            "messageBody": "",
            "insertions": 9,
            "deletions": 9
          }
        ]
      },
      {
        "insertions": 919,
        "deletions": 267,
        "date": "2019-10-26",
        "commitResults": [
          {
            "hash": "4407fedefcd970fb9d498ebb91797040fe30b88b",
            "messageTitle": "Edit prompt when performance has been added for an event that has not been created",
            "messageBody": "",
            "insertions": 7,
            "deletions": 6
          },
          {
            "hash": "87cc3c010802afff94a403ed6d1733bf6293e8bb",
            "messageTitle": "Rename PerformanceEntry to Record to minimise confusion",
            "messageBody": "",
            "insertions": 16,
            "deletions": 16
          },
          {
            "hash": "f0fac75baab8195c65f7d1f97af85835a8c43fee",
            "messageTitle": "Introduce general Performance class to handle events",
            "messageBody": "",
            "insertions": 67,
            "deletions": 54
          },
          {
            "hash": "4f802b386e92da8fa93ae158273061f04898a094",
            "messageTitle": "Show users name of duplicated event",
            "messageBody": "",
            "insertions": 2,
            "deletions": 2
          },
          {
            "hash": "36769003256bcfa1a0b27aa8a2654b1b946f630a",
            "messageTitle": "Add Event using Event object instead of String",
            "messageBody": "",
            "insertions": 4,
            "deletions": 6
          },
          {
            "hash": "24bef07932c6bff01e53aeae7408747bac4f5813",
            "messageTitle": "Abstract Event maintenance to Model (not integrated)",
            "messageBody": "",
            "insertions": 50,
            "deletions": 14
          },
          {
            "hash": "7e267663fcbaae914f7a06db3c33489be1ede385",
            "messageTitle": "Check for valid Event name",
            "messageBody": "",
            "insertions": 13,
            "deletions": 0
          },
          {
            "hash": "10eadefea5ffed7d630da483abec8e7ab087c952",
            "messageTitle": "Add invalid event name message",
            "messageBody": "",
            "insertions": 2,
            "deletions": 0
          },
          {
            "hash": "2b6bbe9850bc0069d0c7ed36fa15b0265743f17a",
            "messageTitle": "Load sample events",
            "messageBody": "",
            "insertions": 20,
            "deletions": 0
          },
          {
            "hash": "4457a6fba21d661741f7a969978fc2795d0a9e09",
            "messageTitle": "Add Json compatibility for Events",
            "messageBody": "",
            "insertions": 138,
            "deletions": 0
          },
          {
            "hash": "8bffaac32d8bfa1bf557c20b41501255d7899241",
            "messageTitle": "Add support for saving Events (no read-write functionality yet)",
            "messageBody": "",
            "insertions": 347,
            "deletions": 19
          },
          {
            "hash": "ae36fe6857053a9de0abd0f0c843017723a35ef4",
            "messageTitle": "Enable reading and writing of events",
            "messageBody": "",
            "insertions": 52,
            "deletions": 3
          },
          {
            "hash": "84e1e6a1b95dae924c23fd272e367a85c6dea898",
            "messageTitle": "Add TypicalEvents for testing later",
            "messageBody": "",
            "insertions": 31,
            "deletions": 0
          },
          {
            "hash": "e045acdb01f9bcd93cc375182d0556f345c76a04",
            "messageTitle": "Pass existing test cases",
            "messageBody": "",
            "insertions": 68,
            "deletions": 31
          },
          {
            "hash": "558afb19cd3b1137b3ee9de56e72fc366f236a5d",
            "messageTitle": "Re-order Storage constructor for consistency with Model constructor",
            "messageBody": "",
            "insertions": 7,
            "deletions": 7
          },
          {
            "hash": "273986440f8fe49078b68533336763d607f11975",
            "messageTitle": "Fix trivial CheckStyle errors in Main",
            "messageBody": "",
            "insertions": 9,
            "deletions": 10
          },
          {
            "hash": "b128a21e7a9e8789378482e37e96e05c8d002141",
            "messageTitle": "Fix bug where event checking was done in an obsolete class",
            "messageBody": "",
            "insertions": 9,
            "deletions": 88
          },
          {
            "hash": "e5b5bd7a1bf3a6ee6a02f91c04fb642d2b2c8f69",
            "messageTitle": "Clean up code",
            "messageBody": "",
            "insertions": 13,
            "deletions": 3
          },
          {
            "hash": "289e9b178d732392124fd24809f7bd175a3c2ffc",
            "messageTitle": "Change time to timing to avoid ambiguity in athlete\u0027s performance record",
            "messageBody": "",
            "insertions": 8,
            "deletions": 8
          },
          {
            "hash": "1bec9a181e21e4e80013f4a60e869f1d464dd132",
            "messageTitle": "Add Json support for a Record",
            "messageBody": "",
            "insertions": 56,
            "deletions": 0
          }
        ]
      },
      {
        "insertions": 643,
        "deletions": 258,
        "date": "2019-10-27",
        "commitResults": [
          {
            "hash": "49f6e5f7c660398a68a1406ec657643ec9c71743",
            "messageTitle": "Add getter method for retrieving performances under Event",
            "messageBody": "",
            "insertions": 6,
            "deletions": 1
          },
          {
            "hash": "15e98d888f746763fad262bc325bdc3f3975d86e",
            "messageTitle": "Enable Json support for performances (not integrated, no read-write capabilities yet)",
            "messageBody": "",
            "insertions": 63,
            "deletions": 2
          },
          {
            "hash": "924e0e2c39f74f26a17c110c76bac5d0abcd2883",
            "messageTitle": "Enable reading and writing of performance records",
            "messageBody": "",
            "insertions": 20,
            "deletions": 5
          },
          {
            "hash": "614b50b5c888a8bb7858e9467a96b0afbd75aa07",
            "messageTitle": "Modify example for ease of testing (not integrated)",
            "messageBody": "",
            "insertions": 2,
            "deletions": 2
          },
          {
            "hash": "9dfb12fba754e5bc46fd23282f24a35b50b01dd5",
            "messageTitle": "Fix bug where record was permanently added to index 1 event",
            "messageBody": "",
            "insertions": 12,
            "deletions": 8
          },
          {
            "hash": "f5ca6df2c6735c83b9ad2dfc7d9d59f0486133c8",
            "messageTitle": "Adhere to CheckStyle for main",
            "messageBody": "",
            "insertions": 53,
            "deletions": 16
          },
          {
            "hash": "3622bfd2425c1b81bb8256e574d13c9358fec33f",
            "messageTitle": "Adhere to CheckStyle for existing tests (no tests added for Performance yet)",
            "messageBody": "",
            "insertions": 23,
            "deletions": 14
          },
          {
            "hash": "a5c307074df9dbd3be1c23b7bd80a8d4972c9f91",
            "messageTitle": "Use AthletickDate instead of String date",
            "messageBody": "",
            "insertions": 38,
            "deletions": 19
          },
          {
            "hash": "6d25de774620c46789adcbc83e58d45327ce5136",
            "messageTitle": "Save Record\u0027s AthletickDate to Json in unparsed DDMMYYYY format",
            "messageBody": "",
            "insertions": 8,
            "deletions": 3
          },
          {
            "hash": "d04c86546a6ee9fc2b3e4a5f15911160792ffe2e",
            "messageTitle": "Modify Model constructor for existing test cases",
            "messageBody": "",
            "insertions": 5,
            "deletions": 3
          },
          {
            "hash": "8ad60f64d0fde9dccca4c861cb46041c5db02ef7",
            "messageTitle": "Implement Calendar-compatible methods for retrieving Performance",
            "messageBody": "",
            "insertions": 141,
            "deletions": 1
          },
          {
            "hash": "226c3b9114da11fb85d0f32e7b7e5aa3377323fa",
            "messageTitle": "Test index validity for Performance",
            "messageBody": "",
            "insertions": 47,
            "deletions": 0
          },
          {
            "hash": "30f22e307ce7828fb6b781ae43d0bddc993ea3d9",
            "messageTitle": "Refactor EventList to Performance",
            "messageBody": "",
            "insertions": 182,
            "deletions": 182
          },
          {
            "hash": "c3fca397e1b25d94d5f6a8b7b002369150196640",
            "messageTitle": "Adhere to CheckStyle",
            "messageBody": "",
            "insertions": 2,
            "deletions": 2
          },
          {
            "hash": "e79ce2b4d6c9a313a7ba0ef2f231a3aecec83b21",
            "messageTitle": "Test for PerformanceCommandParser",
            "messageBody": "",
            "insertions": 41,
            "deletions": 0
          }
        ]
      },
      {
        "insertions": 555,
        "deletions": 79,
        "date": "2019-10-28",
        "commitResults": [
          {
            "hash": "6ba6c36382b550736f63dc60fb61321c6f5467b6",
            "messageTitle": "Add test cases for Performance related classes",
            "messageBody": "",
            "insertions": 501,
            "deletions": 46
          },
          {
            "hash": "25b1e3de9189e3d6bd4254549da6a296a1b2dd91",
            "messageTitle": "Adhere to CheckStyle",
            "messageBody": "",
            "insertions": 19,
            "deletions": 21
          },
          {
            "hash": "0905bfba6a8ada738c66db662dc93fe96fd8b925",
            "messageTitle": "Implement basic UI view of Events",
            "messageBody": "",
            "insertions": 35,
            "deletions": 12
          }
        ]
      },
      {
        "insertions": 228,
        "deletions": 77,
        "date": "2019-10-29",
        "commitResults": [
          {
            "hash": "5dfa2c3df056c7e441ca21124a44374e2ae25cad",
            "messageTitle": "Format UI when viewing events",
            "messageBody": "",
            "insertions": 63,
            "deletions": 30
          },
          {
            "hash": "a9bfe9bf9b83b2f7c2e605d40014c556b8c87be2",
            "messageTitle": "Correct admonition",
            "messageBody": "",
            "insertions": 1,
            "deletions": 1
          },
          {
            "hash": "bdd5a56155c5992fe48c39f3746e3c2801cb5259",
            "messageTitle": "Use Timing class instead of String for performance timing",
            "messageBody": "",
            "insertions": 76,
            "deletions": 24
          },
          {
            "hash": "0408cb4a35e30129a2967a45ce1b54668508ad6a",
            "messageTitle": "Adhere to CheckStyle",
            "messageBody": "",
            "insertions": 2,
            "deletions": 2
          },
          {
            "hash": "175faad9214c715d8bf90de1fcae8413168c98f5",
            "messageTitle": "Remove unused conversion",
            "messageBody": "",
            "insertions": 1,
            "deletions": 1
          },
          {
            "hash": "b0f4530c58085ded5578bb7ff1285dee1c8ac331",
            "messageTitle": "Update UG for filter and performance",
            "messageBody": "",
            "insertions": 85,
            "deletions": 19
          }
        ]
      }
    ],
    "jeunhoe": [
      {
        "insertions": 204,
        "deletions": 344,
        "date": "2019-10-02",
        "commitResults": [
          {
            "hash": "8faca1c5830f6c9356cabef54d00decc372d162c",
            "messageTitle": "Merge with master",
            "messageBody": "",
            "insertions": 26,
            "deletions": 26
          },
          {
            "hash": "5ee8d6684f642cb1562896ee3300c1d3b2b7d09e",
            "messageTitle": "Edit DeveloperGuide",
            "messageBody": "",
            "insertions": 178,
            "deletions": 318
          }
        ]
      },
      {
        "insertions": 147,
        "deletions": 7,
        "date": "2019-10-15",
        "commitResults": [
          {
            "hash": "8066bb9ff174ba7b0f258728b345a9b5ba092396",
            "messageTitle": "Add TrainingCommand",
            "messageBody": "",
            "insertions": 147,
            "deletions": 7
          }
        ]
      },
      {
        "insertions": 292,
        "deletions": 17,
        "date": "2019-10-16",
        "commitResults": [
          {
            "hash": "dbdba91191a03a6c5caea714090023c1478b7f97",
            "messageTitle": "Add Attendance storage",
            "messageBody": "",
            "insertions": 154,
            "deletions": 6
          },
          {
            "hash": "4c120bd8e36f3a1d0e6f7fb333addcb8569801b0",
            "messageTitle": "Add AttendanceCommand",
            "messageBody": "",
            "insertions": 98,
            "deletions": 3
          },
          {
            "hash": "fbc31a61d1cd867ef1dbfcfb7f3c93c8053a9e2e",
            "messageTitle": "Comply with Java Coding Standard",
            "messageBody": "",
            "insertions": 28,
            "deletions": 8
          },
          {
            "hash": "f42163ad3f7e60a03903a524bdb63f5466b47f34",
            "messageTitle": "Add new method to stub class",
            "messageBody": "",
            "insertions": 12,
            "deletions": 0
          }
        ]
      },
      {
        "insertions": 252,
        "deletions": 64,
        "date": "2019-10-25",
        "commitResults": [
          {
            "hash": "5f6574ee4d535ef91252d9b63e0687609657e820",
            "messageTitle": "Add saving and loading of Attendance to JSON file",
            "messageBody": "",
            "insertions": 239,
            "deletions": 46
          },
          {
            "hash": "0522b8686543782e37e4ebe1dc4efaaa4134de27",
            "messageTitle": "Fix failing tests",
            "messageBody": "",
            "insertions": 6,
            "deletions": 4
          },
          {
            "hash": "cba3b37f7b65243acd1bc394da32d053be35ada9",
            "messageTitle": "Fix failing tests",
            "messageBody": "",
            "insertions": 7,
            "deletions": 14
          }
        ]
      },
      {
        "insertions": 39,
        "deletions": 22,
        "date": "2019-10-26",
        "commitResults": [
          {
            "hash": "6fa3d935e6edf412dde59156bb435990210de1f1",
            "messageTitle": "Fix Attendance command",
            "messageBody": "",
            "insertions": 21,
            "deletions": 12
          },
          {
            "hash": "8421856d4d069015db371f052368fbe0e8f763e8",
            "messageTitle": "Modify AttendanceCommand output",
            "messageBody": "",
            "insertions": 18,
            "deletions": 10
          }
        ]
      },
      {
        "insertions": 472,
        "deletions": 124,
        "date": "2019-10-27",
        "commitResults": [
          {
            "hash": "c74928ea12ad5c809e166ff4b12b56f8361946cb",
            "messageTitle": "Add TrainingCommandAbsent and TrainingCommandPresent",
            "messageBody": "",
            "insertions": 239,
            "deletions": 76
          },
          {
            "hash": "ca6edb215ce8fd18b1a44ee4c1b1af98fea35634",
            "messageTitle": "Add Documentation to Model classes and comply with Java Coding Standard",
            "messageBody": "",
            "insertions": 98,
            "deletions": 24
          },
          {
            "hash": "4508f6fa0388636967a7d22f0b43cf664b5bd466",
            "messageTitle": "Add tests for Training",
            "messageBody": "",
            "insertions": 135,
            "deletions": 24
          }
        ]
      },
      {
        "insertions": 185,
        "deletions": 7,
        "date": "2019-10-29",
        "commitResults": [
          {
            "hash": "b40d75037f884b47c1317b2e874e3b3569efdd47",
            "messageTitle": "Add duplicate training date detection",
            "messageBody": "",
            "insertions": 70,
            "deletions": 1
          },
          {
            "hash": "a1d05f62d0fcc973964c0d9f748867d2a5cdb9d1",
            "messageTitle": "Add TestUtil classes",
            "messageBody": "",
            "insertions": 115,
            "deletions": 6
          }
        ]
      },
      {
        "insertions": 20,
        "deletions": 0,
        "date": "2019-10-30",
        "commitResults": [
          {
            "hash": "0de97ea6d726bd7a64c2edd07dbf4395c39acbbd",
            "messageTitle": "Add method for Model to get training from date",
            "messageBody": "",
            "insertions": 20,
            "deletions": 0
          }
        ]
      }
    ],
    "junhuplim": [
      {
        "insertions": 108,
        "deletions": 0,
        "date": "2019-10-11",
        "commitResults": [
          {
            "hash": "f54dc61491cdeff7d928052abce8f35ba3060b9f",
            "messageTitle": "add Training and Attendance class",
            "messageBody": "",
            "insertions": 108,
            "deletions": 0
          }
        ]
      },
      {
        "insertions": 26,
        "deletions": 23,
        "date": "2019-10-12",
        "commitResults": [
          {
            "hash": "9cf6f126e961c87285004f69926698cfc9bc7eb1",
            "messageTitle": "Add javadocs",
            "messageBody": "",
            "insertions": 12,
            "deletions": 15
          },
          {
            "hash": "83a06d12569ade663f96877b47bcdd922aeb751c",
            "messageTitle": "Comply with coding standards",
            "messageBody": "",
            "insertions": 14,
            "deletions": 8
          }
        ]
      },
      {
        "insertions": 192,
        "deletions": 30,
        "date": "2019-10-22",
        "commitResults": [
          {
            "hash": "6745bbd8f5f14af57eb633371a4afc081dda5726",
            "messageTitle": "undo feature v1",
            "messageBody": "",
            "insertions": 192,
            "deletions": 30
          }
        ]
      },
      {
        "insertions": 180,
        "deletions": 119,
        "date": "2019-10-26",
        "commitResults": [
          {
            "hash": "ab93cf05ef1b1d5a9113e5d70f7430e8049ec985",
            "messageTitle": "Add redo feature",
            "messageBody": "",
            "insertions": 70,
            "deletions": 22
          },
          {
            "hash": "051c2898a946ff2fad6ff0e8a1397f0569b4ae21",
            "messageTitle": "Resolve addcommandtest",
            "messageBody": "",
            "insertions": 16,
            "deletions": 0
          },
          {
            "hash": "6bb9419031be123d909e717d1f942e318ceb5c67",
            "messageTitle": "Checkstyles",
            "messageBody": "",
            "insertions": 70,
            "deletions": 84
          },
          {
            "hash": "2801d92c7c69fa48730d6a89ea08b8029c71ad27",
            "messageTitle": "appveyor test",
            "messageBody": "",
            "insertions": 1,
            "deletions": 6
          },
          {
            "hash": "c9a7daff8bd279a6efe3111b6a80f36e37a18f00",
            "messageTitle": "Undo/redo feature for trainingCommand",
            "messageBody": "",
            "insertions": 23,
            "deletions": 7
          }
        ]
      }
    ]
  },
  "authorFinalContributionMap": {
    "shawnlsj97": 2724,
    "ChangUo79": 834,
    "hellodommy": 2893,
    "jeunhoe": 1485,
    "junhuplim": 311
  },
  "authorFileTypeContributionMap": {
    "shawnlsj97": {
      "docs": 297,
      "tests": 481,
      "functional": 1943,
      "other": 3
    },
    "ChangUo79": {
      "docs": 40,
      "tests": 270,
      "functional": 438,
      "other": 86
    },
    "hellodommy": {
      "docs": 474,
      "tests": 868,
      "functional": 1545,
      "other": 6
    },
    "jeunhoe": {
      "docs": 133,
      "tests": 426,
      "functional": 926
    },
    "junhuplim": {
      "docs": 0,
      "tests": 12,
      "functional": 299
    }
  },
  "authorContributionVariance": {
    "shawnlsj97": 40673.105,
    "ChangUo79": 9466.576,
    "hellodommy": 54666.816,
    "jeunhoe": 15052.324,
    "junhuplim": 2625.3113
  },
  "authorDisplayNameMap": {
    "shawnlsj97": "CS2103T-T12-3 LEE S ... SHAWN",
    "ChangUo79": "CS2103T-T12-3 ERWIN ... O XIN",
    "hellodommy": "CS2103T-T12-3 DOMIN ... WENYI",
    "jeunhoe": "CS2103T-T12-3 POON  ... N HOE",
    "junhuplim": "CS2103T-T12-3 LIM J ... N HUP"
  }
}
