{
  "authorDailyContributionsMap": {
    "joshuaseetss": [
      {
        "insertions": 428,
        "deletions": 50,
        "date": "2019-10-01",
        "commitResults": [
          {
            "hash": "00c0958bff5418449af56244419eb8dfced011b3",
            "messageTitle": "Added some use cases",
            "messageBody": "",
            "insertions": 85,
            "deletions": 0
          },
          {
            "hash": "7fed70a0cb7db47c072c9efd9a454b72ae20a6c3",
            "messageTitle": "Added more use cases",
            "messageBody": "",
            "insertions": 110,
            "deletions": 6
          },
          {
            "hash": "b43ac39a1457f605ce43e8a5e27c4c489634b5a9",
            "messageTitle": "Updated user cases in Developer\u0027s Guide",
            "messageBody": "",
            "insertions": 192,
            "deletions": 0
          },
          {
            "hash": "b5e6b48d5bde650ee65eb14b0a037fbf8010f269",
            "messageTitle": "Updated Developers Guide - added Use cases",
            "messageBody": "",
            "insertions": 41,
            "deletions": 44
          }
        ]
      },
      {
        "insertions": 4,
        "deletions": 3,
        "date": "2019-10-07",
        "commitResults": [
          {
            "hash": "207af8999ca7a91f5f648b7fe639a939b60e5a87",
            "messageTitle": "Updated AboutUs.adoc",
            "messageBody": "",
            "insertions": 2,
            "deletions": 2
          },
          {
            "hash": "a07efea58260bd998fb210054bd467e8cd7b9d0e",
            "messageTitle": "Fixed from jpg to png",
            "messageBody": "",
            "insertions": 1,
            "deletions": 1
          },
          {
            "hash": "3210af5798fd708edadeaaa23a0a2d3aa75ae5f2",
            "messageTitle": "Updated ContactUs.adoc",
            "messageBody": "",
            "insertions": 1,
            "deletions": 0
          }
        ]
      },
      {
        "insertions": 1255,
        "deletions": 73,
        "date": "2019-10-08",
        "commitResults": [
          {
            "hash": "5b04e819b9b75cb81f135e8038d8ae2bc3296565",
            "messageTitle": "Added Income model",
            "messageBody": "",
            "insertions": 145,
            "deletions": 0
          },
          {
            "hash": "9fb8ec9c3df6e007f1b09cbadfc424614ac6be51",
            "messageTitle": "Merged changes from main repository.",
            "messageBody": "",
            "insertions": 2,
            "deletions": 2
          },
          {
            "hash": "9a3ec3cec34b98e5f8de3dec21dfa61a25e95124",
            "messageTitle": "Changed order of imports",
            "messageBody": "",
            "insertions": 6,
            "deletions": 4
          },
          {
            "hash": "94fec6c0fb3aac11c95b01a8ec567ff8aae9ca5e",
            "messageTitle": "Changed position of imports",
            "messageBody": "",
            "insertions": 2,
            "deletions": 1
          },
          {
            "hash": "8097e930dc2dd45a3f68637d1cd4bf6a8616b972",
            "messageTitle": "Updated AddressBook.java and Model and Model Manager by adding incomes. UniqueIncomeList, ReadOnlyIncomeBook and IncomeBook is created.",
            "messageBody": "",
            "insertions": 391,
            "deletions": 5
          },
          {
            "hash": "eeb5615820a9f3390cd47b127cf690eb3cac3948",
            "messageTitle": "Added AddIncomeCommand, EditIncomeCommand, AddIncomeCommandParser, EditIncomeCommandParser classes to support Income feature.",
            "messageBody": "",
            "insertions": 488,
            "deletions": 6
          },
          {
            "hash": "85bf0f07bc9402bc3162685aa28dab95a60e295b",
            "messageTitle": "Fixed Checkstyle",
            "messageBody": "",
            "insertions": 28,
            "deletions": 7
          },
          {
            "hash": "47f4fa4d41277ea3aba7ecbf15b5164dc7a029be",
            "messageTitle": "Fixed checkstyle",
            "messageBody": "",
            "insertions": 5,
            "deletions": 1
          },
          {
            "hash": "76c7a9fccce2bac2e3d1c031f5ecfa8754a94a6c",
            "messageTitle": "Edited white spacing",
            "messageBody": "",
            "insertions": 2,
            "deletions": 1
          },
          {
            "hash": "0e33fdd9c971329d48818e94f7ba6cb3257d6f1a",
            "messageTitle": "Changed order of imports",
            "messageBody": "",
            "insertions": 2,
            "deletions": 3
          },
          {
            "hash": "8b0638cae7add74b413fb78dc71527e3f66c4817",
            "messageTitle": "Fixed Checkstyle",
            "messageBody": "",
            "insertions": 1,
            "deletions": 3
          },
          {
            "hash": "ecb47eaa23edaa21826ce8658843fa32ae136c7b",
            "messageTitle": "Added Role",
            "messageBody": "",
            "insertions": 1,
            "deletions": 1
          },
          {
            "hash": "3d04b1d7f90f9c5e44f40b301999074073396d5d",
            "messageTitle": "Added JsonAdaptedIncome",
            "messageBody": "",
            "insertions": 109,
            "deletions": 0
          },
          {
            "hash": "d59ffa4c5c9f8394c8f46d7fa97f766bade72e45",
            "messageTitle": "Fixed Checkstyle",
            "messageBody": "",
            "insertions": 9,
            "deletions": 6
          },
          {
            "hash": "e8d852fb08ecde5b80d45d0928474d9bcdf3dadb",
            "messageTitle": "Added storage for incomes. Income entries can be saved into data folder",
            "messageBody": "",
            "insertions": 55,
            "deletions": 26
          },
          {
            "hash": "6dee7e4b76c3c8bfb21bb0a3e473c3ee9b02c530",
            "messageTitle": "Fixed imports checkstyle",
            "messageBody": "",
            "insertions": 2,
            "deletions": 0
          },
          {
            "hash": "a2880fa018b839f2381043dc85181dbd7994993c",
            "messageTitle": "Fixed checkstyle",
            "messageBody": "",
            "insertions": 1,
            "deletions": 1
          },
          {
            "hash": "8f09372fa258a7a5a75c65334e5e144a65e78824",
            "messageTitle": "Fixed Checkstyle",
            "messageBody": "",
            "insertions": 6,
            "deletions": 6
          }
        ]
      },
      {
        "insertions": 17,
        "deletions": 11,
        "date": "2019-10-09",
        "commitResults": [
          {
            "hash": "d261843177a51ee9dccca9538e9d8aef7e15f45d",
            "messageTitle": "Fixed Checkstyle for test",
            "messageBody": "",
            "insertions": 8,
            "deletions": 6
          },
          {
            "hash": "84b25a0a100359ff666718aa1658eea3be84b45c",
            "messageTitle": "Fixed more checkstyles",
            "messageBody": "",
            "insertions": 9,
            "deletions": 5
          }
        ]
      },
      {
        "insertions": 204,
        "deletions": 31,
        "date": "2019-10-13",
        "commitResults": [
          {
            "hash": "c6af46bf5d3693f0413e890ce7e0790b584d78ce",
            "messageTitle": "Updated UI for income card and income list.",
            "messageBody": "",
            "insertions": 198,
            "deletions": 31
          },
          {
            "hash": "a8c00e9ea16486280f5569b7fdb9b06d9406f8b7",
            "messageTitle": "Added income to Parser",
            "messageBody": "",
            "insertions": 6,
            "deletions": 0
          }
        ]
      },
      {
        "insertions": 256,
        "deletions": 147,
        "date": "2019-10-15",
        "commitResults": [
          {
            "hash": "170fa36f457d6122f162ef589eead2f18a4aa406",
            "messageTitle": "Update ModelManager",
            "messageBody": "",
            "insertions": 1,
            "deletions": 0
          },
          {
            "hash": "e495e261ff552256858d0822ea263f47043b5d38",
            "messageTitle": "Integrated Date into Income",
            "messageBody": "",
            "insertions": 63,
            "deletions": 45
          },
          {
            "hash": "15b97c1a97228bce4ec72b7f5415a8d1fd8fc85b",
            "messageTitle": "Added the suggestions feature for the CommandBox",
            "messageBody": "",
            "insertions": 143,
            "deletions": 10
          },
          {
            "hash": "cb1e1b9af00fd27f87e657de58513e97dd88f125",
            "messageTitle": "Added default suggestions",
            "messageBody": "",
            "insertions": 4,
            "deletions": 1
          },
          {
            "hash": "ba6e9bd173c7c3318c4d51a78c41c528c23f3149",
            "messageTitle": "Updated Developer\u0027s Guide; Use Cases section",
            "messageBody": "",
            "insertions": 45,
            "deletions": 91
          }
        ]
      },
      {
        "insertions": 141,
        "deletions": 51,
        "date": "2019-10-17",
        "commitResults": [
          {
            "hash": "7204757fffe5edcefbd6b886bd1b59b8ce10763e",
            "messageTitle": "Edited Delete command to DeleteContact command.",
            "messageBody": "",
            "insertions": 41,
            "deletions": 41
          },
          {
            "hash": "d3dacbe9d3f6eb02a4f990b7be60428594204fcb",
            "messageTitle": "More refactoring",
            "messageBody": "",
            "insertions": 3,
            "deletions": 3
          },
          {
            "hash": "e3c878b3724b53bf5071ff47d7d5177a056117cc",
            "messageTitle": "Fixed Checkstyle.",
            "messageBody": "",
            "insertions": 4,
            "deletions": 2
          },
          {
            "hash": "1fb602f5322195c616016f711195e4719d1b85d6",
            "messageTitle": "Fixing appveyor test",
            "messageBody": "",
            "insertions": 1,
            "deletions": 1
          },
          {
            "hash": "3d73647f47e1a50d22ea51ca41449996695ff003",
            "messageTitle": "DeleteIncome command for Income feature",
            "messageBody": "",
            "insertions": 87,
            "deletions": 2
          },
          {
            "hash": "ce0b90c25e6a5e5b5a9f990a1f2f1f947969b00c",
            "messageTitle": "Fixed checkstyle",
            "messageBody": "",
            "insertions": 3,
            "deletions": 0
          },
          {
            "hash": "9f7466b4262adf03a6dc83ed478d92f8834bf7f8",
            "messageTitle": "Updated AboutUs",
            "messageBody": "",
            "insertions": 2,
            "deletions": 2
          }
        ]
      },
      {
        "insertions": 347,
        "deletions": 12,
        "date": "2019-10-18",
        "commitResults": [
          {
            "hash": "268bb4d12d84cb68b61a2f169a55e300d66383e6",
            "messageTitle": "Added AutocorrectSuggestion list to the json file",
            "messageBody": "",
            "insertions": 330,
            "deletions": 11
          },
          {
            "hash": "bcb6f577a73b8b802c28cf52ac017f2bc0c40bdf",
            "messageTitle": "Initialise the .json file with default words in the suggestions list.",
            "messageBody": "",
            "insertions": 17,
            "deletions": 1
          }
        ]
      },
      {
        "insertions": 186,
        "deletions": 88,
        "date": "2019-10-19",
        "commitResults": [
          {
            "hash": "0e40ec0a332d85c8e33af5d00dbc03348063c347",
            "messageTitle": "Improved autocorrect suggestion by storing the suggestions in the json file in json format. Adds the contact\u0027s name into the suggestion list when a contact is newly added.",
            "messageBody": "",
            "insertions": 134,
            "deletions": 51
          },
          {
            "hash": "ab215dff5d70173036d5041928b12ab22cab03ca",
            "messageTitle": "Fixed bugs to pass travis test",
            "messageBody": "",
            "insertions": 15,
            "deletions": 16
          },
          {
            "hash": "037fbdd5c2c61e4a8cfbbd888a916ad6e22b167b",
            "messageTitle": "Fixed checkstyle",
            "messageBody": "",
            "insertions": 3,
            "deletions": 0
          },
          {
            "hash": "015561f6b2e7a873176ae4b251bf065aeec5d07b",
            "messageTitle": "Fixed checkstyle again",
            "messageBody": "",
            "insertions": 12,
            "deletions": 2
          },
          {
            "hash": "92645015e1009955be45ba5c37171859edfb28e5",
            "messageTitle": "Fixed checkstyle",
            "messageBody": "",
            "insertions": 17,
            "deletions": 15
          },
          {
            "hash": "93757f8ddd29f97de93a37f0a7d847797c6d003a",
            "messageTitle": "Added more default suggestions",
            "messageBody": "",
            "insertions": 5,
            "deletions": 4
          }
        ]
      },
      {
        "insertions": 283,
        "deletions": 373,
        "date": "2019-10-22",
        "commitResults": [
          {
            "hash": "f88d297c3f8216f32207010a85206a3359d3d5bb",
            "messageTitle": "Removed Address attribute and Improved income",
            "messageBody": "",
            "insertions": 80,
            "deletions": 336
          },
          {
            "hash": "f5b20c51123287f4638d9a099261cd1bc7a221c7",
            "messageTitle": "Fixed Checkstyle",
            "messageBody": "",
            "insertions": 17,
            "deletions": 4
          },
          {
            "hash": "f5f82be05764cc003ab534ec72183e09ce6380c7",
            "messageTitle": "Fixed CheckstyleTest",
            "messageBody": "",
            "insertions": 11,
            "deletions": 4
          },
          {
            "hash": "0ce35ca1e6702a545b9b4e89b0631b3318fc83db",
            "messageTitle": "Changed typical contacts to typical objects",
            "messageBody": "",
            "insertions": 23,
            "deletions": 23
          },
          {
            "hash": "63d73f9430dc896944f58e346173d5af362e896d",
            "messageTitle": "Fixed CheckstyleTest",
            "messageBody": "",
            "insertions": 2,
            "deletions": 2
          },
          {
            "hash": "42c9a384299e6fbb6ff542894664e79db49db3cc",
            "messageTitle": "Updated DG",
            "messageBody": "",
            "insertions": 68,
            "deletions": 3
          },
          {
            "hash": "fe6652c005891ecc96319a9b65ed6a043f2f5260",
            "messageTitle": "Added UML diagram",
            "messageBody": "",
            "insertions": 79,
            "deletions": 0
          },
          {
            "hash": "0d468c8a6c86aeaeb2ebfc564e0db41c4f6613d4",
            "messageTitle": "Updated Developers Guide and AboutUs",
            "messageBody": "",
            "insertions": 3,
            "deletions": 1
          }
        ]
      },
      {
        "insertions": 970,
        "deletions": 114,
        "date": "2019-10-26",
        "commitResults": [
          {
            "hash": "8bca770d917d161c00d40daaf089cfefecad48d2",
            "messageTitle": "Added shortcut feature.",
            "messageBody": "Fixed bugs for shortcut feature\n\nFixed CheckstyleMain\n\nRevert \"Fixed bugs for shortcut feature\"\n\nThis reverts commit 141e704f3c66463a5e9a56a54d62468c7279db87.\n\nFixed CheckstyleTest\n",
            "insertions": 929,
            "deletions": 65
          },
          {
            "hash": "791b88bc8ab5bbdb4fe53b1458d240d5fa2c9223",
            "messageTitle": "Fixed Test failures",
            "messageBody": "",
            "insertions": 17,
            "deletions": 32
          },
          {
            "hash": "8bd47621d6dadd42c4bf9ed227db3f9cde70a6eb",
            "messageTitle": "Fixed Checkstyle",
            "messageBody": "",
            "insertions": 24,
            "deletions": 17
          }
        ]
      },
      {
        "insertions": 167,
        "deletions": 38,
        "date": "2019-10-27",
        "commitResults": [
          {
            "hash": "40120b85f6948c0aabb031c7fcf3065b09aaa97e",
            "messageTitle": "Integrated create shortcut feature and autocorrect feature",
            "messageBody": "",
            "insertions": 72,
            "deletions": 36
          },
          {
            "hash": "9e6b3859836ba3f8420df650ea79c549b14a9da2",
            "messageTitle": "Improved shortcut feature by allowing user to delete created shortcut",
            "messageBody": "",
            "insertions": 95,
            "deletions": 2
          }
        ]
      },
      {
        "insertions": 857,
        "deletions": 519,
        "date": "2019-10-28",
        "commitResults": [
          {
            "hash": "ef4d2039f20cefe086898aa75058c0a3bff7b6fb",
            "messageTitle": "Did some income tests",
            "messageBody": "",
            "insertions": 852,
            "deletions": 35
          },
          {
            "hash": "8f204ffdd96f5a895000fb26cf78ce7cba1f1c8e",
            "messageTitle": "Managed the tests",
            "messageBody": "",
            "insertions": 5,
            "deletions": 484
          }
        ]
      },
      {
        "insertions": 288,
        "deletions": 20,
        "date": "2019-10-29",
        "commitResults": [
          {
            "hash": "bc35a4d5d65b550de77cc8732bc10ce45e501662",
            "messageTitle": "Fixed EditIncome bug and other bug fixes.",
            "messageBody": "",
            "insertions": 7,
            "deletions": 5
          },
          {
            "hash": "cb9d58062d0561bd63ba66a1c6b2ce41be6059c5",
            "messageTitle": "Fixed DeleteIncome bug.",
            "messageBody": "",
            "insertions": 3,
            "deletions": 9
          },
          {
            "hash": "727ebb784e9dac9ab9d28ce6ae79d9f11f96036f",
            "messageTitle": "Added EditIncomeCommandParserTest and DeleteIncomeCommandParserTest",
            "messageBody": "",
            "insertions": 255,
            "deletions": 5
          },
          {
            "hash": "c21b392bfb0ee18ab0e073d8281d655d7ee2d28f",
            "messageTitle": "Updated User Guide and Developers Guide",
            "messageBody": "",
            "insertions": 23,
            "deletions": 1
          }
        ]
      },
      {
        "insertions": 73,
        "deletions": 21,
        "date": "2019-10-30",
        "commitResults": [
          {
            "hash": "fcec05ca4f661e35d6760cfa75582630b027a302",
            "messageTitle": "Fixed some bugs in EditIncomeCommand.",
            "messageBody": "",
            "insertions": 20,
            "deletions": 20
          },
          {
            "hash": "0559b5d052048e44f24d477730f51d23324bd19e",
            "messageTitle": "Updated DG.",
            "messageBody": "",
            "insertions": 53,
            "deletions": 1
          }
        ]
      },
      {
        "insertions": 16,
        "deletions": 4,
        "date": "2019-10-31",
        "commitResults": [
          {
            "hash": "4aa63a9c4314117b146fe53bba10ecafe5457f36",
            "messageTitle": "Improved shortcut feature",
            "messageBody": "",
            "insertions": 13,
            "deletions": 1
          },
          {
            "hash": "ed8dee28a75321bcf3c2c5ad6e5f418d737e4ee7",
            "messageTitle": "Made small changes to FinSecParser",
            "messageBody": "",
            "insertions": 3,
            "deletions": 3
          }
        ]
      }
    ],
    "weigenie": [
      {
        "insertions": 1,
        "deletions": 1,
        "date": "2019-09-21",
        "commitResults": [
          {
            "hash": "af518036d82c1092d754bc1199deab9e6db56513",
            "messageTitle": "Changed site-githuburl in build.gradle",
            "messageBody": "",
            "insertions": 1,
            "deletions": 1
          }
        ]
      },
      {
        "insertions": 216,
        "deletions": 1,
        "date": "2019-09-28",
        "commitResults": [
          {
            "hash": "3e5afe0aba821b21f76e33efeb5e65f862e4bc58",
            "messageTitle": "Added Claim Model",
            "messageBody": "",
            "insertions": 216,
            "deletions": 1
          }
        ]
      },
      {
        "insertions": 25,
        "deletions": 17,
        "date": "2019-10-06",
        "commitResults": [
          {
            "hash": "f8784c35e4ef2b31b8c076f444406ad257e3f091",
            "messageTitle": "Edited AboutUs to include correct profile image.",
            "messageBody": "",
            "insertions": 1,
            "deletions": 1
          },
          {
            "hash": "e575a222cba73124699245d690b9eb3c31939507",
            "messageTitle": "Updated Description documentation.",
            "messageBody": "",
            "insertions": 5,
            "deletions": 6
          },
          {
            "hash": "b36582365ba27c2db1045f42d51cc6acd9ea0d40",
            "messageTitle": "Documentation Update: Personal details Badges",
            "messageBody": "",
            "insertions": 6,
            "deletions": 4
          },
          {
            "hash": "69e6dc11a8d8182df79adeb8b9d3bd92ba3bacbc",
            "messageTitle": "Updated DG and UG",
            "messageBody": "",
            "insertions": 13,
            "deletions": 6
          }
        ]
      },
      {
        "insertions": 303,
        "deletions": 215,
        "date": "2019-10-07",
        "commitResults": [
          {
            "hash": "6f14801212224f7a86364588a5fd776ad124779f",
            "messageTitle": "Refactor AddCommand to AddClaimCommand and EditCommand to EditClaimCommand",
            "messageBody": "",
            "insertions": 107,
            "deletions": 107
          },
          {
            "hash": "75ffaedf5a35e5ba811f02dd900137fc3a350da6",
            "messageTitle": "Refactor from AddClaim to AddContact; EditClaim to EditContact",
            "messageBody": "",
            "insertions": 106,
            "deletions": 106
          },
          {
            "hash": "402c59c4adf344cf5c167e76f3e0685eb60c988e",
            "messageTitle": "Added AddClaimCommand and EditClaimCommand, Added Prefix for description \u0026 cash amount, Added claim functions for Model",
            "messageBody": "",
            "insertions": 90,
            "deletions": 2
          }
        ]
      },
      {
        "insertions": 787,
        "deletions": 88,
        "date": "2019-10-08",
        "commitResults": [
          {
            "hash": "6f1a414db08161eceb1a64311ad1106995acf6a1",
            "messageTitle": "Added AddClaim parser dependencies.",
            "messageBody": "",
            "insertions": 95,
            "deletions": 6
          },
          {
            "hash": "cbb03b7c2477d7566e6ced1e1ae99c4cfdcd543b",
            "messageTitle": "Finished parsing for Adding of Claim",
            "messageBody": "",
            "insertions": 7,
            "deletions": 0
          },
          {
            "hash": "91273fd72103f06c1c96f9b5c790d7389c838b3b",
            "messageTitle": "Added EditClaimCommand",
            "messageBody": "",
            "insertions": 230,
            "deletions": 0
          },
          {
            "hash": "bbc848be8b460151900449a18c581fe99a8c8bad",
            "messageTitle": "Refined documentation on EditClaimCommand",
            "messageBody": "",
            "insertions": 24,
            "deletions": 12
          },
          {
            "hash": "04a70ab6822d9176dcd83bb88a11cff4ec1e4169",
            "messageTitle": "Added EditClaimCommandParser",
            "messageBody": "",
            "insertions": 81,
            "deletions": 11
          },
          {
            "hash": "5a3dc6d57b5bf15f0a9131c67ec1f0fb6e69ec31",
            "messageTitle": "Merge with upstream repo",
            "messageBody": "",
            "insertions": 180,
            "deletions": 48
          },
          {
            "hash": "9b1af53c431e1050ebfd04d85e453a6c82cd63c0",
            "messageTitle": "Refined Claim model",
            "messageBody": "",
            "insertions": 16,
            "deletions": 1
          },
          {
            "hash": "cd333acc7b455706848b2ec39cf0a41d845ab5f9",
            "messageTitle": "Added storage capability for claims",
            "messageBody": "",
            "insertions": 140,
            "deletions": 1
          },
          {
            "hash": "99fe09ce7e149c882d7f366caafeb0d7d7295bb7",
            "messageTitle": "Fixed minor documentation",
            "messageBody": "",
            "insertions": 9,
            "deletions": 4
          },
          {
            "hash": "071cdbcd1c14d9936a8f774e319cd2997cc79d33",
            "messageTitle": "Fixed testability issues.",
            "messageBody": "",
            "insertions": 1,
            "deletions": 1
          },
          {
            "hash": "df7cbb03ae5fc7813abc42e3921f5ead24ab1a52",
            "messageTitle": "Update AboutUs.adoc",
            "messageBody": "",
            "insertions": 4,
            "deletions": 4
          }
        ]
      },
      {
        "insertions": 17,
        "deletions": 16,
        "date": "2019-10-12",
        "commitResults": [
          {
            "hash": "aa6cbaf61b231225a08f4e2db900a4f4171c9b91",
            "messageTitle": "Added proper ClaimCards and ClaimListPanel java + fxml",
            "messageBody": "",
            "insertions": 17,
            "deletions": 16
          }
        ]
      },
      {
        "insertions": 85,
        "deletions": 7,
        "date": "2019-10-14",
        "commitResults": [
          {
            "hash": "d394f7c5bc8754fa4e4c5e39eb48ffe987d7195e",
            "messageTitle": "Added Date model file",
            "messageBody": "",
            "insertions": 57,
            "deletions": 0
          },
          {
            "hash": "2907a01ed315a5ed8cd3b7c2f0874b234c3d67f9",
            "messageTitle": "Bug fix: Reading claims and incomes from storage not registering on the app",
            "messageBody": "",
            "insertions": 28,
            "deletions": 7
          }
        ]
      },
      {
        "insertions": 1293,
        "deletions": 800,
        "date": "2019-10-15",
        "commitResults": [
          {
            "hash": "42c9f7493d6447b658bf0fb14bd15645a274826c",
            "messageTitle": "Integrated Date into Claims",
            "messageBody": "",
            "insertions": 41,
            "deletions": 23
          },
          {
            "hash": "6460967cba82e289f291390c129b7cb40ee950fa",
            "messageTitle": "Integrated Date functions with UI",
            "messageBody": "",
            "insertions": 38,
            "deletions": 5
          },
          {
            "hash": "b2f0ab6a398a1b132119e8891b2cc45a1550abec",
            "messageTitle": "Added statuses into claims, including storage writing and reading",
            "messageBody": "",
            "insertions": 167,
            "deletions": 11
          },
          {
            "hash": "e69bc14bcf99a2cc83584558b302bf34e4b0247b",
            "messageTitle": "Added approving and rejecting claims commands",
            "messageBody": "",
            "insertions": 254,
            "deletions": 0
          },
          {
            "hash": "712331f7fcbba25cb7feb6eaf2e4bd49fb2dfef2",
            "messageTitle": "Checkstyle main checks",
            "messageBody": "",
            "insertions": 191,
            "deletions": 85
          },
          {
            "hash": "afbc7c1ff2848097a5522f531077439ffd9739c4",
            "messageTitle": "Checkstyle test checks. Included bugfix for jsonadaptedincome missing jsonproperty parameters.",
            "messageBody": "",
            "insertions": 93,
            "deletions": 110
          },
          {
            "hash": "18c562003b2e8cd3e031d2a4f1b38189f8636555",
            "messageTitle": "Removed checkstyletest from travis Temporarily excluded failed tests",
            "messageBody": "",
            "insertions": 253,
            "deletions": 253
          },
          {
            "hash": "24e82821953ae1221fb8a640a531cdafa5eb76f9",
            "messageTitle": "Fixed checkstyleTest",
            "messageBody": "",
            "insertions": 255,
            "deletions": 293
          },
          {
            "hash": "a138394efbee36ed9220f11fafb83fbcc716c2fc",
            "messageTitle": "Edited DG structure: Removed tips and guides. Adapt to our specific project.",
            "messageBody": "",
            "insertions": 1,
            "deletions": 20
          }
        ]
      },
      {
        "insertions": 416,
        "deletions": 69,
        "date": "2019-10-20",
        "commitResults": [
          {
            "hash": "993a6f9eee830491f9b24994a8c38926a5cbf652",
            "messageTitle": "Added ID to claims",
            "messageBody": "",
            "insertions": 121,
            "deletions": 11
          },
          {
            "hash": "dcffab30e973a03f8f8580049c3ed4cc6bf5342f",
            "messageTitle": "Add claim list into contact fields",
            "messageBody": "",
            "insertions": 115,
            "deletions": 11
          },
          {
            "hash": "8574926d4d419fa8ac96915b00404cab4c1e74c3",
            "messageTitle": "Added functionality to add claim into claimlist of contact during addclaimcommand",
            "messageBody": "",
            "insertions": 80,
            "deletions": 2
          },
          {
            "hash": "dd51ad75948e581673ab94358201f7e7d2251938",
            "messageTitle": "Ensured ID to be incrementing after restarting app",
            "messageBody": "",
            "insertions": 6,
            "deletions": 0
          },
          {
            "hash": "cef220264b4d56178dcf3d9eadbb5a31a3653df8",
            "messageTitle": "Build refines",
            "messageBody": "",
            "insertions": 94,
            "deletions": 45
          }
        ]
      },
      {
        "insertions": 339,
        "deletions": 119,
        "date": "2019-10-22",
        "commitResults": [
          {
            "hash": "43359680099e043e0efcfe2d008b88b46c7e639d",
            "messageTitle": "Changed structure of models and added claim models",
            "messageBody": "",
            "insertions": 62,
            "deletions": 25
          },
          {
            "hash": "77a69aba46796343773a48b0a1333e6b6d511679",
            "messageTitle": "Added sequence diagram for AddClaimCommand",
            "messageBody": "",
            "insertions": 178,
            "deletions": 7
          },
          {
            "hash": "ae64c4ed1d007793ca0237cc67146086dd638f17",
            "messageTitle": "Reseted deletesequencediagram",
            "messageBody": "",
            "insertions": 1,
            "deletions": 1
          },
          {
            "hash": "f43e795158288f1d704a924142118595d8000fea",
            "messageTitle": "Developer guide updates",
            "messageBody": "",
            "insertions": 98,
            "deletions": 6
          },
          {
            "hash": "ed72fe563b5f493b66db557416fc917b3a1f807e",
            "messageTitle": "Removed undo section for DG",
            "messageBody": "",
            "insertions": 0,
            "deletions": 80
          }
        ]
      },
      {
        "insertions": 54,
        "deletions": 8,
        "date": "2019-10-24",
        "commitResults": [
          {
            "hash": "28a7ece07f36cfaeec6124e160ba307a96a75741",
            "messageTitle": "dg ug updates",
            "messageBody": "",
            "insertions": 54,
            "deletions": 8
          }
        ]
      },
      {
        "insertions": 2348,
        "deletions": 136,
        "date": "2019-10-29",
        "commitResults": [
          {
            "hash": "60508f36abfe8edce29ddc5f21410b10ffef71dd",
            "messageTitle": "Implemented tests for Claim models. Re-implemented tests for AddContactCommand.",
            "messageBody": "",
            "insertions": 647,
            "deletions": 7
          },
          {
            "hash": "7f7098a882045dedbe654bb05ab29e38053ebbe6",
            "messageTitle": "Implemented AddClaimCommandTest and refined AddContactCommandTest (with 1 failing test)",
            "messageBody": "",
            "insertions": 369,
            "deletions": 2
          },
          {
            "hash": "9277717d6c35eae70b956117001641936d7cecc1",
            "messageTitle": "Temporarily removed failing test (due to autocorrect suggestion)",
            "messageBody": "",
            "insertions": 10,
            "deletions": 10
          },
          {
            "hash": "f0c1143de0220198bde9725e2d10fd43b596255b",
            "messageTitle": "Refined checkstyle for tests.",
            "messageBody": "",
            "insertions": 78,
            "deletions": 78
          },
          {
            "hash": "4ee41b22fe67759d54b5a31cfb2a9bdd397b8e34",
            "messageTitle": "Added testability for ApproveClaimCommand and RejectClaimCommand",
            "messageBody": "",
            "insertions": 1183,
            "deletions": 13
          },
          {
            "hash": "d6093e6bf32f858e4755cafd86dec78ef0a566cc",
            "messageTitle": "Refined checkstyle test",
            "messageBody": "",
            "insertions": 8,
            "deletions": 2
          },
          {
            "hash": "492eb664f0dff558db449aa866abc40e66cfeb7d",
            "messageTitle": "Static private classes",
            "messageBody": "",
            "insertions": 2,
            "deletions": 2
          },
          {
            "hash": "b2ad7f67b1db98c67dadfa32b683d6fd3c1eaf79",
            "messageTitle": "UGDG updates.",
            "messageBody": "",
            "insertions": 51,
            "deletions": 22
          }
        ]
      }
    ],
    "TanZhanMing": [
      {
        "insertions": 9,
        "deletions": 1,
        "date": "2019-09-17",
        "commitResults": [
          {
            "hash": "b8dd54d040711141e4cfd50eb30f98af18d972a4",
            "messageTitle": "Update project files",
            "messageBody": "",
            "insertions": 9,
            "deletions": 1
          }
        ]
      },
      {
        "insertions": 64,
        "deletions": 34,
        "date": "2019-10-01",
        "commitResults": [
          {
            "hash": "10135614760f4091816275614d0361f14adb2f89",
            "messageTitle": "Update DG",
            "messageBody": "",
            "insertions": 57,
            "deletions": 27
          },
          {
            "hash": "c949b421e1eb3625fb55c73888714e04b934bea3",
            "messageTitle": "Fix typo",
            "messageBody": "",
            "insertions": 7,
            "deletions": 7
          }
        ]
      },
      {
        "insertions": 2,
        "deletions": 5,
        "date": "2019-10-02",
        "commitResults": [
          {
            "hash": "7b3a4d0326319df6bbb5dad9c5382b6bdd4787a4",
            "messageTitle": "Update picture name",
            "messageBody": "",
            "insertions": 1,
            "deletions": 1
          },
          {
            "hash": "c1269755cb358a91b591e61a24f00fe3e44974cd",
            "messageTitle": "Reversion test",
            "messageBody": "",
            "insertions": 1,
            "deletions": 4
          }
        ]
      },
      {
        "insertions": 1995,
        "deletions": 27,
        "date": "2019-10-06",
        "commitResults": [
          {
            "hash": "a0c553263041323ff3f5f29de41628238fa8aecb",
            "messageTitle": "Include minor update to help functionality",
            "messageBody": "",
            "insertions": 8,
            "deletions": 8
          },
          {
            "hash": "93cf91652f1bc93b335be419f3595397effaf18f",
            "messageTitle": "Update help command with a skeleton for \u0027brief\u0027 and \u0027guide\u0027 types of help",
            "messageBody": "",
            "insertions": 328,
            "deletions": 17
          },
          {
            "hash": "0f48fb2603bca43d02070a3e5c8c6405525cb068",
            "messageTitle": "Generate javadocs",
            "messageBody": "",
            "insertions": 1659,
            "deletions": 2
          }
        ]
      },
      {
        "insertions": 17,
        "deletions": 7,
        "date": "2019-10-07",
        "commitResults": [
          {
            "hash": "447259f1990a4ef5888d617508bde6104b01281c",
            "messageTitle": "Update help command skeleton with type: API",
            "messageBody": "",
            "insertions": 17,
            "deletions": 7
          }
        ]
      },
      {
        "insertions": 330,
        "deletions": 165,
        "date": "2019-10-08",
        "commitResults": [
          {
            "hash": "156a2fcafb4f0e0cdb138adf1d4c9dfb77f4c075",
            "messageTitle": "Update skeleton for API links and did documentation.",
            "messageBody": "",
            "insertions": 93,
            "deletions": 26
          },
          {
            "hash": "d1fdf0cec96e8ff46eeecdcc20829f567779ea55",
            "messageTitle": "Fix merge bug",
            "messageBody": "",
            "insertions": 3,
            "deletions": 0
          },
          {
            "hash": "b53cc5b24a5761cfd40082a48c6635b43a9a0744",
            "messageTitle": "Update commands in help",
            "messageBody": "",
            "insertions": 4,
            "deletions": 4
          },
          {
            "hash": "e5720a53915c097b0ad8a40293a111052dbd2616",
            "messageTitle": "Update for travis",
            "messageBody": "",
            "insertions": 19,
            "deletions": 19
          },
          {
            "hash": "bc174aa46db92e95362bb9ab9473ae51d6d0e6c5",
            "messageTitle": "Re-order import statements round 1",
            "messageBody": "",
            "insertions": 56,
            "deletions": 49
          },
          {
            "hash": "2f4dcb2fb17ebbedb297ab4b5d0d5544d1a73742",
            "messageTitle": "Update imports and commands for help. (API not generated yet)",
            "messageBody": "",
            "insertions": 94,
            "deletions": 42
          },
          {
            "hash": "a7ff2dc7721cd46437f97ad642b4ee9a439ba2ee",
            "messageTitle": "Update commands and Whitespace issues",
            "messageBody": "",
            "insertions": 16,
            "deletions": 7
          },
          {
            "hash": "987fcbf185f084e145ae615e5a67e6fa881f1446",
            "messageTitle": "Update help test",
            "messageBody": "",
            "insertions": 4,
            "deletions": 3
          },
          {
            "hash": "11906ee52457382a80370c4579c966d16968d219",
            "messageTitle": "Remove trailing whitespace",
            "messageBody": "",
            "insertions": 0,
            "deletions": 1
          },
          {
            "hash": "c2a8f1853d89b4de9ecc9f7b317a98733cb8e5c8",
            "messageTitle": "Add getter for help message",
            "messageBody": "",
            "insertions": 12,
            "deletions": 3
          },
          {
            "hash": "cd54b7f8e1407ec7e9e1a6d284ff00836d59fc2d",
            "messageTitle": "Update test",
            "messageBody": "",
            "insertions": 2,
            "deletions": 1
          },
          {
            "hash": "28971851b6970da50aab02deebd5f464c7f110a7",
            "messageTitle": "Update test",
            "messageBody": "",
            "insertions": 1,
            "deletions": 1
          },
          {
            "hash": "d47c760d05b1bd65cfd4fa672ad7c3647eed0e1d",
            "messageTitle": "Update help documentation",
            "messageBody": "",
            "insertions": 20,
            "deletions": 3
          },
          {
            "hash": "18809f7d4b68c7cca251c1c622165823d1514d5a",
            "messageTitle": "Update Spacing for help documentation",
            "messageBody": "",
            "insertions": 4,
            "deletions": 4
          },
          {
            "hash": "429302b826fd569af7a87f5adcb49c9830eb3684",
            "messageTitle": "Update Help documentation",
            "messageBody": "",
            "insertions": 2,
            "deletions": 2
          }
        ]
      },
      {
        "insertions": 132,
        "deletions": 8,
        "date": "2019-10-15",
        "commitResults": [
          {
            "hash": "0bb620c77508229a23cfe49164f71e09e0a73b3d",
            "messageTitle": "Add basic budget functionality pending the integration of \u0027branch-integration-claims\u0027 branch.",
            "messageBody": "",
            "insertions": 111,
            "deletions": 0
          },
          {
            "hash": "c934bbfb35a6b31910845ad1cd9d250236490f8e",
            "messageTitle": "Added new line at EOF",
            "messageBody": "",
            "insertions": 2,
            "deletions": 2
          },
          {
            "hash": "438091986c7c29eec151c56505c13d58b0f887c5",
            "messageTitle": "Add comments",
            "messageBody": "",
            "insertions": 19,
            "deletions": 6
          }
        ]
      },
      {
        "insertions": 196,
        "deletions": 110,
        "date": "2019-10-16",
        "commitResults": [
          {
            "hash": "5d18d35567928b7529f27f78c68fa7e17b76aca9",
            "messageTitle": "Re-integration of help part 1",
            "messageBody": "",
            "insertions": 113,
            "deletions": 42
          },
          {
            "hash": "153f0413ca3c21038ede94c82d0619743c6f71a5",
            "messageTitle": "Re-integration of help part 2",
            "messageBody": "",
            "insertions": 44,
            "deletions": 41
          },
          {
            "hash": "bd8856873e2317015e13b89ee57ab4f27db629ad",
            "messageTitle": "Re-integrate help part 3",
            "messageBody": "",
            "insertions": 2,
            "deletions": 10
          },
          {
            "hash": "0425176f3c37682b2e7afa172a6d26d89adfa8ee",
            "messageTitle": "fix for travis",
            "messageBody": "",
            "insertions": 21,
            "deletions": 11
          },
          {
            "hash": "e570434c1e5add7ea59f55a66a741b59d83a0679",
            "messageTitle": "Re-integrate help cmd tests",
            "messageBody": "",
            "insertions": 12,
            "deletions": 3
          },
          {
            "hash": "f74e97a8a114529f0989d3d88cbc9276913034ba",
            "messageTitle": "Re-integrate help cmd tests",
            "messageBody": "",
            "insertions": 2,
            "deletions": 1
          },
          {
            "hash": "eccff2b55d3ea650f7e2ff98db1a95beb6f3eae7",
            "messageTitle": "Re-integrate help cmd tests",
            "messageBody": "",
            "insertions": 1,
            "deletions": 1
          },
          {
            "hash": "0a158759ecbb563a05f59ddc051b60e07821b6b4",
            "messageTitle": "Re-integrate help cmd tests",
            "messageBody": "",
            "insertions": 1,
            "deletions": 1
          }
        ]
      },
      {
        "insertions": 442,
        "deletions": 105,
        "date": "2019-10-22",
        "commitResults": [
          {
            "hash": "8e5ae9a96c1250bd041b6a6b14b0bc57d2accb89",
            "messageTitle": "failed test of graph",
            "messageBody": "",
            "insertions": 75,
            "deletions": 0
          },
          {
            "hash": "59c898b69af821067c77a680a57c2f6fdf6970da",
            "messageTitle": "Add jfreechart to build.gradle",
            "messageBody": "",
            "insertions": 35,
            "deletions": 18
          },
          {
            "hash": "a051efd1f0c522ef322fecc14e702d9af0ad7657",
            "messageTitle": "Add ability to plot claims",
            "messageBody": "",
            "insertions": 95,
            "deletions": 12
          },
          {
            "hash": "27c1a6bdcbcd327581daa0b0d3232599d9d660ce",
            "messageTitle": "Add comments",
            "messageBody": "",
            "insertions": 38,
            "deletions": 3
          },
          {
            "hash": "45d1febfa868d5fa274b706571d932f8da05016d",
            "messageTitle": "Update whitepacing",
            "messageBody": "",
            "insertions": 41,
            "deletions": 39
          },
          {
            "hash": "c8bb43966bc42480bff3fd4bd8ec3de17f4e425a",
            "messageTitle": "Update import order for BudgetGraph",
            "messageBody": "",
            "insertions": 15,
            "deletions": 15
          },
          {
            "hash": "d1d7ce9918fa04569aac03c564cf2776ce450224",
            "messageTitle": "Update whitespace",
            "messageBody": "",
            "insertions": 1,
            "deletions": 1
          },
          {
            "hash": "0c5389441f24e67147f3ab9c213e42aa1521e732",
            "messageTitle": "Slight update to DG",
            "messageBody": "",
            "insertions": 72,
            "deletions": 10
          },
          {
            "hash": "8e8d5f966142e987e234a71a54ebf7906c9f2222",
            "messageTitle": "Update diagrams",
            "messageBody": "",
            "insertions": 60,
            "deletions": 0
          },
          {
            "hash": "59e6c613e9a700144106d5bc08433b51a0b0864b",
            "messageTitle": "Fix error in BudgetDiagram",
            "messageBody": "",
            "insertions": 1,
            "deletions": 0
          },
          {
            "hash": "9fe7c92c28dfcb3e903c412a3fb1bac6e5b744e8",
            "messageTitle": "Fix error in BudgetSequenceDiagram",
            "messageBody": "",
            "insertions": 6,
            "deletions": 2
          },
          {
            "hash": "0027a8de751ed2eafd9980ad9de557f77e85586d",
            "messageTitle": "Fix DG typo",
            "messageBody": "",
            "insertions": 1,
            "deletions": 3
          },
          {
            "hash": "47b93d42eb73b6a8d10df5880d6bf6e2bba20e45",
            "messageTitle": "Fix typo in UG",
            "messageBody": "",
            "insertions": 2,
            "deletions": 2
          }
        ]
      },
      {
        "insertions": 26,
        "deletions": 7,
        "date": "2019-10-23",
        "commitResults": [
          {
            "hash": "bd5e2b592274e9075f045ca9075e5f097aeea189",
            "messageTitle": "Update UG with help and budget commands",
            "messageBody": "",
            "insertions": 24,
            "deletions": 5
          },
          {
            "hash": "2d4ce28060fe00eb54a381f4a50f751a1f6f67f1",
            "messageTitle": "Update UG for help and budget commands",
            "messageBody": "",
            "insertions": 1,
            "deletions": 1
          },
          {
            "hash": "fb3918b0c3955a0fad4e332040b5943dd5064f84",
            "messageTitle": "remove trailing whitespace",
            "messageBody": "",
            "insertions": 1,
            "deletions": 1
          }
        ]
      },
      {
        "insertions": 191,
        "deletions": 39,
        "date": "2019-10-27",
        "commitResults": [
          {
            "hash": "ab072454e04067d9aeaefe20dcba2740841b78b4",
            "messageTitle": "Update Budget Command for graph and Help command to support new commands for brief and Secondary Types",
            "messageBody": "",
            "insertions": 172,
            "deletions": 29
          },
          {
            "hash": "c7eb88e5ede46e4b62e39187759a96fc29583aff",
            "messageTitle": "Update with comments",
            "messageBody": "",
            "insertions": 19,
            "deletions": 10
          }
        ]
      },
      {
        "insertions": 43,
        "deletions": 24,
        "date": "2019-10-28",
        "commitResults": [
          {
            "hash": "5775c6d18386b6a8230ddfbd42c22109d69988b9",
            "messageTitle": "Apply bugfix for budget command",
            "messageBody": "",
            "insertions": 9,
            "deletions": 8
          },
          {
            "hash": "0d486863d4aa356ca1c88ad81682e6fe2b926ca6",
            "messageTitle": "Apply bugfix to Budget Command",
            "messageBody": "",
            "insertions": 2,
            "deletions": 2
          },
          {
            "hash": "02fc3f691778f64eb01fd41bf44d023773803cd2",
            "messageTitle": "Update UG for help and budget commands",
            "messageBody": "",
            "insertions": 22,
            "deletions": 5
          },
          {
            "hash": "86621e2dc231a83668bc1aeeaaea6d762831b423",
            "messageTitle": "Update UG for help and budget commands",
            "messageBody": "",
            "insertions": 1,
            "deletions": 1
          },
          {
            "hash": "ff0cca877159f129e484a6743b8c702ea6ebf507",
            "messageTitle": "Fix bug with UG for budget command",
            "messageBody": "",
            "insertions": 2,
            "deletions": 2
          },
          {
            "hash": "40cdcd08a91c2c0574ef39e222df6ed1996551da",
            "messageTitle": "Update UserGuide.adoc",
            "messageBody": "",
            "insertions": 1,
            "deletions": 2
          },
          {
            "hash": "c9a5b18286b8d5c592bd4e8595e16ba96cd677cf",
            "messageTitle": "Update HelpWindow",
            "messageBody": "",
            "insertions": 6,
            "deletions": 3
          },
          {
            "hash": "68c996f991f551b2813773e46d8767f0411aa481",
            "messageTitle": "Update HelpWindow to use getCommandList from FinSecParser",
            "messageBody": "",
            "insertions": 0,
            "deletions": 1
          }
        ]
      },
      {
        "insertions": 282,
        "deletions": 180,
        "date": "2019-10-29",
        "commitResults": [
          {
            "hash": "79fa0d455e5210c4ea51f25dab7bf87a1110553c",
            "messageTitle": "Update help and UG",
            "messageBody": "",
            "insertions": 99,
            "deletions": 64
          },
          {
            "hash": "d71d4a3f0dbe064cd02d06db8d53de17c6fe09bc",
            "messageTitle": "Update Help and UG",
            "messageBody": "",
            "insertions": 3,
            "deletions": 3
          },
          {
            "hash": "9c32694ea77ce645def6c1fc9bb01b075aa95be7",
            "messageTitle": "Update javadocs to reveal only relevant information",
            "messageBody": "",
            "insertions": 84,
            "deletions": 38
          },
          {
            "hash": "77e535e31b49a6d239cf8199a3ca9a722f0fcdb9",
            "messageTitle": "Update javadocs to reveal only relevant information",
            "messageBody": "",
            "insertions": 18,
            "deletions": 18
          },
          {
            "hash": "dbdc66edd078ef9608b3a26c3291504b5798b9bc",
            "messageTitle": "import seedu.address.logic.commands.RejectClaimCommand;",
            "messageBody": "",
            "insertions": 31,
            "deletions": 13
          },
          {
            "hash": "a77a15bd26003a4114f388287ede4209f34994c6",
            "messageTitle": "Revert \"import seedu.address.logic.commands.RejectClaimCommand;\"",
            "messageBody": "This reverts commit dbdc66edd078ef9608b3a26c3291504b5798b9bc.\n",
            "insertions": 13,
            "deletions": 31
          },
          {
            "hash": "2f46075c9f07cf24be0fc54b95e1c280e4602c32",
            "messageTitle": "Revert \"Revert \"import seedu.address.logic.commands.RejectClaimCommand;\"\"",
            "messageBody": "This reverts commit a77a15bd26003a4114f388287ede4209f34994c6.\n",
            "insertions": 31,
            "deletions": 13
          },
          {
            "hash": "bed8fcf2574c47fada8518fa1a134f9d937f9958",
            "messageTitle": "Update javadocs to reveal only relevant information",
            "messageBody": "",
            "insertions": 3,
            "deletions": 0
          }
        ]
      },
      {
        "insertions": 76,
        "deletions": 57,
        "date": "2019-10-30",
        "commitResults": [
          {
            "hash": "8e8bc7826d8806ea4bda80f849e1ef9a8646bb4f",
            "messageTitle": "Modified javadocs to be extracted from JAR file",
            "messageBody": "",
            "insertions": 43,
            "deletions": 31
          },
          {
            "hash": "70a3580ca851f79a6613215503bd569c25ef5543",
            "messageTitle": "Modified javadocs to be extracted from JAR file",
            "messageBody": "",
            "insertions": 19,
            "deletions": 19
          },
          {
            "hash": "179782c70382697418df4fbbc62abb59b834c651",
            "messageTitle": "Modified javadocs to be extracted from JAR file",
            "messageBody": "",
            "insertions": 10,
            "deletions": 5
          },
          {
            "hash": "a39b2608d681df03e67b2f662f4f3ed82ce2886e",
            "messageTitle": "Modified javadocs to be extracted from JAR file",
            "messageBody": "",
            "insertions": 2,
            "deletions": 1
          },
          {
            "hash": "1af961df30b9c075766ecd09e3e6ac125986a8ba",
            "messageTitle": "Modified javadocs to be extracted from JAR file",
            "messageBody": "",
            "insertions": 2,
            "deletions": 1
          }
        ]
      },
      {
        "insertions": 29,
        "deletions": 15,
        "date": "2019-10-31",
        "commitResults": [
          {
            "hash": "d3ce5c55e8aef54e02d0a734517470fa272d92a5",
            "messageTitle": "Fix help bug",
            "messageBody": "",
            "insertions": 15,
            "deletions": 5
          },
          {
            "hash": "e8205c1f67c69f9521c0eaa78912a701d627586e",
            "messageTitle": "Fixed help bug, commented out shortcut in helpWindow for now.",
            "messageBody": "",
            "insertions": 7,
            "deletions": 7
          },
          {
            "hash": "c5a382c474159401356eea7985c88c248e174cf3",
            "messageTitle": "Fixed help bug, commented out shortcut in helpWindow for now.",
            "messageBody": "",
            "insertions": 6,
            "deletions": 2
          },
          {
            "hash": "70166ba9b9563ccaa375f53ce9f06e45a04c6773",
            "messageTitle": "private static TreeSet\u003cString\u003e defaultCommandList \u003d new TreeSet\u003c\u003e(FinSecParser.getCommandList().values());",
            "messageBody": "",
            "insertions": 1,
            "deletions": 1
          }
        ]
      }
    ],
    "lawncegoh": [
      {
        "insertions": 3,
        "deletions": 1,
        "date": "2019-09-13",
        "commitResults": [
          {
            "hash": "09ffa3fe92da195ec3c51c99c7f8d3a2b1954589",
            "messageTitle": "Test",
            "messageBody": "",
            "insertions": 3,
            "deletions": 1
          }
        ]
      },
      {
        "insertions": 45,
        "deletions": 30,
        "date": "2019-09-26",
        "commitResults": [
          {
            "hash": "8fa5742262a87287f19f21f8ab0fc5644591700e",
            "messageTitle": "Update ContactUs.adoc",
            "messageBody": "",
            "insertions": 1,
            "deletions": 1
          },
          {
            "hash": "780c472d09fd51620963adc4ac5c0824a907d329",
            "messageTitle": "Update ContactUs.adoc",
            "messageBody": "",
            "insertions": 4,
            "deletions": 2
          },
          {
            "hash": "0630be37991767332c28fee1d8536245369afef7",
            "messageTitle": "Update ContactUs.adoc",
            "messageBody": "",
            "insertions": 1,
            "deletions": 1
          },
          {
            "hash": "a9a2d42874fe5cbea5f9cbb5523a5f3902d4e059",
            "messageTitle": "Update ContactUs.adoc",
            "messageBody": "",
            "insertions": 1,
            "deletions": 1
          },
          {
            "hash": "1c1b5547f340c21516292c24274fde01db42a8cf",
            "messageTitle": "Update ContactUs.adoc",
            "messageBody": "",
            "insertions": 1,
            "deletions": 1
          },
          {
            "hash": "e25dc142828a4c570625677356b7900f0d4f8ce7",
            "messageTitle": "Update UserGuide.adoc",
            "messageBody": "",
            "insertions": 3,
            "deletions": 3
          },
          {
            "hash": "c005d237beb268c35aff38fe54414a9000f846f4",
            "messageTitle": "Update UserGuide.adoc",
            "messageBody": "",
            "insertions": 3,
            "deletions": 1
          },
          {
            "hash": "9b3efa1bff1985eb6a66e037b179192e683198ec",
            "messageTitle": "Update UserGuide.adoc",
            "messageBody": "",
            "insertions": 8,
            "deletions": 7
          },
          {
            "hash": "abb5e3b6f309dcb4586a7c35cd0df33c010cea18",
            "messageTitle": "Update UserGuide.adoc",
            "messageBody": "",
            "insertions": 1,
            "deletions": 1
          },
          {
            "hash": "2321d3e3e381e4052b49c54e5cbcbb06b221dc19",
            "messageTitle": "Update UserGuide.adoc",
            "messageBody": "",
            "insertions": 22,
            "deletions": 12
          }
        ]
      },
      {
        "insertions": 274,
        "deletions": 114,
        "date": "2019-09-27",
        "commitResults": [
          {
            "hash": "bc4a61f34fc4f73116c31f260c9ca44b3619ff25",
            "messageTitle": "Update AboutUs.adoc",
            "messageBody": "",
            "insertions": 7,
            "deletions": 15
          },
          {
            "hash": "93f77b14fef0525962f91ea083f33137dc4203c9",
            "messageTitle": "Update AboutUs.adoc",
            "messageBody": "",
            "insertions": 1,
            "deletions": 1
          },
          {
            "hash": "56f150e9077cbb692170bbcb1e011d91173e20c5",
            "messageTitle": "Update AboutUs.adoc",
            "messageBody": "",
            "insertions": 1,
            "deletions": 1
          },
          {
            "hash": "0d57ebec31a9aec903bea9b7f8b9ce551f451036",
            "messageTitle": "Update AboutUs.adoc",
            "messageBody": "",
            "insertions": 3,
            "deletions": 2
          },
          {
            "hash": "086748ecb1e7a6f216bb706f7a7e65d260d339cc",
            "messageTitle": "Update AboutUs.adoc",
            "messageBody": "",
            "insertions": 1,
            "deletions": 1
          },
          {
            "hash": "781d795d26473d8117e12996edaa83cc514ed870",
            "messageTitle": "Update AboutUs.adoc",
            "messageBody": "",
            "insertions": 1,
            "deletions": 1
          },
          {
            "hash": "fbf301fc751978d5bfd4f1925a850143f62b37b2",
            "messageTitle": "Update UserGuide.adoc",
            "messageBody": "",
            "insertions": 18,
            "deletions": 33
          },
          {
            "hash": "64e8ff268ea9417e4a08291758cb1c92ebafcf08",
            "messageTitle": "Updated User Guide",
            "messageBody": "With features that should be revised or implemented",
            "insertions": 233,
            "deletions": 52
          },
          {
            "hash": "4d6f5350f21769bb0822c6352743dffcab3447ee",
            "messageTitle": "Update UserGuide.adoc",
            "messageBody": "",
            "insertions": 4,
            "deletions": 5
          },
          {
            "hash": "af04efdb057a7f014688dc625276765a0d8a9476",
            "messageTitle": "Initial update of README",
            "messageBody": "",
            "insertions": 3,
            "deletions": 2
          },
          {
            "hash": "ba779af6f90794ea7cceedb1321faf158172fb09",
            "messageTitle": "Update README.adoc",
            "messageBody": "",
            "insertions": 2,
            "deletions": 1
          }
        ]
      },
      {
        "insertions": 150,
        "deletions": 80,
        "date": "2019-10-02",
        "commitResults": [
          {
            "hash": "cc5af3483b9c852f4595a90513f9021cd55671fc",
            "messageTitle": "Update AboutUs.adoc",
            "messageBody": "",
            "insertions": 2,
            "deletions": 3
          },
          {
            "hash": "ec5447ae7beef6ac0702e1b45e332f622c5f44a6",
            "messageTitle": "Update AboutUs.adoc",
            "messageBody": "",
            "insertions": 1,
            "deletions": 1
          },
          {
            "hash": "9775b5c175b8964866fc293e42d38543e33bc2be",
            "messageTitle": "Update AboutUs.adoc",
            "messageBody": "",
            "insertions": 1,
            "deletions": 1
          },
          {
            "hash": "55ef96614346e7e454711a74950494190d74ee29",
            "messageTitle": "Update AboutUs.adoc",
            "messageBody": "",
            "insertions": 1,
            "deletions": 1
          },
          {
            "hash": "92aebb4f7c0c1dcaa8bb16db3bf5dfd3722ac52c",
            "messageTitle": "Update AboutUs.adoc",
            "messageBody": "",
            "insertions": 1,
            "deletions": 1
          },
          {
            "hash": "425832166f7a6ef5fb637ae4b8827fc9a684f24c",
            "messageTitle": "Update AboutUs.adoc",
            "messageBody": "",
            "insertions": 1,
            "deletions": 1
          },
          {
            "hash": "9c900e1ce69c333aa1ac289f7ce05c47bca3c125",
            "messageTitle": "Update AboutUs.adoc",
            "messageBody": "",
            "insertions": 1,
            "deletions": 1
          },
          {
            "hash": "f2faebdf221b00264e6fe13ed20e2cf6e2b38d2c",
            "messageTitle": "Update AboutUs.adoc",
            "messageBody": "",
            "insertions": 1,
            "deletions": 1
          },
          {
            "hash": "68d4c659ecd9be215eff290dc0f124bae3dfa36b",
            "messageTitle": "Update AboutUs.adoc",
            "messageBody": "",
            "insertions": 1,
            "deletions": 1
          },
          {
            "hash": "6f9d9d2a5c55ccde20a452ba496f2ce425becccd",
            "messageTitle": "Created lawncegoh.adoc",
            "messageBody": "",
            "insertions": 72,
            "deletions": 0
          },
          {
            "hash": "f1b5318fad5e38052d0512f97884a8319f3c3fa8",
            "messageTitle": "Update AboutUs.adoc",
            "messageBody": "",
            "insertions": 1,
            "deletions": 1
          },
          {
            "hash": "8fe285154fd996dff8ba8053a76f2e64b11c70ab",
            "messageTitle": "Update lawncegoh.adoc",
            "messageBody": "",
            "insertions": 1,
            "deletions": 1
          },
          {
            "hash": "61a3923221cb68205b67d9bf47083de0283d4bb0",
            "messageTitle": "Update AboutUs.adoc",
            "messageBody": "",
            "insertions": 2,
            "deletions": 2
          },
          {
            "hash": "9ee6f6aef2d52c7d558381f3edd55e922703e674",
            "messageTitle": "Update AboutUs.adoc",
            "messageBody": "",
            "insertions": 1,
            "deletions": 1
          },
          {
            "hash": "e0202c24a5f8be36651c3a9e62f600d9636e0472",
            "messageTitle": "Update lawncegoh.adoc",
            "messageBody": "",
            "insertions": 1,
            "deletions": 1
          },
          {
            "hash": "a8b7505b93d6694da994bca6d69f7c347f2f407f",
            "messageTitle": "Update lawncegoh.adoc",
            "messageBody": "",
            "insertions": 1,
            "deletions": 1
          },
          {
            "hash": "4f1a08b49f8193b8df104dff7a04a24af9ca2055",
            "messageTitle": "Update lawncegoh.adoc",
            "messageBody": "",
            "insertions": 1,
            "deletions": 1
          },
          {
            "hash": "a57a0fcc57697dabfe21de8bae7dde158751d43b",
            "messageTitle": "Update README.adoc",
            "messageBody": "",
            "insertions": 1,
            "deletions": 5
          },
          {
            "hash": "39e4a61cdb6508347f5a5f95e6b9944909f7ef21",
            "messageTitle": "Update README.adoc",
            "messageBody": "",
            "insertions": 1,
            "deletions": 1
          },
          {
            "hash": "22ecfaeae82eec2613d0c29b244aec6e412b61d8",
            "messageTitle": "Update README.adoc",
            "messageBody": "",
            "insertions": 1,
            "deletions": 1
          },
          {
            "hash": "0cabf1a3daf9d4cc32bcd2835cafbdce37403de4",
            "messageTitle": "Update README.adoc",
            "messageBody": "",
            "insertions": 3,
            "deletions": 0
          },
          {
            "hash": "a3f78ceb4b9b3bd6453fdfc7636494fe750ba7dd",
            "messageTitle": "Update README.adoc",
            "messageBody": "",
            "insertions": 1,
            "deletions": 1
          },
          {
            "hash": "1ff8c00eb2881b90b54546dbe4287051697b5101",
            "messageTitle": "Update UserGuide.adoc",
            "messageBody": "",
            "insertions": 3,
            "deletions": 3
          },
          {
            "hash": "6e9ef884274e09ff2cf4b188819893cc8f53d796",
            "messageTitle": "Update DeveloperGuide.adoc",
            "messageBody": "",
            "insertions": 4,
            "deletions": 4
          },
          {
            "hash": "9d943c7c92f8d12be7f39ce7f2b6edf1c944e259",
            "messageTitle": "Update README.adoc",
            "messageBody": "",
            "insertions": 1,
            "deletions": 1
          },
          {
            "hash": "cbbfda7b90f214dbf6bea314dd753c53bd1be906",
            "messageTitle": "Added acknowledgement",
            "messageBody": "",
            "insertions": 2,
            "deletions": 2
          },
          {
            "hash": "4292511cbe189f8e87fd760c1cd74b6039fdd284",
            "messageTitle": "Rename README.adoc to README.md",
            "messageBody": "",
            "insertions": 0,
            "deletions": 37
          },
          {
            "hash": "e5d561a25d1511142ad2969bf2ed7b75af257a7c",
            "messageTitle": "Rename README.md to README.adoc",
            "messageBody": "",
            "insertions": 37,
            "deletions": 0
          },
          {
            "hash": "073bb5720ab33a44820e3a81b9b99c4f0132a7f7",
            "messageTitle": "Updates to docs",
            "messageBody": "",
            "insertions": 4,
            "deletions": 4
          },
          {
            "hash": "b74aa5cc3e79991d11a05802baba1a068e9a72d7",
            "messageTitle": "no message",
            "messageBody": "",
            "insertions": 1,
            "deletions": 1
          },
          {
            "hash": "b00f3a351852707dd2ffb35612060c44e871f281",
            "messageTitle": "Updates to docs",
            "messageBody": "",
            "insertions": 1,
            "deletions": 1
          }
        ]
      },
      {
        "insertions": 4,
        "deletions": 4,
        "date": "2019-10-03",
        "commitResults": [
          {
            "hash": "b13ef2e57876446203ed21dd8b16a92f81800d0a",
            "messageTitle": "Changing of particulars in contact me page",
            "messageBody": "",
            "insertions": 4,
            "deletions": 4
          }
        ]
      },
      {
        "insertions": 373,
        "deletions": 91,
        "date": "2019-10-07",
        "commitResults": [
          {
            "hash": "a15fd8bcbc1d7fadce42afe4f50250c090465c31",
            "messageTitle": "Update AboutUs.adoc",
            "messageBody": "",
            "insertions": 4,
            "deletions": 4
          },
          {
            "hash": "cb39acadd4c6acf5c3c9c67be5c9b16cd5322df6",
            "messageTitle": "Added initials to Goto command - Created UniqueClaimsList - Created ClaimsBook - These 2 were modelled from UniquePersonsList and AddressBook respectively - These commands will facilitate the display of a claims list",
            "messageBody": "",
            "insertions": 312,
            "deletions": 26
          },
          {
            "hash": "a007288076f65447dd5f33279010e0e6402536f0",
            "messageTitle": "Updated checkstyle throughout",
            "messageBody": "",
            "insertions": 55,
            "deletions": 58
          },
          {
            "hash": "ce921b30101018cec64c6927ed02a82be5ff8768",
            "messageTitle": "Update to fix travis",
            "messageBody": "",
            "insertions": 1,
            "deletions": 1
          },
          {
            "hash": "dac3646d5429097c06221fefde376ee27d0ced61",
            "messageTitle": "Update README.adoc",
            "messageBody": "",
            "insertions": 0,
            "deletions": 1
          },
          {
            "hash": "d5ca8d5d4029486f16d5a523a4c2dd09cef03ee5",
            "messageTitle": "Update README.adoc",
            "messageBody": "",
            "insertions": 1,
            "deletions": 0
          },
          {
            "hash": "55a2cd7bd901e029c60a63a0e2ca9d9b962be24b",
            "messageTitle": "Update README.adoc",
            "messageBody": "",
            "insertions": 0,
            "deletions": 1
          }
        ]
      },
      {
        "insertions": 1794,
        "deletions": 1671,
        "date": "2019-10-08",
        "commitResults": [
          {
            "hash": "a1c51251741d7cd644f7c6c0d1083b39075aebfa",
            "messageTitle": "Added parser for Goto",
            "messageBody": "",
            "insertions": 64,
            "deletions": 31
          },
          {
            "hash": "843cd45384cc34a0f4dcd7eaa647adced13d2c53",
            "messageTitle": "gotoCommand initial",
            "messageBody": "",
            "insertions": 75,
            "deletions": 17
          },
          {
            "hash": "c090f0ced2173ce4a6eba332b21ac26ee72844dd",
            "messageTitle": "- Checkstyle changes - Changed GotoContacts to GotoCommand, as well as the parser of GotoCommands to GotoParser",
            "messageBody": "",
            "insertions": 84,
            "deletions": 57
          },
          {
            "hash": "eb5aadb52ee24a1c9872052f999b11a451e5a3ea",
            "messageTitle": "javadocs increment",
            "messageBody": "",
            "insertions": 5,
            "deletions": 0
          },
          {
            "hash": "b138a16133b359fe19b1a593a5cd3d3701ff05ce",
            "messageTitle": "Update AboutUs.adoc",
            "messageBody": "",
            "insertions": 4,
            "deletions": 4
          },
          {
            "hash": "f356deffdd095a736f26d578ca57c37dd531220d",
            "messageTitle": "- Addressbook name change to finSec - Adding of claims and income into logic flow",
            "messageBody": "",
            "insertions": 1562,
            "deletions": 1562
          }
        ]
      },
      {
        "insertions": 82,
        "deletions": 16,
        "date": "2019-10-12",
        "commitResults": [
          {
            "hash": "dc28961c48414accff5018167f949d0cdadfaa41",
            "messageTitle": "- Addition of fillwithClaims() and fillwithIncomes() - Reacts to the logic of finding out which view is currently chosen",
            "messageBody": "",
            "insertions": 82,
            "deletions": 16
          }
        ]
      },
      {
        "insertions": 107,
        "deletions": 140,
        "date": "2019-10-13",
        "commitResults": [
          {
            "hash": "34e3c0886d0f41e829e752ba4584915647f146c1",
            "messageTitle": "- Functionality of Goto claims command - Updated the updateFilteredClaimsList command",
            "messageBody": "",
            "insertions": 107,
            "deletions": 83
          },
          {
            "hash": "7b80dd89314816d10ae3081765864ee511c833b2",
            "messageTitle": "no message",
            "messageBody": "",
            "insertions": 0,
            "deletions": 57
          }
        ]
      },
      {
        "insertions": 25,
        "deletions": 22,
        "date": "2019-10-14",
        "commitResults": [
          {
            "hash": "673ad2e5e997c5880d2ff4dd0c9e6dcebb865889",
            "messageTitle": "- Added goto incomes functionality",
            "messageBody": "",
            "insertions": 25,
            "deletions": 22
          }
        ]
      },
      {
        "insertions": 478,
        "deletions": 150,
        "date": "2019-10-15",
        "commitResults": [
          {
            "hash": "098a0a9e0edaef188346feda4376957e9838f989",
            "messageTitle": "Updates to - startwithIncomes() method - startWithClaims() method",
            "messageBody": "",
            "insertions": 6,
            "deletions": 0
          },
          {
            "hash": "7c0428feab5dee597d60edca04d1e54bc341ae85",
            "messageTitle": "Increment to the Goto command - check command in the claimst list",
            "messageBody": "",
            "insertions": 66,
            "deletions": 7
          },
          {
            "hash": "995876431e59bab598a35b7d8f57d93783beb847",
            "messageTitle": "Update to check command",
            "messageBody": "",
            "insertions": 201,
            "deletions": 0
          },
          {
            "hash": "3c3241e6ff39a942614644f43fcbba16a0d5e705",
            "messageTitle": "- Added individualclaimwindow to take in claim attributes \t- display attributes as FXML",
            "messageBody": "",
            "insertions": 82,
            "deletions": 28
          },
          {
            "hash": "2c62f65dae92d6a4952d9e4695da386094e0b0fa",
            "messageTitle": "update to individualclaimwindow",
            "messageBody": "",
            "insertions": 18,
            "deletions": 34
          },
          {
            "hash": "86e028e9f05c323c21c9950f0c35037ef2ddf0e7",
            "messageTitle": "- Updates to checkstyle - Added check index for claims",
            "messageBody": "",
            "insertions": 72,
            "deletions": 51
          },
          {
            "hash": "b0aa89c56b86a7588f8b99e395efdfd54448eb50",
            "messageTitle": "no message",
            "messageBody": "",
            "insertions": 5,
            "deletions": 0
          },
          {
            "hash": "bb1883d322d80e1f91d6b28ee5e5b2998ce3f635",
            "messageTitle": "Updates to Developer guide  - Changes to goto and check command phrasing",
            "messageBody": "",
            "insertions": 28,
            "deletions": 30
          }
        ]
      },
      {
        "insertions": 184,
        "deletions": 16,
        "date": "2019-10-17",
        "commitResults": [
          {
            "hash": "1903295c12dc2d2fe6895b5f92e72a003192246d",
            "messageTitle": "Added IndividualContactWindow",
            "messageBody": "",
            "insertions": 184,
            "deletions": 16
          }
        ]
      },
      {
        "insertions": 150,
        "deletions": 103,
        "date": "2019-10-20",
        "commitResults": [
          {
            "hash": "160a44b21ad55961dc5ca0cc7eeebc29ada7d5dd",
            "messageTitle": "Updates to the mainwindow FXML",
            "messageBody": "",
            "insertions": 18,
            "deletions": 0
          },
          {
            "hash": "b6dc145d3a1b28db68aca5f78972d9890e65674f",
            "messageTitle": "- Goto Views as Tabs on the MainWindow - Edited FXML of MainWindow",
            "messageBody": "",
            "insertions": 132,
            "deletions": 98
          },
          {
            "hash": "93f0e16f2b7485f9575bf2cb1983761176effd9f",
            "messageTitle": "Checkstyle fixes",
            "messageBody": "",
            "insertions": 0,
            "deletions": 5
          }
        ]
      },
      {
        "insertions": 60,
        "deletions": 72,
        "date": "2019-10-21",
        "commitResults": [
          {
            "hash": "4dac0344d9ccaa06522619bb81a2686fdcb58298",
            "messageTitle": "- Added state change to mainwindow - Edited some of individualcontactwindow - Updated user guide for the most updated features",
            "messageBody": "",
            "insertions": 37,
            "deletions": 60
          },
          {
            "hash": "50903c281745d2bf9338d4081063e3f42834d45e",
            "messageTitle": "Checkstyle update",
            "messageBody": "",
            "insertions": 0,
            "deletions": 3
          },
          {
            "hash": "75b7bba9d0114948abe39308c83e487c25f7facd",
            "messageTitle": "- Started doing Goto and Check features in DG - Removed unwanted headers and added in core features that should be updated",
            "messageBody": "",
            "insertions": 23,
            "deletions": 9
          }
        ]
      },
      {
        "insertions": 651,
        "deletions": 146,
        "date": "2019-10-22",
        "commitResults": [
          {
            "hash": "0dceb461f0b1a09a16a7c5a32f92d624324ed747",
            "messageTitle": "- Added tests to Goto and Check commands - Moved handleclaim() functionality to modelmanager - Finished up overview of Goto and check features in DG",
            "messageBody": "",
            "insertions": 188,
            "deletions": 20
          },
          {
            "hash": "facf498ff4e48dd35d2042527c18c74d6d14d664",
            "messageTitle": "- Added check contact functionality with pop-up - Edited some of DG",
            "messageBody": "",
            "insertions": 77,
            "deletions": 10
          },
          {
            "hash": "e8707b9d07295a23d42596e9ad9901021d050fef",
            "messageTitle": "- Added GotoSequenceDiagram - Added the goto feature in the developer guide - Changed execute method of gotocommand to throw commandexception instead of commandresult",
            "messageBody": "",
            "insertions": 159,
            "deletions": 73
          },
          {
            "hash": "02484571b5c5da64b995be2f0362318c0afdcf43",
            "messageTitle": "Update to checkCommand DG",
            "messageBody": "",
            "insertions": 220,
            "deletions": 40
          },
          {
            "hash": "10bc552fd07597d1d305cc23af51c7c4e7bfa6fe",
            "messageTitle": "- Edited gradle to rename jar file to FinSec.jar - Shifted some lines around for DG",
            "messageBody": "",
            "insertions": 6,
            "deletions": 2
          },
          {
            "hash": "82f2a8ebb31009970216495a96f861142b4daaed",
            "messageTitle": "Updated the Version in the MainApp",
            "messageBody": "",
            "insertions": 1,
            "deletions": 1
          }
        ]
      },
      {
        "insertions": 20,
        "deletions": 46,
        "date": "2019-10-23",
        "commitResults": [
          {
            "hash": "9f198096cd0d968fe1047a1bc9b404ad3ec06a6f",
            "messageTitle": "- Added activity diagrams for goto and check commands",
            "messageBody": "",
            "insertions": 20,
            "deletions": 46
          }
        ]
      },
      {
        "insertions": 181,
        "deletions": 70,
        "date": "2019-10-27",
        "commitResults": [
          {
            "hash": "82a4673048b0e367517ad360227210d02ced096b",
            "messageTitle": "Added tests for GotoCommand and View constructor",
            "messageBody": "",
            "insertions": 181,
            "deletions": 70
          }
        ]
      },
      {
        "insertions": 76,
        "deletions": 123,
        "date": "2019-10-28",
        "commitResults": [
          {
            "hash": "df3c635feb5db6248b1f3bbb0def368f4175ea6e",
            "messageTitle": "Added incomes into TypicalObjects Updated the Ui.png of the project",
            "messageBody": "",
            "insertions": 76,
            "deletions": 123
          }
        ]
      },
      {
        "insertions": 360,
        "deletions": 27,
        "date": "2019-10-29",
        "commitResults": [
          {
            "hash": "bb4724d493d5ffdd640c0382878fb3fe463fca30",
            "messageTitle": "Update to Command Parsers",
            "messageBody": "",
            "insertions": 35,
            "deletions": 0
          },
          {
            "hash": "921102b5d666c42dddc1901ae128d88229920d7f",
            "messageTitle": "- Added sort command \u0026 reverse sort command - Added Income comparator - Changed JavaFX gradle version to 11.0.1",
            "messageBody": "",
            "insertions": 176,
            "deletions": 13
          },
          {
            "hash": "4f98d94e2789363d8a737b6ff2b5f5a83c9c0d1d",
            "messageTitle": "Fixed CheckCommand tests",
            "messageBody": "",
            "insertions": 138,
            "deletions": 13
          },
          {
            "hash": "754d0fe75949dc35286d7222f837495ff1476d53",
            "messageTitle": "Edits to User guide and contact us page",
            "messageBody": "",
            "insertions": 11,
            "deletions": 1
          }
        ]
      }
    ]
  },
  "authorFinalContributionMap": {
    "joshuaseetss": 4451,
    "weigenie": 5479,
    "TanZhanMing": 3035,
    "lawncegoh": 3220
  },
  "authorFileTypeContributionMap": {
    "joshuaseetss": {
      "docs": 455,
      "tests": 1192,
      "functional": 2724,
      "other": 80
    },
    "weigenie": {
      "docs": 176,
      "tests": 2651,
      "functional": 1881,
      "other": 771
    },
    "TanZhanMing": {
      "docs": 214,
      "tests": 7,
      "functional": 2753,
      "other": 61
    },
    "lawncegoh": {
      "docs": 472,
      "tests": 618,
      "functional": 1907,
      "other": 223
    }
  },
  "authorContributionVariance": {
    "joshuaseetss": 93026.055,
    "weigenie": 198652.1,
    "TanZhanMing": 83339.48,
    "lawncegoh": 228316.98
  },
  "authorDisplayNameMap": {
    "joshuaseetss": "CS2103T-W12-1 JOSHU ...  SUEN",
    "weigenie": "CS2103T-W12-1 LEE W ... I GEN",
    "TanZhanMing": "CS2103T-W12-1 TAN Z ...  MING",
    "lawncegoh": "CS2103T-W12-1 LAWNC ... A WEI"
  }
}
