{
  "authorDailyContributionsMap": {
    "SamYJ2606": [
      {
        "insertions": 21,
        "deletions": 164,
        "date": "2019-10-03",
        "commitResults": [
          {
            "hash": "ecf9d18d8fe905c3e6296e0e44ab533c5325028c",
            "messageTitle": "test",
            "messageBody": "",
            "insertions": 1,
            "deletions": 0
          },
          {
            "hash": "3b5ac3926a4f497f47fc4f9706e37c68a96c7d0a",
            "messageTitle": "UG-Draft",
            "messageBody": "",
            "insertions": 18,
            "deletions": 162
          },
          {
            "hash": "abf97d72b1640612201d2012a03383bec6460a85",
            "messageTitle": "DG-ProductScope+Picture",
            "messageBody": "",
            "insertions": 2,
            "deletions": 2
          }
        ]
      },
      {
        "insertions": 93,
        "deletions": 12,
        "date": "2019-10-10",
        "commitResults": [
          {
            "hash": "ad818dcb4bdf7f6803b98b6faf3a4e8fa4d32aad",
            "messageTitle": "Customer + CustomerList",
            "messageBody": "",
            "insertions": 73,
            "deletions": 0
          },
          {
            "hash": "467ef78d66f67cd5a4998dfb08ca90252fcb9155",
            "messageTitle": "PassCheckstyle",
            "messageBody": "",
            "insertions": 20,
            "deletions": 12
          }
        ]
      },
      {
        "insertions": 856,
        "deletions": 46,
        "date": "2019-10-24",
        "commitResults": [
          {
            "hash": "1fa0da0cf0d92b119e75e69c51d80e19d6824b17",
            "messageTitle": "[RESET MASTER] Add customer, driver, and managers (#98)",
            "messageBody": "",
            "insertions": 564,
            "deletions": 44
          },
          {
            "hash": "07b7e1877c3e12d56da779a24111a674b8ebf308",
            "messageTitle": "Update UG\u0026DG (#112)",
            "messageBody": "",
            "insertions": 292,
            "deletions": 2
          }
        ]
      },
      {
        "insertions": 298,
        "deletions": 6,
        "date": "2019-11-08",
        "commitResults": [
          {
            "hash": "86b415b3e6c7dce9456a6a6dec6d641d3c453687",
            "messageTitle": "Fix #136 : Clear Schedule at end of the day (#143)",
            "messageBody": "",
            "insertions": 287,
            "deletions": 2
          },
          {
            "hash": "1c6ce537995493002458a98a9ae0551a58ab66af",
            "messageTitle": "Bugfix for Notification window Issue #222 and #206 (#223)",
            "messageBody": "",
            "insertions": 11,
            "deletions": 4
          }
        ]
      },
      {
        "insertions": 802,
        "deletions": 39,
        "date": "2019-11-11",
        "commitResults": [
          {
            "hash": "486131a74d24ff73ddfd4cae65307340262dd7ab",
            "messageTitle": "Added Driver Rating System #52 View customer and driver window #241 (#234)",
            "messageBody": "* Added Driver Rating System \u0026 modify Done command to have a rating when done command is used\r\n\r\n* pass checkstyle\r\n\r\n* added import\r\n\r\n* made relevant changes\r\n\r\n* Resolved comments and added viewWindow Feature[WIP]\r\n\r\n* added working fxml files\r\n\r\n* added working map in customerwindow\r\n\r\n* truncated toString()\r\n\r\n* edited Customer and Driver Cards to show just essential details\r\n\r\n* edited name of windows\r\n\r\n* changes made\r\n\r\n* checkstyle changes\r\n\r\n* edited comments\r\n",
            "insertions": 802,
            "deletions": 39
          }
        ]
      }
    ],
    "cheeyou": [
      {
        "insertions": 15,
        "deletions": 11,
        "date": "2019-10-03",
        "commitResults": [
          {
            "hash": "7fbbfd2f607ae89061230e3b7bdefcd06a99e51a",
            "messageTitle": "Added intro part of UG",
            "messageBody": "",
            "insertions": 7,
            "deletions": 3
          },
          {
            "hash": "4b2b4728b053ca44b760e92af4294ffb6835fba3",
            "messageTitle": "Added user stories (#73)",
            "messageBody": "* Added User Stories\r\n\r\n* Added image for About Us\r\n\r\n* Update developer guide\r\n\r\nUpdated our product name and team name.\r\n",
            "insertions": 8,
            "deletions": 8
          }
        ]
      },
      {
        "insertions": 155,
        "deletions": 5,
        "date": "2019-10-17",
        "commitResults": [
          {
            "hash": "4973104854d7c5550bc2746b28ab8bf91e3a6cf7",
            "messageTitle": "Add driver (#87)",
            "messageBody": "Added Driver, DriverList and DriverManager.\r\n",
            "insertions": 155,
            "deletions": 5
          }
        ]
      },
      {
        "insertions": 963,
        "deletions": 10,
        "date": "2019-10-24",
        "commitResults": [
          {
            "hash": "95a774a8403a593eb14ebd6dba58856be3a8387b",
            "messageTitle": "Edit and find customers and drivers (#109)",
            "messageBody": "Added EditCommand for Customer and Drivers.\r\nAdded FindCommand for Customers and Drivers.\r\n",
            "insertions": 963,
            "deletions": 10
          }
        ]
      }
    ],
    "junnbang": [
      {
        "insertions": 165,
        "deletions": 238,
        "date": "2019-10-03",
        "commitResults": [
          {
            "hash": "6c64ee07b25b3858e5a5d7125dd51d9bed70d089",
            "messageTitle": "Updated \"Getting Started\" in User guide.",
            "messageBody": "",
            "insertions": 20,
            "deletions": 177
          },
          {
            "hash": "1e03de12a4ce359964f2d8de786166259f1ac4c4",
            "messageTitle": "Updated \"About Us\".",
            "messageBody": "",
            "insertions": 23,
            "deletions": 27
          },
          {
            "hash": "3af8c452fefa9b5f6618b0c291c9377e10eab070",
            "messageTitle": "Updated \"About Us\".",
            "messageBody": "",
            "insertions": 5,
            "deletions": 5
          },
          {
            "hash": "49e283314650078aa86d220d80864c06480dc1c4",
            "messageTitle": "Updated `use cases` section in DeveloperGuide.",
            "messageBody": "",
            "insertions": 51,
            "deletions": 7
          },
          {
            "hash": "ddc95c846f369a588588aad2c7a9e08df73c0579",
            "messageTitle": "Fixed \"About US\" picture not showing.",
            "messageBody": "",
            "insertions": 5,
            "deletions": 5
          },
          {
            "hash": "69f553bb16a3a649c5afde0ca2ae9b2c85a3e42f",
            "messageTitle": "Updated developerguide (#68)",
            "messageBody": "* Updated `use cases` section in DeveloperGuide.\r\n\r\n* Fixed \"About US\" picture not showing.",
            "insertions": 56,
            "deletions": 12
          },
          {
            "hash": "9e9421988b60c145ac914a8d9f3f466c3a62faaa",
            "messageTitle": "Fixed \"AboutUs\" image\u0027s relative path.",
            "messageBody": "",
            "insertions": 5,
            "deletions": 5
          }
        ]
      },
      {
        "insertions": 327,
        "deletions": 0,
        "date": "2019-10-09",
        "commitResults": [
          {
            "hash": "329d4165a9463d17222ccf9ece1cc8add2cae06d",
            "messageTitle": "Added `Task`, `TaskList`, `TaskManager` -TaskList - manage Task -TaskManager - manage TaskList",
            "messageBody": "",
            "insertions": 327,
            "deletions": 0
          }
        ]
      },
      {
        "insertions": 701,
        "deletions": 332,
        "date": "2019-10-10",
        "commitResults": [
          {
            "hash": "d12495171be025264364786cb9c3618c4c75e475",
            "messageTitle": "Update About Us with draft portfolios. (#82)",
            "messageBody": "",
            "insertions": 375,
            "deletions": 5
          },
          {
            "hash": "7a98e3ac0f6f70f565283b7fa9224a4867b37f09",
            "messageTitle": "Revert \"Adds `Task`, `TaskList`, `TaskManager` classes\" (#83)",
            "messageBody": "",
            "insertions": 0,
            "deletions": 327
          },
          {
            "hash": "54d166bf06a900a794621b7d7671e121bf8e98c1",
            "messageTitle": "Adds `Tasks, `TaskList`, `TaskManager`. (#85)",
            "messageBody": "",
            "insertions": 326,
            "deletions": 0
          }
        ]
      },
      {
        "insertions": 1027,
        "deletions": 36,
        "date": "2019-10-17",
        "commitResults": [
          {
            "hash": "3fa4ceb8c9a472f6820e77aacf6379d2a61735f4",
            "messageTitle": "Add task commands (#91)",
            "messageBody": "Added Task Command for add and delete.\r\n",
            "insertions": 1027,
            "deletions": 36
          }
        ]
      },
      {
        "insertions": 583,
        "deletions": 239,
        "date": "2019-10-20",
        "commitResults": [
          {
            "hash": "af9d59b91fd28c238a8a404c72d05fe67939ee90",
            "messageTitle": "Edit task command (#100)",
            "messageBody": "Added EditTaskCommand and updated relevant managers.",
            "insertions": 583,
            "deletions": 239
          }
        ]
      },
      {
        "insertions": 94,
        "deletions": 67,
        "date": "2019-10-22",
        "commitResults": [
          {
            "hash": "d58099c55a780f7dbbc73a986750b304967005ea",
            "messageTitle": "Updated JsonAdaptedTask, DeleteIdCommand(for task), EditTaskCommand (#102)",
            "messageBody": "",
            "insertions": 94,
            "deletions": 67
          }
        ]
      },
      {
        "insertions": 244,
        "deletions": 11,
        "date": "2019-10-24",
        "commitResults": [
          {
            "hash": "990b6297b807df4db53d2b6b6b2280ff088cf7a7",
            "messageTitle": "Update UG and DG. (#107)",
            "messageBody": "",
            "insertions": 244,
            "deletions": 11
          }
        ]
      },
      {
        "insertions": 368,
        "deletions": 100,
        "date": "2019-10-26",
        "commitResults": [
          {
            "hash": "58c1c27a9ccb2471e60afc3e7a24c5f02822f75d",
            "messageTitle": "Idmanager and refractor code. (#113)",
            "messageBody": "* Added IdManager. To be used for storage of Last Unique Id used by Task,Customer and Driver.\r\n\r\n* Added JsonAdaptedDriver\r\n\r\n* Added JsonAdaptedDriver.\r\n\r\n* Refractor AddCommand and EditCommand for Driver and Customer to take in unique id.\r\n\r\n* Updated DeleteIdCommand, setDriver method in Task.\r\n-setDriver in Task will now adjust Status and EventTime accordingly.\r\n-DeleteIdCommand will now prevent deletion of driver or customer who are already allocated to a task.\r\n\r\n* Updated EditTaskCommand.\r\n-if edited date is before today, then don\u0027t allow.\r\n\r\n* Updated after review.\r\n",
            "insertions": 368,
            "deletions": 100
          }
        ]
      },
      {
        "insertions": 905,
        "deletions": 346,
        "date": "2019-10-27",
        "commitResults": [
          {
            "hash": "6448fd64dd00cd7a48616c6e1eb211b21b210567",
            "messageTitle": "Centralized Storage for all managers. (#118)",
            "messageBody": "",
            "insertions": 805,
            "deletions": 346
          },
          {
            "hash": "2c9b52bc9eccac3ba8ad282be6df50fadf331aa5",
            "messageTitle": "Added Done Command (Only can change ONGOING task to COMPLETED). (#121)",
            "messageBody": "",
            "insertions": 100,
            "deletions": 0
          }
        ]
      },
      {
        "insertions": 208,
        "deletions": 48,
        "date": "2019-10-29",
        "commitResults": [
          {
            "hash": "dd533d0066474f9cb98075b1e2dc39db7f167256",
            "messageTitle": "Added Read Command  (#120)",
            "messageBody": "* Added Read Command (Get details of task / customer / driver) base on its unique id.\r\n\r\n* Abstracted getNoOfPrefixesPresent method to ParseUtil.\r\n\r\n* Updated EditTaskCommand\r\n",
            "insertions": 132,
            "deletions": 20
          },
          {
            "hash": "0ce1408947754a11680cdd7f2a8fcdb70c052ddc",
            "messageTitle": "update UG / DG (#124)",
            "messageBody": "",
            "insertions": 76,
            "deletions": 28
          }
        ]
      },
      {
        "insertions": 464,
        "deletions": 138,
        "date": "2019-10-30",
        "commitResults": [
          {
            "hash": "ffd4b4f3dc3b9b926421ad514409b70e1fb56331",
            "messageTitle": "Added automated testing for tasks and tasklist. (#125)",
            "messageBody": "",
            "insertions": 309,
            "deletions": 24
          },
          {
            "hash": "0e127817e8692bf8255af82b2a0cf87d1c8d50f6",
            "messageTitle": "Added List and Clear Command. Fixed bugs mentioned in issues. (#137)",
            "messageBody": "* Updated EditTaskCommand to fix replace status problem.\r\n\r\n* Added EditC,EditD, findC,findD into addressbook parser. Removed those unnecessary commands.\r\n\r\n* Updated UG guide link for help command\r\n\r\n* Fixed the window size to MAX. Disabled resize window button. Changed name of app to Deliveria.\r\n\r\n* Added List Command which reset the task,driver and customer list to its original predicate.\r\n\r\n* Removed unnecessary commands tests\r\n\r\n* Added Clear command and updated clear command test.\r\n\r\n* Updated clear command usage to indicate `CONFIRM` as case sensitive.\r\n",
            "insertions": 155,
            "deletions": 114
          }
        ]
      },
      {
        "insertions": 947,
        "deletions": 27,
        "date": "2019-11-02",
        "commitResults": [
          {
            "hash": "130b60b3ed179479e4416bb79b738ee3a53ba8cc",
            "messageTitle": "Added savepdf Command. (#208)",
            "messageBody": "* Added skeleton of the savepdf command.\r\n\r\n* Added initial pdf creator\r\n\r\n* Fixed mispelled file directory.\r\n\r\n* Added savePdf command.\r\n\r\n* sort tasks by eventTime\r\n\r\n* Format pdf\r\n\r\n* Updated Checkstyle.\r\n\r\n* updated after review\r\n",
            "insertions": 947,
            "deletions": 27
          }
        ]
      },
      {
        "insertions": 175,
        "deletions": 163,
        "date": "2019-11-03",
        "commitResults": [
          {
            "hash": "8c80d28e6b4e5a460f88e40cd553b6ceaeac92d0",
            "messageTitle": "Fix bugs. Removed unused commands from UG. Added refresh function for list. (#210)",
            "messageBody": "* Updated UG. Removed all unused commands.\r\n\r\n* Added refresh functions for all list. Fixed the bugs of not refreshing.\r\n\r\n* Minor fix on editT\r\n\r\n* minor changes to pdf command\r\n",
            "insertions": 175,
            "deletions": 163
          }
        ]
      },
      {
        "insertions": 6,
        "deletions": 2,
        "date": "2019-11-07",
        "commitResults": [
          {
            "hash": "131a5d745aff88b3d6ab764e024e0ec8424dc0f5",
            "messageTitle": "added badges for code quality and coverage (#218)",
            "messageBody": "",
            "insertions": 6,
            "deletions": 2
          }
        ]
      },
      {
        "insertions": 474,
        "deletions": 217,
        "date": "2019-11-08",
        "commitResults": [
          {
            "hash": "5dd333c8683008a0c1ce6370e43f8df0425407ba",
            "messageTitle": "Update DG for savepdf, some refractoring for savepdf stuffs, fix bugs (#220)",
            "messageBody": "",
            "insertions": 474,
            "deletions": 217
          }
        ]
      },
      {
        "insertions": 512,
        "deletions": 21,
        "date": "2019-11-09",
        "commitResults": [
          {
            "hash": "3f9167b46c5a30d5ee2abf1be51c15faf668a666",
            "messageTitle": "added automated testing for some commands (#230)",
            "messageBody": "* added SavePdfCommandTest and DoneCommandTest\r\n\r\n* added EditTaskCommandTest\r\n",
            "insertions": 512,
            "deletions": 21
          }
        ]
      },
      {
        "insertions": 1986,
        "deletions": 115,
        "date": "2019-11-11",
        "commitResults": [
          {
            "hash": "b79fb2b243260d963e2eb8eeb5ba371718d55991",
            "messageTitle": "Added update command to update Company information and added savepdf for delivery order. (#239)",
            "messageBody": "* Added Company, and JsonCompany for storage\r\n\r\n* integrate Company into model and central manager\r\n\r\n* added updatecommand to update company information\r\n\r\n* Allow GstRegNo to be empty in user input.\r\n\r\n* updateed savepdf command to accoomodate delivery order and task summary\r\n\r\n* Created the foundation for pdfManager to manage pdf summary and deliver order\r\n\r\n* Updated savePdfCommand\r\n\r\n* added Company canvas\r\n\r\n* Added customer information canvas\r\n\r\n* Added delivery order information layout.\r\n\r\n* added task description layout.\r\n\r\n* added terms and conditions layout\r\n\r\n* added customer signature layout\r\n\r\n* added company signature layout\r\n\r\n* Updated savepdf test\r\n\r\n* moved pdf files to another folder.\r\n\r\n* update on pdf layout\r\n",
            "insertions": 1960,
            "deletions": 102
          },
          {
            "hash": "c059b11f9cd2420a1b6d95ec17bcc4dd85603614",
            "messageTitle": "Fix editC/editD command not updating task information. Change \"AddressBookParser\" to \"CommandParser\" (#245)",
            "messageBody": "",
            "insertions": 26,
            "deletions": 13
          }
        ]
      }
    ],
    "ArgVampir": [
      {
        "insertions": 15,
        "deletions": 158,
        "date": "2019-10-03",
        "commitResults": [
          {
            "hash": "3e539dae315e9810070cafefc13667c41454516d",
            "messageTitle": "Re-edited readme",
            "messageBody": "",
            "insertions": 12,
            "deletions": 155
          },
          {
            "hash": "91d512206458298ba41e5d376bd4451dea356ce1",
            "messageTitle": "Edit User Stories table (Last 3 rows)",
            "messageBody": "",
            "insertions": 3,
            "deletions": 3
          }
        ]
      },
      {
        "insertions": 78,
        "deletions": 6,
        "date": "2019-10-10",
        "commitResults": [
          {
            "hash": "44fa1c94e6b4a4241140bc4a7840ea41d7be93fc",
            "messageTitle": "add Goods and Description (#78)",
            "messageBody": "",
            "insertions": 78,
            "deletions": 6
          }
        ]
      },
      {
        "insertions": 743,
        "deletions": 91,
        "date": "2019-10-29",
        "commitResults": [
          {
            "hash": "b6ba3f5546f9231e5a47d3970563c70ec9718943",
            "messageTitle": "Add ui feature - viewD unfinished (#115)",
            "messageBody": "* added a skeleton of view DriverTasks command\r\n\r\n* extra spacing\r\n\r\n* fixed bugs\r\n\r\n* added TaskList onto the right of the Ui\r\n\r\n* Updated CustomerList and TaskList UI display\r\n\r\n* UI update for assigned and unassigned task\r\n\r\n* fix test driver and customer sample\r\n\r\n* Fix unassigned and assigned tasklist taking the same list ID\r\n\r\n* Rename taskList to AssignedTaskList\r\nAdded Headings for each list\r\nAdded description under each lists\r\n\r\n* fixed display layout example for assign\r\nUse driver Index instead of the deprecated Index class\r\n\r\n* deleted sample and reset back before merge\r\n\r\n* remove redundant set tasks\r\n\r\n* Added toString for TaskList.\r\n\r\n* Fixed tasks not showing in UI.\r\n\r\n* update checkstyle.\r\n\r\n* Added Send button under the commandbox\r\n",
            "insertions": 743,
            "deletions": 91
          }
        ]
      },
      {
        "insertions": 250,
        "deletions": 106,
        "date": "2019-10-31",
        "commitResults": [
          {
            "hash": "321c467c1e7be3f2983b4af57983ea06bcd73dd2",
            "messageTitle": "Fix card and format list (#139)",
            "messageBody": "* added a skeleton of view DriverTasks command\r\n\r\n* extra spacing\r\n\r\n* fixed bugs\r\n\r\n* added TaskList onto the right of the Ui\r\n\r\n* Updated CustomerList and TaskList UI display\r\n\r\n* UI update for assigned and unassigned task\r\n\r\n* fix test driver and customer sample\r\n\r\n* Fix unassigned and assigned tasklist taking the same list ID\r\n\r\n* Rename taskList to AssignedTaskList\r\nAdded Headings for each list\r\nAdded description under each lists\r\n\r\n* fixed display layout example for assign\r\nUse driver Index instead of the deprecated Index class\r\n\r\n* deleted sample and reset back before merge\r\n\r\n* remove redundant set tasks\r\n\r\n* Added toString for TaskList.\r\n\r\n* Fixed tasks not showing in UI.\r\n\r\n* update checkstyle.\r\n\r\n* Added Send button under the commandbox\r\n\r\n* Re-format Driver List, Unassigned and Assigned TaskLists and CustomerList\r\n\r\n* fix checkstyle issues\r\n\r\n* New layout and removed Assigned: for Incomplete Delivery task list\r\n\r\n* Remove person list and update check style\r\n",
            "insertions": 250,
            "deletions": 106
          }
        ]
      },
      {
        "insertions": 547,
        "deletions": 115,
        "date": "2019-11-09",
        "commitResults": [
          {
            "hash": "b3730227b7009f2e17a3f0e1d1a61e6d24104f6e",
            "messageTitle": "View completed tasks (#224)",
            "messageBody": "added viewC, viewD commands",
            "insertions": 547,
            "deletions": 115
          }
        ]
      }
    ],
    "tysng": [
      {
        "insertions": 478,
        "deletions": 0,
        "date": "2019-09-20",
        "commitResults": [
          {
            "hash": "bd5a35d84b076b7ccbad0d92a56e26d30a108b57",
            "messageTitle": "Update the master branch to the upstream repo (#57)",
            "messageBody": "",
            "insertions": 478,
            "deletions": 0
          }
        ]
      },
      {
        "insertions": 78,
        "deletions": 31,
        "date": "2019-10-03",
        "commitResults": [
          {
            "hash": "39780c130d3d5847108554406fe770f51798e0f2",
            "messageTitle": "Add 3.8-3.11 and FAQ",
            "messageBody": "",
            "insertions": 65,
            "deletions": 0
          },
          {
            "hash": "819896c2c0d059138cc7559ac3246e196b02e984",
            "messageTitle": "Change contact-us and add Makefile",
            "messageBody": "",
            "insertions": 2,
            "deletions": 2
          },
          {
            "hash": "df64aa3b91b4de99f7dce976a5fa5aabedd4c22b",
            "messageTitle": "Update UserGuide.adoc",
            "messageBody": "",
            "insertions": 0,
            "deletions": 1
          },
          {
            "hash": "55ad9a7e8f1ed228f0a2ae6ce5fd78244a7a3623",
            "messageTitle": "Edit Readme doc",
            "messageBody": "",
            "insertions": 5,
            "deletions": 9
          },
          {
            "hash": "81eb95680845ec40ee54b588da62586e04dddc93",
            "messageTitle": "Commit",
            "messageBody": "",
            "insertions": 0,
            "deletions": 15
          },
          {
            "hash": "9a6216878c3fc71465010f4f526cf54cd62df3c1",
            "messageTitle": "Delete gibberish",
            "messageBody": "",
            "insertions": 0,
            "deletions": 1
          },
          {
            "hash": "40e042cc56251322a41108a98fe44af0ae89e9d9",
            "messageTitle": "Update NFR and Glossary",
            "messageBody": "",
            "insertions": 6,
            "deletions": 3
          }
        ]
      },
      {
        "insertions": 307,
        "deletions": 0,
        "date": "2019-10-10",
        "commitResults": [
          {
            "hash": "9a7727f3ef07a0002e083d7f3f8bb204523b736a",
            "messageTitle": "Add schedule and duration class (#80)",
            "messageBody": "",
            "insertions": 307,
            "deletions": 0
          }
        ]
      },
      {
        "insertions": 722,
        "deletions": 206,
        "date": "2019-10-17",
        "commitResults": [
          {
            "hash": "b6e92752b1999297412c5d4c61a0f2d19d8a6780",
            "messageTitle": "Support finding first avaiable time slot (#92)",
            "messageBody": "",
            "insertions": 198,
            "deletions": 98
          },
          {
            "hash": "00ef5fedda04186fc0100610e63756889339e1db",
            "messageTitle": "Refractor AddressBook to generic (#95)",
            "messageBody": "",
            "insertions": 524,
            "deletions": 108
          }
        ]
      },
      {
        "insertions": 284,
        "deletions": 39,
        "date": "2019-10-21",
        "commitResults": [
          {
            "hash": "caafe7f0114b525900418f1379c7ed700bfbb749",
            "messageTitle": "Add assign command (#101)",
            "messageBody": "",
            "insertions": 284,
            "deletions": 39
          }
        ]
      },
      {
        "insertions": 163,
        "deletions": 14,
        "date": "2019-10-22",
        "commitResults": [
          {
            "hash": "5b726f8ad70bba5cbccefa0f4fdce6ae72c1a525",
            "messageTitle": "Add free command (#106)",
            "messageBody": "Add unassign feature\r\n",
            "insertions": 163,
            "deletions": 14
          }
        ]
      },
      {
        "insertions": 147,
        "deletions": 23,
        "date": "2019-10-24",
        "commitResults": [
          {
            "hash": "7ab07f14308e2fd22c50f6f5c3f8dc670c49c17c",
            "messageTitle": "Update Assign command (#108)",
            "messageBody": "",
            "insertions": 102,
            "deletions": 8
          },
          {
            "hash": "0f20bdbd5a34814ba73958cfc2ac9ca6db1e3d97",
            "messageTitle": "Update Model UML diagram (#110)",
            "messageBody": "",
            "insertions": 45,
            "deletions": 15
          }
        ]
      },
      {
        "insertions": 335,
        "deletions": 75,
        "date": "2019-10-31",
        "commitResults": [
          {
            "hash": "d824ec0c389c1777980fea9c4e178ef1a3042e7e",
            "messageTitle": "Fix #127: suggested time is no longer in the past (#141)",
            "messageBody": "",
            "insertions": 310,
            "deletions": 61
          },
          {
            "hash": "ac05c6b00637d77d14d45925d71533e899ea9625",
            "messageTitle": "Add PPP (#147)",
            "messageBody": "",
            "insertions": 24,
            "deletions": 13
          },
          {
            "hash": "fe8e7fa9bfcae434c985810c04b39b5c4379fd03",
            "messageTitle": "Release admin fixes",
            "messageBody": "",
            "insertions": 1,
            "deletions": 1
          }
        ]
      },
      {
        "insertions": 64,
        "deletions": 44,
        "date": "2019-11-01",
        "commitResults": [
          {
            "hash": "c130ddbfc1e57d6ebb928518afeff478b95bcfe0",
            "messageTitle": "Fix UI not updating and change free command syntax (#151)",
            "messageBody": "",
            "insertions": 51,
            "deletions": 33
          },
          {
            "hash": "0a0cd6092ee0f3b69ace285c6985eb36eb7d3191",
            "messageTitle": "Fix suggested time cannot be added and assign time format issues (#154)",
            "messageBody": "",
            "insertions": 13,
            "deletions": 11
          }
        ]
      },
      {
        "insertions": 151,
        "deletions": 116,
        "date": "2019-11-06",
        "commitResults": [
          {
            "hash": "e318c293641bbc9ad5ca035f137e745b4d099102",
            "messageTitle": "Restrict assign command to today (#215)",
            "messageBody": "",
            "insertions": 11,
            "deletions": 2
          },
          {
            "hash": "0dd1a5fabcaf57f7493ef7f2adf0786ab4c52263",
            "messageTitle": "Fix user guide ui image (#213)",
            "messageBody": "",
            "insertions": 5,
            "deletions": 4
          },
          {
            "hash": "fe80d1f317ca2e7f71e093cd6e690064837a86f0",
            "messageTitle": "Fix documentation and command descriptions (#212)",
            "messageBody": "",
            "insertions": 131,
            "deletions": 107
          },
          {
            "hash": "f7ccaaf8bd21abd531c16b87b4844de43c496763",
            "messageTitle": "Fix driver display (#214)",
            "messageBody": "",
            "insertions": 4,
            "deletions": 3
          }
        ]
      },
      {
        "insertions": 630,
        "deletions": 109,
        "date": "2019-11-08",
        "commitResults": [
          {
            "hash": "74ca5649068bde4638813cd10faba972edc1d6b4",
            "messageTitle": "Enhance assign workflow (#219)",
            "messageBody": "",
            "insertions": 630,
            "deletions": 109
          }
        ]
      },
      {
        "insertions": 170,
        "deletions": 69,
        "date": "2019-11-09",
        "commitResults": [
          {
            "hash": "a2d9c4e1f1a6ae490c14767737c413f0ef161d28",
            "messageTitle": "Improve error message (#228)",
            "messageBody": "",
            "insertions": 7,
            "deletions": 5
          },
          {
            "hash": "754cbe822a7819156b07a7005b6d2e5a0255f15b",
            "messageTitle": "Fix: Schedule is suggesting a time that conflicts with the existing schedule (#227)",
            "messageBody": "",
            "insertions": 26,
            "deletions": 7
          },
          {
            "hash": "5c02ac5533f0b1d9758042e740f1cac18c2db902",
            "messageTitle": "Improve schedule presentation (#229)",
            "messageBody": "",
            "insertions": 46,
            "deletions": 7
          },
          {
            "hash": "629793928649c16418552b92c1752366a26f8744",
            "messageTitle": "Improve abstraction (#231)",
            "messageBody": "",
            "insertions": 91,
            "deletions": 50
          }
        ]
      },
      {
        "insertions": 1,
        "deletions": 1,
        "date": "2019-11-11",
        "commitResults": [
          {
            "hash": "6b7c149e82c2d0d5c96521bdd80274139db5f389",
            "messageTitle": "Fix parser (#243)",
            "messageBody": "",
            "insertions": 1,
            "deletions": 1
          }
        ]
      }
    ]
  },
  "authorFinalContributionMap": {
    "SamYJ2606": 1802,
    "cheeyou": 939,
    "junnbang": 7693,
    "ArgVampir": 1432,
    "tysng": 2728
  },
  "authorFileTypeContributionMap": {
    "SamYJ2606": {
      "docs": 68,
      "tests": 33,
      "functional": 1471,
      "other": 230
    },
    "cheeyou": {
      "docs": 7,
      "tests": 27,
      "functional": 905
    },
    "junnbang": {
      "docs": 652,
      "tests": 1029,
      "functional": 5681,
      "other": 331
    },
    "ArgVampir": {
      "docs": 9,
      "tests": 56,
      "functional": 1367
    },
    "tysng": {
      "docs": 549,
      "tests": 552,
      "functional": 1494,
      "other": 133
    }
  },
  "authorContributionVariance": {
    "SamYJ2606": 23537.828,
    "cheeyou": 14223.227,
    "junnbang": 146009.61,
    "ArgVampir": 18375.145,
    "tysng": 29017.564
  },
  "authorDisplayNameMap": {
    "SamYJ2606": "CS2103T-F14-4 SAM Y ... G JEK",
    "cheeyou": "CS2103T-F14-4 CHEE  ... E YOU",
    "junnbang": "CS2103T-F14-4 TAN J ...  BANG",
    "ArgVampir": "CS2103T-F14-4 RUSHA ... HAMAS",
    "tysng": "CS2103T-F14-4 SONG  ... IANYI"
  }
}
