{
  "authorDailyContributionsMap": {
    "jiayushe": [
      {
        "insertions": 1,
        "deletions": 1,
        "date": "2019-09-09",
        "commitResults": [
          {
            "hash": "e8d68b46b1ea7552f5646d70a0e3007a7f31770c",
            "messageTitle": "Update product name in README",
            "messageBody": "",
            "insertions": 1,
            "deletions": 1
          }
        ]
      },
      {
        "insertions": 540,
        "deletions": 0,
        "date": "2019-09-24",
        "commitResults": [
          {
            "hash": "091a59ad4ca18617a1e2ed221a5ad8179bbdba63",
            "messageTitle": "Add new classes",
            "messageBody": "",
            "insertions": 540,
            "deletions": 0
          }
        ]
      },
      {
        "insertions": 256,
        "deletions": 64,
        "date": "2019-09-30",
        "commitResults": [
          {
            "hash": "717a14e56b72c169c36002e1bf8e377395ff1bfe",
            "messageTitle": "Update Developer Guide",
            "messageBody": "",
            "insertions": 231,
            "deletions": 40
          },
          {
            "hash": "d94d7fae3aa4a19b21fadfa5576175006968ac84",
            "messageTitle": "Update User Guide",
            "messageBody": "",
            "insertions": 21,
            "deletions": 21
          },
          {
            "hash": "6db604fe3f848c49889ee4cdeb5ab89bf48eb6ed",
            "messageTitle": "Update AboutUs",
            "messageBody": "",
            "insertions": 1,
            "deletions": 1
          },
          {
            "hash": "0f26bc12c78979ce82c31b80ad47c909e3130e31",
            "messageTitle": "Update Site Name",
            "messageBody": "",
            "insertions": 2,
            "deletions": 2
          },
          {
            "hash": "d52dd5c3f8c272b569bc9280055a23d92b678b77",
            "messageTitle": "Add Coverall badge",
            "messageBody": "",
            "insertions": 1,
            "deletions": 0
          }
        ]
      },
      {
        "insertions": 11,
        "deletions": 240,
        "date": "2019-10-01",
        "commitResults": [
          {
            "hash": "f0e505756411a0743d706cf3653f3fead33aea54",
            "messageTitle": "Update Developer Guide and AboutUs",
            "messageBody": "",
            "insertions": 9,
            "deletions": 22
          },
          {
            "hash": "bae1d0c94b156451fe018b8ed041c3b794c176fb",
            "messageTitle": "Remove learning outcomes",
            "messageBody": "",
            "insertions": 0,
            "deletions": 217
          },
          {
            "hash": "8bafbee6455aedadfddc56b04a3dcc7e89082a6e",
            "messageTitle": "Update badges and remove header in website",
            "messageBody": "",
            "insertions": 2,
            "deletions": 1
          }
        ]
      },
      {
        "insertions": 482,
        "deletions": 239,
        "date": "2019-10-08",
        "commitResults": [
          {
            "hash": "06412e030a886501d3d428ed2e61dd0f749e29d2",
            "messageTitle": "Add logics for adding tasks",
            "messageBody": "",
            "insertions": 345,
            "deletions": 25
          },
          {
            "hash": "095e30e40eb1f28b9150d282459e0dcb53dcba37",
            "messageTitle": "Add simple tests",
            "messageBody": "",
            "insertions": 137,
            "deletions": 214
          }
        ]
      },
      {
        "insertions": 628,
        "deletions": 107,
        "date": "2019-10-14",
        "commitResults": [
          {
            "hash": "71a56495cb8c9fc411f51c4d446a60ed2012e846",
            "messageTitle": "Add logics for deleting tasks",
            "messageBody": "",
            "insertions": 185,
            "deletions": 5
          },
          {
            "hash": "d43ca8c776955d577dfdd094f72f6f71fad1fa69",
            "messageTitle": "Fix addTaskCommand",
            "messageBody": "",
            "insertions": 21,
            "deletions": 21
          },
          {
            "hash": "359096fcb8e816e5ea1573a5d4ec29c4f8fe8ee0",
            "messageTitle": "Add logics for marking tasks as done/undone",
            "messageBody": "",
            "insertions": 361,
            "deletions": 32
          },
          {
            "hash": "f1cec6f134bf8ab86f5f36da0a86696e73a0e4c3",
            "messageTitle": "Clean up",
            "messageBody": "",
            "insertions": 46,
            "deletions": 49
          },
          {
            "hash": "720b7766eb1f8d843ea5b2a6dc1f6c520fb72bec",
            "messageTitle": "Add sample plans",
            "messageBody": "",
            "insertions": 15,
            "deletions": 0
          }
        ]
      },
      {
        "insertions": 680,
        "deletions": 298,
        "date": "2019-10-15",
        "commitResults": [
          {
            "hash": "76560cd49815f37f2fcc5635bf78695bfe98e755",
            "messageTitle": "Minor fix",
            "messageBody": "",
            "insertions": 42,
            "deletions": 42
          },
          {
            "hash": "a54c5112636d360712aa24d462195d2a8346dade",
            "messageTitle": "Fix bugs with adding tasks",
            "messageBody": "",
            "insertions": 2,
            "deletions": 1
          },
          {
            "hash": "e8405d755c40ea3b259562f8c03c4c8f98a3d541",
            "messageTitle": "Update command prompts",
            "messageBody": "",
            "insertions": 71,
            "deletions": 44
          },
          {
            "hash": "b9110fcce2d928f8d773dd785d7cc5a6571eb737",
            "messageTitle": "Update DG",
            "messageBody": "",
            "insertions": 157,
            "deletions": 57
          },
          {
            "hash": "f6ca6adf5f7a18284ee88cdf37161c3bd965c734",
            "messageTitle": "Update UG",
            "messageBody": "",
            "insertions": 56,
            "deletions": 40
          },
          {
            "hash": "92b5e1162df0668222a5629292b4aa29e552a3de",
            "messageTitle": "Fix hashCode and toString for problems",
            "messageBody": "",
            "insertions": 7,
            "deletions": 5
          },
          {
            "hash": "afb7326d59f4a88bbce05c5a378d331edaa9c19e",
            "messageTitle": "Fix parseRemark and parseSource",
            "messageBody": "",
            "insertions": 10,
            "deletions": 4
          },
          {
            "hash": "8a8fd49bf9a61389a403b80bf305f2f27af04bff",
            "messageTitle": "Add framework for task UI",
            "messageBody": "",
            "insertions": 333,
            "deletions": 102
          },
          {
            "hash": "21c6bd6b4b352422dab313541f6fd12ff6d72d45",
            "messageTitle": "Minor fix",
            "messageBody": "",
            "insertions": 2,
            "deletions": 3
          }
        ]
      },
      {
        "insertions": 943,
        "deletions": 320,
        "date": "2019-10-22",
        "commitResults": [
          {
            "hash": "ec3ff1257ed2eab309399cc5c3dfbb2b931852f6",
            "messageTitle": "Update planList after task operations",
            "messageBody": "",
            "insertions": 12,
            "deletions": 5
          },
          {
            "hash": "93b8e21404c9db8140a97dfdd0cdcfa0e83692b9",
            "messageTitle": "Prettify success message",
            "messageBody": "",
            "insertions": 12,
            "deletions": 8
          },
          {
            "hash": "47e37bb445e0893ccba94586a3e92586d7b61e80",
            "messageTitle": "Remove formatTask",
            "messageBody": "",
            "insertions": 1,
            "deletions": 19
          },
          {
            "hash": "a59ddedc1b23940a05dbab377ebe51876de11510",
            "messageTitle": "Update User Guide",
            "messageBody": "",
            "insertions": 12,
            "deletions": 8
          },
          {
            "hash": "0dcb893b63111ea774b4af12af2cbf32d9adad98",
            "messageTitle": "Add id to models",
            "messageBody": "",
            "insertions": 218,
            "deletions": 46
          },
          {
            "hash": "7f5a002651a3d905833014ae5505352ac763dcbe",
            "messageTitle": "Add storage for Plan and Task",
            "messageBody": "",
            "insertions": 352,
            "deletions": 15
          },
          {
            "hash": "73de4ada61542e9b69f25e54e4299250f95bcdbc",
            "messageTitle": "Fix date field of tasks and plans",
            "messageBody": "",
            "insertions": 123,
            "deletions": 94
          },
          {
            "hash": "0e0a455dce38ca471803f68e95d5bf88174c1433",
            "messageTitle": "Move generateId to util file",
            "messageBody": "",
            "insertions": 24,
            "deletions": 4
          },
          {
            "hash": "cdf5c2efdfa88f759f4ad234006c2ea2dc98f735",
            "messageTitle": "Change name of prefix",
            "messageBody": "",
            "insertions": 10,
            "deletions": 10
          },
          {
            "hash": "9a2db37d6030c91b9ca1500008e969d802be87c4",
            "messageTitle": "Update DG",
            "messageBody": "",
            "insertions": 179,
            "deletions": 111
          }
        ]
      },
      {
        "insertions": 1623,
        "deletions": 461,
        "date": "2019-10-28",
        "commitResults": [
          {
            "hash": "4db99dd3ff90f3c2969f8265504e2e256a7f83ac",
            "messageTitle": "Update DG",
            "messageBody": "",
            "insertions": 29,
            "deletions": 11
          },
          {
            "hash": "fc4bf66ca4ff1176c01ff040aca2d18b4e953c49",
            "messageTitle": "Catch duplicate tasks within same plan",
            "messageBody": "",
            "insertions": 7,
            "deletions": 1
          },
          {
            "hash": "4c23a06b619f6fe35dfd346fe6bd86b9808e2d51",
            "messageTitle": "Fix display",
            "messageBody": "",
            "insertions": 103,
            "deletions": 94
          },
          {
            "hash": "d64ec7cbe4a28ab63bbff56930f8d7d672f9f4f6",
            "messageTitle": "Implement EditTaskCommand",
            "messageBody": "",
            "insertions": 214,
            "deletions": 16
          },
          {
            "hash": "fd1d6cd4ee6ade96526f54f50779ed7691c69884",
            "messageTitle": "Implement MoveTaskCommand",
            "messageBody": "",
            "insertions": 220,
            "deletions": 12
          },
          {
            "hash": "be31d4def4ccebc8bee8a4e26c1d674f3a74aeeb",
            "messageTitle": "Implement ExportCommand",
            "messageBody": "",
            "insertions": 146,
            "deletions": 3
          },
          {
            "hash": "a9a18347025e9fe2e319d18f6dff968a0450f26d",
            "messageTitle": "Implement ImportCommand",
            "messageBody": "",
            "insertions": 138,
            "deletions": 11
          },
          {
            "hash": "a9e2b5149f5ae94b6be087923dc2eda1d897aadb",
            "messageTitle": "Implement UI for tasks",
            "messageBody": "",
            "insertions": 408,
            "deletions": 121
          },
          {
            "hash": "74c1481e582419fe5ccf732329a4a620b6f1a7ba",
            "messageTitle": "Fix duplicate tasks",
            "messageBody": "",
            "insertions": 1,
            "deletions": 3
          },
          {
            "hash": "d3eac32ce7c9cb7f231324c411ec8ffb6963e435",
            "messageTitle": "Fix wrapText",
            "messageBody": "",
            "insertions": 71,
            "deletions": 2
          },
          {
            "hash": "adac774346444db83ab0d89bc707f6b323adc45a",
            "messageTitle": "Update documentation",
            "messageBody": "",
            "insertions": 177,
            "deletions": 31
          },
          {
            "hash": "902d745c124e652104086ef0b8e60344dd3eca35",
            "messageTitle": "Fix various issues",
            "messageBody": "",
            "insertions": 32,
            "deletions": 129
          },
          {
            "hash": "8a1c578abe44e80f3e56e08f443acaf5b4eb5c35",
            "messageTitle": "Update README",
            "messageBody": "",
            "insertions": 2,
            "deletions": 2
          },
          {
            "hash": "d4be3e82d7e04fc3ac63cab2708cd370fac34ced",
            "messageTitle": "Update DG",
            "messageBody": "",
            "insertions": 70,
            "deletions": 20
          },
          {
            "hash": "ae03c784e3f92ea984b7f46a40efe354c85ad60b",
            "messageTitle": "Fix UI",
            "messageBody": "",
            "insertions": 5,
            "deletions": 5
          }
        ]
      },
      {
        "insertions": 807,
        "deletions": 272,
        "date": "2019-10-30",
        "commitResults": [
          {
            "hash": "140419c2b7e3c36b69dfa17d6be65170df1ccf3a",
            "messageTitle": "Fix Pie Chart CSS",
            "messageBody": "",
            "insertions": 17,
            "deletions": 2
          },
          {
            "hash": "830471c625ef6124feb92e04fa0199415822182f",
            "messageTitle": "Update task card style",
            "messageBody": "",
            "insertions": 66,
            "deletions": 25
          },
          {
            "hash": "5cefffa9f646826c023f939447469abe4aca4827",
            "messageTitle": "Implement CopyTaskCommand",
            "messageBody": "",
            "insertions": 422,
            "deletions": 113
          },
          {
            "hash": "6a4c71929550257853ce55f8dc60946b62459d66",
            "messageTitle": "Update AlgoBase icon",
            "messageBody": "",
            "insertions": 8,
            "deletions": 12
          },
          {
            "hash": "9d7b53387f536ec7b55572113d356033cf8bca02",
            "messageTitle": "Implement SetPlanCommand",
            "messageBody": "",
            "insertions": 128,
            "deletions": 12
          },
          {
            "hash": "6c3b974e69b534515023d7681cdfbb3c0f407c03",
            "messageTitle": "Update documentation",
            "messageBody": "",
            "insertions": 134,
            "deletions": 90
          },
          {
            "hash": "b634c2a83ac70c14a2d8ca25d61552b3a989c160",
            "messageTitle": "Ensure task date is within plan date range",
            "messageBody": "",
            "insertions": 32,
            "deletions": 18
          }
        ]
      },
      {
        "insertions": 315,
        "deletions": 151,
        "date": "2019-10-31",
        "commitResults": [
          {
            "hash": "70e2ea96a7ed7426643d02a7c0307b9c3644cd86",
            "messageTitle": "Remove corresponding tasks from plans when a problem is deleted",
            "messageBody": "",
            "insertions": 218,
            "deletions": 77
          },
          {
            "hash": "9a14820c6e7b4b8a7fb45587e8001b84c7471563",
            "messageTitle": "Update documentation",
            "messageBody": "",
            "insertions": 19,
            "deletions": 17
          },
          {
            "hash": "d08a526c88d96103fdb46d74c518a45e9bf49fb6",
            "messageTitle": "Improve UI",
            "messageBody": "",
            "insertions": 78,
            "deletions": 57
          }
        ]
      }
    ],
    "Seris370": [
      {
        "insertions": 89,
        "deletions": 67,
        "date": "2019-09-28",
        "commitResults": [
          {
            "hash": "f08ec006dac617183a3d8a91e9d03a0b0196304a",
            "messageTitle": "change regex of author",
            "messageBody": "",
            "insertions": 6,
            "deletions": 2
          },
          {
            "hash": "9916c14d0b25e2e5f8585c4dbae1f39a547980c4",
            "messageTitle": "use java.net.URL to check weblink format",
            "messageBody": "",
            "insertions": 12,
            "deletions": 18
          },
          {
            "hash": "b995e964c75ffa87d4271a742a567fee2dc980c6",
            "messageTitle": "change MESSAGE_USAGE",
            "messageBody": "",
            "insertions": 11,
            "deletions": 13
          },
          {
            "hash": "3e8c369e79f5ad6e011d6fce6415fd5b5acdf011",
            "messageTitle": "add unused validation regex for difficulty",
            "messageBody": "",
            "insertions": 1,
            "deletions": 0
          },
          {
            "hash": "8d1fa1605a64c9467d3f9e17b99e7fa94877fd33",
            "messageTitle": "remove optional fields when checking present in parse()",
            "messageBody": "",
            "insertions": 1,
            "deletions": 1
          },
          {
            "hash": "825dd2d814f7fa6c7576e2af0263b0640619fb35",
            "messageTitle": "add prefixes to tokenize when parsing command",
            "messageBody": "",
            "insertions": 5,
            "deletions": 2
          },
          {
            "hash": "92ca50f81485649e4037181f4cfb092a6353e53e",
            "messageTitle": "add default values",
            "messageBody": "",
            "insertions": 23,
            "deletions": 1
          },
          {
            "hash": "0891c79240fc6ba4a53b9411e93f98bd199827bf",
            "messageTitle": "add five sample instances",
            "messageBody": "",
            "insertions": 30,
            "deletions": 30
          }
        ]
      },
      {
        "insertions": 82,
        "deletions": 22,
        "date": "2019-09-29",
        "commitResults": [
          {
            "hash": "12cc82d15b0db76aba9395ccbc4ba778c1214e5d",
            "messageTitle": "change default values to be regex-rejected",
            "messageBody": "",
            "insertions": 3,
            "deletions": 3
          },
          {
            "hash": "2cd555c26dd19381a0b018fda35e30c68fdc2544",
            "messageTitle": "set fields to default if no corresponding prefixes",
            "messageBody": "",
            "insertions": 50,
            "deletions": 8
          },
          {
            "hash": "e22fd9aedd62764ee06fcf017975c52ebbc7c93b",
            "messageTitle": "add fields in edit command",
            "messageBody": "",
            "insertions": 10,
            "deletions": 0
          },
          {
            "hash": "f94d45bf3854250390e719f9b4abf3b4e91b92b2",
            "messageTitle": "fix checkstyle errors",
            "messageBody": "",
            "insertions": 19,
            "deletions": 11
          }
        ]
      },
      {
        "insertions": 1235,
        "deletions": 233,
        "date": "2019-10-13",
        "commitResults": [
          {
            "hash": "25414ec74d3d2a7fbd411adcce3bed86e57f3376",
            "messageTitle": "create empty files and refactored plan names and descriptions",
            "messageBody": "",
            "insertions": 102,
            "deletions": 77
          },
          {
            "hash": "1c9850506045a9ac5a88e5b641ad72b59a75f808",
            "messageTitle": "add AddPlanCommand",
            "messageBody": "",
            "insertions": 299,
            "deletions": 8
          },
          {
            "hash": "932174eb76d481e8d4ef56beec20cf118a2d686f",
            "messageTitle": "add DeletePlanCommand",
            "messageBody": "",
            "insertions": 57,
            "deletions": 2
          },
          {
            "hash": "660967002ca16af85cdcaaff072906e2bd04550f",
            "messageTitle": "add EditPlanCommand",
            "messageBody": "",
            "insertions": 226,
            "deletions": 3
          },
          {
            "hash": "4389dae79452abe0f35e3b91364decfa75d945b3",
            "messageTitle": "add AddPlanCommandParser",
            "messageBody": "",
            "insertions": 145,
            "deletions": 25
          },
          {
            "hash": "005d929c1717bb027ba0e687e413346cbb28f523",
            "messageTitle": "add AddPlanCommandParser",
            "messageBody": "",
            "insertions": 2,
            "deletions": 1
          },
          {
            "hash": "4db69088fc33db4e60ceddb750c9c7c35ea3ad8a",
            "messageTitle": "add DeletePlanCommandParser",
            "messageBody": "",
            "insertions": 27,
            "deletions": 1
          },
          {
            "hash": "523b5aa79c63c3bf7663090df1c971cc6ab8fa18",
            "messageTitle": "reverse excessive refactors of planName and planDescription",
            "messageBody": "",
            "insertions": 31,
            "deletions": 31
          },
          {
            "hash": "0f15ae9b5198765e7cf155d7e239880ebd7da825",
            "messageTitle": "checkstyleMain",
            "messageBody": "",
            "insertions": 64,
            "deletions": 46
          },
          {
            "hash": "ddc8e2a10619823aba733c0de52a4e9c026138d0",
            "messageTitle": "checkstyleMain",
            "messageBody": "",
            "insertions": 88,
            "deletions": 6
          },
          {
            "hash": "50e51039a73a6ecceab5d7b51667aefee83a5254",
            "messageTitle": "add ListPlanCommand",
            "messageBody": "",
            "insertions": 25,
            "deletions": 0
          },
          {
            "hash": "d515c1eb91f3ab9505eed360fe1e0a40f2ec7f72",
            "messageTitle": "add lsplan and findplan function",
            "messageBody": "",
            "insertions": 112,
            "deletions": 3
          },
          {
            "hash": "a744baa6eeeb48bea28567260b188f048030844c",
            "messageTitle": "refactor lsplan to listplan",
            "messageBody": "",
            "insertions": 4,
            "deletions": 4
          },
          {
            "hash": "880f28f31b7de3fb7c9a941f707c4393939bae17",
            "messageTitle": "undate AlgoBaseParser with plan commands",
            "messageBody": "",
            "insertions": 10,
            "deletions": 1
          },
          {
            "hash": "8558055a9ac9372b30eeba391f2ec0d126aab738",
            "messageTitle": "reverse excessive refactors of planName and planDescription",
            "messageBody": "",
            "insertions": 15,
            "deletions": 15
          },
          {
            "hash": "2d5cf297b44ff21bfc2f7368b6c32bafadf712b7",
            "messageTitle": "revert unnecessary changes",
            "messageBody": "",
            "insertions": 1,
            "deletions": 1
          },
          {
            "hash": "77627cbb2fba43322804d9abfc37e472db412da4",
            "messageTitle": "fix compilation error",
            "messageBody": "",
            "insertions": 0,
            "deletions": 5
          },
          {
            "hash": "e21ea3f259f861d1f190b3680639fbe43500e1da",
            "messageTitle": "checkstyleMain",
            "messageBody": "",
            "insertions": 2,
            "deletions": 3
          },
          {
            "hash": "8ce222e89ba56f2b520ea8d29ac9bdcf045175db",
            "messageTitle": "fix test compilation error",
            "messageBody": "",
            "insertions": 25,
            "deletions": 1
          }
        ]
      },
      {
        "insertions": 83,
        "deletions": 222,
        "date": "2019-10-14",
        "commitResults": [
          {
            "hash": "7fdb83481855363b85a0f0e5eb94197051d3b2f9",
            "messageTitle": "delete PREFIX_PLAN_NAME and PREFIX_PLAN_DESCRIPTION",
            "messageBody": "",
            "insertions": 27,
            "deletions": 29
          },
          {
            "hash": "14e7aaad7c55a40120c283dcebc82c8cdc34dce1",
            "messageTitle": "change sequence of imports",
            "messageBody": "",
            "insertions": 5,
            "deletions": 4
          },
          {
            "hash": "4db21ffa78027281e632e5404238f7c72f167ad2",
            "messageTitle": "change usage of UniquePlanList to PlanList",
            "messageBody": "",
            "insertions": 33,
            "deletions": 21
          },
          {
            "hash": "247d66edf0e1494cccdf27cd405f4f9981c3ccbd",
            "messageTitle": "safe delete",
            "messageBody": "",
            "insertions": 14,
            "deletions": 163
          },
          {
            "hash": "0c3b5751b519ea1d6d648cd100515e9784246d20",
            "messageTitle": "delete new line",
            "messageBody": "",
            "insertions": 0,
            "deletions": 1
          },
          {
            "hash": "8d9a9612523140d80d003a44148805ee6f06492b",
            "messageTitle": "throw exceptions in dummy tests",
            "messageBody": "",
            "insertions": 4,
            "deletions": 4
          }
        ]
      },
      {
        "insertions": 258,
        "deletions": 67,
        "date": "2019-10-15",
        "commitResults": [
          {
            "hash": "5f6e20829814d4936a305d5cb4678eb117cec723",
            "messageTitle": "Implement parseDate method",
            "messageBody": "",
            "insertions": 11,
            "deletions": 2
          },
          {
            "hash": "631cec3389bf174bd978126b54875bc7c19a1453",
            "messageTitle": "add PlanCard",
            "messageBody": "",
            "insertions": 118,
            "deletions": 7
          },
          {
            "hash": "9f97c83508277126162a3f78170c886c2de18461",
            "messageTitle": "add plan list view",
            "messageBody": "",
            "insertions": 109,
            "deletions": 44
          },
          {
            "hash": "9b678318d50214b196cf89f5c74aa21556e996b1",
            "messageTitle": "change DateTimeFormat",
            "messageBody": "",
            "insertions": 9,
            "deletions": 3
          },
          {
            "hash": "90b7d459dfdda95c198921b684195a4da10b1528",
            "messageTitle": "Modify comments",
            "messageBody": "",
            "insertions": 4,
            "deletions": 11
          },
          {
            "hash": "c7670a359fdd744668bd8aab70642da07407ae3b",
            "messageTitle": "Abstract out task labels",
            "messageBody": "",
            "insertions": 4,
            "deletions": 0
          },
          {
            "hash": "be89ac2bbd4d16e679bf8b7baa336d942a810624",
            "messageTitle": "Add JavaDoc",
            "messageBody": "",
            "insertions": 3,
            "deletions": 0
          }
        ]
      },
      {
        "insertions": 145,
        "deletions": 124,
        "date": "2019-10-23",
        "commitResults": [
          {
            "hash": "8b27b5e1ff971d391e6e5b38be8ed296c611e47b",
            "messageTitle": "Add plan storage",
            "messageBody": "",
            "insertions": 14,
            "deletions": 14
          },
          {
            "hash": "b5e30964a050ad9234e08c27d146c3d5b1a56dab",
            "messageTitle": "Fix an unsafe operation",
            "messageBody": "",
            "insertions": 3,
            "deletions": 2
          },
          {
            "hash": "2ff5cee6ab21e501e567858770d1993401988830",
            "messageTitle": "Hard-code json task for fields in json plan",
            "messageBody": "",
            "insertions": 86,
            "deletions": 1
          },
          {
            "hash": "a1d109097ca712c0bfbbb19be9cb8711d0f8adb2",
            "messageTitle": "Remove unused imports",
            "messageBody": "",
            "insertions": 1,
            "deletions": 4
          },
          {
            "hash": "7e368087919e42062d243fec509f75554b1ad354",
            "messageTitle": "Fix plan loading bug",
            "messageBody": "",
            "insertions": 2,
            "deletions": 0
          },
          {
            "hash": "37427c95152ac3f4aa8512e69d88a4b323ffbcef",
            "messageTitle": "Modify logic component diagrams",
            "messageBody": "",
            "insertions": 27,
            "deletions": 7
          },
          {
            "hash": "d4e70e1763c9657e340ca5d6ac2a512b9c990e71",
            "messageTitle": "Rebase storage",
            "messageBody": "",
            "insertions": 1,
            "deletions": 83
          },
          {
            "hash": "6362310014714f7d1466194a0d00b9a0147bd9ec",
            "messageTitle": "Reverse unnecessary changes",
            "messageBody": "",
            "insertions": 11,
            "deletions": 13
          }
        ]
      },
      {
        "insertions": 723,
        "deletions": 142,
        "date": "2019-10-28",
        "commitResults": [
          {
            "hash": "7bce4ed26f03ee3840717d818b18350ad5398b75",
            "messageTitle": "Update UserGuide",
            "messageBody": "",
            "insertions": 52,
            "deletions": 19
          },
          {
            "hash": "82f217080c53a191833d17c9e3063feb90e74cd5",
            "messageTitle": "Add finding plans through keywords and overlap time range",
            "messageBody": "",
            "insertions": 441,
            "deletions": 29
          },
          {
            "hash": "7c7bffcb731c97c0eb200e32823b91dddd53294b",
            "messageTitle": "Fix docs typos",
            "messageBody": "",
            "insertions": 39,
            "deletions": 10
          },
          {
            "hash": "d1b39e66bfd6859ebe243792ee1581f192f3399b",
            "messageTitle": "Ubdate docs",
            "messageBody": "",
            "insertions": 100,
            "deletions": 60
          },
          {
            "hash": "df9a0c3a650c25aa920938ecf7200399b85defbc",
            "messageTitle": "Update DG",
            "messageBody": "",
            "insertions": 43,
            "deletions": 1
          },
          {
            "hash": "79ae321470ef67dd2d00f4b7efc72bd8ae492e54",
            "messageTitle": "Delete unnecessary lines",
            "messageBody": "",
            "insertions": 3,
            "deletions": 6
          },
          {
            "hash": "6abb123bfbeb701945e205f4e2c8a9c7b3e9bc2e",
            "messageTitle": "Fix prefixes",
            "messageBody": "",
            "insertions": 19,
            "deletions": 11
          },
          {
            "hash": "ebd581103e3e1de4213464bd5e15bbb993b66a1c",
            "messageTitle": "Update Quick Start",
            "messageBody": "",
            "insertions": 12,
            "deletions": 1
          },
          {
            "hash": "edbab19f281f47abfffd1d02627e13757e54a995",
            "messageTitle": "Fix bug in planfind",
            "messageBody": "",
            "insertions": 2,
            "deletions": 1
          },
          {
            "hash": "ae4fe175492641c29624731a7c9e3c1c2dfaad4c",
            "messageTitle": "Update screenshots",
            "messageBody": "",
            "insertions": 12,
            "deletions": 4
          }
        ]
      },
      {
        "insertions": 22,
        "deletions": 20,
        "date": "2019-10-29",
        "commitResults": [
          {
            "hash": "e4630161960fb8d478ed38250757eef382fb5c3b",
            "messageTitle": "Update UG",
            "messageBody": "",
            "insertions": 20,
            "deletions": 16
          },
          {
            "hash": "4b3c8e29139172651cdd5b8fa72a0094cea2f641",
            "messageTitle": "Reverse unnecessary changes",
            "messageBody": "",
            "insertions": 2,
            "deletions": 4
          }
        ]
      },
      {
        "insertions": 69,
        "deletions": 40,
        "date": "2019-10-30",
        "commitResults": [
          {
            "hash": "b5bee1bbd62852f1d25e6ff0f908aae666455dc3",
            "messageTitle": "Add date exceptions",
            "messageBody": "",
            "insertions": 46,
            "deletions": 12
          },
          {
            "hash": "c5f2e810b85b831994bcba5396b8bbe73963876f",
            "messageTitle": "Reverse unnecessary changes",
            "messageBody": "",
            "insertions": 20,
            "deletions": 19
          },
          {
            "hash": "49e609d3439b27bc61421c70fe9287f5fa8dc5c3",
            "messageTitle": "Remove whitespaces",
            "messageBody": "",
            "insertions": 1,
            "deletions": 1
          },
          {
            "hash": "c22ef02dc7429a31ef2bcea5d03a881bacfaf829",
            "messageTitle": "Update userguide",
            "messageBody": "",
            "insertions": 2,
            "deletions": 7
          },
          {
            "hash": "ed50edc326f1e41eb3e8f025c3639c04b83d85d1",
            "messageTitle": "Style",
            "messageBody": "",
            "insertions": 0,
            "deletions": 1
          }
        ]
      },
      {
        "insertions": 101,
        "deletions": 14,
        "date": "2019-10-31",
        "commitResults": [
          {
            "hash": "527910cf3a179d23ab77f098c062f56219f1c40d",
            "messageTitle": "Add find plans by task name",
            "messageBody": "",
            "insertions": 101,
            "deletions": 14
          }
        ]
      },
      {
        "insertions": 277,
        "deletions": 107,
        "date": "2019-11-01",
        "commitResults": [
          {
            "hash": "042724b894a74cb8f7cf8b6b8a9ade9ec6411326",
            "messageTitle": "Update docs",
            "messageBody": "",
            "insertions": 95,
            "deletions": 15
          },
          {
            "hash": "a1950ce54b24ea728a17fc6519c3b5dd5f5699bd",
            "messageTitle": "Add uml diagrams to DG",
            "messageBody": "",
            "insertions": 178,
            "deletions": 88
          },
          {
            "hash": "c1a13f4971d186994a137840530706354fcc1379",
            "messageTitle": "Add newlines",
            "messageBody": "",
            "insertions": 4,
            "deletions": 4
          }
        ]
      }
    ],
    "le0tan": [
      {
        "insertions": 406,
        "deletions": 407,
        "date": "2019-09-21",
        "commitResults": [
          {
            "hash": "7b35258916d60918462dfc373cc97bef1cd5b481",
            "messageTitle": "Reverts unnecessary changes",
            "messageBody": "",
            "insertions": 406,
            "deletions": 407
          }
        ]
      },
      {
        "insertions": 2,
        "deletions": 1,
        "date": "2019-09-22",
        "commitResults": [
          {
            "hash": "6628f9e8957242f186ad07d413c67db2746a9668",
            "messageTitle": "Fixes a typo that breaks linkage between controller and view",
            "messageBody": "",
            "insertions": 1,
            "deletions": 1
          },
          {
            "hash": "3a3f925d35c1d59851d5bcc233d5442b92a9e6e5",
            "messageTitle": "Fixes upper case package name (Problem)",
            "messageBody": "",
            "insertions": 1,
            "deletions": 0
          }
        ]
      },
      {
        "insertions": 414,
        "deletions": 3704,
        "date": "2019-09-24",
        "commitResults": [
          {
            "hash": "ec5277091520b638991611625853537fd88ad640",
            "messageTitle": "Refactor logic code for added classes and fields",
            "messageBody": "",
            "insertions": 289,
            "deletions": 201
          },
          {
            "hash": "72e632f1e1df339a2d5b40ee9b8694de1c2f6a3b",
            "messageTitle": "Update equals and hashcode in Problem",
            "messageBody": "",
            "insertions": 8,
            "deletions": 2
          },
          {
            "hash": "fa78b229342f482482e2a4dfdff13a1f8b62121e",
            "messageTitle": "Fix checkstyle problems",
            "messageBody": "",
            "insertions": 72,
            "deletions": 12
          },
          {
            "hash": "539dab886e75bc42b3ce9a0288209c9406c945e9",
            "messageTitle": "Fix missing fields and methods in ProblemBuilder",
            "messageBody": "",
            "insertions": 45,
            "deletions": 4
          },
          {
            "hash": "be5207535a31157c5c485310d9cb94138c38f4c4",
            "messageTitle": "Remove affected tests",
            "messageBody": "",
            "insertions": 0,
            "deletions": 3485
          }
        ]
      },
      {
        "insertions": 15,
        "deletions": 7,
        "date": "2019-09-28",
        "commitResults": [
          {
            "hash": "0bc7be1a42455b04d5d9bc350853d1506929a5f6",
            "messageTitle": "Add more explanation to DEFAULT constants",
            "messageBody": "",
            "insertions": 15,
            "deletions": 7
          }
        ]
      },
      {
        "insertions": 364,
        "deletions": 49,
        "date": "2019-09-30",
        "commitResults": [
          {
            "hash": "41415359270740885df51f3f80438134754f3b24",
            "messageTitle": "Implement skeleton for sort command",
            "messageBody": "",
            "insertions": 108,
            "deletions": 3
          },
          {
            "hash": "8f270d1efd45ed8ea29c983e1a0b0881a0ef8ea0",
            "messageTitle": "Implement sorting methods",
            "messageBody": "",
            "insertions": 120,
            "deletions": 7
          },
          {
            "hash": "3e5a1e8a809b326f074ca81a1065edb297f2eef2",
            "messageTitle": "Fix checkstyle error",
            "messageBody": "",
            "insertions": 26,
            "deletions": 19
          },
          {
            "hash": "3641192c5287a9ad31e1a632a16c140308cce132",
            "messageTitle": "Implement sort command parser",
            "messageBody": "",
            "insertions": 105,
            "deletions": 18
          },
          {
            "hash": "386f378d6616774984858db7f2e25e04c049cf5f",
            "messageTitle": "Fix checkstyle errors",
            "messageBody": "",
            "insertions": 5,
            "deletions": 2
          }
        ]
      },
      {
        "insertions": 650,
        "deletions": 71,
        "date": "2019-10-07",
        "commitResults": [
          {
            "hash": "a7a530a071b31fde70cfe5a70dbd5fdb1f19a9a3",
            "messageTitle": "Display sorted result to UI",
            "messageBody": "",
            "insertions": 6,
            "deletions": 4
          },
          {
            "hash": "8010c0c52f9549cbd47e3f2d1b1a2086cc64f786",
            "messageTitle": "Add basic fields to rewrite tests",
            "messageBody": "",
            "insertions": 285,
            "deletions": 0
          },
          {
            "hash": "52c375ba9f9d2a2b8585e95ae66b67eb3d7d4095",
            "messageTitle": "Fix broken tests",
            "messageBody": "",
            "insertions": 5,
            "deletions": 22
          },
          {
            "hash": "63413737ed4930b5ca97b768cdc9d4a835b2e567",
            "messageTitle": "Implement test for file IO error",
            "messageBody": "",
            "insertions": 35,
            "deletions": 1
          },
          {
            "hash": "acc99263f77ab642262596cf557a44b13d9215bf",
            "messageTitle": "Fix #54",
            "messageBody": "",
            "insertions": 1,
            "deletions": 1
          },
          {
            "hash": "1a8202ef8780974233c024199ce89bdbfc8d0e70",
            "messageTitle": "Fix checkstyleTest errors and pass tests Also add naive implementation for parsing remark and source",
            "messageBody": "",
            "insertions": 42,
            "deletions": 41
          },
          {
            "hash": "39bf6582aa86201e9d141c1b2dd4007732163f38",
            "messageTitle": "Add test template for commands",
            "messageBody": "",
            "insertions": 274,
            "deletions": 0
          },
          {
            "hash": "add87072d6ecbd95fb623955754278129c3f7eb5",
            "messageTitle": "Fix checkstyle error",
            "messageBody": "",
            "insertions": 2,
            "deletions": 2
          }
        ]
      },
      {
        "insertions": 223,
        "deletions": 32,
        "date": "2019-10-08",
        "commitResults": [
          {
            "hash": "4ca913dc2be36d6d0fbe4107234b0de204f22da7",
            "messageTitle": "Update UG and sort command behavior so that they are consistent",
            "messageBody": "",
            "insertions": 19,
            "deletions": 7
          },
          {
            "hash": "cebbe0bc67a666042236b6ff9a9b7966afd0fcee",
            "messageTitle": "Add more typical problems and sample implementation for command tests.",
            "messageBody": "",
            "insertions": 125,
            "deletions": 11
          },
          {
            "hash": "f519fca9e8b6cf3442c0cda692b7e66efca2660e",
            "messageTitle": "Add more tests for sort command.",
            "messageBody": "",
            "insertions": 75,
            "deletions": 12
          },
          {
            "hash": "8df3ca82c8a05a6769467004ad2c1dac3f0a346d",
            "messageTitle": "Fix a problem in UG\u0027s add command section",
            "messageBody": "",
            "insertions": 4,
            "deletions": 2
          }
        ]
      },
      {
        "insertions": 765,
        "deletions": 142,
        "date": "2019-10-14",
        "commitResults": [
          {
            "hash": "85a5b0cb1a58dd47e82701294026e7e5d711daa5",
            "messageTitle": "Implement find for name, description and author",
            "messageBody": "",
            "insertions": 128,
            "deletions": 14
          },
          {
            "hash": "e8c9cc6efda1bd103aa4aacddc8441771182e310",
            "messageTitle": "Update user guide",
            "messageBody": "",
            "insertions": 12,
            "deletions": 9
          },
          {
            "hash": "ea10af70a239dca823ed9dbbadfa01bbbc491924",
            "messageTitle": "Implement search by source",
            "messageBody": "",
            "insertions": 43,
            "deletions": 5
          },
          {
            "hash": "001a34685aee63d8a5b14743613fd36db49685a7",
            "messageTitle": "Implement search by tags",
            "messageBody": "",
            "insertions": 79,
            "deletions": 5
          },
          {
            "hash": "b5963bd204a4a6a6ebfbab5fb8cea5d6042faff2",
            "messageTitle": "Implement search by difficulty range",
            "messageBody": "",
            "insertions": 60,
            "deletions": 4
          },
          {
            "hash": "294b088e2038473051704c518cb517f9093edd64",
            "messageTitle": "Add tests for extra classes",
            "messageBody": "",
            "insertions": 196,
            "deletions": 0
          },
          {
            "hash": "f7ddd6136c8f46fa517bf57ca4793f56612da583",
            "messageTitle": "Refine design pattern for FindCommand",
            "messageBody": "",
            "insertions": 221,
            "deletions": 66
          },
          {
            "hash": "b8f4823fbf428d84295a11c63de82cd8bc528671",
            "messageTitle": "Feedback to review suggestions",
            "messageBody": "",
            "insertions": 25,
            "deletions": 15
          },
          {
            "hash": "776af261c4ed5e97ba4f6d17bb1c8fc23f3e4d8c",
            "messageTitle": "Update DG user stories for find and sort",
            "messageBody": "",
            "insertions": 1,
            "deletions": 24
          }
        ]
      },
      {
        "insertions": 64,
        "deletions": 4,
        "date": "2019-10-15",
        "commitResults": [
          {
            "hash": "12412476738400f7afe212f78920341efba89402",
            "messageTitle": "Fix test issues",
            "messageBody": "",
            "insertions": 64,
            "deletions": 4
          }
        ]
      },
      {
        "insertions": 303,
        "deletions": 53,
        "date": "2019-10-17",
        "commitResults": [
          {
            "hash": "cf71d1f3db8f6a986413e3f1ad533a93b396d58c",
            "messageTitle": "Implement CLI for listing and searching available commands.",
            "messageBody": "",
            "insertions": 99,
            "deletions": 5
          },
          {
            "hash": "574bf408d755ec0b5715ac47734ed4c99e6909b1",
            "messageTitle": "Change GUI behavior for HelpCommand and pass checks",
            "messageBody": "",
            "insertions": 34,
            "deletions": 29
          },
          {
            "hash": "adf7b4a56d47f4f3e524393e245b2bc74ad734b8",
            "messageTitle": "Fix checkstyle warning in tests",
            "messageBody": "",
            "insertions": 2,
            "deletions": 2
          },
          {
            "hash": "5ee42f5f21a4b898d9141b6d1029e0fef90307b0",
            "messageTitle": "Write tests for help command",
            "messageBody": "",
            "insertions": 144,
            "deletions": 1
          },
          {
            "hash": "e81317a1c4250d8b514e8ff4bfc8203e09d4bc24",
            "messageTitle": "Fix checkstyle errors",
            "messageBody": "",
            "insertions": 16,
            "deletions": 14
          },
          {
            "hash": "947ecfd0a2e2acb25bf9d425a1d8df9462837362",
            "messageTitle": "Update UG for help command",
            "messageBody": "",
            "insertions": 8,
            "deletions": 2
          }
        ]
      },
      {
        "insertions": 4,
        "deletions": 7,
        "date": "2019-10-18",
        "commitResults": [
          {
            "hash": "90f79a8d79ecacec1690b264211946b29280ac1c",
            "messageTitle": "Fix typos and test bug",
            "messageBody": "",
            "insertions": 4,
            "deletions": 7
          }
        ]
      },
      {
        "insertions": 1455,
        "deletions": 149,
        "date": "2019-10-21",
        "commitResults": [
          {
            "hash": "54fff9ac26c344a3d2ff2ef33116d4c4a3615e95",
            "messageTitle": "Refactor predicates into search rule package",
            "messageBody": "",
            "insertions": 151,
            "deletions": 25
          },
          {
            "hash": "a2e14d45f7794270c21f0ecbce322067f1b45e40",
            "messageTitle": "Implement add find rule command without storage or UI",
            "messageBody": "",
            "insertions": 532,
            "deletions": 22
          },
          {
            "hash": "15ff691995016007198d8a38916052ee840b9d63",
            "messageTitle": "Refactor keyword into a class",
            "messageBody": "",
            "insertions": 390,
            "deletions": 46
          },
          {
            "hash": "c303598fafc13915cdc9bca2d62c159c05c5804c",
            "messageTitle": "Implement storage for predicates",
            "messageBody": "",
            "insertions": 103,
            "deletions": 32
          },
          {
            "hash": "336bdaecab55f712bc64512cf9f08923db6f62a4",
            "messageTitle": "Add JavaDocs and pass checks",
            "messageBody": "",
            "insertions": 123,
            "deletions": 6
          },
          {
            "hash": "7935b8bfab09121dc71eb1cca3a98751f3dae72a",
            "messageTitle": "Add find rules to JsonSerializableAlgoBase",
            "messageBody": "",
            "insertions": 109,
            "deletions": 2
          },
          {
            "hash": "50a363e3b207741b1dea28a35694b68e58b2bf62",
            "messageTitle": "Fix a bug where null predicates are not stored properly",
            "messageBody": "",
            "insertions": 47,
            "deletions": 16
          }
        ]
      },
      {
        "insertions": 720,
        "deletions": 155,
        "date": "2019-10-22",
        "commitResults": [
          {
            "hash": "3ed0dabb6afee5f0fe8757675d361e9df2573445",
            "messageTitle": "Update model and logic with filtered find rules",
            "messageBody": "",
            "insertions": 25,
            "deletions": 1
          },
          {
            "hash": "7b11382407522d4966605f0178e50b139eeec34d",
            "messageTitle": "Fix an error in model stub",
            "messageBody": "",
            "insertions": 5,
            "deletions": 0
          },
          {
            "hash": "d846bfba4d635f8f8c537f5927a921e1d544fad5",
            "messageTitle": "Implement UI for find rules Need to merge in the changes to logic from another computer.",
            "messageBody": "",
            "insertions": 186,
            "deletions": 2
          },
          {
            "hash": "a09760f659d47082babd5418bc00f0a9e35e4ffe",
            "messageTitle": "Finish GUI for find rules Closes #89",
            "messageBody": "",
            "insertions": 99,
            "deletions": 30
          },
          {
            "hash": "8ed44de7068a07085470a00d918520afebe4d20b",
            "messageTitle": "Add implementation details for find command in UG",
            "messageBody": "",
            "insertions": 241,
            "deletions": 76
          },
          {
            "hash": "da6e710ddb0fd7d27dcc43af599d0470a43ab8b7",
            "messageTitle": "Add empty lines after .puml",
            "messageBody": "",
            "insertions": 3,
            "deletions": 3
          },
          {
            "hash": "b9ead287be57ad51a3c6e9c011afa6c8c160cc28",
            "messageTitle": "Merge tag DG and make it RepoSense compatible",
            "messageBody": "",
            "insertions": 49,
            "deletions": 0
          },
          {
            "hash": "9a06defed6fa7b755a378fcd0d37db8676ccfc6d",
            "messageTitle": "Update DG on Design-Model",
            "messageBody": "",
            "insertions": 112,
            "deletions": 43
          }
        ]
      },
      {
        "insertions": 708,
        "deletions": 397,
        "date": "2019-10-23",
        "commitResults": [
          {
            "hash": "5268124a3b377394956387885854c9185e524ee7",
            "messageTitle": "Simplify diagrams for design/model",
            "messageBody": "",
            "insertions": 190,
            "deletions": 139
          },
          {
            "hash": "580ab23e40dccb5cce0550a4f5882e3d7b09c600",
            "messageTitle": "Add new lines after .puml files",
            "messageBody": "",
            "insertions": 5,
            "deletions": 5
          },
          {
            "hash": "725e494953603ded069369016760d9e7968dc0e8",
            "messageTitle": "Simplify UML for find feature implementation",
            "messageBody": "",
            "insertions": 122,
            "deletions": 92
          },
          {
            "hash": "544c19953af551ab0db8c66fb42a1a53d489fbd7",
            "messageTitle": "Add class diagrams for model",
            "messageBody": "",
            "insertions": 9,
            "deletions": 2
          },
          {
            "hash": "ff85f99a70d274efedc2e15edd1b8989ea665250",
            "messageTitle": "Fix a typo where caused the inability to load JSON file",
            "messageBody": "",
            "insertions": 10,
            "deletions": 1
          },
          {
            "hash": "ff057239a32b5a504a0fcd84ab2d6af2aa53ab48",
            "messageTitle": "Add apply find rule command",
            "messageBody": "",
            "insertions": 263,
            "deletions": 145
          },
          {
            "hash": "e51aa64840b8cd9e8abfddd758aa9e4cb608068d",
            "messageTitle": "Implement delete find rule command Several typo fixes Close #100, close #102",
            "messageBody": "",
            "insertions": 80,
            "deletions": 2
          },
          {
            "hash": "f0b6286dcaab79afc2d34803c8e0f4722acd0770",
            "messageTitle": "Update DG and UG for Find Command (#79)",
            "messageBody": "* Implement find for name, description and author\r\n\r\n* Update user guide\r\n\r\n* Implement search by source\r\n\r\n* Implement search by tags\r\n\r\n* Implement search by difficulty range\r\n\r\n* Add tests for extra classes\r\n\r\n* Refine design pattern for FindCommand\r\n\r\n* Update DG user stories for find and sort\r\n\r\n* Fix UG for find command\r\n",
            "insertions": 11,
            "deletions": 9
          },
          {
            "hash": "b3f6039627de18159449a4f6b27fb3f741fdc091",
            "messageTitle": "Add event handler for key combinations",
            "messageBody": "",
            "insertions": 15,
            "deletions": 0
          },
          {
            "hash": "6a3703ae8226dab6f443b0d19d4ef0a08f20cf04",
            "messageTitle": "Fix compilation and checkstyle errors",
            "messageBody": "",
            "insertions": 3,
            "deletions": 2
          }
        ]
      },
      {
        "insertions": 437,
        "deletions": 114,
        "date": "2019-10-24",
        "commitResults": [
          {
            "hash": "a8792eeaa4c427c8bb5a6ac4859ca0f053ec1931",
            "messageTitle": "Update MESSAGE_USAGE for new commands",
            "messageBody": "",
            "insertions": 34,
            "deletions": 6
          },
          {
            "hash": "5e84fb1113c5b7c87ce26dbd1818d152a218a08c",
            "messageTitle": "Update user guide for new commands",
            "messageBody": "",
            "insertions": 60,
            "deletions": 15
          },
          {
            "hash": "8ffaf0c5197b7439e2f08cf32db561f0968ba136",
            "messageTitle": "Fix some style problems",
            "messageBody": "",
            "insertions": 16,
            "deletions": 15
          },
          {
            "hash": "1237d7eb6368f606d16ed301e40345d200d373e2",
            "messageTitle": "Implement rewind command and rewind shortcut Closes #83",
            "messageBody": "",
            "insertions": 292,
            "deletions": 21
          },
          {
            "hash": "ea36df84e9dbf4da895679a07e571a75f24d9bb9",
            "messageTitle": "Resize the images in DG",
            "messageBody": "",
            "insertions": 7,
            "deletions": 7
          },
          {
            "hash": "bcb9f33b175e24927fdb510aaaf1853fd8bb525b",
            "messageTitle": "Simplify sequence diagram for `find` command",
            "messageBody": "",
            "insertions": 28,
            "deletions": 50
          }
        ]
      },
      {
        "insertions": 276,
        "deletions": 178,
        "date": "2019-10-26",
        "commitResults": [
          {
            "hash": "d871b81d2f6f592eb446137124f851895ae650f3",
            "messageTitle": "Add user guide for rewind",
            "messageBody": "",
            "insertions": 14,
            "deletions": 0
          },
          {
            "hash": "207ea5b326465cf1255767f927230fded9b0ed92",
            "messageTitle": "Redesign ProblemSearchRule to improve code reuse",
            "messageBody": "",
            "insertions": 45,
            "deletions": 138
          },
          {
            "hash": "07daf76699fcf4648eaec34a2edc7259b6a78883",
            "messageTitle": "Remove ternary operators",
            "messageBody": "",
            "insertions": 36,
            "deletions": 13
          },
          {
            "hash": "9b9f7a00be58bdef055060f9151b475b4e750191",
            "messageTitle": "Update DG for saving find rules",
            "messageBody": "",
            "insertions": 65,
            "deletions": 4
          },
          {
            "hash": "1f10d95d67963daa6e158d428dcfeaa42bf85c1e",
            "messageTitle": "Add picture of UML diagram",
            "messageBody": "",
            "insertions": 1,
            "deletions": 1
          },
          {
            "hash": "6bf16df7d959a136f602e2cc51803b3e9969be50",
            "messageTitle": "Improve some coding style issues",
            "messageBody": "",
            "insertions": 73,
            "deletions": 19
          },
          {
            "hash": "c3899af75b5a7404d5a4ce3a411484934984d1ac",
            "messageTitle": "Fix some bugs Closes #109, closes #110 Further simplifies sequence diagram for find command",
            "messageBody": "",
            "insertions": 42,
            "deletions": 3
          }
        ]
      },
      {
        "insertions": 1256,
        "deletions": 69,
        "date": "2019-10-27",
        "commitResults": [
          {
            "hash": "baac8b7792f37f15505b576853c5cd43551885d2",
            "messageTitle": "Defensive fixes for Name and Keyword",
            "messageBody": "",
            "insertions": 63,
            "deletions": 24
          },
          {
            "hash": "a09c12a4c3f225cf9428ed3ec8355c2a842d65f9",
            "messageTitle": "Fix #113",
            "messageBody": "",
            "insertions": 10,
            "deletions": 1
          },
          {
            "hash": "bea4bec79cc9335c7acdf2252257d7745eb27e17",
            "messageTitle": "Add tests to fully cover storage for find rules",
            "messageBody": "",
            "insertions": 340,
            "deletions": 4
          },
          {
            "hash": "64c3b1aabd131762962144109aa3144479af5103",
            "messageTitle": "Fix checkstyle errors",
            "messageBody": "",
            "insertions": 2,
            "deletions": 3
          },
          {
            "hash": "3c55b5f00f89bc026749168c857846bacacd7743",
            "messageTitle": "Add tests for model of problem search rule",
            "messageBody": "",
            "insertions": 265,
            "deletions": 16
          },
          {
            "hash": "0bc8ab5f9e45c59a2c66ac00d07123f257e2c7b8",
            "messageTitle": "Cover AddFindRuleCommand",
            "messageBody": "",
            "insertions": 110,
            "deletions": 0
          },
          {
            "hash": "f9b53e856120724f65ce8d74839557fcd343b12d",
            "messageTitle": "Cover find command",
            "messageBody": "",
            "insertions": 253,
            "deletions": 4
          },
          {
            "hash": "e8b0cb7583342e70546aa132ca0ea9fe96503099",
            "messageTitle": "Make checking the equality of Find Command possible",
            "messageBody": "",
            "insertions": 20,
            "deletions": 4
          },
          {
            "hash": "a1a0f5dc6fcdfbb83681118ac1f8495beb9408c6",
            "messageTitle": "Cover delete find rule command",
            "messageBody": "",
            "insertions": 93,
            "deletions": 4
          },
          {
            "hash": "3bce5ae426fe541ebc63c5d0f0804fd79d7e9380",
            "messageTitle": "Cover apply command and delete find rule command",
            "messageBody": "",
            "insertions": 100,
            "deletions": 9
          }
        ]
      },
      {
        "insertions": 444,
        "deletions": 145,
        "date": "2019-10-28",
        "commitResults": [
          {
            "hash": "571253f02cd68671581c326f4125020c1744cd07",
            "messageTitle": "Update UG and bug fixes * added empty space to FindCommand\u0027s message usage * fixed a bug where illegal difficulty range is not handled in find command * fixed a bug where sort command accepts non-empty preamble",
            "messageBody": "",
            "insertions": 33,
            "deletions": 11
          },
          {
            "hash": "6968d590dbd2b41afabc46aae783ad066a0ee434",
            "messageTitle": "Fix a code duplication issue",
            "messageBody": "",
            "insertions": 184,
            "deletions": 106
          },
          {
            "hash": "c370395cb4b494a6452abc79f4d8b09e3c5a42b7",
            "messageTitle": "Add DG for save find rule feature also removed unused code in AddFindRuleCommandParser",
            "messageBody": "",
            "insertions": 210,
            "deletions": 11
          },
          {
            "hash": "6d3d79364b5b075cc88c4700bad3c7b82b592b65",
            "messageTitle": "Add empty lines after puml file",
            "messageBody": "",
            "insertions": 1,
            "deletions": 1
          },
          {
            "hash": "28e566daf3461a58ec38992786c85b8d197a6895",
            "messageTitle": "Minor fixes",
            "messageBody": "",
            "insertions": 16,
            "deletions": 16
          }
        ]
      },
      {
        "insertions": 660,
        "deletions": 466,
        "date": "2019-10-30",
        "commitResults": [
          {
            "hash": "54c86a57d2713140720ffb2c9f2354e200cdc78c",
            "messageTitle": "Fix some bugs and code style issues Closes #132",
            "messageBody": "",
            "insertions": 39,
            "deletions": 12
          },
          {
            "hash": "d5eeb493823dc7ae38244d0b41bd02673180ddd9",
            "messageTitle": "Fix #146 Implementation is adapted from seedu/addressbook-level-4",
            "messageBody": "",
            "insertions": 417,
            "deletions": 370
          },
          {
            "hash": "d4d5ce32de11dc41cb54d032cc44dc9c0ac0818e",
            "messageTitle": "Fix #124",
            "messageBody": "",
            "insertions": 5,
            "deletions": 4
          },
          {
            "hash": "8341cd55c2cd7803a42a2082118ef42927aa1348",
            "messageTitle": "Add reuse labels",
            "messageBody": "",
            "insertions": 6,
            "deletions": 0
          },
          {
            "hash": "092ec9c13f04b7dea2dbe8469487f4d3a3d7cf12",
            "messageTitle": "Refactor packages",
            "messageBody": "",
            "insertions": 173,
            "deletions": 64
          },
          {
            "hash": "2856a46f397b9d1c55c7a2abfc4092394a650542",
            "messageTitle": "Minor fixes",
            "messageBody": "",
            "insertions": 7,
            "deletions": 8
          },
          {
            "hash": "80e86eb2b3b7293ba2c928000d04b17dddae06ad",
            "messageTitle": "Revert changes",
            "messageBody": "",
            "insertions": 13,
            "deletions": 8
          }
        ]
      },
      {
        "insertions": 181,
        "deletions": 116,
        "date": "2019-10-31",
        "commitResults": [
          {
            "hash": "dccf72f88a617e8698aff4f7a68642b7419292fe",
            "messageTitle": "Add sample find rules and UI changes to find rule cards",
            "messageBody": "",
            "insertions": 90,
            "deletions": 53
          },
          {
            "hash": "0ada0b03c2863442130eed51bba39e68b3e97697",
            "messageTitle": "Fix #158",
            "messageBody": "",
            "insertions": 44,
            "deletions": 44
          },
          {
            "hash": "8a44003be19454e31b062a1ac0c7e02b314a3105",
            "messageTitle": "Fix #122",
            "messageBody": "",
            "insertions": 3,
            "deletions": 3
          },
          {
            "hash": "73f70829b02200ebc582aefce293a80b013b3288",
            "messageTitle": "Refactor and add command aliases for find rule commands",
            "messageBody": "",
            "insertions": 36,
            "deletions": 12
          },
          {
            "hash": "3b821e2f61d9bd2bf8bb53c8c2408e4d9ad0dabf",
            "messageTitle": "Close #159",
            "messageBody": "",
            "insertions": 8,
            "deletions": 4
          }
        ]
      }
    ],
    "tiuweehan": [
      {
        "insertions": 256,
        "deletions": 105,
        "date": "2019-09-24",
        "commitResults": [
          {
            "hash": "4a6b06b97e3d27738fdba2eb17c3996b5ee3e59d",
            "messageTitle": "Refactor project website",
            "messageBody": "",
            "insertions": 59,
            "deletions": 52
          },
          {
            "hash": "e8ef61898c5cbfc0a4c89cd9812d5df21ca0c975",
            "messageTitle": "Add plans and tags to user guide",
            "messageBody": "",
            "insertions": 128,
            "deletions": 25
          },
          {
            "hash": "26cb3ee846b3b5e783afc0824d1bc5e13afd7b8c",
            "messageTitle": "Format User guide",
            "messageBody": "",
            "insertions": 37,
            "deletions": 24
          },
          {
            "hash": "386046fdb8447294c918be29455444cf6bfaad57",
            "messageTitle": "Add Command Summary to User Guide",
            "messageBody": "",
            "insertions": 32,
            "deletions": 4
          }
        ]
      },
      {
        "insertions": 318,
        "deletions": 109,
        "date": "2019-09-25",
        "commitResults": [
          {
            "hash": "fbe63a909a41fc3291060ad28b382d4f07f8a614",
            "messageTitle": "Update About us page",
            "messageBody": "",
            "insertions": 16,
            "deletions": 16
          },
          {
            "hash": "868286c5731cab6704c7229a7563c40d030fc325",
            "messageTitle": "Add Team Profile pages",
            "messageBody": "",
            "insertions": 298,
            "deletions": 10
          },
          {
            "hash": "85fdd7bff4cf487617536d99fbde4fa8935037ad",
            "messageTitle": "Update Readme",
            "messageBody": "",
            "insertions": 2,
            "deletions": 6
          },
          {
            "hash": "e3c53a3b98edaa64e941b49270be5dfe3960ccac",
            "messageTitle": "Update project website with custom descriptions",
            "messageBody": "",
            "insertions": 2,
            "deletions": 6
          },
          {
            "hash": "110dc715584d837fec5f80e97d77eb9a0039ea06",
            "messageTitle": "Fix Checkstyle failures",
            "messageBody": "",
            "insertions": 0,
            "deletions": 71
          }
        ]
      },
      {
        "insertions": 253,
        "deletions": 58,
        "date": "2019-09-30",
        "commitResults": [
          {
            "hash": "086f7a62700a31aa88a0d50d5d010d4aecc43016",
            "messageTitle": "Fix field validations",
            "messageBody": "",
            "insertions": 5,
            "deletions": 5
          },
          {
            "hash": "89ff47caa8ad44816e53063794cd3a7204e2d622",
            "messageTitle": "Add fields to UI",
            "messageBody": "",
            "insertions": 12,
            "deletions": 0
          },
          {
            "hash": "710977c627be827a27c8a4d8c2ad3a3191847218",
            "messageTitle": "Fix load from storage regression",
            "messageBody": "",
            "insertions": 173,
            "deletions": 41
          },
          {
            "hash": "e4594e98468343aef729cbe3bcb800c94c35adf3",
            "messageTitle": "Add javadocs for JsonAdaptedProblem retrieve methods",
            "messageBody": "",
            "insertions": 49,
            "deletions": 0
          },
          {
            "hash": "b81759318ebb7bd74fb016efcc91992b9b0d6899",
            "messageTitle": "Fix Regex expressions",
            "messageBody": "",
            "insertions": 14,
            "deletions": 12
          }
        ]
      },
      {
        "insertions": 83,
        "deletions": 10,
        "date": "2019-10-07",
        "commitResults": [
          {
            "hash": "5e592c30872730d09909f1e99c2601fca2043682",
            "messageTitle": "Add skeleton for tabbing in algobase",
            "messageBody": "",
            "insertions": 83,
            "deletions": 10
          }
        ]
      },
      {
        "insertions": 4,
        "deletions": 3,
        "date": "2019-10-08",
        "commitResults": [
          {
            "hash": "0dd321e0ccedbf01464f8edded57f938fe8f9fff",
            "messageTitle": "Implement responsive vertical scaling",
            "messageBody": "",
            "insertions": 4,
            "deletions": 3
          }
        ]
      },
      {
        "insertions": 171,
        "deletions": 28,
        "date": "2019-10-09",
        "commitResults": [
          {
            "hash": "2aaa66def27dee221cc0bf4188d46136fc93ec85",
            "messageTitle": "Add Observable index for GUI tab pane",
            "messageBody": "",
            "insertions": 76,
            "deletions": 3
          },
          {
            "hash": "827e46969806fdd34de36a3a2f28261b0654f43f",
            "messageTitle": "Add extensibility to GUI state",
            "messageBody": "",
            "insertions": 25,
            "deletions": 22
          },
          {
            "hash": "e07414e01d3aefed943aa23d9497ed9d15b23cf8",
            "messageTitle": "Add Switch command and parser",
            "messageBody": "",
            "insertions": 70,
            "deletions": 3
          }
        ]
      },
      {
        "insertions": 230,
        "deletions": 34,
        "date": "2019-10-13",
        "commitResults": [
          {
            "hash": "ed734b6a7271163a27533f032d287e9dd9f351a9",
            "messageTitle": "Add index change listener to tab pane",
            "messageBody": "",
            "insertions": 30,
            "deletions": 7
          },
          {
            "hash": "0c547c263f4b25ee3813b7e2a71e01346d9659e0",
            "messageTitle": "Write tests for Switch Command and Gui State",
            "messageBody": "",
            "insertions": 72,
            "deletions": 5
          },
          {
            "hash": "5b359468b42512ee888f2764d4870d0bc50f2592",
            "messageTitle": "Update documentation to include Switching of tabs",
            "messageBody": "",
            "insertions": 30,
            "deletions": 0
          },
          {
            "hash": "bdef570c9fcd6fcaeacaef605df9c92272132f75",
            "messageTitle": "Add model enums",
            "messageBody": "",
            "insertions": 42,
            "deletions": 4
          },
          {
            "hash": "2b3f2709c2cd0986bc93c9ce8283518cedf25c7a",
            "messageTitle": "Handle tab index out of bounds",
            "messageBody": "",
            "insertions": 56,
            "deletions": 18
          }
        ]
      },
      {
        "insertions": 59,
        "deletions": 24,
        "date": "2019-10-14",
        "commitResults": [
          {
            "hash": "e01c0c57e35bc9a27735f9c6712329c1ba16666a",
            "messageTitle": "Rename displayValue to tabName and remove typecasts",
            "messageBody": "",
            "insertions": 14,
            "deletions": 14
          },
          {
            "hash": "e24c7895954e03967831b45b8919d837052915c3",
            "messageTitle": "Add javadoc comments",
            "messageBody": "",
            "insertions": 10,
            "deletions": 0
          },
          {
            "hash": "21bc8954f8a55309e9204efe5da7e57cfba0e010",
            "messageTitle": "Add message usage",
            "messageBody": "",
            "insertions": 5,
            "deletions": 2
          },
          {
            "hash": "ac4ace488afc31c872d119d264929a02010e56b3",
            "messageTitle": "Enhance UI design of tabs",
            "messageBody": "",
            "insertions": 30,
            "deletions": 8
          }
        ]
      },
      {
        "insertions": 168,
        "deletions": 38,
        "date": "2019-10-19",
        "commitResults": [
          {
            "hash": "4f2af3d2471eb12c7afa83d104d6c5101e8bfd67",
            "messageTitle": "Add SplitPane",
            "messageBody": "",
            "insertions": 13,
            "deletions": 5
          },
          {
            "hash": "8311d3954fefb10c0d0f5508eb10dc6c83d18bdf",
            "messageTitle": "Add Detail Pane",
            "messageBody": "",
            "insertions": 42,
            "deletions": 15
          },
          {
            "hash": "8b4dfba5bd14f7122e3b9ff72023a2262b5032d6",
            "messageTitle": "Rename DetailTab to DetailsTabPane",
            "messageBody": "",
            "insertions": 8,
            "deletions": 8
          },
          {
            "hash": "eaa2d90b6e834285adbac5e3d4e875d6dc11decf",
            "messageTitle": "Add details tab pane",
            "messageBody": "",
            "insertions": 57,
            "deletions": 5
          },
          {
            "hash": "cbbb472fe3bfc465fcf6d02a769f48f0e4a3554f",
            "messageTitle": "Add Problem details tab",
            "messageBody": "",
            "insertions": 48,
            "deletions": 5
          }
        ]
      },
      {
        "insertions": 232,
        "deletions": 44,
        "date": "2019-10-20",
        "commitResults": [
          {
            "hash": "d207cf91165784c244de737d75eb2bdc609f9e9b",
            "messageTitle": "Update UI of details tab",
            "messageBody": "",
            "insertions": 124,
            "deletions": 16
          },
          {
            "hash": "dbe4098e3c4ba606e3c825e9f9c5cb7ecb54ecce",
            "messageTitle": "Update UI",
            "messageBody": "",
            "insertions": 22,
            "deletions": 16
          },
          {
            "hash": "c48d2dff0df4e0aedd7ac32ab66b2baeb8e1f865",
            "messageTitle": "Add Tab manager",
            "messageBody": "",
            "insertions": 86,
            "deletions": 12
          }
        ]
      },
      {
        "insertions": 470,
        "deletions": 172,
        "date": "2019-10-21",
        "commitResults": [
          {
            "hash": "c553b0a5c9f0704f8a6081f341832f601342286e",
            "messageTitle": "Link tab logic to UI",
            "messageBody": "",
            "insertions": 28,
            "deletions": 6
          },
          {
            "hash": "f35fc61b9196aedff6e4a8d1faddd6e7db43ab53",
            "messageTitle": "Add Open Tab command skeleton",
            "messageBody": "",
            "insertions": 92,
            "deletions": 18
          },
          {
            "hash": "af3af8785061fcc1245c7524317610c5468fd871",
            "messageTitle": "Add open tab command",
            "messageBody": "",
            "insertions": 62,
            "deletions": 25
          },
          {
            "hash": "98c7804ca6bb3b8b585a63499c18d04b2e0fa542",
            "messageTitle": "Add Tab enum",
            "messageBody": "",
            "insertions": 27,
            "deletions": 0
          },
          {
            "hash": "78dcd0a9aa75892358f576a7355c6134bf88e924",
            "messageTitle": "Update SwitchTab command for different tab types",
            "messageBody": "",
            "insertions": 119,
            "deletions": 91
          },
          {
            "hash": "d6eda62165e5a3d772ed48a1b8f6aa37158e1591",
            "messageTitle": "Implement switch for details tab",
            "messageBody": "",
            "insertions": 37,
            "deletions": 0
          },
          {
            "hash": "7a6ed9e17b727e89cd64a2a068a46311762c4029",
            "messageTitle": "Rename tab methods",
            "messageBody": "",
            "insertions": 10,
            "deletions": 10
          },
          {
            "hash": "35278af492555ea2febac089b9478054c947e4f2",
            "messageTitle": "Add exceptions",
            "messageBody": "",
            "insertions": 95,
            "deletions": 22
          }
        ]
      },
      {
        "insertions": 517,
        "deletions": 117,
        "date": "2019-10-22",
        "commitResults": [
          {
            "hash": "1d7ba7258606dfbee3bb612024b3da078a77e57e",
            "messageTitle": "Cleanup code",
            "messageBody": "",
            "insertions": 149,
            "deletions": 102
          },
          {
            "hash": "4807a2c50873c3ce2f56a9fd335cae720412f9ba",
            "messageTitle": "Add diagrams for GUI",
            "messageBody": "",
            "insertions": 255,
            "deletions": 0
          },
          {
            "hash": "1056d9b0c5b0a3e18398741c87d7ae4470f63bda",
            "messageTitle": "Update DG",
            "messageBody": "",
            "insertions": 65,
            "deletions": 5
          },
          {
            "hash": "6d8db6e0dc1527ead5b847bd239d3fd2a5da7eb0",
            "messageTitle": "Update User guide and Use cases",
            "messageBody": "",
            "insertions": 48,
            "deletions": 10
          }
        ]
      },
      {
        "insertions": 172,
        "deletions": 17,
        "date": "2019-10-25",
        "commitResults": [
          {
            "hash": "d8d5c0c6cc5ffa76c4eec0041973d7c426958056",
            "messageTitle": "Add Close tab command",
            "messageBody": "",
            "insertions": 98,
            "deletions": 12
          },
          {
            "hash": "fcd332c3b5730a9fccff5b1c1f39cca86c7cac8b",
            "messageTitle": "Add Details tab pane index tests",
            "messageBody": "",
            "insertions": 25,
            "deletions": 0
          },
          {
            "hash": "60b92b16ffc7ca8ddb15ab5015cd453e83935667",
            "messageTitle": "Add Switchtab and Tabmanager tests",
            "messageBody": "",
            "insertions": 49,
            "deletions": 5
          }
        ]
      },
      {
        "insertions": 1355,
        "deletions": 401,
        "date": "2019-10-27",
        "commitResults": [
          {
            "hash": "48d6dfdcce96ab044db19ecfd948194c00c41f2d",
            "messageTitle": "Add JsonAdaptedTab",
            "messageBody": "",
            "insertions": 84,
            "deletions": 0
          },
          {
            "hash": "e019a8dd45a5693f08287b3d18e5dfb18236a236",
            "messageTitle": "Add UniqueTabDataList",
            "messageBody": "",
            "insertions": 230,
            "deletions": 0
          },
          {
            "hash": "c9ef41850cf6db9399c3451d0a2b232dc3fda6e5",
            "messageTitle": "Update TabManager to use UniqueTabDataList",
            "messageBody": "",
            "insertions": 26,
            "deletions": 5
          },
          {
            "hash": "ed40252082fdd2fdb09c56f0aa7f9711f5e420dc",
            "messageTitle": "Add Tab Storage",
            "messageBody": "",
            "insertions": 320,
            "deletions": 98
          },
          {
            "hash": "08a33b0383d78d758e84b0ed96456b495f4d3919",
            "messageTitle": "Add ID field",
            "messageBody": "",
            "insertions": 100,
            "deletions": 61
          },
          {
            "hash": "ac61d500bd343e42b41a761c05940d1df9d119bb",
            "messageTitle": "Refactor TabData to use Model Id",
            "messageBody": "",
            "insertions": 112,
            "deletions": 63
          },
          {
            "hash": "7b13103c8b7de742a538a8fcb9f798d22803af22",
            "messageTitle": "Handle opening of existing tabs",
            "messageBody": "",
            "insertions": 33,
            "deletions": 3
          },
          {
            "hash": "13e847e864a9ca0eebb8c0c1969c6a3d31bb40b3",
            "messageTitle": "Switch Tab when listing",
            "messageBody": "",
            "insertions": 14,
            "deletions": 6
          },
          {
            "hash": "0e6ea1591b12ceedf883de8f1cca324389909286",
            "messageTitle": "Cleanup TabManager",
            "messageBody": "",
            "insertions": 14,
            "deletions": 22
          },
          {
            "hash": "6217e61c0551c55d7715edb6897be8e4bffe5aa6",
            "messageTitle": "Open Tab on double click",
            "messageBody": "",
            "insertions": 85,
            "deletions": 23
          },
          {
            "hash": "ae87d56f5ee182f028ca5864325ed27d05e43451",
            "messageTitle": "Add UI skeleton for PlanDetails",
            "messageBody": "",
            "insertions": 175,
            "deletions": 74
          },
          {
            "hash": "d6b38535102016e4f0c580db11f820ca09a61065",
            "messageTitle": "Open Plan from GUI and Refactor to UUID",
            "messageBody": "",
            "insertions": 69,
            "deletions": 29
          },
          {
            "hash": "a740475e162798353765c0fa487e9c83995a3619",
            "messageTitle": "Add Close Tab from UI",
            "messageBody": "",
            "insertions": 92,
            "deletions": 17
          },
          {
            "hash": "4519023e192a2274cf65ed33b2292c25579f1e9f",
            "messageTitle": "Force refresh of layout after opening tab",
            "messageBody": "",
            "insertions": 1,
            "deletions": 0
          }
        ]
      },
      {
        "insertions": 326,
        "deletions": 26,
        "date": "2019-10-28",
        "commitResults": [
          {
            "hash": "4c7fd0d2a1cac185e93e6b1b5ac6ae664cfe95f3",
            "messageTitle": "Add Tests for Open Tab",
            "messageBody": "",
            "insertions": 178,
            "deletions": 8
          },
          {
            "hash": "8b246cb1c7e559e5faf92e96fffaa919063890a5",
            "messageTitle": "Basic CloseTab test",
            "messageBody": "",
            "insertions": 64,
            "deletions": 1
          },
          {
            "hash": "53d18a85d738cfd51522d01d700c8ccd22ebd9ac",
            "messageTitle": "Fix minor code issues",
            "messageBody": "",
            "insertions": 2,
            "deletions": 3
          },
          {
            "hash": "ef7c89c98ccb670e4c57b9460bd1f416d2b3f063",
            "messageTitle": "Add Storage Sequence Diagram",
            "messageBody": "",
            "insertions": 82,
            "deletions": 14
          }
        ]
      },
      {
        "insertions": 196,
        "deletions": 86,
        "date": "2019-10-30",
        "commitResults": [
          {
            "hash": "4f48447e76a9b97d4b99cca1b42d9804921da562",
            "messageTitle": "Add shortened version of tab commands",
            "messageBody": "",
            "insertions": 6,
            "deletions": 0
          },
          {
            "hash": "363dea42a52db41d3e29167693ac675ce28fb54a",
            "messageTitle": "Update tab commands to also use index of enum",
            "messageBody": "",
            "insertions": 40,
            "deletions": 10
          },
          {
            "hash": "9b4fad37e9d01a70b31fead257c6bb0bc940572d",
            "messageTitle": "Fix null pointer exception",
            "messageBody": "",
            "insertions": 3,
            "deletions": 1
          },
          {
            "hash": "9252ed8d530c00b702b78ee551fc6c74260449f1",
            "messageTitle": "Add Prefix for descriptions",
            "messageBody": "",
            "insertions": 73,
            "deletions": 22
          },
          {
            "hash": "79b5a6948e923410258d3fc3ef3b3523dbeb6358",
            "messageTitle": "Improve UG for SwitchTab",
            "messageBody": "",
            "insertions": 21,
            "deletions": 4
          },
          {
            "hash": "28a032de8a52ed19b0517e598343569d16ada3b8",
            "messageTitle": "Update tab type prefix from t to tt",
            "messageBody": "",
            "insertions": 14,
            "deletions": 14
          },
          {
            "hash": "45fb1f57e67249673cd4c1facb3b185e6c2bf864",
            "messageTitle": "Update error messages for tab commands",
            "messageBody": "",
            "insertions": 39,
            "deletions": 35
          }
        ]
      },
      {
        "insertions": 149,
        "deletions": 64,
        "date": "2019-10-31",
        "commitResults": [
          {
            "hash": "822e0b46a9b71e847ae4bf7f5b29e82ed2aa9b17",
            "messageTitle": "Update UG",
            "messageBody": "",
            "insertions": 34,
            "deletions": 21
          },
          {
            "hash": "758b85e3aab88085806201664391ab7e28d4f2dc",
            "messageTitle": "Fix source not showing correct values",
            "messageBody": "",
            "insertions": 1,
            "deletions": 1
          },
          {
            "hash": "1ade1e983ac02580fa31a9258bee1df2a8146d1c",
            "messageTitle": "Update parser util",
            "messageBody": "",
            "insertions": 61,
            "deletions": 20
          },
          {
            "hash": "a4048c3f20b46189cd5deacaffafded23859e840",
            "messageTitle": "Set fields to be non editable",
            "messageBody": "",
            "insertions": 11,
            "deletions": 11
          },
          {
            "hash": "2f28057c09e6efebdf14d651d023dcc5f44f1ca4",
            "messageTitle": "Fix bug open an existing item throws exception",
            "messageBody": "",
            "insertions": 42,
            "deletions": 11
          }
        ]
      }
    ],
    "LuWenQ": [
      {
        "insertions": 333,
        "deletions": 333,
        "date": "2019-09-19",
        "commitResults": [
          {
            "hash": "1c720bc9ef967185cf87510f2a11bda1a41ce176",
            "messageTitle": "Refactor Person to Problem",
            "messageBody": "",
            "insertions": 333,
            "deletions": 333
          }
        ]
      },
      {
        "insertions": 3528,
        "deletions": 3599,
        "date": "2019-09-20",
        "commitResults": [
          {
            "hash": "aa32f20dc58f114f322d726094839785cdb8dc03",
            "messageTitle": "Refactor person to problem and refactor addressbook to algobase",
            "messageBody": "",
            "insertions": 1978,
            "deletions": 2040
          },
          {
            "hash": "0759f7e36d74cb80fe14f304c7db4a7d1c7f1284",
            "messageTitle": "fix missed refactor of person and address book",
            "messageBody": "",
            "insertions": 756,
            "deletions": 756
          },
          {
            "hash": "e30e55b1ccba96b853d0ab5f44baf271d2a00385",
            "messageTitle": "Refactor seedu.address to seedu.algobase, address to desctription, email to weblink",
            "messageBody": "",
            "insertions": 343,
            "deletions": 352
          },
          {
            "hash": "371f3f6b40e5f5e70caee55f7558259e9dd783c8",
            "messageTitle": "Refactor phone to author",
            "messageBody": "",
            "insertions": 124,
            "deletions": 124
          },
          {
            "hash": "ab62f690994b5489e2d6a9f2d01c1876f6a7478c",
            "messageTitle": "Refactor address to description",
            "messageBody": "",
            "insertions": 327,
            "deletions": 327
          }
        ]
      },
      {
        "insertions": 567,
        "deletions": 472,
        "date": "2019-09-22",
        "commitResults": [
          {
            "hash": "9cd0c621f508e6f267e61d5dfcf8f9f67750ce6e",
            "messageTitle": "fix build.gradle and able checkstyle, fixed all checkstyle rule violations",
            "messageBody": "",
            "insertions": 315,
            "deletions": 218
          },
          {
            "hash": "36645dc4abc24ec71ed1c89a9c2ae8e8de333982",
            "messageTitle": "Refactor some string constants",
            "messageBody": "",
            "insertions": 246,
            "deletions": 248
          },
          {
            "hash": "08b5cb1273943ca7b10d4cce6337586bf646e366",
            "messageTitle": "Fix some plural forms descriptiones -\u003e descriptions",
            "messageBody": "",
            "insertions": 6,
            "deletions": 6
          }
        ]
      },
      {
        "insertions": 2,
        "deletions": 4,
        "date": "2019-09-24",
        "commitResults": [
          {
            "hash": "bda77048313dc052dd8734481909b7e995ea578d",
            "messageTitle": "Fix weblink to description in model/problem/Description.java, delete extra line in MainApp.java",
            "messageBody": "",
            "insertions": 1,
            "deletions": 3
          },
          {
            "hash": "6230cb43aa220abf8e7b9d0bdb76d27bfad72c29",
            "messageTitle": "change back description to weblink in model/problem/Description.java",
            "messageBody": "",
            "insertions": 1,
            "deletions": 1
          }
        ]
      },
      {
        "insertions": 24,
        "deletions": 24,
        "date": "2019-10-03",
        "commitResults": [
          {
            "hash": "fe7794e93dceb5632425e4121d45cad9f54234ae",
            "messageTitle": "Refactor PERSON to PROBLEM",
            "messageBody": "",
            "insertions": 24,
            "deletions": 24
          }
        ]
      },
      {
        "insertions": 643,
        "deletions": 7,
        "date": "2019-10-08",
        "commitResults": [
          {
            "hash": "d99b3a10c306a690489c0104304e3ae0988c1982",
            "messageTitle": "implement tag features",
            "messageBody": "",
            "insertions": 641,
            "deletions": 5
          },
          {
            "hash": "f51064e10e13d91d0c4106bcd7a97dae60c9978d",
            "messageTitle": "Add new refactors of PERSON to PROBLEM for new main",
            "messageBody": "",
            "insertions": 2,
            "deletions": 2
          }
        ]
      },
      {
        "insertions": 204,
        "deletions": 69,
        "date": "2019-10-13",
        "commitResults": [
          {
            "hash": "6f7d1a4ef20f69f0c7599f62c584ccd358c11936",
            "messageTitle": "create commands addtag,lstag, deletetag, edittag",
            "messageBody": "",
            "insertions": 204,
            "deletions": 69
          }
        ]
      },
      {
        "insertions": 113,
        "deletions": 142,
        "date": "2019-10-14",
        "commitResults": [
          {
            "hash": "dfb2d9fdb917e63c98921d7acd0fda9eb39c82dc",
            "messageTitle": "Link tag in algobase with tag in problem",
            "messageBody": "",
            "insertions": 105,
            "deletions": 125
          },
          {
            "hash": "ce7b9255ba68f4ae4951f281106238de8fa46e37",
            "messageTitle": "fixed checkstyle problem",
            "messageBody": "",
            "insertions": 8,
            "deletions": 12
          },
          {
            "hash": "b4fe2de85ff8cdebf0a48c32de0ed34a77a62d51",
            "messageTitle": "fixed some javadoc",
            "messageBody": "",
            "insertions": 0,
            "deletions": 5
          }
        ]
      },
      {
        "insertions": 94,
        "deletions": 28,
        "date": "2019-10-15",
        "commitResults": [
          {
            "hash": "720a5b946a3a7ee52f73b47b49d425578767f117",
            "messageTitle": "store tags in json file",
            "messageBody": "",
            "insertions": 74,
            "deletions": 2
          },
          {
            "hash": "8e2089e43e9c5c46a534cc2bbb122997ff7d10d5",
            "messageTitle": "fix checkstyle problems",
            "messageBody": "",
            "insertions": 2,
            "deletions": 2
          },
          {
            "hash": "8a59ffa4b16e50e3a80dec41ec3ee0093b419e02",
            "messageTitle": "Fix command words, typos and add examples for addtag command",
            "messageBody": "",
            "insertions": 18,
            "deletions": 24
          }
        ]
      },
      {
        "insertions": 111,
        "deletions": 0,
        "date": "2019-10-22",
        "commitResults": [
          {
            "hash": "63d6aeb387a7550a1e0115d4919ea9dc88368417",
            "messageTitle": "Add information about tag in DG",
            "messageBody": "",
            "insertions": 111,
            "deletions": 0
          }
        ]
      },
      {
        "insertions": 211,
        "deletions": 37,
        "date": "2019-10-26",
        "commitResults": [
          {
            "hash": "af2debd7c01d62abe5b8259e0a58990edf618d14",
            "messageTitle": "update UI for tag features",
            "messageBody": "",
            "insertions": 150,
            "deletions": 8
          },
          {
            "hash": "be32431a356ae5ceaa05930f25cda441dc103aaf",
            "messageTitle": "change the description about tag in User Guide",
            "messageBody": "",
            "insertions": 12,
            "deletions": 4
          },
          {
            "hash": "09a4ba6a66b2f2b5823b00c8b92352f0d8e5d18a",
            "messageTitle": "update the userguide URL in help command",
            "messageBody": "",
            "insertions": 1,
            "deletions": 1
          },
          {
            "hash": "12d472953896ced00045bcfdc320a21b51e6c898",
            "messageTitle": "fix help command features",
            "messageBody": "",
            "insertions": 28,
            "deletions": 2
          },
          {
            "hash": "70c0058235b053ba40332fd8162edea9807e8f54",
            "messageTitle": "fix checkstyle issues",
            "messageBody": "",
            "insertions": 20,
            "deletions": 22
          }
        ]
      },
      {
        "insertions": 2,
        "deletions": 2,
        "date": "2019-10-28",
        "commitResults": [
          {
            "hash": "f5134786c3609b70405428c4a109fecb901a71bd",
            "messageTitle": "fix a typo and  of ListPlanCommand",
            "messageBody": "",
            "insertions": 2,
            "deletions": 2
          }
        ]
      },
      {
        "insertions": 35,
        "deletions": 10,
        "date": "2019-10-30",
        "commitResults": [
          {
            "hash": "a4af4c0b6cefc5ee724c45fca6dde20965a2af6a",
            "messageTitle": "Fix description of tag in UG",
            "messageBody": "",
            "insertions": 7,
            "deletions": 5
          },
          {
            "hash": "375b39973ded5ff8d040ae1c6e569d5642f3adbb",
            "messageTitle": "add tag in sample data",
            "messageBody": "",
            "insertions": 16,
            "deletions": 0
          },
          {
            "hash": "599583fccfac96d559622ceb1cba00b5c654619f",
            "messageTitle": "fix tag in sample data",
            "messageBody": "",
            "insertions": 1,
            "deletions": 1
          },
          {
            "hash": "3adcf133a01a75e412ed06914b7b058e24e9dfd0",
            "messageTitle": "fix edit command\u0027s tag bugs",
            "messageBody": "",
            "insertions": 11,
            "deletions": 4
          }
        ]
      },
      {
        "insertions": 177,
        "deletions": 16,
        "date": "2019-10-31",
        "commitResults": [
          {
            "hash": "a6fe84b88ed427380e42a5553e9194d7da864a49",
            "messageTitle": "fix UI for tag",
            "messageBody": "",
            "insertions": 21,
            "deletions": 7
          },
          {
            "hash": "22b92b82710a52e35d07478a246f8d4dedb44fc7",
            "messageTitle": "Fix help button text",
            "messageBody": "",
            "insertions": 1,
            "deletions": 1
          },
          {
            "hash": "e511827d3b12cff44f1cdb04b82d556608c79c34",
            "messageTitle": "add more sample data",
            "messageBody": "",
            "insertions": 155,
            "deletions": 8
          }
        ]
      },
      {
        "insertions": 9,
        "deletions": 14,
        "date": "2019-11-01",
        "commitResults": [
          {
            "hash": "63f6d4d738f2c1d153eb71725eed37c44c369ea1",
            "messageTitle": "fix tag add delete and edit bugs",
            "messageBody": "",
            "insertions": 9,
            "deletions": 14
          }
        ]
      }
    ]
  },
  "authorFinalContributionMap": {
    "jiayushe": 4853,
    "Seris370": 1988,
    "le0tan": 6572,
    "tiuweehan": 3416,
    "LuWenQ": 2524
  },
  "authorFileTypeContributionMap": {
    "jiayushe": {
      "docs": 698,
      "tests": 207,
      "functional": 3772,
      "other": 176
    },
    "Seris370": {
      "docs": 135,
      "tests": 24,
      "functional": 1573,
      "other": 256
    },
    "le0tan": {
      "docs": 348,
      "tests": 2008,
      "functional": 3677,
      "other": 539
    },
    "tiuweehan": {
      "docs": 341,
      "tests": 365,
      "functional": 2505,
      "other": 205
    },
    "LuWenQ": {
      "docs": 66,
      "tests": 276,
      "functional": 2114,
      "other": 68
    }
  },
  "authorContributionVariance": {
    "jiayushe": 149890.55,
    "Seris370": 54083.387,
    "le0tan": 413687.25,
    "tiuweehan": 72628.59,
    "LuWenQ": 894036.1
  },
  "authorDisplayNameMap": {
    "jiayushe": "CS2103T-W11-1 SHE J ... JIAYU",
    "Seris370": "CS2103T-W11-1 YU CH ... NGHUI",
    "le0tan": "CS2103T-W11-1 TAN Y ... NHONG",
    "tiuweehan": "CS2103T-W11-1 TIU W ... E HAN",
    "LuWenQ": "CS2103T-W11-1 LU WE ... WENQI"
  }
}
