{
  "authorDailyContributionsMap": {
    "fangpinsern": [
      {
        "insertions": 8,
        "deletions": 8,
        "date": "2019-09-23",
        "commitResults": [
          {
            "hash": "586eb43149e341665ed33aabe9b3cca851000340",
            "messageTitle": "Trying work flow",
            "messageBody": "Made some changes to About Us section\n",
            "insertions": 8,
            "deletions": 8
          }
        ]
      },
      {
        "insertions": 34,
        "deletions": 28,
        "date": "2019-09-24",
        "commitResults": [
          {
            "hash": "5bd70df943fe2a3bd6ec617036adbcbbade96345",
            "messageTitle": "Changes to AboutUs page",
            "messageBody": "Inserted images to the page\n",
            "insertions": 9,
            "deletions": 9
          },
          {
            "hash": "3a1a666440869f593b5f48ff6efcff91bee1956e",
            "messageTitle": "Minor changes to About us page",
            "messageBody": "",
            "insertions": 1,
            "deletions": 1
          },
          {
            "hash": "0c3abfceacd9fd618b280c55a67c4ca9a8150a0d",
            "messageTitle": "Putting newline character",
            "messageBody": "",
            "insertions": 4,
            "deletions": 4
          },
          {
            "hash": "73fb5bf145433d2ff191e5b933b74134f86a9bd1",
            "messageTitle": "update felix github url",
            "messageBody": "",
            "insertions": 2,
            "deletions": 2
          },
          {
            "hash": "a0b2c6046523c8f2d99b23f66981e4cd58feb885",
            "messageTitle": "Change button formating",
            "messageBody": "",
            "insertions": 8,
            "deletions": 5
          },
          {
            "hash": "6f0258c1b95999d710cbf1fb178c6ec326299253",
            "messageTitle": "Minor changes",
            "messageBody": "",
            "insertions": 6,
            "deletions": 3
          },
          {
            "hash": "1061d15e4d2dd49aafd8c070b3d0b46a1f3fbe6e",
            "messageTitle": "Updated Ryan Github URL",
            "messageBody": "",
            "insertions": 1,
            "deletions": 1
          },
          {
            "hash": "63ed6e06ee9ae0bb85c8ac0bfb5183c6d787312f",
            "messageTitle": "Minor changes to intro description",
            "messageBody": "",
            "insertions": 1,
            "deletions": 1
          },
          {
            "hash": "13c32a8546e15a81d782d2ef78b7caea094469e8",
            "messageTitle": "edited the contact us page",
            "messageBody": "",
            "insertions": 2,
            "deletions": 2
          }
        ]
      },
      {
        "insertions": 8,
        "deletions": 13,
        "date": "2019-09-30",
        "commitResults": [
          {
            "hash": "0c33c968dd239472fb71843eff3f4a46afec715c",
            "messageTitle": "Changes to AboutUs",
            "messageBody": "",
            "insertions": 5,
            "deletions": 10
          },
          {
            "hash": "0838deb5b3d22fa65887637e982489b4d83e4f74",
            "messageTitle": "Change extention in the AboutUs page for the images",
            "messageBody": "",
            "insertions": 3,
            "deletions": 3
          }
        ]
      },
      {
        "insertions": 216,
        "deletions": 34,
        "date": "2019-10-12",
        "commitResults": [
          {
            "hash": "5cb492c8caa67b5c81a8051a7af75fcd2a5ac02f",
            "messageTitle": "Modified Add Command",
            "messageBody": "Add command adds to meal log as well as dishDB is the dish is not in.\nCalories no longer compulsary for user and will be set to 700 if dish does not exist\nMinor modifications and bug fixes\n",
            "insertions": 162,
            "deletions": 6
          },
          {
            "hash": "0db0e23ff04557a76ab2b87d2946533295a32220",
            "messageTitle": "Add Command fixes",
            "messageBody": "Minor bug fixes to add command\nThings to note:\nException issue still not resolve. Will resolve in a following update\n",
            "insertions": 15,
            "deletions": 11
          },
          {
            "hash": "0492e268a7c36a0fee895eb865e6ac8b03e18401",
            "messageTitle": "Resolve CheckSytle Issues",
            "messageBody": "Resolved CheckStyle issues for Travis\n",
            "insertions": 39,
            "deletions": 17
          }
        ]
      },
      {
        "insertions": 8,
        "deletions": 26,
        "date": "2019-10-14",
        "commitResults": [
          {
            "hash": "cf9bf8b677549a963e6ea525c8b7df78e5a0965d",
            "messageTitle": "Remove add command exception when duplicate dish added",
            "messageBody": "This is because add command no longer adds to the dish database but\ninstead adds to the meal log as the meal that has been consumed\n",
            "insertions": 8,
            "deletions": 23
          },
          {
            "hash": "802b6bdf079746ec7b5138c136683002e2be0d42",
            "messageTitle": "CheckStyle Edit",
            "messageBody": "",
            "insertions": 0,
            "deletions": 3
          }
        ]
      },
      {
        "insertions": 26,
        "deletions": 8,
        "date": "2019-10-16",
        "commitResults": [
          {
            "hash": "958055ce34ac0423c267ca5bdb1827ef61d619cb",
            "messageTitle": "Fixed bug in add command",
            "messageBody": "",
            "insertions": 25,
            "deletions": 7
          },
          {
            "hash": "84e9dc6756171cab4d5d5362cc337cf0b6eea00f",
            "messageTitle": "CheckStyle edit in add command",
            "messageBody": "",
            "insertions": 1,
            "deletions": 1
          }
        ]
      },
      {
        "insertions": 137,
        "deletions": 0,
        "date": "2019-10-22",
        "commitResults": [
          {
            "hash": "fd4f46d9353dd5f0dec14c27856b6a4348167cfe",
            "messageTitle": "Add Feature guide added.",
            "messageBody": "Add sequence diagram and add command implementation for developer guide is added.\n",
            "insertions": 137,
            "deletions": 0
          }
        ]
      },
      {
        "insertions": 416,
        "deletions": 182,
        "date": "2019-10-27",
        "commitResults": [
          {
            "hash": "45112cc491cb14ac78f8a93bc932c039749d2d39",
            "messageTitle": "Edit and Delete Commands",
            "messageBody": "Edit and delete commands have been added to the functions.\n",
            "insertions": 366,
            "deletions": 177
          },
          {
            "hash": "53225f07eb78ea024862a51474c6a2f32a60077b",
            "messageTitle": "Edited EditCommand bugs",
            "messageBody": "",
            "insertions": 50,
            "deletions": 4
          },
          {
            "hash": "2af1a7a6ded33528ca37ac5f2e412129e3eba43f",
            "messageTitle": "Fixed Minor Bugs",
            "messageBody": "",
            "insertions": 0,
            "deletions": 1
          }
        ]
      },
      {
        "insertions": 109,
        "deletions": 54,
        "date": "2019-10-29",
        "commitResults": [
          {
            "hash": "aff1235bb8d792942ad9e115d401ac5128e3ad1a",
            "messageTitle": "UI changes",
            "messageBody": "",
            "insertions": 9,
            "deletions": 0
          },
          {
            "hash": "261a1dc712925eeca05161dba25010f92ed31d7a",
            "messageTitle": "Add Command Change",
            "messageBody": "Allow add from suggest/find panel\n",
            "insertions": 100,
            "deletions": 54
          }
        ]
      },
      {
        "insertions": 14,
        "deletions": 2,
        "date": "2019-10-31",
        "commitResults": [
          {
            "hash": "46c5f6d05c04ca79bbd8a4847c2fb94bc46b5552",
            "messageTitle": "Fixed Bugs in Add Command",
            "messageBody": "User can now add using just name and tag with the tags reflected in the meal log\n",
            "insertions": 14,
            "deletions": 2
          }
        ]
      },
      {
        "insertions": 18,
        "deletions": 11,
        "date": "2019-11-02",
        "commitResults": [
          {
            "hash": "947bfc5143ce2f5e8881f32b2e47f239618a959d",
            "messageTitle": "Add command result window message updated",
            "messageBody": "",
            "insertions": 4,
            "deletions": 4
          },
          {
            "hash": "bc5ea15086ff6fc33e0158658cdb35f0e630adb3",
            "messageTitle": "Resolve erroe when add invalid meal index",
            "messageBody": "",
            "insertions": 14,
            "deletions": 7
          }
        ]
      }
    ],
    "iltep64": [
      {
        "insertions": 61,
        "deletions": 67,
        "date": "2019-09-27",
        "commitResults": [
          {
            "hash": "88006064ea00bd2084f155f28c689095f4f91536",
            "messageTitle": "First updates to Developer Guide.",
            "messageBody": "",
            "insertions": 61,
            "deletions": 67
          }
        ]
      },
      {
        "insertions": 22,
        "deletions": 1,
        "date": "2019-09-28",
        "commitResults": [
          {
            "hash": "4cf722a562fc867f4430cd838401aaf1e9e03584",
            "messageTitle": "Add one use case.",
            "messageBody": "",
            "insertions": 22,
            "deletions": 1
          }
        ]
      },
      {
        "insertions": 22,
        "deletions": 7,
        "date": "2019-09-30",
        "commitResults": [
          {
            "hash": "d189ead218ba7c04cb4ef4006c0f253f5b719319",
            "messageTitle": "Add more user stories to reflect basic usage.",
            "messageBody": "",
            "insertions": 16,
            "deletions": 1
          },
          {
            "hash": "8fb8ae8608636ca9b8f551f8d4b2501bf0d96e34",
            "messageTitle": "Make sentence-ending full stops in user stories more consistent.",
            "messageBody": "",
            "insertions": 6,
            "deletions": 6
          }
        ]
      },
      {
        "insertions": 2475,
        "deletions": 3572,
        "date": "2019-10-07",
        "commitResults": [
          {
            "hash": "e30f3c24a722daff759a86b4829ee336454c89db",
            "messageTitle": "Remove PersonCard phone, address and email display fields.",
            "messageBody": "",
            "insertions": 218,
            "deletions": 1255
          },
          {
            "hash": "d50aec76fac023338e875012b66245d4be5404eb",
            "messageTitle": "Move package paths, and rename Person to Meal (with accompanying changes)",
            "messageBody": "seedu.address.* -\u003e calofit.*\n",
            "insertions": 2257,
            "deletions": 2317
          }
        ]
      },
      {
        "insertions": 2117,
        "deletions": 1785,
        "date": "2019-10-08",
        "commitResults": [
          {
            "hash": "c0a89198e71cb05f5de9374f2dbc58a941552ab7",
            "messageTitle": "Rename Meal to Dish, to clarify model naming.",
            "messageBody": "",
            "insertions": 1031,
            "deletions": 1031
          },
          {
            "hash": "db3e9b0097f8c8521709ca844bcde20073fe9de4",
            "messageTitle": "Rename AddressBook to DishDatabase.",
            "messageBody": "",
            "insertions": 602,
            "deletions": 635
          },
          {
            "hash": "791c21f034495947a46c8079e2f6096eb9fabc37",
            "messageTitle": "Rename calofit.model.meal to calofit.model.dish, and move dish-related classes there.",
            "messageBody": "",
            "insertions": 95,
            "deletions": 92
          },
          {
            "hash": "9c0b78854e51ecd318707f002a084059e94beb64",
            "messageTitle": "Add Timestamp, Meal and MealLog models.",
            "messageBody": "",
            "insertions": 158,
            "deletions": 19
          },
          {
            "hash": "dbb8109163407ed6c99b139c87f5548fda9b1c11",
            "messageTitle": "Add MealLog display to the UI.",
            "messageBody": "",
            "insertions": 175,
            "deletions": 8
          },
          {
            "hash": "ac9c38457673e2d58a88341bc3adc1d2dc91eb22",
            "messageTitle": "Add CalorieBudget model.",
            "messageBody": "",
            "insertions": 35,
            "deletions": 0
          },
          {
            "hash": "4f16fd3a5dae81dd3d1d56487361583b1bf5fad1",
            "messageTitle": "Create addMeal method on Model interface.",
            "messageBody": "",
            "insertions": 21,
            "deletions": 0
          }
        ]
      },
      {
        "insertions": 900,
        "deletions": 674,
        "date": "2019-10-09",
        "commitResults": [
          {
            "hash": "9ff2dbd4557445928bd170672138c213f89335a3",
            "messageTitle": "Change import ordering to fit style guide.",
            "messageBody": "",
            "insertions": 258,
            "deletions": 342
          },
          {
            "hash": "b6b45279ab82b1dc219e07bc164c445c2ae508e2",
            "messageTitle": "Modify checkstyle config to follow IntelliJ, and further Checkstyle cleanup.",
            "messageBody": "",
            "insertions": 416,
            "deletions": 263
          },
          {
            "hash": "9ec0e4038cabda3c7b86f8c153bd3a1819a0370a",
            "messageTitle": "Add JavaDocs to new classes/methods.",
            "messageBody": "",
            "insertions": 86,
            "deletions": 0
          },
          {
            "hash": "6dc5d5cb7d3b06d3233c9d6aa202aa7ca0cd314b",
            "messageTitle": "Finally satisfy Checkstyle.",
            "messageBody": "",
            "insertions": 140,
            "deletions": 69
          }
        ]
      },
      {
        "insertions": 472,
        "deletions": 285,
        "date": "2019-10-13",
        "commitResults": [
          {
            "hash": "52c2163a438b65f5fff402005aec31ce7c899e11",
            "messageTitle": "Convert calorie storage field to int from String.",
            "messageBody": "",
            "insertions": 50,
            "deletions": 37
          },
          {
            "hash": "fea48bf6fb5e5ff0d7231439a661740da3bf4060",
            "messageTitle": "Add a progress bar representing remaining calorie budget to the UI.",
            "messageBody": "",
            "insertions": 176,
            "deletions": 0
          },
          {
            "hash": "95a7ddffa33f42a760d3849edc9fad7dda5e55ad",
            "messageTitle": "Converted BudgetBar into a FXML component. Also add info text overlaid on the budget bar.",
            "messageBody": "",
            "insertions": 75,
            "deletions": 61
          },
          {
            "hash": "dfa773ad4ce616ebbd52ccaed2fa707872d8943f",
            "messageTitle": "Add SetBudgetCommand and the associated Parser.",
            "messageBody": "",
            "insertions": 66,
            "deletions": 0
          },
          {
            "hash": "7d2871c41ec2cd06906734fde06e9a945c4b105b",
            "messageTitle": "Add tests for SetBudgetCommandParser.",
            "messageBody": "",
            "insertions": 44,
            "deletions": 1
          },
          {
            "hash": "1febccd8727dfe94b0eb61b8dda9bf6878c14293",
            "messageTitle": "Introduce Mockito mocking framework and add tests for SetBudgetCommand.",
            "messageBody": "",
            "insertions": 30,
            "deletions": 0
          },
          {
            "hash": "763be1b28bca57be403c0535abd0902a1995a5bc",
            "messageTitle": "Move more tests to use Mockito instead of custom mocks.",
            "messageBody": "",
            "insertions": 29,
            "deletions": 184
          },
          {
            "hash": "20ca4b00c396c072b3f885968734033a1fc9cb60",
            "messageTitle": "Move more tests to use Mockito instead of custom mocks.",
            "messageBody": "",
            "insertions": 2,
            "deletions": 2
          }
        ]
      },
      {
        "insertions": 233,
        "deletions": 237,
        "date": "2019-10-14",
        "commitResults": [
          {
            "hash": "3fe5cc3ba9548fa0c296f59a85d775b5b7f71e34",
            "messageTitle": " Fix BudgetBar filteredMeals not binding properly to meals.",
            "messageBody": "",
            "insertions": 20,
            "deletions": 6
          },
          {
            "hash": "68ca45dfc2b742003c9e1dcd49e4737bdf2dba20",
            "messageTitle": " Fix bug where progress bar did not take up full width.",
            "messageBody": "",
            "insertions": 1,
            "deletions": 1
          },
          {
            "hash": "2b4b516651f8b241873f123ba4de3bba0a173860",
            "messageTitle": "Add SetBudgetCommand and the associated Parser.",
            "messageBody": "",
            "insertions": 66,
            "deletions": 0
          },
          {
            "hash": "cc227acc8fde2bf2c1d4fe7ef4a7a686ebfa85a4",
            "messageTitle": "Add tests for SetBudgetCommandParser.",
            "messageBody": "",
            "insertions": 44,
            "deletions": 1
          },
          {
            "hash": "fb197898bab0680af22434a7d878af1c9c283dcd",
            "messageTitle": "Introduce Mockito mocking framework and add tests for SetBudgetCommand.",
            "messageBody": "",
            "insertions": 30,
            "deletions": 0
          },
          {
            "hash": "367a19e5aa2bfa3dc140f01ad88677ccdb75a1c9",
            "messageTitle": "Move more tests to use Mockito instead of custom mocks.",
            "messageBody": "",
            "insertions": 29,
            "deletions": 184
          },
          {
            "hash": "d3aa473c214b0e4138e6fcccb0478ceb377cd7fa",
            "messageTitle": "Move more tests to use Mockito instead of custom mocks.",
            "messageBody": "",
            "insertions": 2,
            "deletions": 2
          },
          {
            "hash": "fbe5bc7ac4a459ba3efcbae16ac9892ff052a285",
            "messageTitle": " Fix BudgetBar filteredMeals not binding properly to meals.",
            "messageBody": "",
            "insertions": 20,
            "deletions": 6
          },
          {
            "hash": "088d3f31e75407f894405159ef3017c3f66ada4f",
            "messageTitle": " Fix bug where progress bar did not take up full width.",
            "messageBody": "",
            "insertions": 1,
            "deletions": 1
          },
          {
            "hash": "bba3b484780b7f28aaaf05a8f9aff97941dae827",
            "messageTitle": "Move todayMeals observable into MealLog from BudgetBar.",
            "messageBody": "",
            "insertions": 20,
            "deletions": 36
          }
        ]
      },
      {
        "insertions": 503,
        "deletions": 30,
        "date": "2019-10-20",
        "commitResults": [
          {
            "hash": "7c3a4988aafb08caa1b1c6ed4188cae85f36d7da",
            "messageTitle": "Add utility class for working with ObservableLists.",
            "messageBody": "",
            "insertions": 433,
            "deletions": 0
          },
          {
            "hash": "26411db74bbcb21a42c19b29be333eceaf78a7d8",
            "messageTitle": "Convert BudgetBar to use GridPane, for multiple bar segments.",
            "messageBody": "",
            "insertions": 70,
            "deletions": 30
          }
        ]
      },
      {
        "insertions": 748,
        "deletions": 467,
        "date": "2019-10-21",
        "commitResults": [
          {
            "hash": "3266b921ac1c1f4b77310ebb2a86941fda091175",
            "messageTitle": "Add more Observable-related utilities.",
            "messageBody": "ObservableListUtil contains helpers for working with ObservableLists,\nwhile ObservableUtil now deals with base observables.\n",
            "insertions": 585,
            "deletions": 400
          },
          {
            "hash": "6a6f3348b1310da3f22c47fe03b084acdcffc738",
            "messageTitle": "Refactor BudgetBar to use ControlsFx SegmentedBar.",
            "messageBody": "",
            "insertions": 163,
            "deletions": 67
          }
        ]
      },
      {
        "insertions": 118,
        "deletions": 25,
        "date": "2019-10-22",
        "commitResults": [
          {
            "hash": "0f61e09e6448c1f522aae960f82dda6d48d5b433",
            "messageTitle": "Remove unnecessary copy of today\u0027s dish list from ModelManager. Also rename getFilteredMealList to getTodayMealList.",
            "messageBody": "",
            "insertions": 7,
            "deletions": 13
          },
          {
            "hash": "c953a06a62c6e6bda4652445a4118228807f717a",
            "messageTitle": "Added section in Developer\u0027s Guide for BudgetBar.",
            "messageBody": "",
            "insertions": 108,
            "deletions": 0
          },
          {
            "hash": "b55a1251cbe89229cb5147af0b0f3cf7c7194585",
            "messageTitle": "Remove redundant code in BudgetBar.",
            "messageBody": "",
            "insertions": 1,
            "deletions": 10
          },
          {
            "hash": "00c17da91a0fcd792f8df5b6088f1c6669cded3d",
            "messageTitle": "Add transparency to budget marks to avoid hiding meal names.",
            "messageBody": "",
            "insertions": 2,
            "deletions": 2
          }
        ]
      },
      {
        "insertions": 212,
        "deletions": 27,
        "date": "2019-10-27",
        "commitResults": [
          {
            "hash": "ca7c4211cb52470ba4f0d6d0c59fa3f37c9b7f86",
            "messageTitle": "Fix Mockito dependency to version 3.1.0.",
            "messageBody": "",
            "insertions": 1,
            "deletions": 1
          },
          {
            "hash": "9597b7422c65526302595449b8627892ec879b78",
            "messageTitle": "Add ObservableListUtilTest, and fix removal bug in ObservableListUtil.BoundList.",
            "messageBody": "",
            "insertions": 171,
            "deletions": 1
          },
          {
            "hash": "7dc69540eaac36d4187a94e67fdd3a7b0b2c3920",
            "messageTitle": "Make ObservableListUtilTest actually use subclass makeMappedList implementation, and use Mockito annotations.",
            "messageBody": "",
            "insertions": 34,
            "deletions": 21
          },
          {
            "hash": "dc040222ee772fb7a6674bdca4568bbdf38b4c5d",
            "messageTitle": "Shift over to AdditionalAnswers.answer instead of untyped delegatesTo.",
            "messageBody": "",
            "insertions": 6,
            "deletions": 4
          }
        ]
      }
    ],
    "MauriceTXS": [
      {
        "insertions": 6,
        "deletions": 9,
        "date": "2019-09-25",
        "commitResults": [
          {
            "hash": "7b3f7f442b54710e6aa887c15155e757c0e21c20",
            "messageTitle": "Updated README.adoc",
            "messageBody": "",
            "insertions": 6,
            "deletions": 9
          }
        ]
      },
      {
        "insertions": 0,
        "deletions": 1,
        "date": "2019-09-30",
        "commitResults": [
          {
            "hash": "eeaa30f7d70bb38bd67515e3e2d6c0a5f89a0d49",
            "messageTitle": "Edit README.adoc to remove unnecessary lines.",
            "messageBody": "",
            "insertions": 0,
            "deletions": 1
          }
        ]
      },
      {
        "insertions": 52,
        "deletions": 1,
        "date": "2019-10-13",
        "commitResults": [
          {
            "hash": "d7cc02d508eb7bef0b76ead19e0bde93cb865465",
            "messageTitle": "Error message \"java.lang.reflect.InvocationTargetException\"",
            "messageBody": "",
            "insertions": 52,
            "deletions": 1
          }
        ]
      },
      {
        "insertions": 72,
        "deletions": 80,
        "date": "2019-10-14",
        "commitResults": [
          {
            "hash": "2af65b7fe943e4ae1fce4691b1465294e3f1020c",
            "messageTitle": "Update to suggest command",
            "messageBody": "",
            "insertions": 51,
            "deletions": 4
          },
          {
            "hash": "bf8d1bc2ad073f3ef7df2ba02951c10d4852f07b",
            "messageTitle": "Updated suggest method",
            "messageBody": "",
            "insertions": 4,
            "deletions": 6
          },
          {
            "hash": "60fa84ac9f35892469d02ec3725b4bb4f70eae64",
            "messageTitle": "Implemented Suggest",
            "messageBody": "",
            "insertions": 10,
            "deletions": 57
          },
          {
            "hash": "5ed31faf945ae24a442a52e7d3fd808234c94ffd",
            "messageTitle": "Update suggest feature",
            "messageBody": "",
            "insertions": 0,
            "deletions": 1
          },
          {
            "hash": "18bac5a68ba21da43f66b89e689c302ae7453975",
            "messageTitle": "Updated javadoc",
            "messageBody": "",
            "insertions": 5,
            "deletions": 3
          },
          {
            "hash": "1531c16ff207e70cc9a202b7b1c89fc0b525e9b9",
            "messageTitle": "Updated message",
            "messageBody": "",
            "insertions": 1,
            "deletions": 1
          },
          {
            "hash": "cf542af0fb39ddfac2836c76f1b8bf522f2e5676",
            "messageTitle": "Code cleanup",
            "messageBody": "",
            "insertions": 0,
            "deletions": 7
          },
          {
            "hash": "6633810844c274f790138a12f06ad35e03cab4d6",
            "messageTitle": "Removed unnecessary semicolon",
            "messageBody": "",
            "insertions": 1,
            "deletions": 1
          }
        ]
      },
      {
        "insertions": 11,
        "deletions": 27,
        "date": "2019-10-19",
        "commitResults": [
          {
            "hash": "8bc2af831857cb894a7880510de8b87cb75fd877",
            "messageTitle": "Updated Developer Guide for 3.1.1",
            "messageBody": "",
            "insertions": 11,
            "deletions": 27
          }
        ]
      },
      {
        "insertions": 380,
        "deletions": 77,
        "date": "2019-10-22",
        "commitResults": [
          {
            "hash": "9b7dc8100711156f894bf4393d65c73f99711a05",
            "messageTitle": "Updated developer guide without UML diagram",
            "messageBody": "",
            "insertions": 21,
            "deletions": 30
          },
          {
            "hash": "5771f838dd662d34686632d965394202fc988af7",
            "messageTitle": "Complete UML sequence diagram.",
            "messageBody": "",
            "insertions": 73,
            "deletions": 0
          },
          {
            "hash": "efebfc27f62a14b89a581f949d6a4272124d2313",
            "messageTitle": "Updated Developer guide with sequence diagram",
            "messageBody": "",
            "insertions": 18,
            "deletions": 18
          },
          {
            "hash": "20e39ced53eef38b6b0820b2ab7b13f5ae72463b",
            "messageTitle": "Remove unecessary comments.",
            "messageBody": "",
            "insertions": 0,
            "deletions": 7
          },
          {
            "hash": "c5f49e0cc4ce7a12104f4481b2a7426a6f3f7bb6",
            "messageTitle": "no message",
            "messageBody": "",
            "insertions": 9,
            "deletions": 0
          },
          {
            "hash": "1cc32ffca0e6accedff4f3fc5eae2731febcff48",
            "messageTitle": "Merging into remote",
            "messageBody": "",
            "insertions": 52,
            "deletions": 2
          },
          {
            "hash": "e75f18e75c339189d7c493d7863c74e62e3a54bf",
            "messageTitle": "Merge DeveloperGuide",
            "messageBody": "",
            "insertions": 3,
            "deletions": 1
          },
          {
            "hash": "115cafe8b1ecd5204d205b5b4fcd2b17d557bb4d",
            "messageTitle": "Add new line at EOF",
            "messageBody": "",
            "insertions": 1,
            "deletions": 1
          },
          {
            "hash": "538a35aa5f1e01b07d1e6e0ef58163b420d6e656",
            "messageTitle": "Merged features on Developer Guide",
            "messageBody": "",
            "insertions": 201,
            "deletions": 16
          },
          {
            "hash": "58975d6b4139866d01b814887160fc5d43738de3",
            "messageTitle": "Minor edit to name of jar and version of application",
            "messageBody": "",
            "insertions": 2,
            "deletions": 2
          }
        ]
      },
      {
        "insertions": 121,
        "deletions": 18,
        "date": "2019-10-28",
        "commitResults": [
          {
            "hash": "ae469705d1e6b5bb7230e82cb91b5cc4e281b1ac",
            "messageTitle": "Notification work in progress",
            "messageBody": "",
            "insertions": 58,
            "deletions": 0
          },
          {
            "hash": "1517074433e7c64cbd11e5821c01a108e92ae673",
            "messageTitle": "Basic function of notification working.",
            "messageBody": "",
            "insertions": 63,
            "deletions": 18
          }
        ]
      },
      {
        "insertions": 252,
        "deletions": 123,
        "date": "2019-10-29",
        "commitResults": [
          {
            "hash": "02d6787f4bae830fc8ad33a4aae7929e7c56b47f",
            "messageTitle": "Finished notification pop-up.",
            "messageBody": "",
            "insertions": 94,
            "deletions": 12
          },
          {
            "hash": "89b1c5d210de91ae5ecd59573616686ab2ee5708",
            "messageTitle": "Finish notfiication feature",
            "messageBody": "",
            "insertions": 36,
            "deletions": 40
          },
          {
            "hash": "c36f5d1e3110b2a58fe654e37673241a0f6e1e59",
            "messageTitle": "Minor fix for notification",
            "messageBody": "",
            "insertions": 0,
            "deletions": 6
          },
          {
            "hash": "8d1c2d5ad1670262008e9163809c61eaf3fc5709",
            "messageTitle": "Updated javadoc for notification.",
            "messageBody": "",
            "insertions": 47,
            "deletions": 13
          },
          {
            "hash": "b3aadae62b48984006841628d4332f220a518e50",
            "messageTitle": "Auto update Suggest feature",
            "messageBody": "",
            "insertions": 15,
            "deletions": 28
          },
          {
            "hash": "a5d5eabf0deb67d02a496240af2835dda15ef22b",
            "messageTitle": "Updated auto Suggest feature.",
            "messageBody": "",
            "insertions": 29,
            "deletions": 21
          },
          {
            "hash": "399f4e93dfc0a602d53c3e45bcb3189527b54ae6",
            "messageTitle": "Updated Suggest feature",
            "messageBody": "",
            "insertions": 27,
            "deletions": 0
          },
          {
            "hash": "0b76a212fe1c56c6428bfdbbb0b4ceeefef1e097",
            "messageTitle": "Added EOL",
            "messageBody": "",
            "insertions": 1,
            "deletions": 1
          },
          {
            "hash": "cb2e9b56afcaeea1322529fc2214060e3133cfb6",
            "messageTitle": "Updated UserGuide",
            "messageBody": "",
            "insertions": 3,
            "deletions": 2
          }
        ]
      }
    ],
    "FelixNWJ": [
      {
        "insertions": 2,
        "deletions": 3,
        "date": "2019-09-17",
        "commitResults": [
          {
            "hash": "d1b56b9cdb8fb5a77d3eda4db4c3385256d0001e",
            "messageTitle": "Test Travis CI",
            "messageBody": "",
            "insertions": 1,
            "deletions": 1
          },
          {
            "hash": "d1b77091ad6c030940757395178e4e163d088974",
            "messageTitle": "Test Travis CI",
            "messageBody": "",
            "insertions": 1,
            "deletions": 1
          },
          {
            "hash": "ca20fdebcb051b74980290ee19ae32d0874e3a9a",
            "messageTitle": "Test Auto-Publishing",
            "messageBody": "",
            "insertions": 0,
            "deletions": 1
          }
        ]
      },
      {
        "insertions": 49,
        "deletions": 119,
        "date": "2019-09-23",
        "commitResults": [
          {
            "hash": "969f69ee8106b4ff07a7c6a43025638479755e5a",
            "messageTitle": "Update User Guide",
            "messageBody": "",
            "insertions": 49,
            "deletions": 119
          }
        ]
      },
      {
        "insertions": 2,
        "deletions": 2,
        "date": "2019-09-24",
        "commitResults": [
          {
            "hash": "295379f9a87c1325081582f934b0ebc902f5e1b7",
            "messageTitle": "Fix CheckStyle error found during Travis CI",
            "messageBody": "",
            "insertions": 2,
            "deletions": 2
          }
        ]
      },
      {
        "insertions": 7,
        "deletions": 1,
        "date": "2019-09-30",
        "commitResults": [
          {
            "hash": "bc2dc290460d8e2df5abbfdecfade936b4712f3f",
            "messageTitle": "Add Help Feature to User Guide",
            "messageBody": "",
            "insertions": 5,
            "deletions": 0
          },
          {
            "hash": "21f42aa286cd3bf839e0b2b6e398fdf585b6c71c",
            "messageTitle": "Fix format in User Guide",
            "messageBody": "",
            "insertions": 1,
            "deletions": 1
          },
          {
            "hash": "5e3c9f3fa7c857ebcb9560e90172c2ae82fcd2c7",
            "messageTitle": "Add Help Feature in Command Summary of User Guide",
            "messageBody": "",
            "insertions": 1,
            "deletions": 0
          }
        ]
      },
      {
        "insertions": 4,
        "deletions": 4,
        "date": "2019-10-01",
        "commitResults": [
          {
            "hash": "abef5d3bbffc83cdf47f468b9f9e97db87a40d7a",
            "messageTitle": "Change photo names to github usernames",
            "messageBody": "",
            "insertions": 4,
            "deletions": 4
          }
        ]
      },
      {
        "insertions": 224,
        "deletions": 171,
        "date": "2019-10-09",
        "commitResults": [
          {
            "hash": "82c72791e1ea1e9bd354f9d0976050fb05e466a6",
            "messageTitle": "Edit example command line inputs in AddCommand and FindCommand for CaloFit usage",
            "messageBody": "",
            "insertions": 4,
            "deletions": 4
          },
          {
            "hash": "4a7f5083d0394d4584f786d7c5f03cb55338f271",
            "messageTitle": "Add Calorie Class",
            "messageBody": "",
            "insertions": 43,
            "deletions": 0
          },
          {
            "hash": "6c9aeaa2dcd6a98de8a43c5cdb070629415d7988",
            "messageTitle": "Change static names in Test classes to food names for CaloFit",
            "messageBody": "",
            "insertions": 177,
            "deletions": 167
          }
        ]
      },
      {
        "insertions": 24,
        "deletions": 19,
        "date": "2019-10-10",
        "commitResults": [
          {
            "hash": "a0033367944342f66277e00cf9c92cd490c998a2",
            "messageTitle": "Change tag fields to those without space to pass test",
            "messageBody": "",
            "insertions": 2,
            "deletions": 2
          },
          {
            "hash": "38466d25240a6d0399d75fd3b0ce2a782d08eb1e",
            "messageTitle": "Change expected test result to fit our new food data for Calofit",
            "messageBody": "",
            "insertions": 3,
            "deletions": 4
          },
          {
            "hash": "65116b447a72430562181072cd040672a371966f",
            "messageTitle": "Change main class name to Calofit.Main",
            "messageBody": "",
            "insertions": 1,
            "deletions": 1
          },
          {
            "hash": "f65f671b4a37157edb4536d241c209684e1bf5b4",
            "messageTitle": "Change SampleData to be food names",
            "messageBody": "",
            "insertions": 9,
            "deletions": 12
          },
          {
            "hash": "8afae8e4393ece1213fb456a47ce238e44e56edd",
            "messageTitle": "Allow Dish to be constructed without Tags",
            "messageBody": "",
            "insertions": 9,
            "deletions": 0
          }
        ]
      },
      {
        "insertions": 466,
        "deletions": 66,
        "date": "2019-10-11",
        "commitResults": [
          {
            "hash": "1973eb41d3c84004dbdd8407bb1d887fbd9d5ecf",
            "messageTitle": "Creat Statistics class for the stats, and ReportCommand with ReportWindow to generate report.",
            "messageBody": "",
            "insertions": 47,
            "deletions": 0
          },
          {
            "hash": "dafb4da309a67b51acab00f1b86970a55d9b8eef",
            "messageTitle": "Add Calorie class as data attribute to relevant classes",
            "messageBody": "",
            "insertions": 419,
            "deletions": 66
          }
        ]
      },
      {
        "insertions": 168,
        "deletions": 40,
        "date": "2019-10-13",
        "commitResults": [
          {
            "hash": "236c19acd50f77b1c5d9fb6f5e925822d05e32cf",
            "messageTitle": "Update ReportWindow UI to make it more user friendly",
            "messageBody": "",
            "insertions": 136,
            "deletions": 34
          },
          {
            "hash": "5c48b13e6c2db8cc4fc2673e101fbaeb280fa49b",
            "messageTitle": "Correct message error when invalid add command is entered",
            "messageBody": "",
            "insertions": 2,
            "deletions": 1
          },
          {
            "hash": "f7dc188a5753201227304106180cd476a12a48de",
            "messageTitle": "Statistics now gets information based on MealLog, and exception is created when MealLog is empty",
            "messageBody": "",
            "insertions": 30,
            "deletions": 5
          }
        ]
      },
      {
        "insertions": 16,
        "deletions": 12,
        "date": "2019-10-14",
        "commitResults": [
          {
            "hash": "947d27f2daee31da4181507239c07981ef01f0b1",
            "messageTitle": "test for asciidoctor failing",
            "messageBody": "",
            "insertions": 1,
            "deletions": 1
          },
          {
            "hash": "05fec8fe85ac3fd4274d509def2738bbed9ec238",
            "messageTitle": "Update User Guide Add Command",
            "messageBody": "",
            "insertions": 15,
            "deletions": 11
          }
        ]
      },
      {
        "insertions": 3,
        "deletions": 1,
        "date": "2019-10-15",
        "commitResults": [
          {
            "hash": "363092bffbc007f98a079bb347b25a31b38b02cd",
            "messageTitle": "Fix Math error when calculating average",
            "messageBody": "",
            "insertions": 3,
            "deletions": 1
          }
        ]
      },
      {
        "insertions": 301,
        "deletions": 112,
        "date": "2019-10-16",
        "commitResults": [
          {
            "hash": "a7578e7b0e427bd168f65a3fea7f5a3229ce4363",
            "messageTitle": "Implement method to get most consumed meal.",
            "messageBody": "",
            "insertions": 34,
            "deletions": 2
          },
          {
            "hash": "33a637436e3465120f3fff46bb868e73cef23bcb",
            "messageTitle": "Update ReportWindow controller and fxml files for new statistics",
            "messageBody": "",
            "insertions": 53,
            "deletions": 52
          },
          {
            "hash": "8fa9b86e1e52a29ed7ca9ef98eb76f0c61209372",
            "messageTitle": "Add functionality to obtain filtered MealLog and CalorieBudget of current month.",
            "messageBody": "",
            "insertions": 22,
            "deletions": 0
          },
          {
            "hash": "a7263c48616e04fc6208ebdccdb2eb02a1997a62",
            "messageTitle": "Update Statistics and ReportWindow UI to support additional statistics",
            "messageBody": "",
            "insertions": 67,
            "deletions": 22
          },
          {
            "hash": "b430678573f4e159cf6b88ec97d9481fdf35560b",
            "messageTitle": "Update JavaDocs",
            "messageBody": "",
            "insertions": 61,
            "deletions": 4
          },
          {
            "hash": "cec1e41caa759e769ec9c8da9c46a206f9c9b323",
            "messageTitle": "Update Statistics to get values for current month",
            "messageBody": "",
            "insertions": 64,
            "deletions": 32
          }
        ]
      },
      {
        "insertions": 80,
        "deletions": 66,
        "date": "2019-10-17",
        "commitResults": [
          {
            "hash": "b66059ba039942f9269b377623233ebb73e962dc",
            "messageTitle": "Create Test class for ReportCommand",
            "messageBody": "",
            "insertions": 4,
            "deletions": 0
          },
          {
            "hash": "86af4c58d29262ad1669cf88a4bfa23a6ac3dc8a",
            "messageTitle": "Update class with test methods",
            "messageBody": "",
            "insertions": 43,
            "deletions": 0
          },
          {
            "hash": "fe05814dc2b8ded61d626a1982b604e44db57c99",
            "messageTitle": "Replace undo/redo feature with report feature",
            "messageBody": "",
            "insertions": 33,
            "deletions": 66
          }
        ]
      },
      {
        "insertions": 79,
        "deletions": 21,
        "date": "2019-10-18",
        "commitResults": [
          {
            "hash": "7efc0f21f7fd722b59bb1573c36f65d755a46046",
            "messageTitle": "Update DeveloperGuide to see Report Implementation",
            "messageBody": "",
            "insertions": 5,
            "deletions": 10
          },
          {
            "hash": "2c16b542198dc4d74ef7adec756daf8239d0ccbb",
            "messageTitle": "Update bug in styling of DeveloperGuide",
            "messageBody": "",
            "insertions": 4,
            "deletions": 4
          },
          {
            "hash": "224e3b83bdd0968b8a2db79d452ca55a547951e5",
            "messageTitle": "Update format errros in Developer Guide",
            "messageBody": "",
            "insertions": 7,
            "deletions": 6
          },
          {
            "hash": "397c055e0b60601fdb0aad05aa791a700570f907",
            "messageTitle": "Add sequence diagram",
            "messageBody": "",
            "insertions": 63,
            "deletions": 1
          }
        ]
      },
      {
        "insertions": 36,
        "deletions": 19,
        "date": "2019-10-21",
        "commitResults": [
          {
            "hash": "33cdd1bd3d32e4293f3d9a0dd4fb72b0a211c09e",
            "messageTitle": "Fix Developer Guide to show constructor calls in UML diagram correctly",
            "messageBody": "",
            "insertions": 36,
            "deletions": 19
          }
        ]
      },
      {
        "insertions": 220,
        "deletions": 185,
        "date": "2019-10-22",
        "commitResults": [
          {
            "hash": "c7e9a33d86687a4fdd62f07053ddf5e6d7a214d6",
            "messageTitle": "Update PUML files and PNG files of developer guide for CaloFit",
            "messageBody": "",
            "insertions": 73,
            "deletions": 43
          },
          {
            "hash": "644643564cb427f98e3c9632537c11d65cd1a3e4",
            "messageTitle": "Update PUML file and PNG image for the more OOP implemetation of the ModelManager",
            "messageBody": "",
            "insertions": 7,
            "deletions": 10
          },
          {
            "hash": "542525062a54c22684f1a4230a71bb66ca732ba1",
            "messageTitle": "Update Developer Guide to fit Calofit in the Design section",
            "messageBody": "",
            "insertions": 8,
            "deletions": 8
          },
          {
            "hash": "4d21d19f67fef5b5354c55a95c6552cdfdccd3dc",
            "messageTitle": "Refactor Model by removing statistics data field",
            "messageBody": "",
            "insertions": 2,
            "deletions": 16
          },
          {
            "hash": "d1ded622bc01ffdd6eb61e2f9f9f6a897efcf2d1",
            "messageTitle": "Remove bug when calculating most consumed meal as meals are all unique",
            "messageBody": "",
            "insertions": 21,
            "deletions": 20
          },
          {
            "hash": "0123b31302fe5720bcdfc7b4c3b25ba276718281",
            "messageTitle": "Update Developer Guide to show ReportCommand refactor",
            "messageBody": "",
            "insertions": 51,
            "deletions": 31
          },
          {
            "hash": "bd2bcc317267b06a638e76797f91f3f8c464e373",
            "messageTitle": "Update Model and Ui class diagrams",
            "messageBody": "",
            "insertions": 1,
            "deletions": 2
          },
          {
            "hash": "4d65ad31d6ba47bca06948c0b25bd72cb5bda657",
            "messageTitle": "Move Report feature into a directory as a separate adoc file",
            "messageBody": "",
            "insertions": 54,
            "deletions": 53
          },
          {
            "hash": "64713201277c1485fbd0bf6cec2dbcb2d4212c83",
            "messageTitle": "Fix AsciiDoc bugs",
            "messageBody": "",
            "insertions": 3,
            "deletions": 2
          }
        ]
      },
      {
        "insertions": 127,
        "deletions": 61,
        "date": "2019-10-23",
        "commitResults": [
          {
            "hash": "389cb252ad1456f43588b9267c9d7c0b25f63ee0",
            "messageTitle": "Slight Refactor to make failure message final",
            "messageBody": "",
            "insertions": 3,
            "deletions": 1
          },
          {
            "hash": "842a7effa8b218081b9a261367810071a5860427",
            "messageTitle": "Update Statistics to get more than 1 most consumed dish and display a pie chart",
            "messageBody": "",
            "insertions": 114,
            "deletions": 53
          },
          {
            "hash": "c3013315778088971f63a44a9433612820cd67f1",
            "messageTitle": "Solve checkstyle errors",
            "messageBody": "",
            "insertions": 10,
            "deletions": 7
          }
        ]
      },
      {
        "insertions": 7,
        "deletions": 6,
        "date": "2019-10-25",
        "commitResults": [
          {
            "hash": "0e14bdbe200a81ac21ed46e0c4e17c82944f01f5",
            "messageTitle": "Change ScrollPane on the right to a SplitPane and update PieChart label content",
            "messageBody": "",
            "insertions": 7,
            "deletions": 6
          }
        ]
      },
      {
        "insertions": 481,
        "deletions": 29,
        "date": "2019-10-26",
        "commitResults": [
          {
            "hash": "991e3e672ad2bb7a426018986a6a4966276eddc6",
            "messageTitle": "Introduce changes for saving and loading of MealLog",
            "messageBody": "",
            "insertions": 479,
            "deletions": 27
          },
          {
            "hash": "44bc55ce09d25aab45a66b0a3f32825ff4a99936",
            "messageTitle": "Fix checkstyle",
            "messageBody": "",
            "insertions": 2,
            "deletions": 2
          }
        ]
      },
      {
        "insertions": 239,
        "deletions": 61,
        "date": "2019-10-29",
        "commitResults": [
          {
            "hash": "f261d455f3f246212ff0caee7adebc5c6c58c9d5",
            "messageTitle": "Include Test for Statistics and a TypicalMeals SampleData to use",
            "messageBody": "",
            "insertions": 108,
            "deletions": 0
          },
          {
            "hash": "3956af54611f3ef75eaba078e46598aa265bf015",
            "messageTitle": "Update User Guide Report Section",
            "messageBody": "",
            "insertions": 4,
            "deletions": 1
          },
          {
            "hash": "1e5d3b1aabfefe45c7cbf497be1c206092e11774",
            "messageTitle": "Update User Guide Report Section",
            "messageBody": "",
            "insertions": 1,
            "deletions": 1
          },
          {
            "hash": "122320d6d719a055955390fe4c7f88f1994b9c24",
            "messageTitle": "Fix Checkstyle errors",
            "messageBody": "",
            "insertions": 20,
            "deletions": 16
          },
          {
            "hash": "8b8069d27855127c82507fb36eba346b3d7bd954",
            "messageTitle": "Refactor code to adhere to coding standards",
            "messageBody": "",
            "insertions": 36,
            "deletions": 38
          },
          {
            "hash": "d08c25584268bfe5b7013a1483735af85944b050",
            "messageTitle": "Update Developer Guide by adding diagrams",
            "messageBody": "",
            "insertions": 67,
            "deletions": 3
          },
          {
            "hash": "9040ea204b3a6f9a0561dc3e080294a3fabeb7e3",
            "messageTitle": "Fix checkstyle error",
            "messageBody": "",
            "insertions": 3,
            "deletions": 2
          }
        ]
      },
      {
        "insertions": 12,
        "deletions": 1,
        "date": "2019-10-30",
        "commitResults": [
          {
            "hash": "f07f0242e7585552949ba09a05a547ccb1d061da",
            "messageTitle": "Fix bug in closing ReportWindow",
            "messageBody": "",
            "insertions": 3,
            "deletions": 1
          },
          {
            "hash": "87b6f6114fc807ddf1cde167e75f89ea5360c609",
            "messageTitle": "Update Statistics test",
            "messageBody": "",
            "insertions": 9,
            "deletions": 0
          }
        ]
      },
      {
        "insertions": 359,
        "deletions": 95,
        "date": "2019-10-31",
        "commitResults": [
          {
            "hash": "3dc4fd47a059ebc8275ff754ef7314308a0e8372",
            "messageTitle": "Update Statistics test and add ReportWindow barchart for Calories over time",
            "messageBody": "",
            "insertions": 67,
            "deletions": 5
          },
          {
            "hash": "4f945a3fa7d58f16bbd5b6e38ad92fd88f856ef1",
            "messageTitle": "Add JsonAdaptedMeal and JsonMealLogStorageTest",
            "messageBody": "",
            "insertions": 142,
            "deletions": 1
          },
          {
            "hash": "d5c9a1c5686fc99114a34d24d39b46beb6ace24f",
            "messageTitle": "Add JsonSerializableMealLog Test class and add Timestamp equality check",
            "messageBody": "",
            "insertions": 44,
            "deletions": 1
          },
          {
            "hash": "82b9bde250d37b310392d6ad918d21962f000148",
            "messageTitle": "Fix checkstyle",
            "messageBody": "",
            "insertions": 2,
            "deletions": 2
          },
          {
            "hash": "d5b8d81e1761f132bd92890703fe54902844e207",
            "messageTitle": "Update JavaDocs",
            "messageBody": "",
            "insertions": 104,
            "deletions": 86
          }
        ]
      },
      {
        "insertions": 54,
        "deletions": 18,
        "date": "2019-11-01",
        "commitResults": [
          {
            "hash": "8ad98479b9ab5c002f1e721ae4af6b402f260955",
            "messageTitle": "Fix Math bug in calculating statistics average value",
            "messageBody": "",
            "insertions": 4,
            "deletions": 4
          },
          {
            "hash": "335d1786db07813421bcf35918565da96e17ecd2",
            "messageTitle": "Refactor Statistics generation for abstraction and add logging and assertions for Report feature",
            "messageBody": "",
            "insertions": 50,
            "deletions": 14
          }
        ]
      }
    ]
  },
  "authorFinalContributionMap": {
    "fangpinsern": 809,
    "iltep64": 4284,
    "MauriceTXS": 594,
    "FelixNWJ": 2279
  },
  "authorFileTypeContributionMap": {
    "fangpinsern": {
      "docs": 87,
      "tests": 176,
      "functional": 455,
      "other": 91
    },
    "iltep64": {
      "docs": 130,
      "tests": 1711,
      "functional": 2385,
      "other": 58
    },
    "MauriceTXS": {
      "docs": 228,
      "tests": 7,
      "functional": 289,
      "other": 70
    },
    "FelixNWJ": {
      "docs": 119,
      "tests": 646,
      "functional": 1285,
      "other": 229
    }
  },
  "authorContributionVariance": {
    "fangpinsern": 7612.108,
    "iltep64": 913938.9,
    "MauriceTXS": 6384.37,
    "FelixNWJ": 20577.404
  },
  "authorDisplayNameMap": {
    "fangpinsern": "CS2103T-W11-4 FANG  ...  SERN",
    "iltep64": "CS2103T-W11-4 RYAN  ...  RONG",
    "MauriceTXS": "CS2103T-W11-4 TAN X ... URICE",
    "FelixNWJ": "CS2103T-W11-4 NG WE ... FELIX"
  }
}
