{
  "authorDailyContributionsMap": {
    "SwampertX": [
      {
        "insertions": 533,
        "deletions": 0,
        "date": "2019-10-01",
        "commitResults": [
          {
            "hash": "930df1c5e7a4ade89497158177563fe87f4d278b",
            "messageTitle": "Use GFM for docs",
            "messageBody": "",
            "insertions": 533,
            "deletions": 0
          }
        ]
      },
      {
        "insertions": 0,
        "deletions": 533,
        "date": "2019-10-11",
        "commitResults": [
          {
            "hash": "d7d86f205dd9dd3f0646172445755597dec959af",
            "messageTitle": "Rewrite developer guide in adoc (#66)",
            "messageBody": "* Succumb to adoc\r\n\r\n* Edit image file names in AboutUs.adoc\r\n",
            "insertions": 0,
            "deletions": 533
          }
        ]
      },
      {
        "insertions": 390,
        "deletions": 89,
        "date": "2019-10-17",
        "commitResults": [
          {
            "hash": "1e891b8b825832b39b02146cbc5e4a9b3254f30b",
            "messageTitle": "WIP: Add AutoExpense (#72)",
            "messageBody": "* Succumb to adoc\r\n\r\n* Edit image file names in AboutUs.adoc\r\n\r\n* Add Hooks\r\n\r\n* WIP: Add AutoExpense\r\n\r\n* Fix checkstyle errors\r\n",
            "insertions": 390,
            "deletions": 89
          }
        ]
      },
      {
        "insertions": 8,
        "deletions": 8,
        "date": "2019-10-22",
        "commitResults": [
          {
            "hash": "f8bad3eb40aabb7026bba3a4c1089adee1d510e2",
            "messageTitle": "Remove validation on description",
            "messageBody": "",
            "insertions": 8,
            "deletions": 8
          }
        ]
      },
      {
        "insertions": 52,
        "deletions": 22,
        "date": "2019-10-23",
        "commitResults": [
          {
            "hash": "780e96d431b081ae0de4d0a326ccfced3d304b3d",
            "messageTitle": "Integrate AutoExpenditure with Date and Frequency Classes (#105)",
            "messageBody": "* Add Frequency class\r\n\r\n* Add in basic functions for Date integration\r\n",
            "insertions": 52,
            "deletions": 22
          }
        ]
      },
      {
        "insertions": 1228,
        "deletions": 401,
        "date": "2019-10-29",
        "commitResults": [
          {
            "hash": "824ac03e9cd1140576cde621b5da0b5b53c4c4a1",
            "messageTitle": "Add in basic functions for Date integration",
            "messageBody": "",
            "insertions": 7,
            "deletions": 7
          },
          {
            "hash": "16285dccd662f23dd1420417ab303b0fe9468c2e",
            "messageTitle": "Add AddAutoExpenseCommand class",
            "messageBody": "",
            "insertions": 57,
            "deletions": 0
          },
          {
            "hash": "2ed3e1c7f95a1fbdbebc232fe9673d69045171bf",
            "messageTitle": "Add parser for AddAutoExpenseCommand",
            "messageBody": "",
            "insertions": 160,
            "deletions": 31
          },
          {
            "hash": "907dbe7fa5f4e9bf86e4ebb7a029d23c5aeb213f",
            "messageTitle": "Fix broken autoformat styles",
            "messageBody": "",
            "insertions": 4,
            "deletions": 7
          },
          {
            "hash": "f19b297c529f2e470ae05c5496252378dee4e805",
            "messageTitle": "WIP: AutoExpense test and builders",
            "messageBody": "",
            "insertions": 128,
            "deletions": 1
          },
          {
            "hash": "931abe174e700e373f73b1e12378616fef1aac91",
            "messageTitle": "Add AutoExpenseBuilder",
            "messageBody": "",
            "insertions": 92,
            "deletions": 0
          },
          {
            "hash": "ab1dfb5e660b988f7be7269e7e7d2aa079250d43",
            "messageTitle": "Tests running!! Use Faker",
            "messageBody": "",
            "insertions": 356,
            "deletions": 322
          },
          {
            "hash": "2dcf346a5cbd50d26a4de994f7db9b1e522e78ec",
            "messageTitle": "Add parser for AddAutoExpenseCommand",
            "messageBody": "",
            "insertions": 6,
            "deletions": 2
          },
          {
            "hash": "cecdeb71be42bf5e577240114f629c6ea2d9cb6e",
            "messageTitle": "Tests running!! Use Faker",
            "messageBody": "",
            "insertions": 0,
            "deletions": 1
          },
          {
            "hash": "4b3b7aa5bf46b7e6d9c2df6057c720ed55c505df",
            "messageTitle": "Add EditAutoExpenseCommand",
            "messageBody": "",
            "insertions": 271,
            "deletions": 0
          },
          {
            "hash": "2b66d81f162f58249fef339aeb602b93ea476b2e",
            "messageTitle": "Add EditAutoExpenseCommandParser, put it in Parser",
            "messageBody": "",
            "insertions": 97,
            "deletions": 0
          },
          {
            "hash": "89e76f6cb289cfd9e0a9e0db927833ffa77bf9c0",
            "messageTitle": "WIP: Make autoexp show on UI",
            "messageBody": "",
            "insertions": 50,
            "deletions": 30
          }
        ]
      },
      {
        "insertions": 131,
        "deletions": 21,
        "date": "2019-10-30",
        "commitResults": [
          {
            "hash": "79e08dd786eb3397859e4cca8fcb716dcf11bea7",
            "messageTitle": "Standardize command to editAutoExp",
            "messageBody": "",
            "insertions": 1,
            "deletions": 1
          },
          {
            "hash": "b061a39a1a7e290741de15542936de24c02e17b6",
            "messageTitle": "Add DeleteAutoExpense",
            "messageBody": "",
            "insertions": 87,
            "deletions": 0
          },
          {
            "hash": "97aba742c46ee234c467a4bf62585bdbc1808db0",
            "messageTitle": "Enable startup expense generation by autoexpenses",
            "messageBody": "",
            "insertions": 43,
            "deletions": 20
          }
        ]
      }
    ],
    "yuhongtay": [
      {
        "insertions": 3,
        "deletions": 2,
        "date": "2019-10-09",
        "commitResults": [
          {
            "hash": "1999e069c4c8b318259558cb89737ad9d5611501",
            "messageTitle": "update  site-wide documentation settings",
            "messageBody": "",
            "insertions": 2,
            "deletions": 2
          },
          {
            "hash": "b81bb49ec59594e1b300363e584eb66c79bae791",
            "messageTitle": "test",
            "messageBody": "",
            "insertions": 1,
            "deletions": 0
          }
        ]
      },
      {
        "insertions": 1617,
        "deletions": 54,
        "date": "2019-10-15",
        "commitResults": [
          {
            "hash": "b12de9a52438810ff45bcd94e097a862cc31c54e",
            "messageTitle": "add wishlist functionality.",
            "messageBody": "",
            "insertions": 1602,
            "deletions": 39
          },
          {
            "hash": "50997e45c61d5cbd7d611675e52280f77229a15d",
            "messageTitle": "add newline at EOF",
            "messageBody": "",
            "insertions": 3,
            "deletions": 3
          },
          {
            "hash": "5a1c24024bed9775b3d879649c29d3e83d1fa344",
            "messageTitle": "fix checkstyle errors",
            "messageBody": "",
            "insertions": 4,
            "deletions": 7
          },
          {
            "hash": "5efd6d215c362bbed2a4b9516a36975249021cce",
            "messageTitle": "fix checkstyle error in AddCommand",
            "messageBody": "",
            "insertions": 0,
            "deletions": 1
          },
          {
            "hash": "fc3c7bf22a33454c607897b0cc375b39654b4783",
            "messageTitle": "Fix Checkstyle Errors",
            "messageBody": "",
            "insertions": 8,
            "deletions": 3
          },
          {
            "hash": "81a8e4f7dd50d309aa28fd2b00658f07f14fcab1",
            "messageTitle": "Fix CheckStyle Error",
            "messageBody": "",
            "insertions": 0,
            "deletions": 1
          }
        ]
      },
      {
        "insertions": 2806,
        "deletions": 41,
        "date": "2019-10-16",
        "commitResults": [
          {
            "hash": "f6210124a2fb124f67f850eaede96a68dba19297",
            "messageTitle": "add ExpenseReminders",
            "messageBody": "",
            "insertions": 807,
            "deletions": 4
          },
          {
            "hash": "baeb21b0632e11e36d8a070f8fc62a104188ab65",
            "messageTitle": "fix checkstyle errors",
            "messageBody": "",
            "insertions": 1,
            "deletions": 1
          },
          {
            "hash": "1c47bd31041dfb294ced6a1ad31799ebd43f9ad7",
            "messageTitle": "Fix Checkstyle Error",
            "messageBody": "",
            "insertions": 1,
            "deletions": 1
          },
          {
            "hash": "b9b0399c022e521820a478019479a7559f87b755",
            "messageTitle": "add edit ExpenseReminderCommand",
            "messageBody": "",
            "insertions": 310,
            "deletions": 7
          },
          {
            "hash": "771e6da9dba7eff40ed818093fe928f876022771",
            "messageTitle": "add delete Command",
            "messageBody": "",
            "insertions": 94,
            "deletions": 1
          },
          {
            "hash": "4af083e120954f3e3294079262abcacfe0ed58da",
            "messageTitle": "fix checkstyle error",
            "messageBody": "",
            "insertions": 7,
            "deletions": 6
          },
          {
            "hash": "fd1f8e98f05b458e82c645558b2e276e2d614886",
            "messageTitle": "add ExpenseReminders WIP (#73)",
            "messageBody": "* add ExpenseReminders\r\n\r\n* fix checkstyle errors\r\n\r\n* Fix Checkstyle Error\r\n\r\n* add edit ExpenseReminderCommand\r\n\r\n* add delete Command\r\n\r\n* fix checkstyle error\r\n",
            "insertions": 1205,
            "deletions": 5
          },
          {
            "hash": "089e745eb8d33cf5072f9e4b00911226f256482c",
            "messageTitle": "implment WishReminder",
            "messageBody": "",
            "insertions": 12,
            "deletions": 0
          },
          {
            "hash": "3f060630750c4278a7d2d31c7ea121e0244f00de",
            "messageTitle": "implement WishReminder",
            "messageBody": "",
            "insertions": 369,
            "deletions": 16
          }
        ]
      },
      {
        "insertions": 24,
        "deletions": 8,
        "date": "2019-10-19",
        "commitResults": [
          {
            "hash": "56a8396b21984d5a48de9cceffe7578372665613",
            "messageTitle": "Change Time class to wrap LocalDate",
            "messageBody": "",
            "insertions": 24,
            "deletions": 8
          }
        ]
      },
      {
        "insertions": 10,
        "deletions": 12,
        "date": "2019-10-21",
        "commitResults": [
          {
            "hash": "a9567ba2289ef7f25bcd7a1a82a59a16f0a40651",
            "messageTitle": "fix checkstyle",
            "messageBody": "",
            "insertions": 5,
            "deletions": 7
          },
          {
            "hash": "c97a158a87cd85be42f2e71bdc616e3300c3c163",
            "messageTitle": "Change class used by EntryBuilder tests from Time to Date",
            "messageBody": "",
            "insertions": 5,
            "deletions": 5
          }
        ]
      },
      {
        "insertions": 2665,
        "deletions": 1729,
        "date": "2019-10-30",
        "commitResults": [
          {
            "hash": "5a10625f9489381e8f098f7890842f6ae2f4be47",
            "messageTitle": "Seperate Reminder and Conditions Added all general conditions Settled auto updating of reminders Settled basic reminder/condition Ui",
            "messageBody": "",
            "insertions": 2654,
            "deletions": 1619
          },
          {
            "hash": "fd94f3d826bcd229821aa65484ca1fb286237c55",
            "messageTitle": "Reminders v1.3 (#176)",
            "messageBody": "* checkstyle fixes\r\n\r\n* Gradle Test fix\r\n",
            "insertions": 11,
            "deletions": 110
          }
        ]
      }
    ],
    "Dandford": [
      {
        "insertions": 415,
        "deletions": 45,
        "date": "2019-10-10",
        "commitResults": [
          {
            "hash": "bff1a32ca54c91546d4eb616a91c08a85f99bd8c",
            "messageTitle": "Initial morphing to add Expense class",
            "messageBody": "",
            "insertions": 415,
            "deletions": 45
          }
        ]
      },
      {
        "insertions": 307,
        "deletions": 80,
        "date": "2019-10-15",
        "commitResults": [
          {
            "hash": "4d8a64ab078a9470ce32a886dc97b622625bafb4",
            "messageTitle": "Update expense class",
            "messageBody": "",
            "insertions": 75,
            "deletions": 51
          },
          {
            "hash": "2ebe04c6c80c60cf6d666497864a646a2f399cf6",
            "messageTitle": "Basic implementation of Sort",
            "messageBody": "",
            "insertions": 232,
            "deletions": 29
          }
        ]
      },
      {
        "insertions": 166,
        "deletions": 85,
        "date": "2019-10-16",
        "commitResults": [
          {
            "hash": "58f2d7f536c5a3f68865cfe8b431cf1ac5cf586c",
            "messageTitle": "Checkstyle fix",
            "messageBody": "",
            "insertions": 142,
            "deletions": 74
          },
          {
            "hash": "dd616ad6828f0508fd8f24be32a9c7450f0c200f",
            "messageTitle": "Checkstyle fix",
            "messageBody": "",
            "insertions": 16,
            "deletions": 3
          },
          {
            "hash": "0d800ecdb1f9c715aa6554cb0a643181b2fc0112",
            "messageTitle": "Checkstyle fix",
            "messageBody": "",
            "insertions": 2,
            "deletions": 2
          },
          {
            "hash": "716b0f7471e513cb8cdb5a5afc9bbafad1f3262a",
            "messageTitle": "Checkstyle fix again",
            "messageBody": "",
            "insertions": 1,
            "deletions": 1
          },
          {
            "hash": "f0bf8457d6ea7ee23a5f999d793af98b0bfbd586",
            "messageTitle": "Checkstyle fix",
            "messageBody": "",
            "insertions": 5,
            "deletions": 5
          }
        ]
      },
      {
        "insertions": 173,
        "deletions": 6,
        "date": "2019-10-21",
        "commitResults": [
          {
            "hash": "12a43a1db29b741063278dfeb1ca34a59f680235",
            "messageTitle": "Minor changes to UI",
            "messageBody": "",
            "insertions": 173,
            "deletions": 6
          }
        ]
      },
      {
        "insertions": 418,
        "deletions": 94,
        "date": "2019-10-22",
        "commitResults": [
          {
            "hash": "b2833e8ef350adb5524860b2ddfa1dad47b5bf76",
            "messageTitle": "Complete SortCommand for Entries",
            "messageBody": "",
            "insertions": 79,
            "deletions": 33
          },
          {
            "hash": "a3a89e4dc5c15ab17900535b0470c094bf22bd16",
            "messageTitle": "Fix Checksstyle",
            "messageBody": "",
            "insertions": 55,
            "deletions": 44
          },
          {
            "hash": "51fd522c34197fea2c85a5679ee87030787da4b2",
            "messageTitle": "Setting-Up-Basic-Stats",
            "messageBody": "",
            "insertions": 183,
            "deletions": 14
          },
          {
            "hash": "1e1cef98802a2c4b62a9de080154bbdef8122de3",
            "messageTitle": "Process of implementing",
            "messageBody": "",
            "insertions": 101,
            "deletions": 3
          }
        ]
      },
      {
        "insertions": 683,
        "deletions": 123,
        "date": "2019-10-23",
        "commitResults": [
          {
            "hash": "cf07dbf9f525f2ed9f794857330481115e43439f",
            "messageTitle": "Slight changes in Statistics",
            "messageBody": "",
            "insertions": 12,
            "deletions": 34
          },
          {
            "hash": "7837327da330893983ec968b75d9175139ef1df2",
            "messageTitle": "Fix Checkstyles",
            "messageBody": "",
            "insertions": 41,
            "deletions": 15
          },
          {
            "hash": "628090aad004f2a1445f409542ed004889806e38",
            "messageTitle": "Fixing Checkstyles Again",
            "messageBody": "",
            "insertions": 17,
            "deletions": 1
          },
          {
            "hash": "27e6a34c3977052de2b199f3f9e8f7e446a1cf18",
            "messageTitle": "Handle Merge Conflicts",
            "messageBody": "",
            "insertions": 37,
            "deletions": 29
          },
          {
            "hash": "34b097907e500e957ef4fdf167e71667a9036f58",
            "messageTitle": "Fixing Travis Failures",
            "messageBody": "",
            "insertions": 1,
            "deletions": 1
          },
          {
            "hash": "31a430aa8151b623ce2df75c8a3c9f252909d7de",
            "messageTitle": "CheckstyleFix",
            "messageBody": "",
            "insertions": 27,
            "deletions": 2
          },
          {
            "hash": "8cd2cb110c001024c71014f0c36fdffdcd2d8e71",
            "messageTitle": "Further fixes",
            "messageBody": "",
            "insertions": 2,
            "deletions": 1
          },
          {
            "hash": "8f72e345a7a95c1a2f8f056b1b094c5cbf1fdd30",
            "messageTitle": "Complete Basic Implementation of Sort Command (#102)",
            "messageBody": "* Minor changes to UI\r\n\r\n* Complete SortCommand for Entries\r\n\r\n* Fix Checksstyle\r\n\r\n* Setting-Up-Basic-Stats\r\n\r\n* Process of implementing\r\n\r\n* Slight changes in Statistics\r\n\r\n* Update dev Guide\r\n\r\n* Fix Checkstyles\r\n\r\n* Fixing Checkstyles Again\r\n\r\n* Handle Merge Conflicts\r\n\r\n* Fixing Travis Failures\r\n\r\n* CheckstyleFix\r\n\r\n* Further fixes\r\n\r\n* Fix Class Diagram\r\n\r\n* Squashing Commits\r\n",
            "insertions": 546,
            "deletions": 40
          }
        ]
      },
      {
        "insertions": 497,
        "deletions": 138,
        "date": "2019-10-26",
        "commitResults": [
          {
            "hash": "41b0cfa97fcd040f307894f7408f0c9c66a41ddc",
            "messageTitle": "Implementing Category",
            "messageBody": "",
            "insertions": 497,
            "deletions": 138
          }
        ]
      },
      {
        "insertions": 423,
        "deletions": 184,
        "date": "2019-10-27",
        "commitResults": [
          {
            "hash": "f1125af0d0ac7ffe05ca8e6db8151b7f506f8b9d",
            "messageTitle": "Complete implementation of Category",
            "messageBody": "",
            "insertions": 211,
            "deletions": 62
          },
          {
            "hash": "999e2f1c5347fd8624441bda17739431df5a6847",
            "messageTitle": "Fix Checkstyles",
            "messageBody": "",
            "insertions": 212,
            "deletions": 122
          }
        ]
      },
      {
        "insertions": 748,
        "deletions": 66,
        "date": "2019-10-29",
        "commitResults": [
          {
            "hash": "6313af0c133eafaa57d0f753e4d20cddc102efe0",
            "messageTitle": "Implementing basic Statistics",
            "messageBody": "",
            "insertions": 748,
            "deletions": 66
          }
        ]
      },
      {
        "insertions": 585,
        "deletions": 592,
        "date": "2019-10-30",
        "commitResults": [
          {
            "hash": "5d18e6e8da2eba94766a3c652dc933ddb2cb457d",
            "messageTitle": "Completed ViewStatisticsCommand",
            "messageBody": "",
            "insertions": 149,
            "deletions": 437
          },
          {
            "hash": "97602e76df65a22d5648fb62df9d8c168ac6dba8",
            "messageTitle": "Improving Ui for Statistics and adding Switch Command",
            "messageBody": "",
            "insertions": 317,
            "deletions": 148
          },
          {
            "hash": "33b12715c170988075a125ad0307040a5744142f",
            "messageTitle": "FixCheckStyles",
            "messageBody": "",
            "insertions": 3,
            "deletions": 2
          },
          {
            "hash": "8d2c1bc58102b74f370089a4e047dbd867d69582",
            "messageTitle": "Update User Guide",
            "messageBody": "",
            "insertions": 116,
            "deletions": 5
          }
        ]
      }
    ],
    "jessicax941": [
      {
        "insertions": 1962,
        "deletions": 1445,
        "date": "2019-10-09",
        "commitResults": [
          {
            "hash": "372192474cc48ae253cfedb454cc7bec5534b06f",
            "messageTitle": "Morphed Person to Entry class",
            "messageBody": "",
            "insertions": 1962,
            "deletions": 1445
          }
        ]
      },
      {
        "insertions": 3897,
        "deletions": 4242,
        "date": "2019-10-11",
        "commitResults": [
          {
            "hash": "2a3520a8a1bbe28bba93dd53648155aaa0e89870",
            "messageTitle": "Fix checkstyle issues",
            "messageBody": "",
            "insertions": 3897,
            "deletions": 4242
          }
        ]
      },
      {
        "insertions": 261,
        "deletions": 37,
        "date": "2019-10-12",
        "commitResults": [
          {
            "hash": "7eb8692e185001a94878e2d33db0f60a2e2a07f4",
            "messageTitle": "Add Income, modify Expense",
            "messageBody": "",
            "insertions": 261,
            "deletions": 37
          }
        ]
      },
      {
        "insertions": 225,
        "deletions": 33,
        "date": "2019-10-13",
        "commitResults": [
          {
            "hash": "3b04f368119d91eba1eb4f25bf75b85427b2f270",
            "messageTitle": "Implement addIncome method",
            "messageBody": "Also edited Storage classes to store 2 lists in the json file - \"expenses\" and \"incomes\".\n",
            "insertions": 4,
            "deletions": 0
          },
          {
            "hash": "21d2417f282eb8ff8834c0fade7c1c39141d6831",
            "messageTitle": "Implement addIncome method",
            "messageBody": "",
            "insertions": 221,
            "deletions": 33
          }
        ]
      },
      {
        "insertions": 243,
        "deletions": 252,
        "date": "2019-10-14",
        "commitResults": [
          {
            "hash": "9c981a0a740e9589daee7ae562bca06d7c3e01ea",
            "messageTitle": "Revert \"Implement addIncome method\"",
            "messageBody": "This reverts commit 21d2417f282eb8ff8834c0fade7c1c39141d6831.\n",
            "insertions": 33,
            "deletions": 221
          },
          {
            "hash": "4efde2e018d1da41a95edefc44423b7248921d3c",
            "messageTitle": "Re: Implement addIncome method",
            "messageBody": "",
            "insertions": 184,
            "deletions": 18
          },
          {
            "hash": "e248e8e2cc125e4f52b33a45f933160f9b3a8b43",
            "messageTitle": "Allow income entries to appear on GUI",
            "messageBody": "",
            "insertions": 26,
            "deletions": 13
          }
        ]
      },
      {
        "insertions": 16,
        "deletions": 10,
        "date": "2019-10-15",
        "commitResults": [
          {
            "hash": "d3efd5d54a6fccf7fe9e23a4c3eef81240ba234d",
            "messageTitle": "Allow both expense and income entries to appear on GUI",
            "messageBody": "App now properly stores and reads from addressbook.json\n",
            "insertions": 16,
            "deletions": 10
          }
        ]
      },
      {
        "insertions": 294,
        "deletions": 74,
        "date": "2019-10-16",
        "commitResults": [
          {
            "hash": "3be4a770154910222a12093a6a9ab6d406d4b700",
            "messageTitle": "Change look of EntryCard",
            "messageBody": "Also changed title and icon of application and moved commandBox to the bottom of the app.\n",
            "insertions": 20,
            "deletions": 20
          },
          {
            "hash": "2dced48addcddd31c1258067133bcc7f3088837c",
            "messageTitle": "Add WishListPanel and BudgetListPanel classes",
            "messageBody": "",
            "insertions": 113,
            "deletions": 0
          },
          {
            "hash": "bfe1d5dfb116491eaaaef29c43ec2810f58d9f4f",
            "messageTitle": "Fix checkstyle issues",
            "messageBody": "",
            "insertions": 18,
            "deletions": 21
          },
          {
            "hash": "bdd4f760b8db13dc819505c5c9d275661b171768",
            "messageTitle": "Change local variable name",
            "messageBody": "",
            "insertions": 2,
            "deletions": 2
          },
          {
            "hash": "40f166fdfc3c0927ffcbb1c9c5d71cc00b407e68",
            "messageTitle": "Changes to UI (#74)",
            "messageBody": "* Change look of EntryCard\r\n\r\nAlso changed title and icon of application and moved commandBox to the bottom of the app.\r\n\r\n* Add WishListPanel and BudgetListPanel classes\r\n\r\n* Fix checkstyle issues\r\n\r\n* Change local variable name\r\n\r\n* Add newline at the end of ExtensionsLight.css\r\n",
            "insertions": 141,
            "deletions": 31
          }
        ]
      },
      {
        "insertions": 424,
        "deletions": 113,
        "date": "2019-10-22",
        "commitResults": [
          {
            "hash": "42e0e3720565cbad28c3eb7ad6db1f27870effba",
            "messageTitle": "Implement HidePanelCommand",
            "messageBody": "",
            "insertions": 254,
            "deletions": 25
          },
          {
            "hash": "a1dd23579edb18ebacab82ca27f8ff3332054dc1",
            "messageTitle": "Fix issue where hidden panels were still visible",
            "messageBody": "",
            "insertions": 30,
            "deletions": 1
          },
          {
            "hash": "1def7097633584fb905ca33a29bfb545cfed5f5f",
            "messageTitle": "Modify HidePanel command to combine HidePanel and ShowPanel commands into one command",
            "messageBody": "",
            "insertions": 33,
            "deletions": 39
          },
          {
            "hash": "998a89f389edd397efd4a20439193f9678e19638",
            "messageTitle": "Allow aliases for panel name when toggling panels",
            "messageBody": "",
            "insertions": 81,
            "deletions": 28
          },
          {
            "hash": "4d9cf89c95625bd3cee876505f85c43cc2ba802a",
            "messageTitle": "Allow main panel to fill up entire window when no side panels are on display",
            "messageBody": "",
            "insertions": 1,
            "deletions": 1
          },
          {
            "hash": "0d00adf5f2af3591802347228698ebd0dfdac5cf",
            "messageTitle": "Fix checkstyle issues",
            "messageBody": "",
            "insertions": 22,
            "deletions": 8
          },
          {
            "hash": "dcb52b369ca2ec45a06b336a82dcb4f1cc2a2cca",
            "messageTitle": "Fix issues highlighted in Codacy",
            "messageBody": "",
            "insertions": 3,
            "deletions": 9
          },
          {
            "hash": "c7f06a8e429ce076179a7f0cc55f497c9c166650",
            "messageTitle": "Fix checkstyle issue",
            "messageBody": "",
            "insertions": 0,
            "deletions": 2
          }
        ]
      },
      {
        "insertions": 101,
        "deletions": 202,
        "date": "2019-10-23",
        "commitResults": [
          {
            "hash": "f35f772c8060f66ec4e4899ef45513826ecfa77f",
            "messageTitle": "Make sequence diagram for TogglePanelCommand",
            "messageBody": "Also: fixed a few bugs that were causing build to fail and paved the way for future implementation of a feature to allow user to set the font within the application.\n",
            "insertions": 79,
            "deletions": 168
          },
          {
            "hash": "9d86b0c4280a728fed5529e1930b04c40b91796d",
            "messageTitle": "Fix checkstyle issues",
            "messageBody": "",
            "insertions": 22,
            "deletions": 34
          }
        ]
      },
      {
        "insertions": 574,
        "deletions": 75,
        "date": "2019-10-27",
        "commitResults": [
          {
            "hash": "f2b79e6f1401e6900cabf96f58d1ba4613c2ca77",
            "messageTitle": "Add various UI classes and FXML files to change colour of different entry cards",
            "messageBody": "",
            "insertions": 572,
            "deletions": 65
          },
          {
            "hash": "0020737d2ded73afc99f01652353d2a536495e51",
            "messageTitle": "Fix checkstyle issues",
            "messageBody": "",
            "insertions": 2,
            "deletions": 10
          }
        ]
      },
      {
        "insertions": 374,
        "deletions": 65,
        "date": "2019-10-28",
        "commitResults": [
          {
            "hash": "640c5a6d3f0db61592d2030d895cf817a7db3c51",
            "messageTitle": "Implement FontName and FontManager",
            "messageBody": "",
            "insertions": 151,
            "deletions": 18
          },
          {
            "hash": "c85448fd416121903cb19e2233d93b2dc9bed000",
            "messageTitle": "Implement listFont command",
            "messageBody": "",
            "insertions": 58,
            "deletions": 6
          },
          {
            "hash": "91211731c27962a9d5459308bc1435e7ea9bef2e",
            "messageTitle": "Implement changeFont command",
            "messageBody": "",
            "insertions": 113,
            "deletions": 12
          },
          {
            "hash": "53086224d539b872dd5320a9b16fe9439ea5b1de",
            "messageTitle": "Improve SLAP in MainWindow.java",
            "messageBody": "",
            "insertions": 32,
            "deletions": 9
          },
          {
            "hash": "1684a3638a758835eb6f6d61f021a90d89702c5f",
            "messageTitle": "Fix checkstyle issues",
            "messageBody": "",
            "insertions": 20,
            "deletions": 11
          },
          {
            "hash": "46204311a261c59fcc325ea0ba3a2c729ee7403b",
            "messageTitle": "Remove redundant System.out.println lines",
            "messageBody": "",
            "insertions": 0,
            "deletions": 9
          }
        ]
      },
      {
        "insertions": 350,
        "deletions": 123,
        "date": "2019-10-29",
        "commitResults": [
          {
            "hash": "f63d5db8f27ed6c17ad1c83d6476140ce3ea4637",
            "messageTitle": "New UI feature to change font in application (#141)",
            "messageBody": "* Implement FontName and FontManager\r\n\r\n* Implement listFont command\r\n\r\n* Implement changeFont command\r\n\r\n* Improve SLAP in MainWindow.java\r\n\r\n* Fix checkstyle issues\r\n\r\n* Remove redundant System.out.println lines\r\n",
            "insertions": 343,
            "deletions": 34
          },
          {
            "hash": "0be49890a68416d3f9783119b9f295ddaa2e534e",
            "messageTitle": "Update UI class diagram in DG",
            "messageBody": "",
            "insertions": 7,
            "deletions": 89
          }
        ]
      },
      {
        "insertions": 234,
        "deletions": 144,
        "date": "2019-10-30",
        "commitResults": [
          {
            "hash": "285130e39ff07822919b3855232d0956d0b919f4",
            "messageTitle": "Modify DG on Toggle Panel Command",
            "messageBody": "",
            "insertions": 8,
            "deletions": 4
          },
          {
            "hash": "396d1f65cb6864ea307d35e53c36fedcb8df8422",
            "messageTitle": "Add new side panel for AutoExpense, change look of other side panels",
            "messageBody": "",
            "insertions": 145,
            "deletions": 2
          },
          {
            "hash": "a9ece3169c257e365024fcfdb37af13cb37cf689",
            "messageTitle": "Edit User Guide, Developer Guide (#144)",
            "messageBody": "* Implement FontName and FontManager\r\n\r\n* Implement listFont command\r\n\r\n* Implement changeFont command\r\n\r\n* Improve SLAP in MainWindow.java\r\n\r\n* Fix checkstyle issues\r\n\r\n* Remove redundant System.out.println lines\r\n\r\n* Edit Income and Loan sections of User Guide\r\n\r\n* Add UI features section to User Guide\r\n\r\n* Update UI class diagram in DG\r\n\r\n* Modify DG on Toggle Panel Command\r\n\r\n* Remove trailing whitespace\r\n\r\n* Remove trailing whitespace in MainWindow.fxml\r\n",
            "insertions": 8,
            "deletions": 91
          },
          {
            "hash": "baed18de0a384142911b779833cf18af3bf1a9a2",
            "messageTitle": "Change look of GUI",
            "messageBody": "",
            "insertions": 5,
            "deletions": 1
          },
          {
            "hash": "e37223e1429ecb3db6fd3ba1c5573894bddf9556",
            "messageTitle": "Modify TogglePanelCommand to include toggling of AutoExpense panel",
            "messageBody": "",
            "insertions": 48,
            "deletions": 28
          },
          {
            "hash": "04d90cf377e8430d9e10e9d340b02c3009b049d1",
            "messageTitle": "Modify statistics UI",
            "messageBody": "",
            "insertions": 17,
            "deletions": 13
          },
          {
            "hash": "c7f3efb69f661420f86b6637150abce2d1fc9e11",
            "messageTitle": "Update Ui.png",
            "messageBody": "",
            "insertions": 0,
            "deletions": 2
          },
          {
            "hash": "b2f1209a14024c708cce783f04a7faffc14da5d4",
            "messageTitle": "Fix error",
            "messageBody": "",
            "insertions": 1,
            "deletions": 1
          },
          {
            "hash": "9fc2f61f3d97b2a7969a247495e2f58e2ba2f332",
            "messageTitle": "Modify access modifier",
            "messageBody": "",
            "insertions": 2,
            "deletions": 2
          }
        ]
      }
    ],
    "rongrongrr": [
      {
        "insertions": 1134,
        "deletions": 38,
        "date": "2019-10-16",
        "commitResults": [
          {
            "hash": "30050167f3710f4d758040ec2b36ef2ca19e48b5",
            "messageTitle": "Implement Budget",
            "messageBody": "",
            "insertions": 192,
            "deletions": 0
          },
          {
            "hash": "cd3dd00de96285fd23ac1433faed502672a54edf",
            "messageTitle": "Edit Budget",
            "messageBody": "",
            "insertions": 709,
            "deletions": 3
          },
          {
            "hash": "c4925231ba50abaf054523ce2616cfd6e24d3b03",
            "messageTitle": "Add Undo, Redo",
            "messageBody": "",
            "insertions": 199,
            "deletions": 0
          },
          {
            "hash": "a337e5f02e2721711d798dc66c130606679c6b9e",
            "messageTitle": "Comment out draft code",
            "messageBody": "",
            "insertions": 8,
            "deletions": 4
          },
          {
            "hash": "cccf163e6bd7230de23d75c2955cff6d065b71fd",
            "messageTitle": "Comment out draft code to fix Travis Failure",
            "messageBody": "",
            "insertions": 15,
            "deletions": 23
          },
          {
            "hash": "da93b67e222c20a5c0811ba8071b77a88f7fdd03",
            "messageTitle": "Add new line to EOF to resolve Travis failure",
            "messageBody": "",
            "insertions": 4,
            "deletions": 4
          },
          {
            "hash": "82372cce98c0759eb11426ee6d971716d4a5522a",
            "messageTitle": "Update JsonSerializableAddressBook.java",
            "messageBody": "",
            "insertions": 1,
            "deletions": 0
          },
          {
            "hash": "fba7d906bcd4e993e64d79863e22d27443b5ff92",
            "messageTitle": "Update ModelManager.java",
            "messageBody": "",
            "insertions": 4,
            "deletions": 0
          },
          {
            "hash": "8dcefa699ee1ec556814fd915c9a6a148bfa4ef0",
            "messageTitle": "Update AddressBook.java",
            "messageBody": "",
            "insertions": 1,
            "deletions": 1
          },
          {
            "hash": "fff6568b068b84466cf7aeaae9274cea072f67df",
            "messageTitle": "Update Model.java",
            "messageBody": "",
            "insertions": 0,
            "deletions": 1
          },
          {
            "hash": "fab205d248ef7ce3aa51d5ec2b490b82fe0d5d76",
            "messageTitle": "Update ModelManager.java",
            "messageBody": "",
            "insertions": 1,
            "deletions": 2
          }
        ]
      },
      {
        "insertions": 33,
        "deletions": 27,
        "date": "2019-10-17",
        "commitResults": [
          {
            "hash": "e0de1774baed9820fef8eebe79dedddd6de2ff4b",
            "messageTitle": "Edit to resolve Travis failure",
            "messageBody": "",
            "insertions": 13,
            "deletions": 11
          },
          {
            "hash": "1d81b7dd5a2cc69baaac2e62df2ee9f9cfdaa89f",
            "messageTitle": "Edit to resolve Travis failure",
            "messageBody": "",
            "insertions": 14,
            "deletions": 14
          },
          {
            "hash": "944b10136662e461140f759556ed1b9b6484e4da",
            "messageTitle": "Edit to resolve Travis failure",
            "messageBody": "",
            "insertions": 6,
            "deletions": 2
          }
        ]
      },
      {
        "insertions": 643,
        "deletions": 225,
        "date": "2019-10-22",
        "commitResults": [
          {
            "hash": "eb73cbdbd806766519993fcb77e62033116e3c80",
            "messageTitle": "Edit Undo/Redo",
            "messageBody": "",
            "insertions": 566,
            "deletions": 133
          },
          {
            "hash": "e49b4cd8012c33bb0a831ca63df2876164273e30",
            "messageTitle": "Change Time to Date",
            "messageBody": "",
            "insertions": 4,
            "deletions": 4
          },
          {
            "hash": "f4fe3ea70e07c29bdf772458e504fd4e1e3b9870",
            "messageTitle": "Change Time to Date",
            "messageBody": "",
            "insertions": 20,
            "deletions": 30
          },
          {
            "hash": "f42567aa2eba9fea4e1e0a69e0be2ff78ac962a9",
            "messageTitle": "Change Time to Date",
            "messageBody": "",
            "insertions": 1,
            "deletions": 1
          },
          {
            "hash": "f93cd45c619c57a5a051117006b5a892808614d4",
            "messageTitle": "Add whitespace after EOF",
            "messageBody": "",
            "insertions": 5,
            "deletions": 4
          },
          {
            "hash": "f375063fd66133b4d19abbf1ba981687413850ab",
            "messageTitle": "Add whitespace to EOF",
            "messageBody": "",
            "insertions": 1,
            "deletions": 1
          },
          {
            "hash": "7ad3c5e12c34cd576b4ca93162f3ad20db1856f4",
            "messageTitle": "Add whitespace to EOF",
            "messageBody": "",
            "insertions": 3,
            "deletions": 3
          },
          {
            "hash": "48bf8ce3ab39858dd56a6c48ad54dd3f7e21da40",
            "messageTitle": "Fix checkstyle",
            "messageBody": "",
            "insertions": 12,
            "deletions": 8
          },
          {
            "hash": "61bac8172a005a7e347d08e4dec912296566cf71",
            "messageTitle": "Fix checkstyle",
            "messageBody": "",
            "insertions": 1,
            "deletions": 1
          },
          {
            "hash": "f18fe68b1f5e6af65273de22ebcafab36fcb588c",
            "messageTitle": "Fix Codacy",
            "messageBody": "",
            "insertions": 14,
            "deletions": 26
          },
          {
            "hash": "ed58e64ef9aeadc90843ef360369ed10751f78e0",
            "messageTitle": "Fix checkstyle",
            "messageBody": "",
            "insertions": 5,
            "deletions": 3
          },
          {
            "hash": "bd885c6c17dfc791e3b6319ab0576175bff5bc4c",
            "messageTitle": "Fix Codacy",
            "messageBody": "",
            "insertions": 4,
            "deletions": 4
          },
          {
            "hash": "fd4d68684026bb5134d3e5fd60b6fca4cb59b84c",
            "messageTitle": "Fix Codacy",
            "messageBody": "",
            "insertions": 1,
            "deletions": 1
          },
          {
            "hash": "06ccc87c20950f33e3baf866686ac093afa1113c",
            "messageTitle": "Fix Travis conflicts",
            "messageBody": "",
            "insertions": 6,
            "deletions": 5
          },
          {
            "hash": "9f5dad3bb5d5c3c631c668c2814e51f6faaba927",
            "messageTitle": "Edit CommandBox",
            "messageBody": "",
            "insertions": 0,
            "deletions": 1
          }
        ]
      },
      {
        "insertions": 47,
        "deletions": 56,
        "date": "2019-10-23",
        "commitResults": [
          {
            "hash": "2389621bacd42b2b93ebcd501252b07e8802128e",
            "messageTitle": "Edit Undo/Redo features",
            "messageBody": "",
            "insertions": 47,
            "deletions": 54
          },
          {
            "hash": "efd5bdfe0bf19b360a19f44d22aa066fa1121d56",
            "messageTitle": "Remove unused List import",
            "messageBody": "",
            "insertions": 0,
            "deletions": 2
          }
        ]
      },
      {
        "insertions": 18,
        "deletions": 16,
        "date": "2019-10-24",
        "commitResults": [
          {
            "hash": "6e9165da03f79bc5c09aaa0b4c3265197fb959ab",
            "messageTitle": "Morph Person-related messages to Entry-related messages",
            "messageBody": "",
            "insertions": 18,
            "deletions": 16
          }
        ]
      },
      {
        "insertions": 406,
        "deletions": 62,
        "date": "2019-10-28",
        "commitResults": [
          {
            "hash": "5848617bf94cb9a1fc467e40f52926b7d146a8c6",
            "messageTitle": "Edit Command message",
            "messageBody": "",
            "insertions": 1,
            "deletions": 1
          },
          {
            "hash": "4aa7e1ebd89907d026789903bd9a9000aa46c326",
            "messageTitle": "Edit Budget",
            "messageBody": "",
            "insertions": 405,
            "deletions": 61
          }
        ]
      },
      {
        "insertions": 122,
        "deletions": 62,
        "date": "2019-10-29",
        "commitResults": [
          {
            "hash": "6f6d1a856069e1e980c10c1f78892d7a5fc2af41",
            "messageTitle": "Edit Budget-related methods and commands.",
            "messageBody": "",
            "insertions": 60,
            "deletions": 53
          },
          {
            "hash": "3f239aeccc1edfcfdd6336074168f21a4c3528b4",
            "messageTitle": "Fix AppVeyor build failures",
            "messageBody": "",
            "insertions": 62,
            "deletions": 9
          }
        ]
      }
    ]
  },
  "authorFinalContributionMap": {
    "SwampertX": 1488,
    "yuhongtay": 4753,
    "Dandford": 3288,
    "jessicax941": 6069,
    "rongrongrr": 1981
  },
  "authorFileTypeContributionMap": {
    "SwampertX": {
      "docs": 0,
      "tests": 352,
      "functional": 1134,
      "other": 2
    },
    "yuhongtay": {
      "docs": 0,
      "tests": 4,
      "functional": 4746,
      "other": 3
    },
    "Dandford": {
      "docs": 0,
      "tests": 23,
      "functional": 3264,
      "other": 1
    },
    "jessicax941": {
      "docs": 0,
      "tests": 3796,
      "functional": 2273
    },
    "rongrongrr": {
      "docs": 0,
      "tests": 0,
      "functional": 1981
    }
  },
  "authorContributionVariance": {
    "SwampertX": 59416.938,
    "yuhongtay": 522603.16,
    "Dandford": 64913.35,
    "jessicax941": 1367754.8,
    "rongrongrr": 40790.94
  },
  "authorDisplayNameMap": {
    "SwampertX": "Tan Yee Jian",
    "yuhongtay": "Tay Yu Hong",
    "Dandford": "ONG MING CHUNG",
    "jessicax941": "Jessica Phua Shu Xin",
    "rongrongrr": "Chan Jing Rong"
  }
}
