{
  "authorDailyContributionsMap": {
    "SwampertX": [
      {
        "insertions": 533,
        "deletions": 0,
        "date": "2019-10-01",
        "commitResults": [
          {
            "hash": "930df1c5e7a4ade89497158177563fe87f4d278b",
            "messageTitle": "Use GFM for docs",
            "messageBody": "",
            "insertions": 533,
            "deletions": 0
          }
        ]
      },
      {
        "insertions": 0,
        "deletions": 533,
        "date": "2019-10-11",
        "commitResults": [
          {
            "hash": "d7d86f205dd9dd3f0646172445755597dec959af",
            "messageTitle": "Rewrite developer guide in adoc (#66)",
            "messageBody": "* Succumb to adoc\r\n\r\n* Edit image file names in AboutUs.adoc\r\n",
            "insertions": 0,
            "deletions": 533
          }
        ]
      },
      {
        "insertions": 390,
        "deletions": 89,
        "date": "2019-10-17",
        "commitResults": [
          {
            "hash": "1e891b8b825832b39b02146cbc5e4a9b3254f30b",
            "messageTitle": "WIP: Add AutoExpense (#72)",
            "messageBody": "* Succumb to adoc\r\n\r\n* Edit image file names in AboutUs.adoc\r\n\r\n* Add Hooks\r\n\r\n* WIP: Add AutoExpense\r\n\r\n* Fix checkstyle errors\r\n",
            "insertions": 390,
            "deletions": 89
          }
        ]
      },
      {
        "insertions": 8,
        "deletions": 8,
        "date": "2019-10-22",
        "commitResults": [
          {
            "hash": "f8bad3eb40aabb7026bba3a4c1089adee1d510e2",
            "messageTitle": "Remove validation on description",
            "messageBody": "",
            "insertions": 8,
            "deletions": 8
          }
        ]
      },
      {
        "insertions": 52,
        "deletions": 22,
        "date": "2019-10-23",
        "commitResults": [
          {
            "hash": "780e96d431b081ae0de4d0a326ccfced3d304b3d",
            "messageTitle": "Integrate AutoExpenditure with Date and Frequency Classes (#105)",
            "messageBody": "* Add Frequency class\r\n\r\n* Add in basic functions for Date integration\r\n",
            "insertions": 52,
            "deletions": 22
          }
        ]
      }
    ],
    "yuhongtay": [
      {
        "insertions": 3,
        "deletions": 2,
        "date": "2019-10-09",
        "commitResults": [
          {
            "hash": "1999e069c4c8b318259558cb89737ad9d5611501",
            "messageTitle": "update  site-wide documentation settings",
            "messageBody": "",
            "insertions": 2,
            "deletions": 2
          },
          {
            "hash": "b81bb49ec59594e1b300363e584eb66c79bae791",
            "messageTitle": "test",
            "messageBody": "",
            "insertions": 1,
            "deletions": 0
          }
        ]
      },
      {
        "insertions": 1617,
        "deletions": 54,
        "date": "2019-10-15",
        "commitResults": [
          {
            "hash": "b12de9a52438810ff45bcd94e097a862cc31c54e",
            "messageTitle": "add wishlist functionality.",
            "messageBody": "",
            "insertions": 1602,
            "deletions": 39
          },
          {
            "hash": "50997e45c61d5cbd7d611675e52280f77229a15d",
            "messageTitle": "add newline at EOF",
            "messageBody": "",
            "insertions": 3,
            "deletions": 3
          },
          {
            "hash": "5a1c24024bed9775b3d879649c29d3e83d1fa344",
            "messageTitle": "fix checkstyle errors",
            "messageBody": "",
            "insertions": 4,
            "deletions": 7
          },
          {
            "hash": "5efd6d215c362bbed2a4b9516a36975249021cce",
            "messageTitle": "fix checkstyle error in AddCommand",
            "messageBody": "",
            "insertions": 0,
            "deletions": 1
          },
          {
            "hash": "fc3c7bf22a33454c607897b0cc375b39654b4783",
            "messageTitle": "Fix Checkstyle Errors",
            "messageBody": "",
            "insertions": 8,
            "deletions": 3
          },
          {
            "hash": "81a8e4f7dd50d309aa28fd2b00658f07f14fcab1",
            "messageTitle": "Fix CheckStyle Error",
            "messageBody": "",
            "insertions": 0,
            "deletions": 1
          }
        ]
      },
      {
        "insertions": 2806,
        "deletions": 41,
        "date": "2019-10-16",
        "commitResults": [
          {
            "hash": "f6210124a2fb124f67f850eaede96a68dba19297",
            "messageTitle": "add ExpenseReminders",
            "messageBody": "",
            "insertions": 807,
            "deletions": 4
          },
          {
            "hash": "baeb21b0632e11e36d8a070f8fc62a104188ab65",
            "messageTitle": "fix checkstyle errors",
            "messageBody": "",
            "insertions": 1,
            "deletions": 1
          },
          {
            "hash": "1c47bd31041dfb294ced6a1ad31799ebd43f9ad7",
            "messageTitle": "Fix Checkstyle Error",
            "messageBody": "",
            "insertions": 1,
            "deletions": 1
          },
          {
            "hash": "b9b0399c022e521820a478019479a7559f87b755",
            "messageTitle": "add edit ExpenseReminderCommand",
            "messageBody": "",
            "insertions": 310,
            "deletions": 7
          },
          {
            "hash": "771e6da9dba7eff40ed818093fe928f876022771",
            "messageTitle": "add delete Command",
            "messageBody": "",
            "insertions": 94,
            "deletions": 1
          },
          {
            "hash": "4af083e120954f3e3294079262abcacfe0ed58da",
            "messageTitle": "fix checkstyle error",
            "messageBody": "",
            "insertions": 7,
            "deletions": 6
          },
          {
            "hash": "fd1f8e98f05b458e82c645558b2e276e2d614886",
            "messageTitle": "add ExpenseReminders WIP (#73)",
            "messageBody": "* add ExpenseReminders\r\n\r\n* fix checkstyle errors\r\n\r\n* Fix Checkstyle Error\r\n\r\n* add edit ExpenseReminderCommand\r\n\r\n* add delete Command\r\n\r\n* fix checkstyle error\r\n",
            "insertions": 1205,
            "deletions": 5
          },
          {
            "hash": "089e745eb8d33cf5072f9e4b00911226f256482c",
            "messageTitle": "implment WishReminder",
            "messageBody": "",
            "insertions": 12,
            "deletions": 0
          },
          {
            "hash": "3f060630750c4278a7d2d31c7ea121e0244f00de",
            "messageTitle": "implement WishReminder",
            "messageBody": "",
            "insertions": 369,
            "deletions": 16
          }
        ]
      },
      {
        "insertions": 24,
        "deletions": 8,
        "date": "2019-10-19",
        "commitResults": [
          {
            "hash": "56a8396b21984d5a48de9cceffe7578372665613",
            "messageTitle": "Change Time class to wrap LocalDate",
            "messageBody": "",
            "insertions": 24,
            "deletions": 8
          }
        ]
      },
      {
        "insertions": 10,
        "deletions": 12,
        "date": "2019-10-21",
        "commitResults": [
          {
            "hash": "a9567ba2289ef7f25bcd7a1a82a59a16f0a40651",
            "messageTitle": "fix checkstyle",
            "messageBody": "",
            "insertions": 5,
            "deletions": 7
          },
          {
            "hash": "c97a158a87cd85be42f2e71bdc616e3300c3c163",
            "messageTitle": "Change class used by EntryBuilder tests from Time to Date",
            "messageBody": "",
            "insertions": 5,
            "deletions": 5
          }
        ]
      }
    ],
    "Dandford": [
      {
        "insertions": 415,
        "deletions": 45,
        "date": "2019-10-10",
        "commitResults": [
          {
            "hash": "bff1a32ca54c91546d4eb616a91c08a85f99bd8c",
            "messageTitle": "Initial morphing to add Expense class",
            "messageBody": "",
            "insertions": 415,
            "deletions": 45
          }
        ]
      },
      {
        "insertions": 307,
        "deletions": 80,
        "date": "2019-10-15",
        "commitResults": [
          {
            "hash": "4d8a64ab078a9470ce32a886dc97b622625bafb4",
            "messageTitle": "Update expense class",
            "messageBody": "",
            "insertions": 75,
            "deletions": 51
          },
          {
            "hash": "2ebe04c6c80c60cf6d666497864a646a2f399cf6",
            "messageTitle": "Basic implementation of Sort",
            "messageBody": "",
            "insertions": 232,
            "deletions": 29
          }
        ]
      },
      {
        "insertions": 166,
        "deletions": 85,
        "date": "2019-10-16",
        "commitResults": [
          {
            "hash": "58f2d7f536c5a3f68865cfe8b431cf1ac5cf586c",
            "messageTitle": "Checkstyle fix",
            "messageBody": "",
            "insertions": 142,
            "deletions": 74
          },
          {
            "hash": "dd616ad6828f0508fd8f24be32a9c7450f0c200f",
            "messageTitle": "Checkstyle fix",
            "messageBody": "",
            "insertions": 16,
            "deletions": 3
          },
          {
            "hash": "0d800ecdb1f9c715aa6554cb0a643181b2fc0112",
            "messageTitle": "Checkstyle fix",
            "messageBody": "",
            "insertions": 2,
            "deletions": 2
          },
          {
            "hash": "716b0f7471e513cb8cdb5a5afc9bbafad1f3262a",
            "messageTitle": "Checkstyle fix again",
            "messageBody": "",
            "insertions": 1,
            "deletions": 1
          },
          {
            "hash": "f0bf8457d6ea7ee23a5f999d793af98b0bfbd586",
            "messageTitle": "Checkstyle fix",
            "messageBody": "",
            "insertions": 5,
            "deletions": 5
          }
        ]
      },
      {
        "insertions": 546,
        "deletions": 40,
        "date": "2019-10-23",
        "commitResults": [
          {
            "hash": "8f72e345a7a95c1a2f8f056b1b094c5cbf1fdd30",
            "messageTitle": "Complete Basic Implementation of Sort Command (#102)",
            "messageBody": "* Minor changes to UI\r\n\r\n* Complete SortCommand for Entries\r\n\r\n* Fix Checksstyle\r\n\r\n* Setting-Up-Basic-Stats\r\n\r\n* Process of implementing\r\n\r\n* Slight changes in Statistics\r\n\r\n* Update dev Guide\r\n\r\n* Fix Checkstyles\r\n\r\n* Fixing Checkstyles Again\r\n\r\n* Handle Merge Conflicts\r\n\r\n* Fixing Travis Failures\r\n\r\n* CheckstyleFix\r\n\r\n* Further fixes\r\n\r\n* Fix Class Diagram\r\n\r\n* Squashing Commits\r\n",
            "insertions": 546,
            "deletions": 40
          }
        ]
      }
    ],
    "jessicax941": [
      {
        "insertions": 1962,
        "deletions": 1445,
        "date": "2019-10-09",
        "commitResults": [
          {
            "hash": "372192474cc48ae253cfedb454cc7bec5534b06f",
            "messageTitle": "Morphed Person to Entry class",
            "messageBody": "",
            "insertions": 1962,
            "deletions": 1445
          }
        ]
      },
      {
        "insertions": 3897,
        "deletions": 4242,
        "date": "2019-10-11",
        "commitResults": [
          {
            "hash": "2a3520a8a1bbe28bba93dd53648155aaa0e89870",
            "messageTitle": "Fix checkstyle issues",
            "messageBody": "",
            "insertions": 3897,
            "deletions": 4242
          }
        ]
      },
      {
        "insertions": 261,
        "deletions": 37,
        "date": "2019-10-12",
        "commitResults": [
          {
            "hash": "7eb8692e185001a94878e2d33db0f60a2e2a07f4",
            "messageTitle": "Add Income, modify Expense",
            "messageBody": "",
            "insertions": 261,
            "deletions": 37
          }
        ]
      },
      {
        "insertions": 225,
        "deletions": 33,
        "date": "2019-10-13",
        "commitResults": [
          {
            "hash": "3b04f368119d91eba1eb4f25bf75b85427b2f270",
            "messageTitle": "Implement addIncome method",
            "messageBody": "Also edited Storage classes to store 2 lists in the json file - \"expenses\" and \"incomes\".\n",
            "insertions": 4,
            "deletions": 0
          },
          {
            "hash": "21d2417f282eb8ff8834c0fade7c1c39141d6831",
            "messageTitle": "Implement addIncome method",
            "messageBody": "",
            "insertions": 221,
            "deletions": 33
          }
        ]
      },
      {
        "insertions": 243,
        "deletions": 252,
        "date": "2019-10-14",
        "commitResults": [
          {
            "hash": "9c981a0a740e9589daee7ae562bca06d7c3e01ea",
            "messageTitle": "Revert \"Implement addIncome method\"",
            "messageBody": "This reverts commit 21d2417f282eb8ff8834c0fade7c1c39141d6831.\n",
            "insertions": 33,
            "deletions": 221
          },
          {
            "hash": "4efde2e018d1da41a95edefc44423b7248921d3c",
            "messageTitle": "Re: Implement addIncome method",
            "messageBody": "",
            "insertions": 184,
            "deletions": 18
          },
          {
            "hash": "e248e8e2cc125e4f52b33a45f933160f9b3a8b43",
            "messageTitle": "Allow income entries to appear on GUI",
            "messageBody": "",
            "insertions": 26,
            "deletions": 13
          }
        ]
      },
      {
        "insertions": 16,
        "deletions": 10,
        "date": "2019-10-15",
        "commitResults": [
          {
            "hash": "d3efd5d54a6fccf7fe9e23a4c3eef81240ba234d",
            "messageTitle": "Allow both expense and income entries to appear on GUI",
            "messageBody": "App now properly stores and reads from addressbook.json\n",
            "insertions": 16,
            "deletions": 10
          }
        ]
      },
      {
        "insertions": 294,
        "deletions": 74,
        "date": "2019-10-16",
        "commitResults": [
          {
            "hash": "3be4a770154910222a12093a6a9ab6d406d4b700",
            "messageTitle": "Change look of EntryCard",
            "messageBody": "Also changed title and icon of application and moved commandBox to the bottom of the app.\n",
            "insertions": 20,
            "deletions": 20
          },
          {
            "hash": "2dced48addcddd31c1258067133bcc7f3088837c",
            "messageTitle": "Add WishListPanel and BudgetListPanel classes",
            "messageBody": "",
            "insertions": 113,
            "deletions": 0
          },
          {
            "hash": "bfe1d5dfb116491eaaaef29c43ec2810f58d9f4f",
            "messageTitle": "Fix checkstyle issues",
            "messageBody": "",
            "insertions": 18,
            "deletions": 21
          },
          {
            "hash": "bdd4f760b8db13dc819505c5c9d275661b171768",
            "messageTitle": "Change local variable name",
            "messageBody": "",
            "insertions": 2,
            "deletions": 2
          },
          {
            "hash": "40f166fdfc3c0927ffcbb1c9c5d71cc00b407e68",
            "messageTitle": "Changes to UI (#74)",
            "messageBody": "* Change look of EntryCard\r\n\r\nAlso changed title and icon of application and moved commandBox to the bottom of the app.\r\n\r\n* Add WishListPanel and BudgetListPanel classes\r\n\r\n* Fix checkstyle issues\r\n\r\n* Change local variable name\r\n\r\n* Add newline at the end of ExtensionsLight.css\r\n",
            "insertions": 141,
            "deletions": 31
          }
        ]
      },
      {
        "insertions": 424,
        "deletions": 113,
        "date": "2019-10-22",
        "commitResults": [
          {
            "hash": "42e0e3720565cbad28c3eb7ad6db1f27870effba",
            "messageTitle": "Implement HidePanelCommand",
            "messageBody": "",
            "insertions": 254,
            "deletions": 25
          },
          {
            "hash": "a1dd23579edb18ebacab82ca27f8ff3332054dc1",
            "messageTitle": "Fix issue where hidden panels were still visible",
            "messageBody": "",
            "insertions": 30,
            "deletions": 1
          },
          {
            "hash": "1def7097633584fb905ca33a29bfb545cfed5f5f",
            "messageTitle": "Modify HidePanel command to combine HidePanel and ShowPanel commands into one command",
            "messageBody": "",
            "insertions": 33,
            "deletions": 39
          },
          {
            "hash": "998a89f389edd397efd4a20439193f9678e19638",
            "messageTitle": "Allow aliases for panel name when toggling panels",
            "messageBody": "",
            "insertions": 81,
            "deletions": 28
          },
          {
            "hash": "4d9cf89c95625bd3cee876505f85c43cc2ba802a",
            "messageTitle": "Allow main panel to fill up entire window when no side panels are on display",
            "messageBody": "",
            "insertions": 1,
            "deletions": 1
          },
          {
            "hash": "0d00adf5f2af3591802347228698ebd0dfdac5cf",
            "messageTitle": "Fix checkstyle issues",
            "messageBody": "",
            "insertions": 22,
            "deletions": 8
          },
          {
            "hash": "dcb52b369ca2ec45a06b336a82dcb4f1cc2a2cca",
            "messageTitle": "Fix issues highlighted in Codacy",
            "messageBody": "",
            "insertions": 3,
            "deletions": 9
          },
          {
            "hash": "c7f06a8e429ce076179a7f0cc55f497c9c166650",
            "messageTitle": "Fix checkstyle issue",
            "messageBody": "",
            "insertions": 0,
            "deletions": 2
          }
        ]
      },
      {
        "insertions": 101,
        "deletions": 202,
        "date": "2019-10-23",
        "commitResults": [
          {
            "hash": "f35f772c8060f66ec4e4899ef45513826ecfa77f",
            "messageTitle": "Make sequence diagram for TogglePanelCommand",
            "messageBody": "Also: fixed a few bugs that were causing build to fail and paved the way for future implementation of a feature to allow user to set the font within the application.\n",
            "insertions": 79,
            "deletions": 168
          },
          {
            "hash": "9d86b0c4280a728fed5529e1930b04c40b91796d",
            "messageTitle": "Fix checkstyle issues",
            "messageBody": "",
            "insertions": 22,
            "deletions": 34
          }
        ]
      }
    ],
    "rongrongrr": [
      {
        "insertions": 1134,
        "deletions": 38,
        "date": "2019-10-16",
        "commitResults": [
          {
            "hash": "30050167f3710f4d758040ec2b36ef2ca19e48b5",
            "messageTitle": "Implement Budget",
            "messageBody": "",
            "insertions": 192,
            "deletions": 0
          },
          {
            "hash": "cd3dd00de96285fd23ac1433faed502672a54edf",
            "messageTitle": "Edit Budget",
            "messageBody": "",
            "insertions": 709,
            "deletions": 3
          },
          {
            "hash": "c4925231ba50abaf054523ce2616cfd6e24d3b03",
            "messageTitle": "Add Undo, Redo",
            "messageBody": "",
            "insertions": 199,
            "deletions": 0
          },
          {
            "hash": "a337e5f02e2721711d798dc66c130606679c6b9e",
            "messageTitle": "Comment out draft code",
            "messageBody": "",
            "insertions": 8,
            "deletions": 4
          },
          {
            "hash": "cccf163e6bd7230de23d75c2955cff6d065b71fd",
            "messageTitle": "Comment out draft code to fix Travis Failure",
            "messageBody": "",
            "insertions": 15,
            "deletions": 23
          },
          {
            "hash": "da93b67e222c20a5c0811ba8071b77a88f7fdd03",
            "messageTitle": "Add new line to EOF to resolve Travis failure",
            "messageBody": "",
            "insertions": 4,
            "deletions": 4
          },
          {
            "hash": "82372cce98c0759eb11426ee6d971716d4a5522a",
            "messageTitle": "Update JsonSerializableAddressBook.java",
            "messageBody": "",
            "insertions": 1,
            "deletions": 0
          },
          {
            "hash": "fba7d906bcd4e993e64d79863e22d27443b5ff92",
            "messageTitle": "Update ModelManager.java",
            "messageBody": "",
            "insertions": 4,
            "deletions": 0
          },
          {
            "hash": "8dcefa699ee1ec556814fd915c9a6a148bfa4ef0",
            "messageTitle": "Update AddressBook.java",
            "messageBody": "",
            "insertions": 1,
            "deletions": 1
          },
          {
            "hash": "fff6568b068b84466cf7aeaae9274cea072f67df",
            "messageTitle": "Update Model.java",
            "messageBody": "",
            "insertions": 0,
            "deletions": 1
          },
          {
            "hash": "fab205d248ef7ce3aa51d5ec2b490b82fe0d5d76",
            "messageTitle": "Update ModelManager.java",
            "messageBody": "",
            "insertions": 1,
            "deletions": 2
          }
        ]
      },
      {
        "insertions": 33,
        "deletions": 27,
        "date": "2019-10-17",
        "commitResults": [
          {
            "hash": "e0de1774baed9820fef8eebe79dedddd6de2ff4b",
            "messageTitle": "Edit to resolve Travis failure",
            "messageBody": "",
            "insertions": 13,
            "deletions": 11
          },
          {
            "hash": "1d81b7dd5a2cc69baaac2e62df2ee9f9cfdaa89f",
            "messageTitle": "Edit to resolve Travis failure",
            "messageBody": "",
            "insertions": 14,
            "deletions": 14
          },
          {
            "hash": "944b10136662e461140f759556ed1b9b6484e4da",
            "messageTitle": "Edit to resolve Travis failure",
            "messageBody": "",
            "insertions": 6,
            "deletions": 2
          }
        ]
      },
      {
        "insertions": 643,
        "deletions": 225,
        "date": "2019-10-22",
        "commitResults": [
          {
            "hash": "eb73cbdbd806766519993fcb77e62033116e3c80",
            "messageTitle": "Edit Undo/Redo",
            "messageBody": "",
            "insertions": 566,
            "deletions": 133
          },
          {
            "hash": "e49b4cd8012c33bb0a831ca63df2876164273e30",
            "messageTitle": "Change Time to Date",
            "messageBody": "",
            "insertions": 4,
            "deletions": 4
          },
          {
            "hash": "f4fe3ea70e07c29bdf772458e504fd4e1e3b9870",
            "messageTitle": "Change Time to Date",
            "messageBody": "",
            "insertions": 20,
            "deletions": 30
          },
          {
            "hash": "f42567aa2eba9fea4e1e0a69e0be2ff78ac962a9",
            "messageTitle": "Change Time to Date",
            "messageBody": "",
            "insertions": 1,
            "deletions": 1
          },
          {
            "hash": "f93cd45c619c57a5a051117006b5a892808614d4",
            "messageTitle": "Add whitespace after EOF",
            "messageBody": "",
            "insertions": 5,
            "deletions": 4
          },
          {
            "hash": "f375063fd66133b4d19abbf1ba981687413850ab",
            "messageTitle": "Add whitespace to EOF",
            "messageBody": "",
            "insertions": 1,
            "deletions": 1
          },
          {
            "hash": "7ad3c5e12c34cd576b4ca93162f3ad20db1856f4",
            "messageTitle": "Add whitespace to EOF",
            "messageBody": "",
            "insertions": 3,
            "deletions": 3
          },
          {
            "hash": "48bf8ce3ab39858dd56a6c48ad54dd3f7e21da40",
            "messageTitle": "Fix checkstyle",
            "messageBody": "",
            "insertions": 12,
            "deletions": 8
          },
          {
            "hash": "61bac8172a005a7e347d08e4dec912296566cf71",
            "messageTitle": "Fix checkstyle",
            "messageBody": "",
            "insertions": 1,
            "deletions": 1
          },
          {
            "hash": "f18fe68b1f5e6af65273de22ebcafab36fcb588c",
            "messageTitle": "Fix Codacy",
            "messageBody": "",
            "insertions": 14,
            "deletions": 26
          },
          {
            "hash": "ed58e64ef9aeadc90843ef360369ed10751f78e0",
            "messageTitle": "Fix checkstyle",
            "messageBody": "",
            "insertions": 5,
            "deletions": 3
          },
          {
            "hash": "bd885c6c17dfc791e3b6319ab0576175bff5bc4c",
            "messageTitle": "Fix Codacy",
            "messageBody": "",
            "insertions": 4,
            "deletions": 4
          },
          {
            "hash": "fd4d68684026bb5134d3e5fd60b6fca4cb59b84c",
            "messageTitle": "Fix Codacy",
            "messageBody": "",
            "insertions": 1,
            "deletions": 1
          },
          {
            "hash": "06ccc87c20950f33e3baf866686ac093afa1113c",
            "messageTitle": "Fix Travis conflicts",
            "messageBody": "",
            "insertions": 6,
            "deletions": 5
          },
          {
            "hash": "9f5dad3bb5d5c3c631c668c2814e51f6faaba927",
            "messageTitle": "Edit CommandBox",
            "messageBody": "",
            "insertions": 0,
            "deletions": 1
          }
        ]
      },
      {
        "insertions": 47,
        "deletions": 56,
        "date": "2019-10-23",
        "commitResults": [
          {
            "hash": "2389621bacd42b2b93ebcd501252b07e8802128e",
            "messageTitle": "Edit Undo/Redo features",
            "messageBody": "",
            "insertions": 47,
            "deletions": 54
          },
          {
            "hash": "efd5bdfe0bf19b360a19f44d22aa066fa1121d56",
            "messageTitle": "Remove unused List import",
            "messageBody": "",
            "insertions": 0,
            "deletions": 2
          }
        ]
      }
    ]
  },
  "authorFinalContributionMap": {
    "SwampertX": 385,
    "yuhongtay": 3047,
    "Dandford": 1091,
    "jessicax941": 5678,
    "rongrongrr": 1589
  },
  "authorFileTypeContributionMap": {
    "SwampertX": {
      "docs": 0,
      "tests": 0,
      "functional": 385
    },
    "yuhongtay": {
      "docs": 0,
      "tests": 5,
      "functional": 3039,
      "other": 3
    },
    "Dandford": {
      "docs": 0,
      "tests": 13,
      "functional": 1078
    },
    "jessicax941": {
      "docs": 0,
      "tests": 3992,
      "functional": 1686
    },
    "rongrongrr": {
      "docs": 0,
      "tests": 0,
      "functional": 1589
    }
  },
  "authorContributionVariance": {
    "SwampertX": 15576.224,
    "yuhongtay": 217973.86,
    "Dandford": 14764.285,
    "jessicax941": 1557965.0,
    "rongrongrr": 42502.254
  },
  "authorDisplayNameMap": {
    "SwampertX": "Tan Yee Jian",
    "yuhongtay": "Tay Yu Hong",
    "Dandford": "ONG MING CHUNG",
    "jessicax941": "Jessica Phua Shu Xin",
    "rongrongrr": "Chan Jing Rong"
  }
}
