{
  "authorDailyContributionsMap": {
    "joannasara": [
      {
        "insertions": 4,
        "deletions": 0,
        "date": "2019-09-22",
        "commitResults": [
          {
            "hash": "c3de798e8000e3ab97887a8a8aae1042c8c51067",
            "messageTitle": "Trace command",
            "messageBody": "",
            "insertions": 4,
            "deletions": 0
          }
        ]
      },
      {
        "insertions": 9,
        "deletions": 14,
        "date": "2019-09-29",
        "commitResults": [
          {
            "hash": "562c412118e7e97195ba91b5e9feb3d29d7c6822",
            "messageTitle": "Update links in DeveloperGuide",
            "messageBody": "",
            "insertions": 9,
            "deletions": 14
          }
        ]
      },
      {
        "insertions": 113,
        "deletions": 73,
        "date": "2019-09-30",
        "commitResults": [
          {
            "hash": "465f1ffd09af5649e1ec6ef458e3639115666752",
            "messageTitle": "Update Developer Guide\u0027s Appendix",
            "messageBody": "",
            "insertions": 112,
            "deletions": 72
          },
          {
            "hash": "d31f847ba65bedd059d7b3bb7f0bbc6bc99c33f4",
            "messageTitle": "Add a newline at EOF",
            "messageBody": "",
            "insertions": 1,
            "deletions": 1
          }
        ]
      },
      {
        "insertions": 71,
        "deletions": 0,
        "date": "2019-10-09",
        "commitResults": [
          {
            "hash": "d05793abc5d6b390b947c19f2793574056165242",
            "messageTitle": "Update UserGuide",
            "messageBody": "",
            "insertions": 71,
            "deletions": 0
          }
        ]
      },
      {
        "insertions": 7577,
        "deletions": 656,
        "date": "2019-10-12",
        "commitResults": [
          {
            "hash": "c382a9ce0d633f843cfbfddfcd29d6eb294f8151",
            "messageTitle": "Fix checkstyleMain",
            "messageBody": "",
            "insertions": 297,
            "deletions": 138
          },
          {
            "hash": "bc005078d6e6f7657bcfa18eccd1ca4181fb1aad",
            "messageTitle": "Fix checkstyle",
            "messageBody": "",
            "insertions": 297,
            "deletions": 124
          },
          {
            "hash": "121405a4d920cea8f84172157ad84b338bb019f7",
            "messageTitle": "Add calendar packages",
            "messageBody": "",
            "insertions": 6368,
            "deletions": 1
          },
          {
            "hash": "a6dce93ede2abc7cfd688c6c1340713e286b0a77",
            "messageTitle": "Fix checkstyle",
            "messageBody": "",
            "insertions": 422,
            "deletions": 292
          },
          {
            "hash": "f53e55780d990fa4bec88504137a77cf318e87ae",
            "messageTitle": "Update SwitchOperation.java",
            "messageBody": "",
            "insertions": 94,
            "deletions": 11
          },
          {
            "hash": "cecf88060de336dcda88a17c81bd6898cd35fec8",
            "messageTitle": "Set calendar as the first view.",
            "messageBody": "",
            "insertions": 99,
            "deletions": 90
          }
        ]
      },
      {
        "insertions": 7560,
        "deletions": 13886,
        "date": "2019-10-13",
        "commitResults": [
          {
            "hash": "572d5d86dc77ff17aee4ff2156e078b6bfe082f4",
            "messageTitle": "Remove files and comment test cases",
            "messageBody": "",
            "insertions": 7106,
            "deletions": 13471
          },
          {
            "hash": "5779a0303b62692d091af551edee4c032b078fc6",
            "messageTitle": "Delete files outside of packages",
            "messageBody": "",
            "insertions": 454,
            "deletions": 415
          }
        ]
      },
      {
        "insertions": 1432,
        "deletions": 1469,
        "date": "2019-10-15",
        "commitResults": [
          {
            "hash": "6cb883e6bff49d4f46cbd5155caf48c0f95c0a3b",
            "messageTitle": "Rename model classes",
            "messageBody": "",
            "insertions": 669,
            "deletions": 675
          },
          {
            "hash": "958e659ae3028ffa507b2e9695e3ec3656d51b3a",
            "messageTitle": "Rename more model classes",
            "messageBody": "",
            "insertions": 557,
            "deletions": 566
          },
          {
            "hash": "8da14cbd19dc83bb5b86eed3d268458fa89a2f51",
            "messageTitle": "Fix checkstyle",
            "messageBody": "",
            "insertions": 196,
            "deletions": 154
          },
          {
            "hash": "51b67ca134f08992f4c46109021da516084ad62f",
            "messageTitle": "Edit calendar commands hint",
            "messageBody": "",
            "insertions": 10,
            "deletions": 74
          }
        ]
      },
      {
        "insertions": 77,
        "deletions": 118,
        "date": "2019-10-16",
        "commitResults": [
          {
            "hash": "560d8536ab8d43fb71c4c2457d9d59bc86581e41",
            "messageTitle": "Update sample data",
            "messageBody": "",
            "insertions": 3,
            "deletions": 21
          },
          {
            "hash": "7b40eb0d4dbe8ba3c93dd757054665e53ac72a2e",
            "messageTitle": "Fix calendar switch",
            "messageBody": "",
            "insertions": 4,
            "deletions": 4
          },
          {
            "hash": "ac9bce0c16bc00c8bf77863e873139d980ffefbe",
            "messageTitle": "Rename class",
            "messageBody": "",
            "insertions": 51,
            "deletions": 51
          },
          {
            "hash": "f8f5c3925a172fcd99c05919ed9efb522ec9c76c",
            "messageTitle": "Fix quiz switch",
            "messageBody": "",
            "insertions": 18,
            "deletions": 18
          },
          {
            "hash": "8d69fcd4cfd08f1d9547ea2ac5695435a4ef5c96",
            "messageTitle": "Fix checkstyle",
            "messageBody": "",
            "insertions": 1,
            "deletions": 24
          }
        ]
      },
      {
        "insertions": 21,
        "deletions": 22,
        "date": "2019-10-17",
        "commitResults": [
          {
            "hash": "9b6dc8f98780920f38c2773132de66b3968a90a9",
            "messageTitle": "Edit storage",
            "messageBody": "",
            "insertions": 20,
            "deletions": 21
          },
          {
            "hash": "462836a152ac228615c1be256981ae8ae87d44ff",
            "messageTitle": "Update preferences",
            "messageBody": "",
            "insertions": 1,
            "deletions": 1
          }
        ]
      },
      {
        "insertions": 293,
        "deletions": 69,
        "date": "2019-10-21",
        "commitResults": [
          {
            "hash": "bb72f457e2dc9ff1db8a303ee91e5e7e066874d5",
            "messageTitle": "Update UI",
            "messageBody": "",
            "insertions": 103,
            "deletions": 13
          },
          {
            "hash": "f57de419b5ae8ec56403fb39fccca8303ab7f829",
            "messageTitle": "Add TaskDeadline",
            "messageBody": "",
            "insertions": 189,
            "deletions": 55
          },
          {
            "hash": "baa603e45300733262635026c627f2529cc89de7",
            "messageTitle": "Fix bug",
            "messageBody": "",
            "insertions": 1,
            "deletions": 1
          }
        ]
      },
      {
        "insertions": 465,
        "deletions": 355,
        "date": "2019-10-22",
        "commitResults": [
          {
            "hash": "98c338d63674d3bcb5fa3d65ea545d03ce880874",
            "messageTitle": "Enable adding task to corresponding day columns",
            "messageBody": "",
            "insertions": 281,
            "deletions": 142
          },
          {
            "hash": "be14bff914b51138494f22d0bc8cfafd6a4d9071",
            "messageTitle": "Update UI",
            "messageBody": "",
            "insertions": 44,
            "deletions": 169
          },
          {
            "hash": "471e6dfa8bb9c5c5cb09e305ffd5fabcace626e0",
            "messageTitle": "Update data",
            "messageBody": "",
            "insertions": 45,
            "deletions": 23
          },
          {
            "hash": "5ffa040a29a5d28a414690b07fd2a76d60527b2c",
            "messageTitle": "Add day label",
            "messageBody": "",
            "insertions": 84,
            "deletions": 10
          },
          {
            "hash": "ac65e80f620630c972d27f5f316630d78d2e9f73",
            "messageTitle": "Fix user stories",
            "messageBody": "",
            "insertions": 11,
            "deletions": 11
          }
        ]
      },
      {
        "insertions": 589,
        "deletions": 346,
        "date": "2019-10-23",
        "commitResults": [
          {
            "hash": "96f28daba53e43a3f69a4c685184417b6cde4e81",
            "messageTitle": "Fix UI not expanding when window size is changed",
            "messageBody": "",
            "insertions": 26,
            "deletions": 21
          },
          {
            "hash": "fd67324e047165e99ba906be470265e8d2ac3bad",
            "messageTitle": "Update UserGuide",
            "messageBody": "",
            "insertions": 103,
            "deletions": 46
          },
          {
            "hash": "00113bc8e344c52960b78605834939188b2086e4",
            "messageTitle": "Add go to next/previous week implementation to DeveloperGuide",
            "messageBody": "",
            "insertions": 25,
            "deletions": 5
          },
          {
            "hash": "15990fae438939c5af41f06e4badc2e44648be38",
            "messageTitle": "Change TaskPlace into TaskTime",
            "messageBody": "",
            "insertions": 268,
            "deletions": 260
          },
          {
            "hash": "e94647511c549f910768f80050e61e07d352392e",
            "messageTitle": "Add tests",
            "messageBody": "",
            "insertions": 167,
            "deletions": 14
          }
        ]
      },
      {
        "insertions": 518,
        "deletions": 188,
        "date": "2019-10-27",
        "commitResults": [
          {
            "hash": "c8d47cec505d86d57a7fa19dfc737a9026c5a915",
            "messageTitle": "Sort by deadline",
            "messageBody": "",
            "insertions": 200,
            "deletions": 29
          },
          {
            "hash": "3d89d7ca09da211c4615bf285ea659c08c13b52f",
            "messageTitle": "Fix EditCommand",
            "messageBody": "",
            "insertions": 25,
            "deletions": 3
          },
          {
            "hash": "54e744e8e14d0238483edc4891f3d3fda652dfe1",
            "messageTitle": "Fix checkstyle",
            "messageBody": "",
            "insertions": 31,
            "deletions": 65
          },
          {
            "hash": "8cf858a8c559b4b36c287c084f1305480a816cbb",
            "messageTitle": "Sort by title",
            "messageBody": "",
            "insertions": 41,
            "deletions": 28
          },
          {
            "hash": "3aa2efa8ee1e1d325a01da36ce43a755a39e58d7",
            "messageTitle": "Fix sample data",
            "messageBody": "",
            "insertions": 25,
            "deletions": 25
          },
          {
            "hash": "3169fa0731c81bde30b030285e78d4e1a914dac5",
            "messageTitle": "Add week switching",
            "messageBody": "",
            "insertions": 120,
            "deletions": 25
          },
          {
            "hash": "3f7d9dfbc8406c7fd48019c2a550432d023ca2d7",
            "messageTitle": "Add DeleteWeekCommand",
            "messageBody": "",
            "insertions": 65,
            "deletions": 0
          },
          {
            "hash": "171aaf51f0a848123327d5249e3114cd612249a3",
            "messageTitle": "Update exception messages",
            "messageBody": "",
            "insertions": 11,
            "deletions": 13
          }
        ]
      },
      {
        "insertions": 518,
        "deletions": 79,
        "date": "2019-10-28",
        "commitResults": [
          {
            "hash": "3076ff5c62d210766746823213677a2789d02b4c",
            "messageTitle": "Add sorting by time",
            "messageBody": "",
            "insertions": 39,
            "deletions": 9
          },
          {
            "hash": "76c71922ad49a9fcba915365921948800340d62b",
            "messageTitle": "Add ModuleTask",
            "messageBody": "",
            "insertions": 74,
            "deletions": 13
          },
          {
            "hash": "83595f485eccb9835611d8db2ee6aad555afc2cc",
            "messageTitle": "Add persistent modules",
            "messageBody": "",
            "insertions": 177,
            "deletions": 10
          },
          {
            "hash": "6b00bb5f3b8122f9078004aa1ef0b8dc26b0f9a3",
            "messageTitle": "Fix EditCommand to support module task",
            "messageBody": "",
            "insertions": 9,
            "deletions": 1
          },
          {
            "hash": "bcd74d6ee55dd8a7eb5617afde09739946d33015",
            "messageTitle": "Fix ClearWeek",
            "messageBody": "",
            "insertions": 2,
            "deletions": 2
          },
          {
            "hash": "692b02e14e8f8fecd58b69a0ee19fe67e7d32406",
            "messageTitle": "Add fxml file for ModuleTask",
            "messageBody": "",
            "insertions": 125,
            "deletions": 2
          },
          {
            "hash": "7831c21a195bddffd072fbbe3a1372dafba51695",
            "messageTitle": "Update css",
            "messageBody": "",
            "insertions": 29,
            "deletions": 4
          },
          {
            "hash": "f464ef816fffd5ed65ee7f8e9f320b9063b4ba85",
            "messageTitle": "Update css",
            "messageBody": "",
            "insertions": 56,
            "deletions": 24
          },
          {
            "hash": "9031c899feada78347c14f5b630b237bb7a0dd3f",
            "messageTitle": "Remove days from calendar panel list",
            "messageBody": "",
            "insertions": 7,
            "deletions": 14
          }
        ]
      },
      {
        "insertions": 579,
        "deletions": 244,
        "date": "2019-10-29",
        "commitResults": [
          {
            "hash": "6001c41bb4ee11a4a9e873d7698677840df3e78b",
            "messageTitle": "Update CalendarWindow",
            "messageBody": "",
            "insertions": 14,
            "deletions": 12
          },
          {
            "hash": "ca9f08a6a0858afce74138f5cbc3605198f2af73",
            "messageTitle": "Fix AddModCommand",
            "messageBody": "",
            "insertions": 4,
            "deletions": 5
          },
          {
            "hash": "8ecb78cf7ea205d4a2d524f6a5da6e72bf9ab3e0",
            "messageTitle": "Update GuiSettings",
            "messageBody": "",
            "insertions": 7,
            "deletions": 14
          },
          {
            "hash": "80907f189369af815bf4679e76d084c03deba090",
            "messageTitle": "Add tests",
            "messageBody": "",
            "insertions": 126,
            "deletions": 11
          },
          {
            "hash": "4ac094844cbbd7642771f3fa699c9b66d578c310",
            "messageTitle": "Update UserGuide",
            "messageBody": "",
            "insertions": 57,
            "deletions": 51
          },
          {
            "hash": "403dd8b13c96dc70ea094a0b4e8f79e21d49e804",
            "messageTitle": "Finalize UserGuide",
            "messageBody": "",
            "insertions": 3,
            "deletions": 3
          },
          {
            "hash": "b0cec0a8480f24a25294df6d6e644a25e74e792e",
            "messageTitle": "Fix commands header documentation",
            "messageBody": "",
            "insertions": 29,
            "deletions": 67
          },
          {
            "hash": "c2d6fc2d836981a249440665b13b433685c2d28a",
            "messageTitle": "Create calendar puml files",
            "messageBody": "",
            "insertions": 102,
            "deletions": 24
          },
          {
            "hash": "a94c46655b8989db6dae849b69d7c0c2e60f64ff",
            "messageTitle": "Update Developer Guide",
            "messageBody": "",
            "insertions": 3,
            "deletions": 3
          },
          {
            "hash": "4eb2ae6b5a0ddfde1eaa274f1327d14f65193667",
            "messageTitle": "Update index.adoc",
            "messageBody": "",
            "insertions": 229,
            "deletions": 53
          },
          {
            "hash": "5629d4d72bb05ae73cdaaa8ab3d2df759fa9e7fd",
            "messageTitle": "Fix checkstyle",
            "messageBody": "",
            "insertions": 5,
            "deletions": 1
          }
        ]
      },
      {
        "insertions": 30,
        "deletions": 30,
        "date": "2019-10-30",
        "commitResults": [
          {
            "hash": "605a366b74aab9b8a635ad4be4d9888a790629b5",
            "messageTitle": "Fix sequence diagram",
            "messageBody": "",
            "insertions": 30,
            "deletions": 30
          }
        ]
      },
      {
        "insertions": 3234,
        "deletions": 2863,
        "date": "2019-11-02",
        "commitResults": [
          {
            "hash": "ef8ce8baaacc0a6b712c250d39361b6bdb281901",
            "messageTitle": "Enable commons test cases",
            "messageBody": "",
            "insertions": 569,
            "deletions": 568
          },
          {
            "hash": "d92c1414a3c6b1bd2c0001f1dc568d3eead0125d",
            "messageTitle": "Add calendar testutil",
            "messageBody": "",
            "insertions": 521,
            "deletions": 378
          },
          {
            "hash": "423f2178d69cad12b9b6372394b41a340980a550",
            "messageTitle": "Add command tests",
            "messageBody": "",
            "insertions": 800,
            "deletions": 723
          },
          {
            "hash": "70ecc68f6a065d5822462f92ff8be44367a798a0",
            "messageTitle": "Add storage tests",
            "messageBody": "",
            "insertions": 500,
            "deletions": 328
          },
          {
            "hash": "c93eaf569f6bf7ee048c0839716bfed4dbb73bbb",
            "messageTitle": "Add more storage test",
            "messageBody": "",
            "insertions": 130,
            "deletions": 110
          },
          {
            "hash": "888654980653871db1db83a0c57b4ced150b9fcc",
            "messageTitle": "Add parser tests",
            "messageBody": "",
            "insertions": 705,
            "deletions": 745
          },
          {
            "hash": "8c867a5f2fe24a1e1004b69c38e2efad6020be60",
            "messageTitle": "Fix bugs",
            "messageBody": "",
            "insertions": 9,
            "deletions": 11
          }
        ]
      },
      {
        "insertions": 555,
        "deletions": 438,
        "date": "2019-11-03",
        "commitResults": [
          {
            "hash": "dd1f17530c944713e058805770f4546366a13350",
            "messageTitle": "Create adoc file for PPP",
            "messageBody": "",
            "insertions": 74,
            "deletions": 2
          },
          {
            "hash": "2f42a05a7f24ecc7199d6165e2ab17eb1f4111ad",
            "messageTitle": "Update DeveloperGuide.adoc",
            "messageBody": "",
            "insertions": 61,
            "deletions": 31
          },
          {
            "hash": "ce5ce8b68dd27251a464afa5fba96aec0585aa8a",
            "messageTitle": "Update UI",
            "messageBody": "",
            "insertions": 12,
            "deletions": 13
          },
          {
            "hash": "726dd5e8d0fa6e0c6573613d213a8511538d1892",
            "messageTitle": "Add test for EditCommandParser",
            "messageBody": "",
            "insertions": 224,
            "deletions": 222
          },
          {
            "hash": "7f4145e2ff68b3dc68a9dde10afcd6983f700389",
            "messageTitle": "Add diagrams to Developer Guide",
            "messageBody": "",
            "insertions": 19,
            "deletions": 4
          },
          {
            "hash": "079240e3b68b7e93ad3f3fd3292c8a1980b50d6c",
            "messageTitle": "Enable FindCommand",
            "messageBody": "",
            "insertions": 43,
            "deletions": 44
          },
          {
            "hash": "a66c1bfd4af9804444bbe96ece866087cfdf9462",
            "messageTitle": "Add tests for FindCommand",
            "messageBody": "",
            "insertions": 122,
            "deletions": 122
          }
        ]
      },
      {
        "insertions": 4,
        "deletions": 554,
        "date": "2019-11-07",
        "commitResults": [
          {
            "hash": "5def6b11ab2444530150df42b3966b6f02b48f3e",
            "messageTitle": "Remove unused tests",
            "messageBody": "",
            "insertions": 4,
            "deletions": 554
          }
        ]
      },
      {
        "insertions": 68,
        "deletions": 109,
        "date": "2019-11-08",
        "commitResults": [
          {
            "hash": "b113652889b927327bc19c16409c3bf9c0b4e0b8",
            "messageTitle": "Update PPP",
            "messageBody": "",
            "insertions": 34,
            "deletions": 31
          },
          {
            "hash": "ba0a7c559cb685bbc5cc68c349448f3a64ab440f",
            "messageTitle": "Fix sample data",
            "messageBody": "",
            "insertions": 34,
            "deletions": 78
          }
        ]
      },
      {
        "insertions": 14,
        "deletions": 86,
        "date": "2019-11-09",
        "commitResults": [
          {
            "hash": "4054b1dda2113f9bc3be735511e8e343b5000b44",
            "messageTitle": "Fix descriptions",
            "messageBody": "",
            "insertions": 14,
            "deletions": 86
          }
        ]
      },
      {
        "insertions": 51,
        "deletions": 18,
        "date": "2019-11-10",
        "commitResults": [
          {
            "hash": "0ee8e7d0707490acf4071098fa508ea2941998a8",
            "messageTitle": "Update UI",
            "messageBody": "",
            "insertions": 47,
            "deletions": 16
          },
          {
            "hash": "4b9182189601f99445ed7b68f14b8ebc745ba1ea",
            "messageTitle": "Update UI",
            "messageBody": "",
            "insertions": 2,
            "deletions": 0
          },
          {
            "hash": "c001b836f678f20ee0ff2abbb09a00d098216f9c",
            "messageTitle": "Fix switch bug",
            "messageBody": "",
            "insertions": 2,
            "deletions": 2
          }
        ]
      }
    ],
    "tuandingwei": [
      {
        "insertions": 5,
        "deletions": 1,
        "date": "2019-09-26",
        "commitResults": [
          {
            "hash": "50e85d42ef81844fe5f388ad75cb55fe6b54629b",
            "messageTitle": "Update ContactUs.adoc",
            "messageBody": "",
            "insertions": 5,
            "deletions": 1
          }
        ]
      },
      {
        "insertions": 15,
        "deletions": 9,
        "date": "2019-09-30",
        "commitResults": [
          {
            "hash": "ab59592100e627fe2115585c2ea702a08a51fa3d",
            "messageTitle": "Update ContactUs.adoc",
            "messageBody": "",
            "insertions": 11,
            "deletions": 2
          },
          {
            "hash": "32fc98066f7bc662c92326956be15bcd4a4cf3b3",
            "messageTitle": "Update ContactUs.adoc",
            "messageBody": "",
            "insertions": 1,
            "deletions": 1
          },
          {
            "hash": "b13b13c2e1eeef7eb50c598679f740b08f342816",
            "messageTitle": "Update ContactUs.adoc",
            "messageBody": "",
            "insertions": 0,
            "deletions": 3
          },
          {
            "hash": "8bc1934b177656f5c2d70ba7b8a7d2b6b3d418ae",
            "messageTitle": "Update ContactUs.adoc",
            "messageBody": "",
            "insertions": 3,
            "deletions": 3
          }
        ]
      },
      {
        "insertions": 76,
        "deletions": 14,
        "date": "2019-10-07",
        "commitResults": [
          {
            "hash": "323d60864afb37dbdf37db3f7d18a3cf0b668a34",
            "messageTitle": "Update UserGuide",
            "messageBody": "",
            "insertions": 66,
            "deletions": 4
          },
          {
            "hash": "3006ebe17d71ac860720a4514e4a2683a63ab367",
            "messageTitle": "Update UserGuide",
            "messageBody": "",
            "insertions": 10,
            "deletions": 10
          }
        ]
      },
      {
        "insertions": 29,
        "deletions": 0,
        "date": "2019-10-09",
        "commitResults": [
          {
            "hash": "f5eeca334729f4c9f0791075fe9f5401b3b67e77",
            "messageTitle": "Add Module class",
            "messageBody": "",
            "insertions": 29,
            "deletions": 0
          }
        ]
      },
      {
        "insertions": 12,
        "deletions": 0,
        "date": "2019-10-10",
        "commitResults": [
          {
            "hash": "a2ed8ca38858abe5a6197a77a42520eb321e41cd",
            "messageTitle": "Add javadoc comment",
            "messageBody": "",
            "insertions": 12,
            "deletions": 0
          }
        ]
      },
      {
        "insertions": 7117,
        "deletions": 281,
        "date": "2019-10-14",
        "commitResults": [
          {
            "hash": "25746dfbdc7423ac50cfbd55abca6e312c657a63",
            "messageTitle": "Add cap packages",
            "messageBody": "",
            "insertions": 6738,
            "deletions": 2
          },
          {
            "hash": "945ed7abe5a0645fa10bee1c8ce9e7118974613c",
            "messageTitle": "Fix bug",
            "messageBody": "",
            "insertions": 137,
            "deletions": 58
          },
          {
            "hash": "f3820eaf14b287e35314fa577fe19ed5f8269146",
            "messageTitle": "Fix issue with import orders",
            "messageBody": "",
            "insertions": 196,
            "deletions": 179
          },
          {
            "hash": "506c321b923cbd9c4fe1359c0e58fbac779978bc",
            "messageTitle": "Fix issue with import orders",
            "messageBody": "",
            "insertions": 13,
            "deletions": 9
          },
          {
            "hash": "fe2ed2f5a8f25282276c7ee236cd6794474587fb",
            "messageTitle": "Fix issue with import orders",
            "messageBody": "",
            "insertions": 20,
            "deletions": 20
          },
          {
            "hash": "67471f4d5347cc16cfa0d678bb99fc9c5f5f98d5",
            "messageTitle": "Fix issue with import orders",
            "messageBody": "",
            "insertions": 13,
            "deletions": 13
          }
        ]
      },
      {
        "insertions": 923,
        "deletions": 1107,
        "date": "2019-10-15",
        "commitResults": [
          {
            "hash": "8132d8e4c965db5d6c068097af47aa8e149ce9f8",
            "messageTitle": "Implement Module class",
            "messageBody": "",
            "insertions": 73,
            "deletions": 6
          },
          {
            "hash": "15f14e4f0a2c5b9d6c31abbc8bbfe0abc6a31310",
            "messageTitle": "Provide support for Add command",
            "messageBody": "",
            "insertions": 766,
            "deletions": 933
          },
          {
            "hash": "f047fd3d85dc85386965b5d75ba409743a458b76",
            "messageTitle": "Fix newline at EOF",
            "messageBody": "",
            "insertions": 84,
            "deletions": 84
          },
          {
            "hash": "157263763dc6ce1d94154a2e2abaefa6d9bb151e",
            "messageTitle": "Fix newline at EOF",
            "messageBody": "",
            "insertions": 0,
            "deletions": 84
          }
        ]
      },
      {
        "insertions": 227,
        "deletions": 77,
        "date": "2019-10-17",
        "commitResults": [
          {
            "hash": "0363bbe8feff99d6f48c3ac7752535f011bc7bac",
            "messageTitle": "Fix switch for cap",
            "messageBody": "",
            "insertions": 164,
            "deletions": 72
          },
          {
            "hash": "7feee910d3ab70b0f68b016c2e4b5d32ef944e5a",
            "messageTitle": "Fix import orders",
            "messageBody": "",
            "insertions": 2,
            "deletions": 2
          },
          {
            "hash": "e2de2ee203c3659a62aed46d1835b50fe4a0b346",
            "messageTitle": "FIx ui bug",
            "messageBody": "",
            "insertions": 61,
            "deletions": 3
          }
        ]
      },
      {
        "insertions": 68,
        "deletions": 64,
        "date": "2019-10-18",
        "commitResults": [
          {
            "hash": "a74e6602b9b89ac6d523c73dfb8f71a31277f586",
            "messageTitle": "Fix bug in add command",
            "messageBody": "",
            "insertions": 6,
            "deletions": 2
          },
          {
            "hash": "55625915bf1957c10775e9f69c176fb5671df186",
            "messageTitle": "Refract codes",
            "messageBody": "",
            "insertions": 61,
            "deletions": 61
          },
          {
            "hash": "d5f0ad397b749a04ca9ff02df1d368a52e5a5c44",
            "messageTitle": "Fix trailing white line",
            "messageBody": "",
            "insertions": 1,
            "deletions": 1
          }
        ]
      },
      {
        "insertions": 291,
        "deletions": 138,
        "date": "2019-10-19",
        "commitResults": [
          {
            "hash": "df0df15fef8f23adfea11d07e46e8d11eb3b511b",
            "messageTitle": "Add grade implementation",
            "messageBody": "",
            "insertions": 291,
            "deletions": 138
          }
        ]
      },
      {
        "insertions": 1188,
        "deletions": 315,
        "date": "2019-10-24",
        "commitResults": [
          {
            "hash": "be9b13d4c42a2709a6c9fea36a739db827c1be53",
            "messageTitle": "Enhance listings in semester",
            "messageBody": "",
            "insertions": 1024,
            "deletions": 231
          },
          {
            "hash": "2e29c3eca2944608b69b269bee1d863121cd9252",
            "messageTitle": "Comply to Checkstyle",
            "messageBody": "",
            "insertions": 103,
            "deletions": 83
          },
          {
            "hash": "f7cf1473d3e94fe7d2c803775a83c00e8f4f28df",
            "messageTitle": "Implement module code test case",
            "messageBody": "",
            "insertions": 61,
            "deletions": 1
          }
        ]
      },
      {
        "insertions": 383,
        "deletions": 521,
        "date": "2019-10-26",
        "commitResults": [
          {
            "hash": "33c0365b93d613756021898eebe526b064256dbb",
            "messageTitle": "Support cap calculation",
            "messageBody": "",
            "insertions": 201,
            "deletions": 23
          },
          {
            "hash": "af209a02bfb7fc9e9b341947175d786b8a1ffa03",
            "messageTitle": "Add test for faculty class",
            "messageBody": "",
            "insertions": 107,
            "deletions": 447
          },
          {
            "hash": "e399780572206d658392bb61662939924b2eaf02",
            "messageTitle": "Fix checkstyle",
            "messageBody": "",
            "insertions": 10,
            "deletions": 10
          },
          {
            "hash": "4efd59cd640d263223c4b1ef37a04116bd247390",
            "messageTitle": "Update find command",
            "messageBody": "",
            "insertions": 64,
            "deletions": 40
          },
          {
            "hash": "ed6d607bdd4517476275a0bcc4dcc40af3c922bd",
            "messageTitle": "Fix for checkstyle",
            "messageBody": "",
            "insertions": 1,
            "deletions": 1
          }
        ]
      },
      {
        "insertions": 254,
        "deletions": 55,
        "date": "2019-10-27",
        "commitResults": [
          {
            "hash": "2794b300e8e12c64459f9b258b1e11a2b94b8b41",
            "messageTitle": "Add pie chart for grades",
            "messageBody": "",
            "insertions": 106,
            "deletions": 16
          },
          {
            "hash": "f1aca39e2e1911b29c0e55ad780a292a40715b1e",
            "messageTitle": "Add test for Title",
            "messageBody": "",
            "insertions": 87,
            "deletions": 0
          },
          {
            "hash": "943be39604944a84106ecf49e7c8e865d8a69cf8",
            "messageTitle": "Fix for checkstyle",
            "messageBody": "",
            "insertions": 11,
            "deletions": 7
          },
          {
            "hash": "a3f7900e3bb2a77743ab7ef633202eadf63cfbd0",
            "messageTitle": "Fix for checkstyle",
            "messageBody": "",
            "insertions": 5,
            "deletions": 3
          },
          {
            "hash": "b12d05b0d48d3dc0ddc30588e922d8c08d10930e",
            "messageTitle": "Add cumulative modular credit display",
            "messageBody": "",
            "insertions": 45,
            "deletions": 29
          }
        ]
      },
      {
        "insertions": 55,
        "deletions": 183,
        "date": "2019-10-29",
        "commitResults": [
          {
            "hash": "1d7af0223f949f6d309deacb4aebe16d2e0626f2",
            "messageTitle": "Add CapModelClassDiagram for developer guide",
            "messageBody": "",
            "insertions": 40,
            "deletions": 108
          },
          {
            "hash": "90ae15da4e5cd2589314b8b829342c6b4934e4a4",
            "messageTitle": "Update Architecture diagram in developer guide",
            "messageBody": "",
            "insertions": 9,
            "deletions": 10
          },
          {
            "hash": "8aef56763e1e96fadea8668b91c88e00acb04b50",
            "messageTitle": "Update CapModelClass diagram for developer guide",
            "messageBody": "",
            "insertions": 5,
            "deletions": 3
          },
          {
            "hash": "1dfd9ad60454e9d7f32b88abc7d58a24e41c465a",
            "messageTitle": "Remove Tag and JsonAdaptedTag class",
            "messageBody": "",
            "insertions": 0,
            "deletions": 48
          },
          {
            "hash": "45861e70cad3787dd80aa13e487c6231ac3f7090",
            "messageTitle": "Refract to remove tag related variables",
            "messageBody": "",
            "insertions": 1,
            "deletions": 14
          }
        ]
      },
      {
        "insertions": 182,
        "deletions": 100,
        "date": "2019-10-30",
        "commitResults": [
          {
            "hash": "c7279f443b4f0bf9a670201bd4f959cc73ba8e80",
            "messageTitle": "Debug the code and improve UI",
            "messageBody": "",
            "insertions": 81,
            "deletions": 97
          },
          {
            "hash": "ada4a0aa012cc76fd7d86b6fe42728b785dc2db3",
            "messageTitle": "Correct FacultyTest",
            "messageBody": "",
            "insertions": 0,
            "deletions": 1
          },
          {
            "hash": "1c2872055c52c83834ad7588c34ff02be8a8b49b",
            "messageTitle": "Add test case for SemesterPeriod class",
            "messageBody": "",
            "insertions": 101,
            "deletions": 2
          }
        ]
      },
      {
        "insertions": 4,
        "deletions": 4,
        "date": "2019-10-31",
        "commitResults": [
          {
            "hash": "24896cc30f838e487e77272b7ebe0e6ff45c5920",
            "messageTitle": "Remove print statements",
            "messageBody": "",
            "insertions": 1,
            "deletions": 2
          },
          {
            "hash": "5d088c8972f001ada521baba0ebae61c2c7a51ea",
            "messageTitle": "Update command box UI",
            "messageBody": "",
            "insertions": 3,
            "deletions": 2
          }
        ]
      },
      {
        "insertions": 865,
        "deletions": 148,
        "date": "2019-11-02",
        "commitResults": [
          {
            "hash": "5c0995af243fe3fe00c64b012fd0d7e418f98cd2",
            "messageTitle": "Add support for achievement badge and degree classification",
            "messageBody": "",
            "insertions": 667,
            "deletions": 82
          },
          {
            "hash": "a8e7f21c44ae10961cdad2ab879a0c9a2f7ef000",
            "messageTitle": "Fix bugs",
            "messageBody": "",
            "insertions": 74,
            "deletions": 27
          },
          {
            "hash": "79b91e73918e6d85c8a96c6b08df661f36271fff",
            "messageTitle": "Make edits for CheckStyle test",
            "messageBody": "",
            "insertions": 124,
            "deletions": 39
          }
        ]
      },
      {
        "insertions": 3,
        "deletions": 4,
        "date": "2019-11-03",
        "commitResults": [
          {
            "hash": "1d4826e57347b89b89741dd92870504344dd32de",
            "messageTitle": "Fix bug with reading Json file",
            "messageBody": "",
            "insertions": 3,
            "deletions": 4
          }
        ]
      },
      {
        "insertions": 1250,
        "deletions": 912,
        "date": "2019-11-05",
        "commitResults": [
          {
            "hash": "f44ffd31ec781ba5ee1a61700685f6d19e395053",
            "messageTitle": "Add test for DeleteCommand",
            "messageBody": "",
            "insertions": 389,
            "deletions": 183
          },
          {
            "hash": "4785b301a83ef1991d5e7c62e938a9bf4388f64d",
            "messageTitle": "Add test for AddCommandIntegration",
            "messageBody": "",
            "insertions": 72,
            "deletions": 68
          },
          {
            "hash": "50fab63fdbf80b0424ba838ac5e300bbd3662b59",
            "messageTitle": "Add test and model stub for AddCommand",
            "messageBody": "",
            "insertions": 278,
            "deletions": 196
          },
          {
            "hash": "8cac16b408b4c4d2555165e8a3300ce3bfc8c81c",
            "messageTitle": "Add test for clear command",
            "messageBody": "",
            "insertions": 33,
            "deletions": 30
          },
          {
            "hash": "4a8ffd944decc3a84126e5cb1e4be3ce2ca90d19",
            "messageTitle": "Add test for exit command",
            "messageBody": "",
            "insertions": 80,
            "deletions": 79
          },
          {
            "hash": "95547a1951596e3538f18b21f60d265ac4ab2978",
            "messageTitle": "Add test for find command",
            "messageBody": "",
            "insertions": 82,
            "deletions": 84
          },
          {
            "hash": "1664cf4ba927cfd3bc9d48e0689445e923941b4a",
            "messageTitle": "Add test for help command",
            "messageBody": "",
            "insertions": 23,
            "deletions": 21
          },
          {
            "hash": "8e069eec526276c93cf11fe56aa93c7e531748d3",
            "messageTitle": "Fix for checkstyle",
            "messageBody": "",
            "insertions": 118,
            "deletions": 121
          },
          {
            "hash": "721b1bc33034709bc8db2ee9f574e9c7934592dc",
            "messageTitle": "Fix code for checkstyle",
            "messageBody": "",
            "insertions": 1,
            "deletions": 1
          },
          {
            "hash": "1540ac796676eae90b2e877e824e5ff5295c9633",
            "messageTitle": "Fix bug",
            "messageBody": "",
            "insertions": 14,
            "deletions": 14
          },
          {
            "hash": "8c08890dc71c1379177104eb381f2ed9994a2953",
            "messageTitle": "Update User Guide",
            "messageBody": "",
            "insertions": 7,
            "deletions": 13
          },
          {
            "hash": "667b5f175be697b57da33c9f86b10f2b328387cd",
            "messageTitle": "Correct announcement mistake",
            "messageBody": "",
            "insertions": 2,
            "deletions": 2
          },
          {
            "hash": "9666f85e42ce6bac0b7ef469f563c195419a740c",
            "messageTitle": "Enhance the validity check on AcademicYear",
            "messageBody": "",
            "insertions": 19,
            "deletions": 18
          },
          {
            "hash": "571f3ef56ae56fe10f9719b107671c2088971883",
            "messageTitle": "Enhance code quality by adding logging and exceptions",
            "messageBody": "",
            "insertions": 119,
            "deletions": 69
          },
          {
            "hash": "1b254e0ded998d5f086804276117ee4dc769ef0e",
            "messageTitle": "Update capLogFilePath",
            "messageBody": "",
            "insertions": 13,
            "deletions": 13
          }
        ]
      },
      {
        "insertions": 12,
        "deletions": 12,
        "date": "2019-11-06",
        "commitResults": [
          {
            "hash": "e2bb2b0975417efccc7b7cd3414b3d84dfe0991d",
            "messageTitle": "Fix resizing issue with cap tracker window",
            "messageBody": "",
            "insertions": 12,
            "deletions": 12
          }
        ]
      },
      {
        "insertions": 86,
        "deletions": 6,
        "date": "2019-11-07",
        "commitResults": [
          {
            "hash": "f99eea471de35abdaca7f3b100fad77079ad5b36",
            "messageTitle": "Fix resizing issue",
            "messageBody": "",
            "insertions": 86,
            "deletions": 6
          }
        ]
      },
      {
        "insertions": 374,
        "deletions": 474,
        "date": "2019-11-09",
        "commitResults": [
          {
            "hash": "6b9d07b0d79b53b478e0f6151a10157069475c25",
            "messageTitle": "Fix bugs in UI response to commands",
            "messageBody": "",
            "insertions": 58,
            "deletions": 34
          },
          {
            "hash": "730dbfd8bcbdaedf281c5d3c45daffa5d2302b99",
            "messageTitle": "Update UI and fix resizing issues",
            "messageBody": "",
            "insertions": 21,
            "deletions": 23
          },
          {
            "hash": "37768b2f7b1580ead59a9bc98da5db845c314c77",
            "messageTitle": "Remove description field in module",
            "messageBody": "",
            "insertions": 100,
            "deletions": 131
          },
          {
            "hash": "f40e4fe6d861172b26f728289dd77269b0c0c8d6",
            "messageTitle": "Update PPP",
            "messageBody": "",
            "insertions": 9,
            "deletions": 12
          },
          {
            "hash": "1f706d1849a97d2ebb788b300867969f7f31f30d",
            "messageTitle": "Update PPP",
            "messageBody": "",
            "insertions": 3,
            "deletions": 10
          },
          {
            "hash": "de6b362432cb4e7d748bd75bcc3c1c60f942f710",
            "messageTitle": "Enhance find command",
            "messageBody": "",
            "insertions": 3,
            "deletions": 75
          },
          {
            "hash": "15def48440412ada58f9fe9967a08094e122f91b",
            "messageTitle": "Update user guide",
            "messageBody": "",
            "insertions": 15,
            "deletions": 14
          },
          {
            "hash": "52a56d33f3ed7e37f28b5dbb5b5b91c8ca64b160",
            "messageTitle": "Overhaul the User Interface",
            "messageBody": "",
            "insertions": 130,
            "deletions": 166
          },
          {
            "hash": "83fd36658371bec8e473f397e0fff75dfcea9325",
            "messageTitle": "Update PPP",
            "messageBody": "",
            "insertions": 9,
            "deletions": 7
          },
          {
            "hash": "fb4f702c0bb054697826c3e7de0cd4fcc246df1e",
            "messageTitle": "Fix bug in AppUtilTest",
            "messageBody": "",
            "insertions": 5,
            "deletions": 1
          },
          {
            "hash": "bbbb4b246a9392a10e98e5dfb9b94ad44b95003e",
            "messageTitle": "Add list command",
            "messageBody": "",
            "insertions": 21,
            "deletions": 1
          }
        ]
      },
      {
        "insertions": 458,
        "deletions": 557,
        "date": "2019-11-10",
        "commitResults": [
          {
            "hash": "c234ac12b047dc39e16e658424e443f06c84226f",
            "messageTitle": "Add test cases",
            "messageBody": "",
            "insertions": 458,
            "deletions": 557
          }
        ]
      }
    ],
    "victorvic54": [
      {
        "insertions": 2,
        "deletions": 2,
        "date": "2019-09-12",
        "commitResults": [
          {
            "hash": "9f72861ec6eaac35d3fa8a58eb71e721b23a5f5f",
            "messageTitle": "Updates and add travis to README.adoc",
            "messageBody": "",
            "insertions": 2,
            "deletions": 2
          }
        ]
      },
      {
        "insertions": 25,
        "deletions": 33,
        "date": "2019-09-25",
        "commitResults": [
          {
            "hash": "b5bb19818b9d243b4019b30624e035b41f5e9aa2",
            "messageTitle": "Removing unused tool and badge",
            "messageBody": "",
            "insertions": 1,
            "deletions": 4
          },
          {
            "hash": "e27f3c7fa9b44fdbc04be5925a96e124c7e9a5a0",
            "messageTitle": "Updating partial data in AboutUs",
            "messageBody": "",
            "insertions": 23,
            "deletions": 29
          },
          {
            "hash": "f5cbdc55589f335a5a0741bc711f8805d47bdace",
            "messageTitle": "Fixing the github pages in parent repository",
            "messageBody": "",
            "insertions": 1,
            "deletions": 0
          }
        ]
      },
      {
        "insertions": 1,
        "deletions": 1,
        "date": "2019-10-02",
        "commitResults": [
          {
            "hash": "8b1bf3fe637058cc53d7d41b21b748294d532760",
            "messageTitle": "Triggerring Travis to update gh-pages",
            "messageBody": "",
            "insertions": 1,
            "deletions": 1
          }
        ]
      },
      {
        "insertions": 1,
        "deletions": 1,
        "date": "2019-10-03",
        "commitResults": [
          {
            "hash": "ec27009a25e47e19f3a003cd2260835b8b67d067",
            "messageTitle": "Changing url link from http to https",
            "messageBody": "",
            "insertions": 1,
            "deletions": 1
          }
        ]
      },
      {
        "insertions": 124,
        "deletions": 11,
        "date": "2019-10-09",
        "commitResults": [
          {
            "hash": "8c783f8140540f388d433e657cde44348eeed146",
            "messageTitle": "Updating the User Guide and some designs",
            "messageBody": "",
            "insertions": 122,
            "deletions": 9
          },
          {
            "hash": "71e760313e6a1a312ebfe840f77d5aa3469d9219",
            "messageTitle": "Update typos",
            "messageBody": "",
            "insertions": 2,
            "deletions": 2
          }
        ]
      },
      {
        "insertions": 4308,
        "deletions": 0,
        "date": "2019-10-11",
        "commitResults": [
          {
            "hash": "856b5e9e054a1dec520481672458d070a13cdacb",
            "messageTitle": "First step of division of code",
            "messageBody": "",
            "insertions": 4308,
            "deletions": 0
          }
        ]
      },
      {
        "insertions": 2633,
        "deletions": 561,
        "date": "2019-10-12",
        "commitResults": [
          {
            "hash": "089e8db468ae3e4635b8e32a38892785280bc6f9",
            "messageTitle": "Integrate switching command for java code",
            "messageBody": "",
            "insertions": 307,
            "deletions": 558
          },
          {
            "hash": "b684e6f70220d0e63f0c50d10b11041b94493d91",
            "messageTitle": "Finish adding the testCases for Modulo",
            "messageBody": "",
            "insertions": 2326,
            "deletions": 2
          },
          {
            "hash": "c08d1449c70b4615dceba4abce900533963f92b3",
            "messageTitle": "Remove codacy badge for temporary",
            "messageBody": "",
            "insertions": 0,
            "deletions": 1
          }
        ]
      },
      {
        "insertions": 894,
        "deletions": 881,
        "date": "2019-10-13",
        "commitResults": [
          {
            "hash": "d80fe8221b1d4fe490d318de9ffaaf87e72f13c7",
            "messageTitle": "Refactoring current addressbook into suitable quiz format",
            "messageBody": "",
            "insertions": 571,
            "deletions": 541
          },
          {
            "hash": "bc224173ecf3c1a02c04d64c0ea654596a83372b",
            "messageTitle": "Updating the CRUD operation to quiz CRUD operation",
            "messageBody": "",
            "insertions": 309,
            "deletions": 325
          },
          {
            "hash": "872e7b8995741b4019f8ac5b5a999415cdfab330",
            "messageTitle": "Fixing checkstyleMain",
            "messageBody": "",
            "insertions": 14,
            "deletions": 15
          }
        ]
      },
      {
        "insertions": 160,
        "deletions": 13,
        "date": "2019-10-14",
        "commitResults": [
          {
            "hash": "2c759cb86b78b6861c9370e51c3f55bc060cccca",
            "messageTitle": "Improving find feature, finished version 1.2",
            "messageBody": "",
            "insertions": 160,
            "deletions": 13
          }
        ]
      },
      {
        "insertions": 45,
        "deletions": 25,
        "date": "2019-10-17",
        "commitResults": [
          {
            "hash": "61cafe3b3e950dda346bfa4b25796b8094d7bfdc",
            "messageTitle": "Update UI and sample data",
            "messageBody": "",
            "insertions": 45,
            "deletions": 25
          }
        ]
      },
      {
        "insertions": 1,
        "deletions": 0,
        "date": "2019-10-18",
        "commitResults": [
          {
            "hash": "1e811d8cc563772f1adcc5b8f8f429007cd5807c",
            "messageTitle": "Enable Coveralls",
            "messageBody": "",
            "insertions": 1,
            "deletions": 0
          }
        ]
      },
      {
        "insertions": 128,
        "deletions": 13,
        "date": "2019-10-21",
        "commitResults": [
          {
            "hash": "bb7ccecc590100eb2cf8f8f60ca6ac68b9213d0a",
            "messageTitle": "Editting the UI for modulo quiz",
            "messageBody": "",
            "insertions": 128,
            "deletions": 13
          }
        ]
      },
      {
        "insertions": 792,
        "deletions": 120,
        "date": "2019-10-22",
        "commitResults": [
          {
            "hash": "9d28be11020abb9ac7ee7c1f6464e9f21fc4eb2f",
            "messageTitle": "Enable show details command and Improvement in UI",
            "messageBody": "",
            "insertions": 354,
            "deletions": 78
          },
          {
            "hash": "a2cf69fde98f6ef5bd44dbd20fe1e7ca7f099253",
            "messageTitle": "Adding AddComment Command and Update UI",
            "messageBody": "",
            "insertions": 438,
            "deletions": 42
          }
        ]
      },
      {
        "insertions": 378,
        "deletions": 198,
        "date": "2019-10-23",
        "commitResults": [
          {
            "hash": "801d3a2e745b7416270491c12e09def48388723d",
            "messageTitle": "Major redesign on FXML",
            "messageBody": "",
            "insertions": 55,
            "deletions": 17
          },
          {
            "hash": "92ae88f9eef760ca128bdf8c865f129a17dd5158",
            "messageTitle": "Adding Hide/Show command for answer",
            "messageBody": "",
            "insertions": 143,
            "deletions": 14
          },
          {
            "hash": "20f08ec9ff098904c89739cef387255b2196cc02",
            "messageTitle": "Fix checkstyle except AvoidStarImport",
            "messageBody": "",
            "insertions": 36,
            "deletions": 49
          },
          {
            "hash": "e968fc9012f0019beee3024ac3b93c77ecf806b5",
            "messageTitle": "Update UserGuide for quiz",
            "messageBody": "",
            "insertions": 83,
            "deletions": 57
          },
          {
            "hash": "04e8e5aa79f4231ced533bbb9a45ab16f5e4591c",
            "messageTitle": "adding test cases",
            "messageBody": "",
            "insertions": 60,
            "deletions": 60
          },
          {
            "hash": "773082ff5d53887dc69ab178d6b02e7b30e43764",
            "messageTitle": "Edit Typo",
            "messageBody": "",
            "insertions": 1,
            "deletions": 1
          }
        ]
      },
      {
        "insertions": 414,
        "deletions": 88,
        "date": "2019-10-28",
        "commitResults": [
          {
            "hash": "4d2bf7f455dd1afdd2ba7b1042e4ff2144de825b",
            "messageTitle": "Update and adding edge cases exception handler",
            "messageBody": "",
            "insertions": 329,
            "deletions": 57
          },
          {
            "hash": "f5b9b015b22265f71e961e768ae4f0c39ca4d6e7",
            "messageTitle": "Adding hint for answer section",
            "messageBody": "",
            "insertions": 21,
            "deletions": 6
          },
          {
            "hash": "7f9168856a70dd6b7d4176e61390aae3ad417a9a",
            "messageTitle": "edit FXML for type control",
            "messageBody": "",
            "insertions": 64,
            "deletions": 25
          }
        ]
      },
      {
        "insertions": 600,
        "deletions": 395,
        "date": "2019-10-30",
        "commitResults": [
          {
            "hash": "b0c60382c47464018ef2bf6ef76bbeb8740ca4fb",
            "messageTitle": "fixing checkstyle",
            "messageBody": "",
            "insertions": 21,
            "deletions": 18
          },
          {
            "hash": "585bac34412fc5c8c07f41cb6f0f3707b07a1a9e",
            "messageTitle": "merging with master",
            "messageBody": "",
            "insertions": 39,
            "deletions": 0
          },
          {
            "hash": "ec9d9cd33f9d1f0cb177b42cf2b9e60b45aa9253",
            "messageTitle": "Fixing checkstyle to pass travis",
            "messageBody": "",
            "insertions": 156,
            "deletions": 151
          },
          {
            "hash": "bb5b5b9b23542a041525a05de8c68f1f184052b4",
            "messageTitle": "Fix checkstyle",
            "messageBody": "",
            "insertions": 1,
            "deletions": 1
          },
          {
            "hash": "ec91c6989ad020e07d150e4e9f9a884566bafecc",
            "messageTitle": "Update developer guide",
            "messageBody": "",
            "insertions": 181,
            "deletions": 135
          },
          {
            "hash": "4b7fc3d7ce9fb752f5a52e4340ee88fb6d6226b2",
            "messageTitle": "Update user guide for quiz",
            "messageBody": "",
            "insertions": 126,
            "deletions": 33
          },
          {
            "hash": "b69c9c6056c93f24a13ef3897040f9f6f818b22f",
            "messageTitle": "triggering Travis",
            "messageBody": "",
            "insertions": 1,
            "deletions": 1
          },
          {
            "hash": "31952f20cedb88ff7e7f0bfdb9e0f47970874288",
            "messageTitle": "fixing user guide style and switch command",
            "messageBody": "",
            "insertions": 54,
            "deletions": 35
          },
          {
            "hash": "66b43497a1a8e63783de75e2443f95d85e4b0c20",
            "messageTitle": "fixing coveralls",
            "messageBody": "",
            "insertions": 21,
            "deletions": 21
          }
        ]
      },
      {
        "insertions": 105,
        "deletions": 97,
        "date": "2019-11-04",
        "commitResults": [
          {
            "hash": "e7f0abb36e154ee2a743b50ddb0e27a5228a15dd",
            "messageTitle": "refactor code",
            "messageBody": "",
            "insertions": 88,
            "deletions": 86
          },
          {
            "hash": "cd2d12191c35e9a6cce232581171086651a4fdd8",
            "messageTitle": "refactor UI code",
            "messageBody": "",
            "insertions": 17,
            "deletions": 11
          }
        ]
      },
      {
        "insertions": 3295,
        "deletions": 3314,
        "date": "2019-11-06",
        "commitResults": [
          {
            "hash": "f4db774aff6f236874c723e8c94725a26c4c529b",
            "messageTitle": "Update developer guide",
            "messageBody": "",
            "insertions": 88,
            "deletions": 7
          },
          {
            "hash": "e79078c747496951c8b3ace5ce23e6630cd8628e",
            "messageTitle": "adding test cases",
            "messageBody": "",
            "insertions": 2934,
            "deletions": 2722
          },
          {
            "hash": "e6eb33052c00ae0ff6f164aa2fefbd9c65dd8362",
            "messageTitle": "Add test cases and fix checkstyle",
            "messageBody": "",
            "insertions": 172,
            "deletions": 579
          },
          {
            "hash": "33020f1b205c2512fb818c6f76f7616a77fe83c6",
            "messageTitle": "Trigger travis to run",
            "messageBody": "",
            "insertions": 1,
            "deletions": 0
          },
          {
            "hash": "c46f99bc2343472f0ecefcf3d20fb9f2ec0fc46a",
            "messageTitle": "Fix checkstyle (2)",
            "messageBody": "",
            "insertions": 1,
            "deletions": 1
          },
          {
            "hash": "b6128e76f2f8ca7aee44e3f94636279ddbe37dfa",
            "messageTitle": "Fix checkstyle(3)",
            "messageBody": "",
            "insertions": 10,
            "deletions": 5
          },
          {
            "hash": "2c2df4b83fda17c69bddda44235bf67d45b497d3",
            "messageTitle": "adding PPP",
            "messageBody": "",
            "insertions": 89,
            "deletions": 0
          }
        ]
      },
      {
        "insertions": 552,
        "deletions": 450,
        "date": "2019-11-08",
        "commitResults": [
          {
            "hash": "dafb4571539a50631aaf865dfb53b4b8fb46b4b3",
            "messageTitle": "Renaming files and methods, adding assertions and test cases",
            "messageBody": "",
            "insertions": 417,
            "deletions": 309
          },
          {
            "hash": "39d64139322f429a57ffefec6f01411672d26464",
            "messageTitle": "fixing checkstyle",
            "messageBody": "",
            "insertions": 15,
            "deletions": 18
          },
          {
            "hash": "73ebc2c9662dc582e9ea9342a8814ce3c1e9fcb6",
            "messageTitle": "update PPP",
            "messageBody": "",
            "insertions": 23,
            "deletions": 31
          },
          {
            "hash": "0a237863529d7fc865a7d677147d8eb8664f0078",
            "messageTitle": "update PPP (2)",
            "messageBody": "",
            "insertions": 9,
            "deletions": 22
          },
          {
            "hash": "d8446028b08ebf9cc824488ccf6205e2d7084dcf",
            "messageTitle": "update PPP(3)",
            "messageBody": "",
            "insertions": 11,
            "deletions": 14
          },
          {
            "hash": "15fb80862cd94c2eb1fa5fc50113bff60eb01f19",
            "messageTitle": "update PPP(4)",
            "messageBody": "",
            "insertions": 26,
            "deletions": 9
          },
          {
            "hash": "cd20251e90244b978e1068cee18836bf1d36012b",
            "messageTitle": "updates PPP(5)",
            "messageBody": "",
            "insertions": 17,
            "deletions": 10
          },
          {
            "hash": "723e723e39f8c6da6d331fb9883b815bf07935cd",
            "messageTitle": "updates PPP(6)",
            "messageBody": "",
            "insertions": 25,
            "deletions": 27
          },
          {
            "hash": "940ce5a59a7b6fdb00fdb3df937214bb255c43be",
            "messageTitle": "updates developer guide",
            "messageBody": "",
            "insertions": 9,
            "deletions": 10
          }
        ]
      },
      {
        "insertions": 461,
        "deletions": 15,
        "date": "2019-11-10",
        "commitResults": [
          {
            "hash": "079de7ace0288d2c46c30c251a537fe4e27ef04d",
            "messageTitle": "Finalize UI",
            "messageBody": "",
            "insertions": 459,
            "deletions": 12
          },
          {
            "hash": "b166d4bef599d397187fac1e0c6b953d874b4d8e",
            "messageTitle": "Fix typo",
            "messageBody": "",
            "insertions": 1,
            "deletions": 1
          },
          {
            "hash": "9af245f10510d84ae7b9a1b1b3d7344237d043e6",
            "messageTitle": "fix UI warning",
            "messageBody": "",
            "insertions": 0,
            "deletions": 1
          },
          {
            "hash": "4bdf845a8706d0276c4ed954679356653a301ecb",
            "messageTitle": "Fix checkstyle",
            "messageBody": "",
            "insertions": 1,
            "deletions": 1
          }
        ]
      }
    ],
    "tohcejasmine": [
      {
        "insertions": 6,
        "deletions": 8,
        "date": "2019-09-26",
        "commitResults": [
          {
            "hash": "5dfceb037cbb982c90bfd017e9c329a38c7a40ac",
            "messageTitle": "Update README",
            "messageBody": "* Acknowledge AB3\n* Remove LO\n* Update description to mention target users and purpose of application\n",
            "insertions": 5,
            "deletions": 7
          },
          {
            "hash": "6395f1abbc732d0b7566d65adf8c2033463d7d3b",
            "messageTitle": "Update README",
            "messageBody": "",
            "insertions": 1,
            "deletions": 1
          }
        ]
      },
      {
        "insertions": 2,
        "deletions": 3,
        "date": "2019-10-01",
        "commitResults": [
          {
            "hash": "6de48d4c9f82cc69a4fbcad80153546226a0f60d",
            "messageTitle": "Update documentation to match project",
            "messageBody": "",
            "insertions": 2,
            "deletions": 3
          }
        ]
      },
      {
        "insertions": 25,
        "deletions": 82,
        "date": "2019-10-02",
        "commitResults": [
          {
            "hash": "9af965b6e18d7084c4d17dbd0e90eb0834c37c71",
            "messageTitle": "Move draft UG from GoogleDocs",
            "messageBody": "",
            "insertions": 24,
            "deletions": 81
          },
          {
            "hash": "4cb8214f58d8818e964eda7a1d5998199cf0248e",
            "messageTitle": "Remove trailing whitespace",
            "messageBody": "",
            "insertions": 1,
            "deletions": 1
          }
        ]
      },
      {
        "insertions": 88,
        "deletions": 9,
        "date": "2019-10-10",
        "commitResults": [
          {
            "hash": "215966bba63c1cddbd7051299d2b9195dce45a16",
            "messageTitle": "Update UserGuide",
            "messageBody": "* Reference to #48\n",
            "insertions": 88,
            "deletions": 9
          }
        ]
      },
      {
        "insertions": 4078,
        "deletions": 3,
        "date": "2019-10-13",
        "commitResults": [
          {
            "hash": "62ba0986c4a66104fd008d8e7a642de6355f9d61",
            "messageTitle": "Add finance packages",
            "messageBody": "",
            "insertions": 4072,
            "deletions": 2
          },
          {
            "hash": "d3399815a9038873fc150bd1e7201630bde12fc6",
            "messageTitle": "Add data file for feature Finance",
            "messageBody": "",
            "insertions": 6,
            "deletions": 1
          }
        ]
      },
      {
        "insertions": 34,
        "deletions": 34,
        "date": "2019-10-14",
        "commitResults": [
          {
            "hash": "3e880a2513aae0e9187a10320418798648babfd7",
            "messageTitle": "Update context, variable naming from AB3",
            "messageBody": "",
            "insertions": 34,
            "deletions": 34
          }
        ]
      },
      {
        "insertions": 671,
        "deletions": 671,
        "date": "2019-10-16",
        "commitResults": [
          {
            "hash": "af648286c30272d54c75344e65d18880b3560a45",
            "messageTitle": "Update package, class, method, variable naming to Modulo finance context",
            "messageBody": "",
            "insertions": 464,
            "deletions": 537
          },
          {
            "hash": "fd49b196d524fe2a0ce0caeb0d6548be67aa3eee",
            "messageTitle": "Update naming to fit context",
            "messageBody": "",
            "insertions": 57,
            "deletions": 57
          },
          {
            "hash": "15935cadd9c987c673b3ee63a4f2cce0b9afdc2e",
            "messageTitle": "In progress: add support for Add command",
            "messageBody": "",
            "insertions": 90,
            "deletions": 54
          },
          {
            "hash": "234dffcf9622b207e41bde7761512604b15140e8",
            "messageTitle": "Update naming to context",
            "messageBody": "",
            "insertions": 60,
            "deletions": 23
          }
        ]
      },
      {
        "insertions": 438,
        "deletions": 603,
        "date": "2019-10-17",
        "commitResults": [
          {
            "hash": "922e4e913e6046546e2220a35ad344729f92c0f0",
            "messageTitle": "Update finance package naming",
            "messageBody": "",
            "insertions": 58,
            "deletions": 58
          },
          {
            "hash": "0ca577b63c5b003bbeeffd6d75761d33ff577d1a",
            "messageTitle": "Update finance packages",
            "messageBody": "",
            "insertions": 241,
            "deletions": 400
          },
          {
            "hash": "1f62283a898f17c6d1080ead131f974ded326748",
            "messageTitle": "Fix UI to show something",
            "messageBody": "",
            "insertions": 68,
            "deletions": 80
          },
          {
            "hash": "ed91dfb7f04f5f733e3f0ad90087d49aebf60f4f",
            "messageTitle": "Update context from AB3 to Modulo",
            "messageBody": "",
            "insertions": 3,
            "deletions": 3
          },
          {
            "hash": "227687dea8ba8c45fa41b746556a7d441a56bbdc",
            "messageTitle": "Change context to Spend",
            "messageBody": "",
            "insertions": 54,
            "deletions": 48
          },
          {
            "hash": "481f108f88e0d8a7a36b039799358600572b2bdb",
            "messageTitle": "Update UG",
            "messageBody": "",
            "insertions": 14,
            "deletions": 14
          }
        ]
      },
      {
        "insertions": 84,
        "deletions": 0,
        "date": "2019-10-19",
        "commitResults": [
          {
            "hash": "24195d355270b3fa8d12055182c8108f3a8f1449",
            "messageTitle": "Resolve package name, update files",
            "messageBody": " Changes to be committed:\n\tmodified:   data/financelog.json (updated json attributes)\n\tnew file:   gradlew.bat (add back, accidentally deleted in\n\treset)\n\trenamed:    src/main/java/seedu/address/model/finance/logEntry/Amount.java -\u003e src/main/java/seedu/address/model/finance/logentry/Amount.java\n\trenamed:    src/main/java/seedu/address/model/finance/logEntry/LogEntry.java -\u003e src/main/java/seedu/address/model/finance/logentry/LogEntry.java\n\trenamed:    src/main/java/seedu/address/model/finance/logEntry/LogEntryList.java -\u003e src/main/java/seedu/address/model/finance/logentry/LogEntryList.java\n\trenamed:    src/main/java/seedu/address/model/finance/logEntry/NameContainsKeywordsPredicate.java -\u003e src/main/java/seedu/address/model/finance/logentry/NameContainsKeywordsPredicate.java\n\trenamed:    src/main/java/seedu/address/model/finance/logEntry/exceptions/LogEntryNotFoundException.java -\u003e src/main/java/seedu/address/model/finance/logentry/exceptions/LogEntryNotFoundException.java\n",
            "insertions": 84,
            "deletions": 0
          }
        ]
      },
      {
        "insertions": 1076,
        "deletions": 416,
        "date": "2019-10-20",
        "commitResults": [
          {
            "hash": "ea0c3f57826906c8ee8ab2948f9df191988d4e75",
            "messageTitle": "Abstract out LogEntry as parent class for SpendLogEntry",
            "messageBody": "",
            "insertions": 578,
            "deletions": 154
          },
          {
            "hash": "c6a41f8a8e7631f7077c25cbd0bfc74f87bc5fb8",
            "messageTitle": "Change syntax",
            "messageBody": "",
            "insertions": 8,
            "deletions": 9
          },
          {
            "hash": "2377c71859f7911468471ae4a49839cee7019035",
            "messageTitle": "Remove Tag class",
            "messageBody": "",
            "insertions": 2,
            "deletions": 106
          },
          {
            "hash": "70dc480a53397524d16704746600d158b4b96025",
            "messageTitle": "Add Place attribute to log entries",
            "messageBody": "",
            "insertions": 210,
            "deletions": 57
          },
          {
            "hash": "8a0fbbe4387aa49b78d23660b6383c82f726134c",
            "messageTitle": "Update UI to reflect all attributes",
            "messageBody": "",
            "insertions": 153,
            "deletions": 8
          },
          {
            "hash": "05047af737a8fa77d7ab99375b097545e2b3bc37",
            "messageTitle": "Refactor, update Amount attr from String to double",
            "messageBody": "",
            "insertions": 19,
            "deletions": 19
          },
          {
            "hash": "f1c59a8b44bc9a143b0265d995162d8d59868a88",
            "messageTitle": "Remove Address attribute",
            "messageBody": "",
            "insertions": 0,
            "deletions": 57
          },
          {
            "hash": "49ed2bc1aa486ec2fe95e340ed4aa72a0e01cc7b",
            "messageTitle": "Add test cases for models",
            "messageBody": "",
            "insertions": 106,
            "deletions": 6
          }
        ]
      },
      {
        "insertions": 461,
        "deletions": 32,
        "date": "2019-10-21",
        "commitResults": [
          {
            "hash": "38531e79ad6eb4bedf1ad20fafc8bc7719196adf",
            "messageTitle": "Move attributes all to same package",
            "messageBody": "",
            "insertions": 24,
            "deletions": 18
          },
          {
            "hash": "343461d4feb3b544628aafd39d13346da6259dce",
            "messageTitle": "Related to #50, add support for Income entries",
            "messageBody": "",
            "insertions": 437,
            "deletions": 14
          }
        ]
      },
      {
        "insertions": 1281,
        "deletions": 59,
        "date": "2019-10-22",
        "commitResults": [
          {
            "hash": "5db952e85389740a9680bcfc7ac83f7972676387",
            "messageTitle": "#50 Add support for Income entries",
            "messageBody": "",
            "insertions": 178,
            "deletions": 25
          },
          {
            "hash": "7cda10c1abb0fd5fce07e6af7c689834520bb7cc",
            "messageTitle": "#50 Add support for Borrow entries",
            "messageBody": "",
            "insertions": 469,
            "deletions": 8
          },
          {
            "hash": "5a3aed3fb056ba3bcf3b298eb814599f7dad5a10",
            "messageTitle": "#50 Add Support for Lend entries",
            "messageBody": "",
            "insertions": 473,
            "deletions": 13
          },
          {
            "hash": "2b3052ba6d75988aa230feef1c60e34be4c6a098",
            "messageTitle": "Add Deadline and isRepaid attributes for Borrow entries",
            "messageBody": "",
            "insertions": 161,
            "deletions": 13
          }
        ]
      },
      {
        "insertions": 693,
        "deletions": 81,
        "date": "2019-10-24",
        "commitResults": [
          {
            "hash": "173cb176a906222a6794fd203a88ced29cabbd31",
            "messageTitle": "Update DeleteCommand.java",
            "messageBody": "Undo refactoring of `cap` done on `calendar` file",
            "insertions": 1,
            "deletions": 1
          },
          {
            "hash": "751c5c58e5921a34d5364bfea8ba5dcb4e1c0dad",
            "messageTitle": "Update DeleteCommand.java",
            "messageBody": "Revert changes",
            "insertions": 1,
            "deletions": 1
          },
          {
            "hash": "d1bb1800d8e58a06f76ad059da999e8aadc8901d",
            "messageTitle": "Update UG",
            "messageBody": "",
            "insertions": 21,
            "deletions": 21
          },
          {
            "hash": "3480d3709c55044b5ca7342ffe70ad7c30cefd4d",
            "messageTitle": "Add Deadline and isRepaid attribute for Lend entries",
            "messageBody": "",
            "insertions": 77,
            "deletions": 18
          },
          {
            "hash": "1f439e9f9a57cd6a27e8fecf4e7d1386a996fca4",
            "messageTitle": "Minor changes to UI",
            "messageBody": "",
            "insertions": 359,
            "deletions": 2
          },
          {
            "hash": "281159a5ca01c19b5e150864fde9bfb0b09a4d4e",
            "messageTitle": "Add test cases for Model attributes",
            "messageBody": "",
            "insertions": 167,
            "deletions": 2
          },
          {
            "hash": "2ddd4b62bb1dbe37ecc6a6f6a99b14ae062286db",
            "messageTitle": "Update UI for Spend entries",
            "messageBody": "",
            "insertions": 62,
            "deletions": 33
          },
          {
            "hash": "a0d07ec4722f6748eb1441817d3ccf782b47d0dd",
            "messageTitle": "Add newline to EOF",
            "messageBody": "",
            "insertions": 2,
            "deletions": 2
          },
          {
            "hash": "b7eaaaa906708d24b8544ac95166e5d2f120ee3d",
            "messageTitle": "Amend regex check for 0 amounts",
            "messageBody": "",
            "insertions": 3,
            "deletions": 1
          }
        ]
      },
      {
        "insertions": 144,
        "deletions": 231,
        "date": "2019-10-25",
        "commitResults": [
          {
            "hash": "a3f108cb9ac87c1b2915598fd816e8d1f9315a90",
            "messageTitle": "Update UI for log entries, remove Deadline attribute",
            "messageBody": "",
            "insertions": 144,
            "deletions": 231
          }
        ]
      },
      {
        "insertions": 629,
        "deletions": 252,
        "date": "2019-10-28",
        "commitResults": [
          {
            "hash": "233f8fedd69090c3de18a98905b2922965951344",
            "messageTitle": "Restore delete command",
            "messageBody": "",
            "insertions": 17,
            "deletions": 15
          },
          {
            "hash": "1b6d7dff38bb75239c6240a6a7e1619f5cd6cc28",
            "messageTitle": "Restore Edit command",
            "messageBody": "",
            "insertions": 95,
            "deletions": 21
          },
          {
            "hash": "299c8df02c971210c6812ad40d7c9c002b76bb74",
            "messageTitle": "In progress: add Find command",
            "messageBody": "",
            "insertions": 257,
            "deletions": 80
          },
          {
            "hash": "a2c1ccd4b2d603415aa9f989dd77b208bfdbef4e",
            "messageTitle": "In progress: add support for Find command (search by keyword)",
            "messageBody": "",
            "insertions": 142,
            "deletions": 33
          },
          {
            "hash": "08402479a6af603c36955a51318ff20e03b72514",
            "messageTitle": "Add support for Find command",
            "messageBody": "",
            "insertions": 26,
            "deletions": 41
          },
          {
            "hash": "1f812ea557facfdf93917249b626c4c3fdd76248",
            "messageTitle": "Add support for Find command (partial for \u003camt\u003e)",
            "messageBody": "",
            "insertions": 92,
            "deletions": 62
          }
        ]
      },
      {
        "insertions": 689,
        "deletions": 63,
        "date": "2019-10-29",
        "commitResults": [
          {
            "hash": "8e1ebe50416abc1135a1ad9f75f632b3ce04b172",
            "messageTitle": "Add Repaid attribute",
            "messageBody": "",
            "insertions": 332,
            "deletions": 18
          },
          {
            "hash": "23666dd92738ccd85f515770bed6074b575f869f",
            "messageTitle": "Sort entries by date (latest entry first)",
            "messageBody": "",
            "insertions": 203,
            "deletions": 21
          },
          {
            "hash": "5c664f0550374ea1d4c83f1267233116efa4d7e6",
            "messageTitle": "Add rudimentary Stats command to change view to stat summaries",
            "messageBody": "",
            "insertions": 154,
            "deletions": 24
          }
        ]
      },
      {
        "insertions": 1813,
        "deletions": 429,
        "date": "2019-10-30",
        "commitResults": [
          {
            "hash": "3f14c4035bf793c4af0c4a738b6844039735dba9",
            "messageTitle": "Update UI to show bar chart",
            "messageBody": "",
            "insertions": 552,
            "deletions": 27
          },
          {
            "hash": "04e809869f7495c17bde0ed0f41f724b8343ebc8",
            "messageTitle": "Update bar chart UI to show calculated amounts",
            "messageBody": "",
            "insertions": 127,
            "deletions": 22
          },
          {
            "hash": "9657511ae244924dc9776b404950388e1d532f49",
            "messageTitle": "Add newline EOF",
            "messageBody": "",
            "insertions": 1,
            "deletions": 1
          },
          {
            "hash": "dda5581048d7d764a87b1435ff938735a98ec2eb",
            "messageTitle": "Update User Guide",
            "messageBody": "",
            "insertions": 64,
            "deletions": 51
          },
          {
            "hash": "50e143470c4683ec776f9fc20c0fd34b8819cfcf",
            "messageTitle": "Update Find command usage, place command box right at the botto",
            "messageBody": "",
            "insertions": 9,
            "deletions": 5
          },
          {
            "hash": "40fd5e73ab04a6a030141d473520f7dc39f74740",
            "messageTitle": "Update Developer Guide",
            "messageBody": "",
            "insertions": 177,
            "deletions": 139
          },
          {
            "hash": "156f1fd2670fd778b57e0338e3fabee53c91e74c",
            "messageTitle": "Add test cases",
            "messageBody": "",
            "insertions": 545,
            "deletions": 4
          },
          {
            "hash": "b3219289cc81b0a532cdb5b0e81d85b595c4872a",
            "messageTitle": "Update UG",
            "messageBody": "",
            "insertions": 4,
            "deletions": 2
          },
          {
            "hash": "875c10021064eba958e005e0699654f7505a2292",
            "messageTitle": "Add test cases",
            "messageBody": "",
            "insertions": 321,
            "deletions": 149
          },
          {
            "hash": "d9d2348397226556df59492d7a8ad4e510bd796b",
            "messageTitle": "Make changes using reviewer\u0027s comments",
            "messageBody": "",
            "insertions": 13,
            "deletions": 29
          }
        ]
      },
      {
        "insertions": 135,
        "deletions": 19,
        "date": "2019-10-31",
        "commitResults": [
          {
            "hash": "3882c692d1f8d0d77ee08f608307510122fcd8db",
            "messageTitle": "Fix repaid bug, add Clone command, fix switches default",
            "messageBody": "",
            "insertions": 135,
            "deletions": 19
          }
        ]
      },
      {
        "insertions": 18,
        "deletions": 160,
        "date": "2019-11-03",
        "commitResults": [
          {
            "hash": "6503f16b8eb3b011ca2efe38a3c44625fcb1ac1c",
            "messageTitle": "Remove sample data, shift back command box up, hide menu bar buttons",
            "messageBody": "",
            "insertions": 18,
            "deletions": 160
          }
        ]
      },
      {
        "insertions": 1270,
        "deletions": 509,
        "date": "2019-11-04",
        "commitResults": [
          {
            "hash": "8b61ca23a2d2a720b224ee2246301b47adc06676",
            "messageTitle": "Add Budget command",
            "messageBody": "",
            "insertions": 762,
            "deletions": 72
          },
          {
            "hash": "2de4004f0cbcec7b5338ea8fe30e312581becc64",
            "messageTitle": "Mark repaid as already repaid",
            "messageBody": "",
            "insertions": 9,
            "deletions": 0
          },
          {
            "hash": "18bd39826fc112740aab3723ca558fc04077c71d",
            "messageTitle": "Make Place attribute optional, default to dash \u0027-\u0027",
            "messageBody": "",
            "insertions": 9,
            "deletions": 3
          },
          {
            "hash": "d9abb83643118ca6177bcee3a74de07fb09af81b",
            "messageTitle": "Make \u003cday\u003e field optional",
            "messageBody": "",
            "insertions": 32,
            "deletions": 12
          },
          {
            "hash": "ff6d0b44224706464e3bea3e60b003a3a2312c4e",
            "messageTitle": "Ensure repaid entries cannot be edited",
            "messageBody": "",
            "insertions": 9,
            "deletions": 0
          },
          {
            "hash": "aedbb9ef2da9fea5ea69d71914e74932db9f1e40",
            "messageTitle": "Show basic budget list in UI",
            "messageBody": "",
            "insertions": 263,
            "deletions": 373
          },
          {
            "hash": "b30c04179dfb0aed42b23aefc99bd23a67ef2ee4",
            "messageTitle": "Add progress bar to Budget UI",
            "messageBody": "",
            "insertions": 186,
            "deletions": 49
          }
        ]
      },
      {
        "insertions": 2391,
        "deletions": 70,
        "date": "2019-11-05",
        "commitResults": [
          {
            "hash": "eef756dd7a67212462c22880646291e31e06f043",
            "messageTitle": "Update budget list UI",
            "messageBody": "",
            "insertions": 584,
            "deletions": 47
          },
          {
            "hash": "63e68681288f834ce8f11ac85efd500d24f2ef40",
            "messageTitle": "Update UI to notify user when budget close to exceed or has exceeded",
            "messageBody": "",
            "insertions": 91,
            "deletions": 2
          },
          {
            "hash": "d80eaebb744a94457388134c66f7f8cbefcba9d0",
            "messageTitle": "Add test cases",
            "messageBody": "",
            "insertions": 307,
            "deletions": 1
          },
          {
            "hash": "dc33a4a3f934eeee321f609243ef7cc66969f11e",
            "messageTitle": "Add newline EOF",
            "messageBody": "",
            "insertions": 1,
            "deletions": 1
          },
          {
            "hash": "2f94b569b39d92129d6caa344c1146e5a743a586",
            "messageTitle": "Add test cases",
            "messageBody": "",
            "insertions": 213,
            "deletions": 0
          },
          {
            "hash": "6d7e8ac66cc109d307c455fc93610efff1e0b4a6",
            "messageTitle": "Add test cases",
            "messageBody": "",
            "insertions": 242,
            "deletions": 0
          },
          {
            "hash": "3839fca6ad8351d4e009739747ba2165b80c4863",
            "messageTitle": "Add test cases",
            "messageBody": "",
            "insertions": 726,
            "deletions": 0
          },
          {
            "hash": "bff351ccdbc5d3dfd1e1f50d5bfd903bff188890",
            "messageTitle": "Add test cases",
            "messageBody": "",
            "insertions": 168,
            "deletions": 1
          },
          {
            "hash": "36b794c1415afa2b931d866369ba8661fba621af",
            "messageTitle": "Update message usage",
            "messageBody": "",
            "insertions": 1,
            "deletions": 1
          },
          {
            "hash": "1dd9c8bdb725fb0c530b4a977fa2ac397ac65df8",
            "messageTitle": "Update UG",
            "messageBody": "",
            "insertions": 58,
            "deletions": 17
          }
        ]
      },
      {
        "insertions": 125,
        "deletions": 36,
        "date": "2019-11-06",
        "commitResults": [
          {
            "hash": "0a7fd4cc60ce4d8cd25bc2471204a5d4f7b19486",
            "messageTitle": "Update UG",
            "messageBody": "",
            "insertions": 8,
            "deletions": 12
          },
          {
            "hash": "e696db3bd5e3fe72d0a50b3b71670cbdb8b5b0bd",
            "messageTitle": "Update UG",
            "messageBody": "",
            "insertions": 0,
            "deletions": 10
          },
          {
            "hash": "c0f6597b81bc34c098140b216e8731415cccfcde",
            "messageTitle": "Upload template PPP",
            "messageBody": "",
            "insertions": 72,
            "deletions": 0
          },
          {
            "hash": "45e567f492bb18cc7ec4be1604c64a7125df3312",
            "messageTitle": "Update code wrt reviewer\u0027s comments",
            "messageBody": "",
            "insertions": 25,
            "deletions": 9
          },
          {
            "hash": "628b983ba322cbc2223209a8af012a75ab4aa1b0",
            "messageTitle": "Update DG",
            "messageBody": "",
            "insertions": 20,
            "deletions": 5
          }
        ]
      },
      {
        "insertions": 1,
        "deletions": 1,
        "date": "2019-11-07",
        "commitResults": [
          {
            "hash": "6144f84ec2b649f5fc7e2bbebfc36ad1e4efca9b",
            "messageTitle": "Correct typo in code",
            "messageBody": "",
            "insertions": 1,
            "deletions": 1
          }
        ]
      },
      {
        "insertions": 2249,
        "deletions": 265,
        "date": "2019-11-08",
        "commitResults": [
          {
            "hash": "2427596de9424a9a72a55417c1bdbbe2e82e9391",
            "messageTitle": "Move Budget classes into their own package",
            "messageBody": "",
            "insertions": 34,
            "deletions": 33
          },
          {
            "hash": "482359026a1e95d1ebb8587fbb0e5c1fd99e6c62",
            "messageTitle": "Update diagrams",
            "messageBody": "",
            "insertions": 129,
            "deletions": 0
          },
          {
            "hash": "c46df19194091064dbc75c0744c6d2bed8c7405e",
            "messageTitle": "Update PPP",
            "messageBody": "",
            "insertions": 174,
            "deletions": 10
          },
          {
            "hash": "b9e69a30f911898af5f246bd16c808d3fff04ef4",
            "messageTitle": "Update DG",
            "messageBody": "",
            "insertions": 3,
            "deletions": 2
          },
          {
            "hash": "d0d8e0a2e85870d367694ec3af2a8ba58fec7ce9",
            "messageTitle": "Update UG",
            "messageBody": "",
            "insertions": 4,
            "deletions": 14
          },
          {
            "hash": "5a82e3f0df4e638c48ee49cd5da50cf42c6f308e",
            "messageTitle": "Update DG",
            "messageBody": "",
            "insertions": 228,
            "deletions": 2
          },
          {
            "hash": "06f4deaea43cb6004d640ab197abeee612e03544",
            "messageTitle": "Update PPP",
            "messageBody": "",
            "insertions": 7,
            "deletions": 141
          },
          {
            "hash": "7ae25bde9959f42453a47d32c35961d7e041b348",
            "messageTitle": "Update DG",
            "messageBody": "",
            "insertions": 1,
            "deletions": 1
          },
          {
            "hash": "6465e40f40e29ccdd1ea5f41592ece0b86a7e468",
            "messageTitle": "Fix checkstyle",
            "messageBody": "",
            "insertions": 1,
            "deletions": 1
          },
          {
            "hash": "0dbab88532355baeaff8ab066e443ce8e21bffa6",
            "messageTitle": "Update DG",
            "messageBody": "",
            "insertions": 2,
            "deletions": 2
          },
          {
            "hash": "ab32a75ba7d59307cc69b469e2328d3803380bf2",
            "messageTitle": "Update UG",
            "messageBody": "",
            "insertions": 4,
            "deletions": 2
          },
          {
            "hash": "c8e1ad7ab50a2291c4c0e7d21cfa53660b2a5d87",
            "messageTitle": "Update PPP",
            "messageBody": "",
            "insertions": 164,
            "deletions": 39
          },
          {
            "hash": "65a532831cf340fb630f8a6b0cf115fee8d4c9de",
            "messageTitle": "Update links to PPP on AboutUs page",
            "messageBody": "",
            "insertions": 4,
            "deletions": 4
          },
          {
            "hash": "338417d8ba8975ae724a63c3396b3810fa8c28e6",
            "messageTitle": "Add Storage test cases",
            "messageBody": "",
            "insertions": 1088,
            "deletions": 8
          },
          {
            "hash": "60cde166e60d86a16ab71d4f6cac504866c6074d",
            "messageTitle": "Add test cases",
            "messageBody": "",
            "insertions": 106,
            "deletions": 1
          },
          {
            "hash": "71552b94bc7b94a0b9796a620cc83cc597a1679f",
            "messageTitle": "Add test cases",
            "messageBody": "",
            "insertions": 300,
            "deletions": 5
          }
        ]
      },
      {
        "insertions": 889,
        "deletions": 108,
        "date": "2019-11-09",
        "commitResults": [
          {
            "hash": "23e36531bc7d35c2a4d3634f08e5069520320a90",
            "messageTitle": "Add test cases",
            "messageBody": "",
            "insertions": 127,
            "deletions": 0
          },
          {
            "hash": "48e352a3bd55e79b0d549713df4e8a98a8e44117",
            "messageTitle": "Add test cases, remove Amount predicate class",
            "messageBody": "",
            "insertions": 83,
            "deletions": 77
          },
          {
            "hash": "26cb86d0d2bc224261209a127e1da65c2dc3e319",
            "messageTitle": "Add test cases",
            "messageBody": "",
            "insertions": 0,
            "deletions": 8
          },
          {
            "hash": "1b7f2236fa32a98808693a8ade0060e6d154911b",
            "messageTitle": "Add test cases",
            "messageBody": "",
            "insertions": 315,
            "deletions": 1
          },
          {
            "hash": "bfbceb4244b4aedc91efc0630e783f8b7235d5dd",
            "messageTitle": "Add test cases",
            "messageBody": "",
            "insertions": 218,
            "deletions": 0
          },
          {
            "hash": "301f67ee15d3e93cfaa34a7c17364f593d0b3df5",
            "messageTitle": "Add test cases",
            "messageBody": "",
            "insertions": 132,
            "deletions": 8
          },
          {
            "hash": "3e75b00a3d2dd6acb2bd566e438ac2ca2a27ca33",
            "messageTitle": "Update UG",
            "messageBody": "",
            "insertions": 3,
            "deletions": 5
          },
          {
            "hash": "6c7aa86eb428c9b188f1c011f3fdc7b6822a4cbb",
            "messageTitle": "Update UG",
            "messageBody": "",
            "insertions": 9,
            "deletions": 7
          },
          {
            "hash": "862c5b20b179d638374d34541e3b6e63d4e2746f",
            "messageTitle": "Update PPP",
            "messageBody": "",
            "insertions": 2,
            "deletions": 2
          }
        ]
      },
      {
        "insertions": 137,
        "deletions": 49,
        "date": "2019-11-10",
        "commitResults": [
          {
            "hash": "8122aec868487b5fc44355fe681dd71fb92e5d98",
            "messageTitle": "Update UI (light theme)",
            "messageBody": "",
            "insertions": 97,
            "deletions": 32
          },
          {
            "hash": "4b2b6ff30ec2044d3d2c62493cd786ed375e41bf",
            "messageTitle": "Update UG",
            "messageBody": "",
            "insertions": 2,
            "deletions": 0
          },
          {
            "hash": "e5b7a94c96e2db85656983a9bd217abb64f85c32",
            "messageTitle": "Correct Budget logic",
            "messageBody": "",
            "insertions": 1,
            "deletions": 1
          },
          {
            "hash": "554af929c894097f5b30f90076b200d03092857f",
            "messageTitle": "Fix menu bar",
            "messageBody": "",
            "insertions": 1,
            "deletions": 1
          },
          {
            "hash": "17fc74b499ef59e56444ec88dbe5f852b9effd5b",
            "messageTitle": "Update UI, rename to LightTheme",
            "messageBody": "",
            "insertions": 28,
            "deletions": 12
          },
          {
            "hash": "213fa19c8f5914246d0d17fff21c332819e85bd8",
            "messageTitle": "Update UI",
            "messageBody": "",
            "insertions": 8,
            "deletions": 3
          }
        ]
      }
    ]
  },
  "authorFinalContributionMap": {
    "joannasara": 8771,
    "tuandingwei": 7933,
    "victorvic54": 7795,
    "tohcejasmine": 15226
  },
  "authorFileTypeContributionMap": {
    "joannasara": {
      "docs": 284,
      "tests": 3507,
      "functional": 4832,
      "other": 148
    },
    "tuandingwei": {
      "docs": 104,
      "tests": 2874,
      "functional": 4864,
      "other": 91
    },
    "victorvic54": {
      "docs": 390,
      "tests": 2092,
      "functional": 5181,
      "other": 132
    },
    "tohcejasmine": {
      "docs": 643,
      "tests": 4966,
      "functional": 9355,
      "other": 262
    }
  },
  "authorContributionVariance": {
    "joannasara": 8283501.5,
    "tuandingwei": 977770.2,
    "victorvic54": 1099605.8,
    "tohcejasmine": 593075.75
  },
  "authorDisplayNameMap": {
    "joannasara": "CS2103-T16-2 JOANN ... PURBA",
    "tuandingwei": "CS2103-T16-2 TUAN  ... G WEI",
    "victorvic54": "CS2103-T16-2 VICTO ... ARIAN",
    "tohcejasmine": "CS2103-T16-2 TOH C ... SMINE"
  }
}
