{
  "authorDailyContributionsMap": {
    "nattanyz": [
      {
        "insertions": 0,
        "deletions": 216,
        "date": "2019-10-02",
        "commitResults": [
          {
            "hash": "ef10eb9909dc00f3d92f16a81cae2598a6a6fc8d",
            "messageTitle": "Delete LearningOutcomes.adoc",
            "messageBody": "",
            "insertions": 0,
            "deletions": 216
          }
        ]
      },
      {
        "insertions": 81,
        "deletions": 0,
        "date": "2019-10-03",
        "commitResults": [
          {
            "hash": "321ebe52600ee73f58ddf96801d325828b7138ef",
            "messageTitle": "Update AboutUs.adoc",
            "messageBody": "",
            "insertions": 9,
            "deletions": 0
          },
          {
            "hash": "d7a9e17d8078ce6326b9fcb2e64ce04dce2f49de",
            "messageTitle": "Create nattanyz.adoc",
            "messageBody": "",
            "insertions": 72,
            "deletions": 0
          }
        ]
      },
      {
        "insertions": 266,
        "deletions": 165,
        "date": "2019-10-17",
        "commitResults": [
          {
            "hash": "ff17d0973c6bbf15b21724b0383687ef00469ba3",
            "messageTitle": "remove references to Ui interface, begin rewriting simplified MainWindow class",
            "messageBody": "",
            "insertions": 158,
            "deletions": 158
          },
          {
            "hash": "694825cde1ee798af7879735cffd5b8c4719c934",
            "messageTitle": "edit MainWindow.java to add methods that are called in UiManager",
            "messageBody": "",
            "insertions": 23,
            "deletions": 6
          },
          {
            "hash": "ed49923f6aa974e00d49902a547f5de162acb525",
            "messageTitle": "add first draft of mockups, initial implementation of UI components",
            "messageBody": "",
            "insertions": 85,
            "deletions": 1
          }
        ]
      },
      {
        "insertions": 199,
        "deletions": 54,
        "date": "2019-10-23",
        "commitResults": [
          {
            "hash": "303eb9e446a37c4b0ef90a09cd2ccf8fc4215ff9",
            "messageTitle": "create Gui and GuiSettings classes. refactoring: improve abstraction in MainWindow class. move colour and text styles to GuiSettings.",
            "messageBody": "",
            "insertions": 199,
            "deletions": 54
          }
        ]
      },
      {
        "insertions": 735,
        "deletions": 1347,
        "date": "2019-10-24",
        "commitResults": [
          {
            "hash": "818a5fbd600bfb16365d6b84ddc40dc922c310b2",
            "messageTitle": "remove show() and fillInnerParts() methods in UiManager. add sizing and more text styles to GuiSettings. refactor MainWindow to use min height and width defined in GuiSettings. add setupCommandBox() and setupScene() in MainWindow.",
            "messageBody": "",
            "insertions": 163,
            "deletions": 27
          },
          {
            "hash": "64e692b914d8ab17d404244f0b38b0ca5b117e5a",
            "messageTitle": "refactor: remove spacing and padding parameters from initializeContainers() and setupContainerPadding() in MainWindow. remove fillInnerParts() method. make containers and components in MainWindow private.",
            "messageBody": "",
            "insertions": 22,
            "deletions": 26
          },
          {
            "hash": "06e10776135ff307b38dd4a4f912963df4be5b9a",
            "messageTitle": "add method for testing UI components. verify that old title will be removed before new title is added.",
            "messageBody": "",
            "insertions": 9,
            "deletions": 0
          },
          {
            "hash": "80a37b0b6a073e6a90d81c68e4b9cc0924934690",
            "messageTitle": "link MainWindow and Gui classes.first implementation of FlashCardDisplay. verify that FlashCardDisplay can be displayed.",
            "messageBody": "",
            "insertions": 35,
            "deletions": 8
          },
          {
            "hash": "3640ffdee8f4c4b9ef9b225eede4a1cea2021ea2",
            "messageTitle": "change windowContents from VBox to GridPane (may undo later)",
            "messageBody": "",
            "insertions": 16,
            "deletions": 12
          },
          {
            "hash": "0c08bc697015ee81f7898b12896421effc0e0685",
            "messageTitle": "change FlashCardDisplay to extend HBox instead of VBox. add TextFlow around flashCardText to allow wrapping.",
            "messageBody": "",
            "insertions": 9,
            "deletions": 4
          },
          {
            "hash": "bbe9ca16549a1746cc683713f46e259d07e95970",
            "messageTitle": "use setPrefSize to let FlashCardDisplay have desired dimensions",
            "messageBody": "",
            "insertions": 16,
            "deletions": 5
          },
          {
            "hash": "b82808e092af46219a68fbc3a3211a509e4aa3c8",
            "messageTitle": "try to add commandTextField.setOnAction, pending team mate\u0027s reply",
            "messageBody": "",
            "insertions": 32,
            "deletions": 2
          },
          {
            "hash": "c20c861519971efb05bb3bfe2be2973018f7c642",
            "messageTitle": "add dependency between Gui, UiManager, MainWindow and State (to be refactored)",
            "messageBody": "",
            "insertions": 23,
            "deletions": 6
          },
          {
            "hash": "cd830db73e2db3895303453c03be392b6597b7de",
            "messageTitle": "use no-arg constructor of State temporarily. shift application icon to GuiSettings. remove showAlertDialogAndWait and showFatalErrorDialogAndShutDown methods in UiManager (unused).",
            "messageBody": "",
            "insertions": 14,
            "deletions": 39
          },
          {
            "hash": "aacb8d6880dc7bcb3b5ad6eabfe2fffd6f34a0b5",
            "messageTitle": "refactor: make Gui comply with singleton design pattern. make all methods in Gui static to be accessible from other classes. rename applicationIcon to APPLICATION_ICON. make renderFront() and renderBack() non-abstract in FlashCard class.",
            "messageBody": "",
            "insertions": 53,
            "deletions": 68
          },
          {
            "hash": "83079d2b0b5a4565d48b37f7493a252dad7d3aae",
            "messageTitle": "add event handler for commandTextField",
            "messageBody": "",
            "insertions": 10,
            "deletions": 10
          },
          {
            "hash": "bf7d7a757cc2266bccba03d948d7609cd3cad415",
            "messageTitle": "delete unused UiPart abstract class and unused UI components (CommandBox, HelpWindow, ResultDisplay, StatusBarFooter, MainWindowOld). not staged: changes to MainApp and StorageManager for testing purrposes.",
            "messageBody": "",
            "insertions": 4,
            "deletions": 449
          },
          {
            "hash": "d8aa82988d0f19338e0dfe1f63d6fada726653fb",
            "messageTitle": "delete unused fxml and css files",
            "messageBody": "",
            "insertions": 0,
            "deletions": 539
          },
          {
            "hash": "4c749c3dcbd27d7e00f429d10f4617481224e886",
            "messageTitle": "create UiComponent interface for UI components. organise components in package. modify FlashCardDisplay. create new class: CommandTextField.",
            "messageBody": "",
            "insertions": 56,
            "deletions": 30
          },
          {
            "hash": "2ad2c7707b207888ebb438ec0c58c635fd313893",
            "messageTitle": "refactor: rename primaryUIColour and secondaryUIColour to primaryUiColour and secondaryUiColour. add backgroundColour in GuiSettings.",
            "messageBody": "",
            "insertions": 35,
            "deletions": 26
          },
          {
            "hash": "825aa39747faa3c8ece43135032e3c7f562a88ac",
            "messageTitle": "add TitleBar class",
            "messageBody": "",
            "insertions": 59,
            "deletions": 35
          },
          {
            "hash": "80e4733348d6c28e2b3994fbec0812733e388edd",
            "messageTitle": "add CommandTextFieldPlaceholder and ScrollablePane classes. replace GridPane with ScrollPane.",
            "messageBody": "",
            "insertions": 89,
            "deletions": 47
          },
          {
            "hash": "e55ac9082de74f911067c26cd45e96c466101735",
            "messageTitle": "add javadoc comments",
            "messageBody": "",
            "insertions": 85,
            "deletions": 14
          },
          {
            "hash": "c33a99a1f4d40f9a52f8c4932fee5b425c91acbb",
            "messageTitle": "update DeveloperGuide.adoc",
            "messageBody": "",
            "insertions": 5,
            "deletions": 0
          }
        ]
      },
      {
        "insertions": 46,
        "deletions": 69,
        "date": "2019-10-25",
        "commitResults": [
          {
            "hash": "530431f945b7f9353b0ad32d48bc8c5aaf2adc40",
            "messageTitle": "checkstyle fixes",
            "messageBody": "",
            "insertions": 31,
            "deletions": 35
          },
          {
            "hash": "73dcd14c20eeb83d4980920ab9920ad4e56805a9",
            "messageTitle": "more fixes for checkstyle",
            "messageBody": "",
            "insertions": 8,
            "deletions": 7
          },
          {
            "hash": "292a606390c2703718a16f7b234535c68baad875",
            "messageTitle": "remove unused MainWindowTest causing travis to fail",
            "messageBody": "",
            "insertions": 0,
            "deletions": 18
          },
          {
            "hash": "175bda3cca19bb38dad7e88b573a31d7eda72b22",
            "messageTitle": "last checkstyle fix",
            "messageBody": "",
            "insertions": 7,
            "deletions": 0
          },
          {
            "hash": "1163e0148475db233ede9a68fea2ba32947e4497",
            "messageTitle": "Update DeveloperGuide.adoc",
            "messageBody": "",
            "insertions": 0,
            "deletions": 9
          }
        ]
      },
      {
        "insertions": 674,
        "deletions": 374,
        "date": "2019-10-27",
        "commitResults": [
          {
            "hash": "77978bf02ed7ddb746bb917e8312bdcaa40711c4",
            "messageTitle": "remove UiManager class. refactor linkages between MainApp, Gui and MainWindow",
            "messageBody": "",
            "insertions": 53,
            "deletions": 78
          },
          {
            "hash": "0930e7bca1caf08f4fc8bd5e89c15d769fdb5a8f",
            "messageTitle": "move MainWindow\u0027s setup-related methods to Gui. add MainWindow\u0027s UI components to GUI. make components static.",
            "messageBody": "",
            "insertions": 63,
            "deletions": 8
          },
          {
            "hash": "96a5f21eb957aa119e9ff3f3f7249c0b7581b174",
            "messageTitle": "remove MainWindow class. remove references to MainWindow in Gui. complete Gui.setTitle() method.",
            "messageBody": "",
            "insertions": 10,
            "deletions": 132
          },
          {
            "hash": "df66b26ebe83b0d68a504f65dfd669bbd908cbfc",
            "messageTitle": "remove getApplicationState() method. add test for showing flashcards with long text. although it can\u0027t be used (circular dependency), documented testing methods used in test package\u0027s GuiTest.java.",
            "messageBody": "",
            "insertions": 48,
            "deletions": 13
          },
          {
            "hash": "6db2070a89f5728802d4ef196af2e3038c2580c2",
            "messageTitle": "attempt to add Ui interface implemented by Gui, but cannot override static methods.",
            "messageBody": "",
            "insertions": 18,
            "deletions": 14
          },
          {
            "hash": "799a515e27642d8fb9106fa9d38c2692ad959fec",
            "messageTitle": "create GuiHelper class. add renderFront and renderBack methods to GuiHelper. refactor renderFront and renderBack in Gui to use GuiHelper. add replace method in ScrollablePane class. add replaceInScrollablePane method to Gui.",
            "messageBody": "",
            "insertions": 71,
            "deletions": 36
          },
          {
            "hash": "81c63fb3f7b4814b0cfa7ed69585dcd6649bd4b0",
            "messageTitle": "add setState method in CommandTextField. add setCommandTextField method in CommandTextFieldPlaceholder. modify setupCommandTextField() in Gui.",
            "messageBody": "",
            "insertions": 20,
            "deletions": 7
          },
          {
            "hash": "a17b2b53389feeae334a6f09b481e13554a07f7f",
            "messageTitle": "add TextBar and StatusBar classes. make TitleBar and StatusBar extend TextBar. add statusTextStyle (+getter and setter) to GuiSettings. show statusBar in GUI. add setStatus method to Gui.",
            "messageBody": "",
            "insertions": 123,
            "deletions": 27
          },
          {
            "hash": "af9a0a0315da32fe753009a1379705a72a63cb84",
            "messageTitle": "refactor: rename CommandTextFieldPlaceholder to CommandBar to match StatusBar and TitleBar. remove commandTextField as an attribute from CommandBar.",
            "messageBody": "",
            "insertions": 16,
            "deletions": 11
          },
          {
            "hash": "a116b30e42b75fbe647718c8efba2eaecb15f7fc",
            "messageTitle": "checkstyle fixes",
            "messageBody": "",
            "insertions": 12,
            "deletions": 6
          },
          {
            "hash": "9e9d87942a5cf148d2acd7776070143519819345",
            "messageTitle": "create DeckListView and FlashCardCell classes for implementing viewing a deck in the GUI.",
            "messageBody": "",
            "insertions": 41,
            "deletions": 0
          },
          {
            "hash": "bfd8803754ff286234c6c28a97af314498aced8f",
            "messageTitle": "add toFlashCardCellList and toFlashCardCell methods in GuiHelper. partially implement DeckListView and FlashCardCell classes.",
            "messageBody": "",
            "insertions": 91,
            "deletions": 4
          },
          {
            "hash": "65929ce14a2aec3770d6a6cfd8e69c0699db7db1",
            "messageTitle": "refactor: rename setStatus to showStatus. verify that renderDeck works as expected. define errorTextColour in GuiSettings. add showEror in Gui.",
            "messageBody": "",
            "insertions": 66,
            "deletions": 16
          },
          {
            "hash": "036d14d37e1f2dcd0a09543aae6056e42f55b2ab",
            "messageTitle": "attempt to add choices when displaying front of MultipleChoiceCard, but cannot call getListOfChoices() as it is not defined in FlashCard abstract class",
            "messageBody": "",
            "insertions": 7,
            "deletions": 0
          },
          {
            "hash": "05ead9533fc4e246fbc9ec37291799a4274a59bc",
            "messageTitle": "fix checkstyle",
            "messageBody": "",
            "insertions": 5,
            "deletions": 6
          },
          {
            "hash": "a4465f6bc4a4c0e233f81146794012ec9ffad361",
            "messageTitle": "fix checkstyle",
            "messageBody": "",
            "insertions": 13,
            "deletions": 6
          },
          {
            "hash": "a18e3c44184388547878234b834b084e960ae3a5",
            "messageTitle": "more checkstyle fixes",
            "messageBody": "",
            "insertions": 5,
            "deletions": 5
          },
          {
            "hash": "2a5c5628123d72fafd20490850eb744c80747246",
            "messageTitle": "implement showing of choices for MultipleChoiceCard using type casting",
            "messageBody": "",
            "insertions": 12,
            "deletions": 5
          }
        ]
      }
    ],
    "AHaliq": [
      {
        "insertions": 3,
        "deletions": 39,
        "date": "2019-10-04",
        "commitResults": [
          {
            "hash": "944854b2c57d3a0cbbdbaf91ffed31d94db90a52",
            "messageTitle": "update about us",
            "messageBody": "",
            "insertions": 3,
            "deletions": 39
          }
        ]
      },
      {
        "insertions": 347,
        "deletions": 73,
        "date": "2019-10-07",
        "commitResults": [
          {
            "hash": "01967093423e399b8294e56dc58f24343d69c15d",
            "messageTitle": "Fixed image path for Haliq",
            "messageBody": "",
            "insertions": 1,
            "deletions": 1
          },
          {
            "hash": "c9867991c3d59d61758c04f539a6cce519f77120",
            "messageTitle": "implemented FlashCard interface",
            "messageBody": "",
            "insertions": 29,
            "deletions": 1
          },
          {
            "hash": "aade08d1227a665ac35eb0e6a90b84bd3f0d426a",
            "messageTitle": "added frontbackcard test",
            "messageBody": "",
            "insertions": 15,
            "deletions": 0
          },
          {
            "hash": "d9f805595e18de76e2ac70bb9e770f7b1a742fd5",
            "messageTitle": "implemented frontbackcard",
            "messageBody": "",
            "insertions": 32,
            "deletions": 1
          },
          {
            "hash": "262b02a833beaa517616b540edda56cfe9be9730",
            "messageTitle": "write skeleton for JavascriptCard",
            "messageBody": "",
            "insertions": 46,
            "deletions": 1
          },
          {
            "hash": "80905fe5eba7ed59208c525ccd511fb97cb06566",
            "messageTitle": "skeleton for Deck",
            "messageBody": "",
            "insertions": 35,
            "deletions": 0
          },
          {
            "hash": "829d3212afc3369528394c5c92a1b050fa81139e",
            "messageTitle": "refactor toJSON to its own interface",
            "messageBody": "",
            "insertions": 19,
            "deletions": 9
          },
          {
            "hash": "17828623387d649155408c937ff1b91881f8acb4",
            "messageTitle": "implemented skeleton multiplechoicecard",
            "messageBody": "",
            "insertions": 25,
            "deletions": 0
          },
          {
            "hash": "55895cc7631446ff31ef2a965851c43300bc0bad",
            "messageTitle": "implemented responsefunc interface",
            "messageBody": "",
            "insertions": 13,
            "deletions": 1
          },
          {
            "hash": "45f7dd380003c15f442be8e7bee972b3361fc53b",
            "messageTitle": "implemented state with decks",
            "messageBody": "",
            "insertions": 16,
            "deletions": 1
          },
          {
            "hash": "093ad0ac9511ac04deff0be72bd7531477029d93",
            "messageTitle": "fixed checkstylemain errors",
            "messageBody": "",
            "insertions": 116,
            "deletions": 56
          },
          {
            "hash": "aa22f357dfaebbc87c31dc4b8f6463a2dca37819",
            "messageTitle": "fixed checkstyletest errors",
            "messageBody": "",
            "insertions": 0,
            "deletions": 2
          }
        ]
      },
      {
        "insertions": 1661,
        "deletions": 99,
        "date": "2019-10-12",
        "commitResults": [
          {
            "hash": "b51247325fba8ba78b5472c64f8a302ea39f4ed5",
            "messageTitle": "implemented Printer for string utils",
            "messageBody": "",
            "insertions": 60,
            "deletions": 0
          },
          {
            "hash": "4c0d59acb7ebefb794232cac7b417c94298217b1",
            "messageTitle": "added tests for printer",
            "messageBody": "",
            "insertions": 25,
            "deletions": 0
          },
          {
            "hash": "07716e603e23831038025331cba43b6bdd2da6e2",
            "messageTitle": "implemented JsonFormatException",
            "messageBody": "",
            "insertions": 98,
            "deletions": 2
          },
          {
            "hash": "19fbb84ee17349c22d5178c3d277465625472709",
            "messageTitle": "added tests for JsonFormatException",
            "messageBody": "",
            "insertions": 12,
            "deletions": 0
          },
          {
            "hash": "b4a3d8eb894faf4d3d2fbf1343e62546c74deb7e",
            "messageTitle": "implemented JsonValueTypes",
            "messageBody": "",
            "insertions": 3,
            "deletions": 2
          },
          {
            "hash": "c368fab1d2c5e719fd069ebdac828576a0beb22f",
            "messageTitle": "implemented JsonWrongValueException",
            "messageBody": "",
            "insertions": 7,
            "deletions": 2
          },
          {
            "hash": "1e5be08fff0bf9284827fa72e989970cf64c9913",
            "messageTitle": "implemented json values, exception and string parse",
            "messageBody": "",
            "insertions": 409,
            "deletions": 6
          },
          {
            "hash": "9e7d938b858c2017913a729639e3404fad3cf526",
            "messageTitle": "added test for JsonValue",
            "messageBody": "",
            "insertions": 87,
            "deletions": 0
          },
          {
            "hash": "0c04d85bbe84843776543d964a9a62a92013d792",
            "messageTitle": "implemented pair type",
            "messageBody": "",
            "insertions": 12,
            "deletions": 0
          },
          {
            "hash": "5e5917e995ae942012ee0bd35301a7bc928c4399",
            "messageTitle": "fixed index at length errors",
            "messageBody": "",
            "insertions": 376,
            "deletions": 1
          },
          {
            "hash": "ce92df5eb5fbe6922a8d635c3fa1076014fb4200",
            "messageTitle": "implemented JsonParser and fixed Pair to comply to checkstyle",
            "messageBody": "",
            "insertions": 48,
            "deletions": 35
          },
          {
            "hash": "f2464f9eefe12e35e1c03f5166cfbaf02fcd1e5f",
            "messageTitle": "added test for JsonParser",
            "messageBody": "",
            "insertions": 28,
            "deletions": 0
          },
          {
            "hash": "17cfa11dd15564be6a6bcba80fee5b51e0776cfd",
            "messageTitle": "implemented FileReadWrite",
            "messageBody": "",
            "insertions": 95,
            "deletions": 0
          },
          {
            "hash": "d26379fc64cc564b65a6468e40ddf6d36b4566ba",
            "messageTitle": "added test for FileReadWrite",
            "messageBody": "",
            "insertions": 31,
            "deletions": 0
          },
          {
            "hash": "a402427f79e4b83e7a43331e6d62b40beee476cf",
            "messageTitle": "fix checkstyle errors",
            "messageBody": "",
            "insertions": 11,
            "deletions": 1
          },
          {
            "hash": "e52d37768fb62653a0f6ef0d2decf2e59a60e1b1",
            "messageTitle": "made FlashCard interface extends JsonInterface",
            "messageBody": "",
            "insertions": 9,
            "deletions": 6
          },
          {
            "hash": "cd41952935da9552de7c034e9d810af6c90ff972",
            "messageTitle": "added fileExists method",
            "messageBody": "",
            "insertions": 10,
            "deletions": 0
          },
          {
            "hash": "528d1ff4d070c184f126aae3dc7bcef47eaf89af",
            "messageTitle": "implemented toJson",
            "messageBody": "",
            "insertions": 20,
            "deletions": 3
          },
          {
            "hash": "f1861d9f6523f3a5be94a0d560162ee6836c340a",
            "messageTitle": "added Schema for json object keys",
            "messageBody": "",
            "insertions": 87,
            "deletions": 7
          },
          {
            "hash": "dec40f86ff98e5baf3abd4bb49fd3a067c342758",
            "messageTitle": "implemented toJson",
            "messageBody": "",
            "insertions": 44,
            "deletions": 6
          },
          {
            "hash": "cdd725cf3b0a05dde4b4fc0c7db9e9fb2fb2f791",
            "messageTitle": "implemented writeDeck for StorageManager",
            "messageBody": "",
            "insertions": 2,
            "deletions": 4
          },
          {
            "hash": "a30a35d6b5f504bd5e041db7362584c50563abc2",
            "messageTitle": "made schema final",
            "messageBody": "",
            "insertions": 13,
            "deletions": 7
          },
          {
            "hash": "788361ff76ef3f90bffebf604204410fbdc14dce",
            "messageTitle": "refactor to use Scheme",
            "messageBody": "",
            "insertions": 5,
            "deletions": 4
          },
          {
            "hash": "4fbcc9f0fc8bf5f9b6a554be8d0deb884fea6021",
            "messageTitle": "update for randomize MCQ",
            "messageBody": "",
            "insertions": 3,
            "deletions": 2
          },
          {
            "hash": "6c37a91b86f38c556e0c4fa1ded96c411620d42d",
            "messageTitle": "updated docs",
            "messageBody": "",
            "insertions": 1,
            "deletions": 1
          },
          {
            "hash": "75773bb4ebe2ca92e6b5961c1e4e4fc24d522ba5",
            "messageTitle": "implemented loading of decks",
            "messageBody": "",
            "insertions": 108,
            "deletions": 5
          },
          {
            "hash": "d016376a86f5801f23382130ce6610cd2c37635b",
            "messageTitle": "implemented tests for storageManager",
            "messageBody": "",
            "insertions": 50,
            "deletions": 0
          },
          {
            "hash": "521c68d822f6b9b93cd15e977e8e59c39ac073c0",
            "messageTitle": "fixed checkstyle errors",
            "messageBody": "",
            "insertions": 7,
            "deletions": 5
          }
        ]
      },
      {
        "insertions": 17,
        "deletions": 9,
        "date": "2019-10-15",
        "commitResults": [
          {
            "hash": "7c2553169a3ab7f34fbae471e241e0af494559bf",
            "messageTitle": "fixed merge issues and checkstyle issues",
            "messageBody": "",
            "insertions": 17,
            "deletions": 9
          }
        ]
      },
      {
        "insertions": 44,
        "deletions": 4,
        "date": "2019-10-22",
        "commitResults": [
          {
            "hash": "bda6a8aa9af112a6a9a2f67c00fb5846427bee94",
            "messageTitle": "updated Storage developer guide",
            "messageBody": "",
            "insertions": 16,
            "deletions": 3
          },
          {
            "hash": "0ac42389e9d4295faca0a0012b52ffdaaefb29d1",
            "messageTitle": "updated common classes",
            "messageBody": "",
            "insertions": 1,
            "deletions": 1
          },
          {
            "hash": "4aa84853e4e115122433617683557897f749454d",
            "messageTitle": "added json parser activity diagram",
            "messageBody": "",
            "insertions": 27,
            "deletions": 0
          }
        ]
      },
      {
        "insertions": 233,
        "deletions": 16,
        "date": "2019-10-24",
        "commitResults": [
          {
            "hash": "0efd004a4d97da78c04fde2cb875c1d65f32a98f",
            "messageTitle": "made loadDeck public",
            "messageBody": "",
            "insertions": 1,
            "deletions": 1
          },
          {
            "hash": "faf61da6c8ff186e4fed5e12bb6953a92db6bf40",
            "messageTitle": "addDeck can take in deck objects",
            "messageBody": "",
            "insertions": 8,
            "deletions": 0
          },
          {
            "hash": "a9cdd8a4b605c3dfc8024d4661c756aa0b1e8210",
            "messageTitle": "added getFileName method",
            "messageBody": "",
            "insertions": 9,
            "deletions": 0
          },
          {
            "hash": "3ae488730c0567eb9a2860626eb1ee3d81a625f1",
            "messageTitle": "implemented import",
            "messageBody": "",
            "insertions": 15,
            "deletions": 4
          },
          {
            "hash": "220afe0fd6d37c29962c921e8e73433f8dab69e5",
            "messageTitle": "implement test for import",
            "messageBody": "",
            "insertions": 50,
            "deletions": 0
          },
          {
            "hash": "046573896bb14fd78bbb7556f9b545aba1f29139",
            "messageTitle": "added erroneous import export commands and tests for them",
            "messageBody": "",
            "insertions": 28,
            "deletions": 1
          },
          {
            "hash": "bf54b820e1ec8a373e13de8fa005a89d0e84b202",
            "messageTitle": "implemented export",
            "messageBody": "",
            "insertions": 17,
            "deletions": 5
          },
          {
            "hash": "b1e9bd9854f5a85faffe694c24a72a9646439b9d",
            "messageTitle": "implemented test for export",
            "messageBody": "",
            "insertions": 37,
            "deletions": 0
          },
          {
            "hash": "90d59b41d4bb396780fbb4a11b94cd7a0bcf5ea2",
            "messageTitle": "fixed checkstyle errors",
            "messageBody": "",
            "insertions": 2,
            "deletions": 1
          },
          {
            "hash": "8d7bfb6cd7f24f62c52ceb6dd2e1caa7bc13e465",
            "messageTitle": "implemented and tested root command",
            "messageBody": "",
            "insertions": 55,
            "deletions": 1
          },
          {
            "hash": "5b72f3f941029d0f6c5168635ff8d00872b59000",
            "messageTitle": "fixed checkstyleerrors",
            "messageBody": "",
            "insertions": 1,
            "deletions": 1
          },
          {
            "hash": "f7c24f64b427c9cee7b54bfc998b6b0ed30d1010",
            "messageTitle": "made test more general to pass travis",
            "messageBody": "",
            "insertions": 1,
            "deletions": 1
          },
          {
            "hash": "bb2e5e73943a1ba19b86ac9df494fdd01161c863",
            "messageTitle": "create directory so travis has it when testing",
            "messageBody": "",
            "insertions": 9,
            "deletions": 1
          }
        ]
      }
    ],
    "PhireHandy": [
      {
        "insertions": 94,
        "deletions": 2,
        "date": "2019-10-09",
        "commitResults": [
          {
            "hash": "b036e92d8c801ffaa1d1975fc4b20df02b96e616",
            "messageTitle": "Implemented the all the command regex and updated AboutUs doc",
            "messageBody": "",
            "insertions": 94,
            "deletions": 2
          }
        ]
      },
      {
        "insertions": 135,
        "deletions": 97,
        "date": "2019-10-14",
        "commitResults": [
          {
            "hash": "f7fdcb034ddd2d56840702c9fbcbfbc7554c9292",
            "messageTitle": "Implement Regex in Responses.java.",
            "messageBody": "",
            "insertions": 72,
            "deletions": 89
          },
          {
            "hash": "e63ae01798c3d202732207f3646592b4a3e31b95",
            "messageTitle": "Fixed checkstyle errors.",
            "messageBody": "",
            "insertions": 56,
            "deletions": 4
          },
          {
            "hash": "cff5d5b1caaa788c3099188af62eb3bf0fcc8360",
            "messageTitle": "Fixed some bugs in the Responses.java.",
            "messageBody": "The regex for TEST, EXIT and EDIT commands were wrong.\n",
            "insertions": 5,
            "deletions": 4
          },
          {
            "hash": "0c3f1fdc049d497bbedc11909dec040a5bec4fce",
            "messageTitle": "Added a missing import statement in Responder.java.",
            "messageBody": "",
            "insertions": 2,
            "deletions": 0
          }
        ]
      }
    ],
    "shawnpunchew11": [
      {
        "insertions": 10,
        "deletions": 1,
        "date": "2019-10-09",
        "commitResults": [
          {
            "hash": "7ed18469f1ec6acbd7e1a9a4117ac66f0842c2dc",
            "messageTitle": "update about us",
            "messageBody": "",
            "insertions": 9,
            "deletions": 0
          },
          {
            "hash": "ad355fe3252f38beadef2a50812db07fcd35321c",
            "messageTitle": "Added newline to please Travis",
            "messageBody": "",
            "insertions": 1,
            "deletions": 1
          }
        ]
      },
      {
        "insertions": 72,
        "deletions": 5,
        "date": "2019-10-13",
        "commitResults": [
          {
            "hash": "e14364eabc0f798c285f7ce4be346b6c5f83dc4c",
            "messageTitle": "Added initial barebone ExamRunner class",
            "messageBody": "",
            "insertions": 49,
            "deletions": 0
          },
          {
            "hash": "9d721c3b649e179802866a83ab755ca2a6aadd26",
            "messageTitle": "Fixed checkstyle",
            "messageBody": "",
            "insertions": 6,
            "deletions": 2
          },
          {
            "hash": "9264d4b6de3d369b6d6f5a3542ac2a1565ca3937",
            "messageTitle": "Added renderBack() to finish the IterateThroughDeck method",
            "messageBody": "",
            "insertions": 3,
            "deletions": 1
          },
          {
            "hash": "8acdaee6649862806a9cf0fe728759dcf11e9bd1",
            "messageTitle": "Added Exam interface",
            "messageBody": "",
            "insertions": 9,
            "deletions": 1
          },
          {
            "hash": "0c6cb90671a718b2168d96984e6674a1962e9a2b",
            "messageTitle": "Checkstyle fixes",
            "messageBody": "",
            "insertions": 5,
            "deletions": 1
          }
        ]
      },
      {
        "insertions": 148,
        "deletions": 39,
        "date": "2019-10-14",
        "commitResults": [
          {
            "hash": "836d84177b179c38877944ee49c3b9269e81d7cb",
            "messageTitle": "Added Getters for Cards",
            "messageBody": "",
            "insertions": 25,
            "deletions": 2
          },
          {
            "hash": "58e54516e00cc4b0638ba4bf4b6cd30ec03d9253",
            "messageTitle": "Adjusted potential merge conflicts",
            "messageBody": "",
            "insertions": 0,
            "deletions": 23
          },
          {
            "hash": "9b7fd6358fe8569afef4f56a59a2166acee0d5f8",
            "messageTitle": "More merge conflict fixing",
            "messageBody": "",
            "insertions": 117,
            "deletions": 8
          },
          {
            "hash": "74534c4fa3800cd15667b6939ede07542a8b467a",
            "messageTitle": "Added newlines at EOF",
            "messageBody": "",
            "insertions": 6,
            "deletions": 6
          }
        ]
      },
      {
        "insertions": 106,
        "deletions": 33,
        "date": "2019-10-24",
        "commitResults": [
          {
            "hash": "65c068f85535d9e59618c6b3aa752f14e01894c6",
            "messageTitle": "Added ExamRunnerActivity Diagram and updated DG slidely",
            "messageBody": "",
            "insertions": 27,
            "deletions": 0
          },
          {
            "hash": "600e794240b48c1baba69bfa9a81c357834633cc",
            "messageTitle": "Fixed checkstyle",
            "messageBody": "",
            "insertions": 0,
            "deletions": 20
          },
          {
            "hash": "a0656c070b65bbeddc23051750132085ebd4f520",
            "messageTitle": "Changed architecture to accomodate nextCard method",
            "messageBody": "",
            "insertions": 22,
            "deletions": 8
          },
          {
            "hash": "268dc9f791273670b206109470613228c4ca6592",
            "messageTitle": "Updated DG with implementation of test mechanism",
            "messageBody": "",
            "insertions": 24,
            "deletions": 0
          },
          {
            "hash": "7520e2363392a24e1701df7011015eec36a91dcd",
            "messageTitle": "Incorporated the score to become a Result object",
            "messageBody": "",
            "insertions": 26,
            "deletions": 5
          },
          {
            "hash": "218528791e90e515bd64d4203424ffed98edd83f",
            "messageTitle": "Added Javadocs",
            "messageBody": "",
            "insertions": 7,
            "deletions": 0
          }
        ]
      }
    ],
    "timothyleong97": [
      {
        "insertions": 7,
        "deletions": 5,
        "date": "2019-09-12",
        "commitResults": [
          {
            "hash": "9d94b84c302b0c93b0047a819dd57e777347107b",
            "messageTitle": "Create test.txt",
            "messageBody": "Testing travis\n",
            "insertions": 1,
            "deletions": 0
          },
          {
            "hash": "c8a72013a89456ec0a2e01e4bce3b6b439f4f11b",
            "messageTitle": "Update README.adoc",
            "messageBody": "changed build status to that of our own repo\n",
            "insertions": 1,
            "deletions": 1
          },
          {
            "hash": "a84ba85174a46dcff7d93ff98187a8df7ddce4b4",
            "messageTitle": "Update README.adoc",
            "messageBody": "added coverall badge",
            "insertions": 1,
            "deletions": 1
          },
          {
            "hash": "69af62d4cd4078873b5189de588ab9cd34025fa7",
            "messageTitle": "Update README.adoc",
            "messageBody": "undo coverall badge",
            "insertions": 2,
            "deletions": 1
          },
          {
            "hash": "8a1559302a6d6ab980f991ac7794d9b05d61c5f9",
            "messageTitle": "Update README.adoc",
            "messageBody": "changed urls\n",
            "insertions": 2,
            "deletions": 2
          }
        ]
      },
      {
        "insertions": 0,
        "deletions": 1,
        "date": "2019-09-13",
        "commitResults": [
          {
            "hash": "09ba59ebb8efc351c9b8f0595af5de5d8e6c5995",
            "messageTitle": "Delete test.txt",
            "messageBody": "deleted test.txt\n",
            "insertions": 0,
            "deletions": 1
          }
        ]
      },
      {
        "insertions": 4,
        "deletions": 4,
        "date": "2019-09-28",
        "commitResults": [
          {
            "hash": "978744449567d1475620d7b231238db0032ae936",
            "messageTitle": "replace links in adocs",
            "messageBody": "changed repo link in developer guide and user guide and build file to that of team repo\u0027s\n",
            "insertions": 4,
            "deletions": 4
          }
        ]
      },
      {
        "insertions": 99,
        "deletions": 18,
        "date": "2019-09-29",
        "commitResults": [
          {
            "hash": "1a6b791679cca0be463e0ac20b55a30aeb9438bc",
            "messageTitle": "updated aboutus.doc",
            "messageBody": "added timothy.png and description in aboutus.adoc\n",
            "insertions": 82,
            "deletions": 3
          },
          {
            "hash": "d97150a912d07f9c88f58f02a7297fbf05313ebe",
            "messageTitle": "update contactus.adoc",
            "messageBody": "updated email address\n",
            "insertions": 1,
            "deletions": 1
          },
          {
            "hash": "db05e8530e7619bf7adc9f5fb83eca2f1b5ddf6e",
            "messageTitle": "Add newline to eof in aboutus.adoc",
            "messageBody": "add newline\n",
            "insertions": 1,
            "deletions": 1
          },
          {
            "hash": "7e087774372ff5811494e78d0f55ab283cf859ca",
            "messageTitle": "add newline to aboutus and updated Ui.png",
            "messageBody": "add newline and new mockup\n",
            "insertions": 1,
            "deletions": 1
          },
          {
            "hash": "0943f1e3b54b1b2648de00b15f7dc5dc70aded61",
            "messageTitle": "Update README.adoc",
            "messageBody": "removed appveyor badge and updated travis badge\n",
            "insertions": 1,
            "deletions": 2
          },
          {
            "hash": "759c442425daec1334fb9c7133ca03ddfa73ec8d",
            "messageTitle": "Update README.adoc",
            "messageBody": "updated coverall badge\n",
            "insertions": 2,
            "deletions": 4
          },
          {
            "hash": "e5a556e509914842f5e634a282306df0b4abbb0c",
            "messageTitle": "Update README.adoc",
            "messageBody": "mentioned targeting audience and added a marketing blurb\n",
            "insertions": 4,
            "deletions": 0
          },
          {
            "hash": "3e9013fa817e29239b92ea4d288c5d249b41174e",
            "messageTitle": "Update AboutUs.adoc",
            "messageBody": "reformatted page\n",
            "insertions": 5,
            "deletions": 0
          },
          {
            "hash": "3966136593c1afdd1d0acd7bfe3b45fbe0f61f92",
            "messageTitle": "Update AboutUs.adoc",
            "messageBody": "deleted newlines\n",
            "insertions": 0,
            "deletions": 4
          },
          {
            "hash": "45e7849512422366a8618a1bc4f25d6d7acb13dd",
            "messageTitle": "update aboutus.adoc",
            "messageBody": "update name of portfolio file\n",
            "insertions": 1,
            "deletions": 1
          },
          {
            "hash": "1d350b4fe6e3c4a80869de862368b6ac78892adf",
            "messageTitle": "rename picture to be consistent with github username",
            "messageBody": "",
            "insertions": 1,
            "deletions": 1
          }
        ]
      },
      {
        "insertions": 5,
        "deletions": 4,
        "date": "2019-10-04",
        "commitResults": [
          {
            "hash": "8b8430776ac8571d01fd9f5946c6fa33128534ca",
            "messageTitle": "Update README.adoc",
            "messageBody": "Added Netlify status badge\n",
            "insertions": 1,
            "deletions": 0
          },
          {
            "hash": "0f039bdc591a63922d0b6eb2d7737859690e002a",
            "messageTitle": "Update README.adoc",
            "messageBody": "changed markdown to asciidoc format\n",
            "insertions": 4,
            "deletions": 2
          },
          {
            "hash": "38d1059750defa41c499ba6676cd047785cbe810",
            "messageTitle": "Update README.adoc",
            "messageBody": "removed chat on gitter badge\n",
            "insertions": 0,
            "deletions": 2
          }
        ]
      },
      {
        "insertions": 485,
        "deletions": 8464,
        "date": "2019-10-07",
        "commitResults": [
          {
            "hash": "c11e2271e4f3e6375338da6f143c61299f1cd133",
            "messageTitle": "Remove all files in test folder except /java",
            "messageBody": "Retain only the java subdirectory for putting our own tests and delete all resources, data, and tests pertaining to AB3\n",
            "insertions": 0,
            "deletions": 4712
          },
          {
            "hash": "4970d15c520340095bdce7474d07db3a3a6a707f",
            "messageTitle": "safely remove delete command",
            "messageBody": "",
            "insertions": 1,
            "deletions": 87
          },
          {
            "hash": "7cc246b442249730adeced11f085d58bc3286cdf",
            "messageTitle": "safely remove clear command",
            "messageBody": "",
            "insertions": 0,
            "deletions": 27
          },
          {
            "hash": "678d033b2e974868c2ae4e94ad31f7dde803351d",
            "messageTitle": "safely remove find command",
            "messageBody": "",
            "insertions": 0,
            "deletions": 79
          },
          {
            "hash": "330ae24f65928b9b239d27f81d257073e0dbf0c9",
            "messageTitle": "safe delete list command",
            "messageBody": "",
            "insertions": 1,
            "deletions": 29
          },
          {
            "hash": "4ccddfea16bc8e747d50e0537d25be6ecea1ebde",
            "messageTitle": "safely delete exit and help command",
            "messageBody": "",
            "insertions": 1,
            "deletions": 48
          },
          {
            "hash": "c9ffa90cbe01041a74bd56af744539d31c7cddb2",
            "messageTitle": "safely delete add command",
            "messageBody": "",
            "insertions": 2,
            "deletions": 132
          },
          {
            "hash": "91f95b1743e192815d1118ea088f5b2fcd8c19cf",
            "messageTitle": "safely deleted Email class",
            "messageBody": "",
            "insertions": 9,
            "deletions": 183
          },
          {
            "hash": "79e278ee4cdbdd4938f6e3c0495ae01606b8bced",
            "messageTitle": "deleted 1 reference to Email",
            "messageBody": "",
            "insertions": 1,
            "deletions": 1
          },
          {
            "hash": "e18f7d0cedfb2a8fdca099ae9bc27a2c6981badc",
            "messageTitle": "safely delete address, name, phone",
            "messageBody": "",
            "insertions": 12,
            "deletions": 360
          },
          {
            "hash": "c1d31442d25d9c0fbc1e97336421574211a528be",
            "messageTitle": "Update PersonListCard.fxml",
            "messageBody": "remove references to name, phone, address and email\n",
            "insertions": 0,
            "deletions": 4
          },
          {
            "hash": "c5591ef62a0e7b1a70d98520b0914008668529a5",
            "messageTitle": "Update PersonCard.java",
            "messageBody": "remove references to name, phone, address and email\n",
            "insertions": 0,
            "deletions": 12
          },
          {
            "hash": "e3e50a687cb28875297046fe7fb8bdff2c2a9ea9",
            "messageTitle": "safely delete edit command",
            "messageBody": "",
            "insertions": 1,
            "deletions": 265
          },
          {
            "hash": "caf2bcf59525c6c761a8dd85fa31a0f79462b7c5",
            "messageTitle": "rename and remove classes",
            "messageBody": "rename seedu.address to dream.fcard, restored sampleutil, deleted commandresult and emptied command class\n",
            "insertions": 283,
            "deletions": 400
          },
          {
            "hash": "619ba276864635c97666ab170391cb1e7e8667be",
            "messageTitle": "safely delete tag",
            "messageBody": "",
            "insertions": 13,
            "deletions": 221
          },
          {
            "hash": "69946148ad81a26ed41b71f8456749a49d29d594",
            "messageTitle": "rename ui to gui",
            "messageBody": "",
            "insertions": 24,
            "deletions": 26
          },
          {
            "hash": "a4b8aeb6aa4df66cf367fa11de5f59f5a8293b6c",
            "messageTitle": "changed person folder to cards",
            "messageBody": "",
            "insertions": 6,
            "deletions": 6
          },
          {
            "hash": "e0c1d534bb916b88f2e878c88e47479bde469cb5",
            "messageTitle": "safely delete addressBookParser",
            "messageBody": "",
            "insertions": 0,
            "deletions": 46
          },
          {
            "hash": "61c7a760b9ccdc4bd3b335fa5c38eda1019fab2f",
            "messageTitle": "safe delete Parser and ParserUtil",
            "messageBody": "",
            "insertions": 0,
            "deletions": 45
          },
          {
            "hash": "188c04bf1295fe6d23412e3e58cedc7951bb0581",
            "messageTitle": "safely delete argument processing files",
            "messageBody": "",
            "insertions": 0,
            "deletions": 247
          },
          {
            "hash": "2af95889298b0d9ca850619a0cf3fc30f4d92c80",
            "messageTitle": "safe delete unused methods",
            "messageBody": "",
            "insertions": 4,
            "deletions": 37
          },
          {
            "hash": "09cca56a50314dfcfe1ad03129f811304e30dbde",
            "messageTitle": "remove more unused methods",
            "messageBody": "",
            "insertions": 2,
            "deletions": 39
          },
          {
            "hash": "d90c2404949a4f6a80c0969b8a201757a1d6517a",
            "messageTitle": "remove unused methods",
            "messageBody": "",
            "insertions": 2,
            "deletions": 36
          },
          {
            "hash": "da1be23d8da32991cfde2aa2eeeb2e8af8b92145",
            "messageTitle": "Delete ParseException.java",
            "messageBody": "",
            "insertions": 0,
            "deletions": 17
          },
          {
            "hash": "c5d6b25f850044af54be549c5617cd49e59975ed",
            "messageTitle": "turn storage into util",
            "messageBody": "",
            "insertions": 41,
            "deletions": 484
          },
          {
            "hash": "82b4a560bc6eff6fd2ec4083d4c226724f2afdce",
            "messageTitle": "refactored file structure",
            "messageBody": "",
            "insertions": 82,
            "deletions": 921
          }
        ]
      },
      {
        "insertions": 151,
        "deletions": 1,
        "date": "2019-10-09",
        "commitResults": [
          {
            "hash": "68f876ed499c573c73e3415cc7273c17b8da1aa5",
            "messageTitle": "Added js code evaluation files",
            "messageBody": "",
            "insertions": 116,
            "deletions": 1
          },
          {
            "hash": "565a803231987f2a7ef572e467ab61cb5721fb3a",
            "messageTitle": "Add tests for code evaluator",
            "messageBody": "",
            "insertions": 35,
            "deletions": 0
          }
        ]
      },
      {
        "insertions": 199,
        "deletions": 105,
        "date": "2019-10-11",
        "commitResults": [
          {
            "hash": "38d2db7a6d73ef0a3273180316b5a0332fd81036",
            "messageTitle": "Added Java and JS runner class with accompanying tests",
            "messageBody": "",
            "insertions": 199,
            "deletions": 105
          }
        ]
      },
      {
        "insertions": 13,
        "deletions": 9,
        "date": "2019-10-14",
        "commitResults": [
          {
            "hash": "86ba763347df0056a61a4c947645afdbdedf6058",
            "messageTitle": "Changed hardcoded file paths to relative paths",
            "messageBody": "",
            "insertions": 2,
            "deletions": 4
          },
          {
            "hash": "d9a9f295173dc4b2134e7be62be2c354ebf1e449",
            "messageTitle": "Fixed error in relative path",
            "messageBody": "",
            "insertions": 10,
            "deletions": 4
          },
          {
            "hash": "16f61fdbc53e4342bcac55e3036ba9cf8b958bf4",
            "messageTitle": "Update FileImporterTest.java",
            "messageBody": "Changed double backslashes to forward slash for system compatibility issues\n",
            "insertions": 1,
            "deletions": 1
          }
        ]
      },
      {
        "insertions": 4,
        "deletions": 4,
        "date": "2019-10-18",
        "commitResults": [
          {
            "hash": "6d0c0d5076d559f0de43582ec1f68155cc5ba33b",
            "messageTitle": "Change double backslashes to forward slash",
            "messageBody": "",
            "insertions": 4,
            "deletions": 4
          }
        ]
      },
      {
        "insertions": 95,
        "deletions": 2,
        "date": "2019-10-24",
        "commitResults": [
          {
            "hash": "8ac186b37de64adf8176d05d0c3fd8bd0e06122c",
            "messageTitle": "Add diagrams and writeup",
            "messageBody": "",
            "insertions": 92,
            "deletions": 0
          },
          {
            "hash": "24d93eb527dcef3b3753b87f07c31f12ee49262a",
            "messageTitle": "Update JSCardActivityDiagram.puml",
            "messageBody": "",
            "insertions": 1,
            "deletions": 1
          },
          {
            "hash": "5caa9e4f921331d18840b2680cbf4ebc5e9cfda2",
            "messageTitle": "Update DeveloperGuide.adoc",
            "messageBody": "removed the separator from merge conflict\n",
            "insertions": 2,
            "deletions": 1
          }
        ]
      },
      {
        "insertions": 603,
        "deletions": 52,
        "date": "2019-10-28",
        "commitResults": [
          {
            "hash": "a3970f2a6451c17a954279343d3d5a996c8de112",
            "messageTitle": "working standalone code editors (#155)",
            "messageBody": "* working standalone code editors\r\n\r\n* update tests\r\n\r\n* Edited classname\r\n\r\n* Update testData.js\r\n\r\nadd newline\r\n",
            "insertions": 233,
            "deletions": 33
          },
          {
            "hash": "457749d5d7a4f87235bf65ada8d3ea6f476ab4cc",
            "messageTitle": "Add JavaCard and TestCase (#156)",
            "messageBody": "* working standalone code editors\r\n\r\n* update tests\r\n\r\n* Edited classname\r\n\r\n* Update testData.js\r\n\r\nadd newline\r\n\r\n* Created java card and a test case object\r\n\r\n* Update JavaCard.java\r\n",
            "insertions": 98,
            "deletions": 0
          },
          {
            "hash": "4268679b2e845f915ace0ceefef25c82c4364d41",
            "messageTitle": "Add a JsTestCaseRunner (#157)",
            "messageBody": "* working standalone code editors\r\n\r\n* update tests\r\n\r\n* Edited classname\r\n\r\n* Update testData.js\r\n\r\nadd newline\r\n\r\n* Created java card and a test case object\r\n\r\n* Update JavaCard.java\r\n\r\n* Create JsTestCaseRunner.java\r\n",
            "insertions": 61,
            "deletions": 0
          },
          {
            "hash": "5448118b8bd29e6f912b388dcbdaa1d213a7c6ac",
            "messageTitle": "Added JsCard Testing functionality (#158)",
            "messageBody": "* working standalone code editors\r\n\r\n* update tests\r\n\r\n* Edited classname\r\n\r\n* Update testData.js\r\n\r\nadd newline\r\n\r\n* Created java card and a test case object\r\n\r\n* Update JavaCard.java\r\n\r\n* Create JsTestCaseRunner.java\r\n\r\n* Create a test running suite\r\n\r\n* Edit comments\r\n\r\n* Added Testers for JS\r\n\r\n* Create JsTestEvaluator.fxml\r\n",
            "insertions": 211,
            "deletions": 19
          }
        ]
      }
    ],
    "huiminlim": [
      {
        "insertions": 3,
        "deletions": 3,
        "date": "2019-09-17",
        "commitResults": [
          {
            "hash": "e5e9f6e201bc908f526224a293add4d6e213ff61",
            "messageTitle": "Update AboutUs.adoc",
            "messageBody": "",
            "insertions": 3,
            "deletions": 3
          }
        ]
      },
      {
        "insertions": 431,
        "deletions": 431,
        "date": "2019-09-18",
        "commitResults": [
          {
            "hash": "082985584fe5734f4e5147d0eaceeeccd7d00a26",
            "messageTitle": "Refactor: Removed address class",
            "messageBody": "",
            "insertions": 74,
            "deletions": 357
          },
          {
            "hash": "d40535184c7f8fe22df7df125963f08f5efcf26c",
            "messageTitle": "Revert \"Refactor: Removed address class\"",
            "messageBody": "This reverts commit 082985584fe5734f4e5147d0eaceeeccd7d00a26.\n",
            "insertions": 357,
            "deletions": 74
          }
        ]
      },
      {
        "insertions": 7,
        "deletions": 42,
        "date": "2019-09-24",
        "commitResults": [
          {
            "hash": "1ca1d264a2c25851267af5f602ac79d1cda91724",
            "messageTitle": "Update AboutUs.adoc",
            "messageBody": "",
            "insertions": 1,
            "deletions": 1
          },
          {
            "hash": "37817683aa97bb78ae07b6d653764689edccccb8",
            "messageTitle": "Update AboutUs.adoc",
            "messageBody": "",
            "insertions": 0,
            "deletions": 35
          },
          {
            "hash": "6a2376c2d47fdc3c60f87ef55169d453193c4d68",
            "messageTitle": "Update AboutUs.adoc",
            "messageBody": "",
            "insertions": 1,
            "deletions": 1
          },
          {
            "hash": "9ffcae854099a86cf26c15d00d8555e9c57b2688",
            "messageTitle": "Added: project contribution adoc",
            "messageBody": "",
            "insertions": 1,
            "deletions": 1
          },
          {
            "hash": "8910b2527314b0b3d447889b72b037b6005383ba",
            "messageTitle": "Update AboutUs.adoc",
            "messageBody": "",
            "insertions": 1,
            "deletions": 1
          },
          {
            "hash": "8543fc4bc97610001441f06131eb825703d68f78",
            "messageTitle": "Update ContactUs.adoc",
            "messageBody": "",
            "insertions": 1,
            "deletions": 1
          },
          {
            "hash": "2bae6df791e86e3891d8dcd142fe154be1bb65ad",
            "messageTitle": "Update ContactUs.adoc",
            "messageBody": "",
            "insertions": 1,
            "deletions": 1
          },
          {
            "hash": "9683354c9bf820d3384ad115f57f29b80c1ffca5",
            "messageTitle": "Update ContactUs.adoc",
            "messageBody": "",
            "insertions": 1,
            "deletions": 1
          }
        ]
      },
      {
        "insertions": 212,
        "deletions": 169,
        "date": "2019-09-29",
        "commitResults": [
          {
            "hash": "59048fccfe8cc53e66c2eb31c9bc3d4f469c949d",
            "messageTitle": "Update ContactUs.adoc",
            "messageBody": "",
            "insertions": 1,
            "deletions": 1
          },
          {
            "hash": "f6b7978d7edb13069eb41d48b53bbc9a4e0c7009",
            "messageTitle": "Update UserGuide.adoc",
            "messageBody": "",
            "insertions": 15,
            "deletions": 4
          },
          {
            "hash": "2f8825c6ef236a89fe26e5e18769ed5ea2f2ea52",
            "messageTitle": "Update UserGuide.adoc",
            "messageBody": "",
            "insertions": 12,
            "deletions": 8
          },
          {
            "hash": "f6cabf26a34f97fc87aea3e011cb5e67225f070a",
            "messageTitle": "Update UserGuide.adoc",
            "messageBody": "",
            "insertions": 85,
            "deletions": 70
          },
          {
            "hash": "fccb5e9ee09418857a0cd3180d6a7af9382b2aa5",
            "messageTitle": "Update UserGuide.adoc",
            "messageBody": "",
            "insertions": 14,
            "deletions": 14
          },
          {
            "hash": "dd0d75185c63de61e99825d8cfdde171c5c314cb",
            "messageTitle": "Update UserGuide.adoc",
            "messageBody": "",
            "insertions": 28,
            "deletions": 14
          },
          {
            "hash": "1cee42765cb102f0a07512eda7f25e49c8168289",
            "messageTitle": "Update UserGuide.adoc",
            "messageBody": "",
            "insertions": 8,
            "deletions": 0
          },
          {
            "hash": "78f0496be170a94bf2e0993349a93b7790246c57",
            "messageTitle": "Update UserGuide.adoc",
            "messageBody": "",
            "insertions": 2,
            "deletions": 1
          },
          {
            "hash": "8793810db90405073a821b65cd4f81482364b0e4",
            "messageTitle": "Update UserGuide.adoc",
            "messageBody": "",
            "insertions": 23,
            "deletions": 17
          },
          {
            "hash": "dea5714b8f425803e85892fdb0ba92280c84c5f1",
            "messageTitle": "Update UserGuide.adoc",
            "messageBody": "",
            "insertions": 14,
            "deletions": 29
          },
          {
            "hash": "f54021ebab77f504c8cf2f3db24845749f292482",
            "messageTitle": "Update README.adoc",
            "messageBody": "",
            "insertions": 1,
            "deletions": 1
          },
          {
            "hash": "d412ed61a82f635c47fad1d081e46eb2316fbb9c",
            "messageTitle": "Update README.adoc",
            "messageBody": "",
            "insertions": 2,
            "deletions": 4
          },
          {
            "hash": "b743c8271972e47171a5020e43d9d3b48dca2294",
            "messageTitle": "Update README.adoc",
            "messageBody": "",
            "insertions": 1,
            "deletions": 0
          },
          {
            "hash": "5f0b6ab3cd13149c291f4add4f03f704a95cbf85",
            "messageTitle": "Update README.adoc",
            "messageBody": "",
            "insertions": 1,
            "deletions": 1
          },
          {
            "hash": "af68f2f9185503d98e177025a915291ac3b9c910",
            "messageTitle": "Update README.adoc",
            "messageBody": "",
            "insertions": 1,
            "deletions": 1
          },
          {
            "hash": "969f34babbb1cb6c89348cad81bbf6806c8d5e55",
            "messageTitle": "Update DeveloperGuide.adoc",
            "messageBody": "",
            "insertions": 2,
            "deletions": 2
          },
          {
            "hash": "a48c2cec4d316ab6e7b73a52fd3f00aa1b1c9e40",
            "messageTitle": "Update DevOps.adoc",
            "messageBody": "",
            "insertions": 1,
            "deletions": 1
          },
          {
            "hash": "fa9cfba6125716501538196ddb9632fbfb508a7a",
            "messageTitle": "Update AboutUs.adoc",
            "messageBody": "",
            "insertions": 1,
            "deletions": 1
          }
        ]
      },
      {
        "insertions": 28,
        "deletions": 9,
        "date": "2019-09-30",
        "commitResults": [
          {
            "hash": "6faad282b25a6bb6153c9b27da0cf413eba10a4a",
            "messageTitle": "Update UserGuide.adoc",
            "messageBody": "",
            "insertions": 24,
            "deletions": 4
          },
          {
            "hash": "04a7713147cd90d4146a492d1a9420c22e42b712",
            "messageTitle": "Update UserGuide.adoc",
            "messageBody": "",
            "insertions": 1,
            "deletions": 3
          },
          {
            "hash": "82e1aa3c11383e668e6833ee6d06dc0d2ada249c",
            "messageTitle": "Update UserGuide.adoc",
            "messageBody": "",
            "insertions": 1,
            "deletions": 1
          },
          {
            "hash": "24a8c1acbaa916508690d53630ce42bfc5ab7d9c",
            "messageTitle": "Update UserGuide.adoc",
            "messageBody": "",
            "insertions": 2,
            "deletions": 1
          }
        ]
      },
      {
        "insertions": 68,
        "deletions": 33,
        "date": "2019-10-03",
        "commitResults": [
          {
            "hash": "5dde05fdd80bf6f897d36a811fbd69b0efded9c7",
            "messageTitle": "Update DeveloperGuide.adoc",
            "messageBody": "",
            "insertions": 2,
            "deletions": 1
          },
          {
            "hash": "5761a6b1df6042208df2268cbc0f4b2305a9c3e2",
            "messageTitle": "Updated Value Proposition",
            "messageBody": "",
            "insertions": 1,
            "deletions": 1
          },
          {
            "hash": "744242c7166a54cf4f2bd22cd9b19831d99a6af8",
            "messageTitle": "Update DeveloperGuide.adoc",
            "messageBody": "",
            "insertions": 3,
            "deletions": 2
          },
          {
            "hash": "06f133f515dd99d3d22c6f6307ade0d41f60f777",
            "messageTitle": "Update DeveloperGuide.adoc",
            "messageBody": "",
            "insertions": 5,
            "deletions": 17
          },
          {
            "hash": "4d0d4f252f5ac0edca963ec5e051d0328589d742",
            "messageTitle": "Update DeveloperGuide.adoc",
            "messageBody": "",
            "insertions": 1,
            "deletions": 1
          },
          {
            "hash": "828365391bc79523dc2a51a742fca6c5a4e7de61",
            "messageTitle": "Update DeveloperGuide.adoc",
            "messageBody": "",
            "insertions": 14,
            "deletions": 0
          },
          {
            "hash": "d96e1ad99f5dd81a610acfdc147be07be5a05e98",
            "messageTitle": "Update DeveloperGuide.adoc",
            "messageBody": "",
            "insertions": 17,
            "deletions": 0
          },
          {
            "hash": "b4b1350945bff077e3156dc8985c3d79c24fb352",
            "messageTitle": "Update DeveloperGuide.adoc",
            "messageBody": "",
            "insertions": 1,
            "deletions": 0
          },
          {
            "hash": "165826d61290a2554adf35fdf425757978157fea",
            "messageTitle": "Update DeveloperGuide.adoc",
            "messageBody": "",
            "insertions": 16,
            "deletions": 0
          },
          {
            "hash": "36f526692aced134cd689e5abecd0c067c34dd73",
            "messageTitle": "Update DeveloperGuide.adoc",
            "messageBody": "",
            "insertions": 6,
            "deletions": 9
          },
          {
            "hash": "3c6037c61e5d5955052de2c97297e72fada8f3dc",
            "messageTitle": "Update DeveloperGuide.adoc",
            "messageBody": "",
            "insertions": 2,
            "deletions": 2
          }
        ]
      },
      {
        "insertions": 173,
        "deletions": 112,
        "date": "2019-10-09",
        "commitResults": [
          {
            "hash": "9fdfc3a4542ee1fed09dbd98948d9875d38dd245",
            "messageTitle": "Edited: MCQ Flashcard and tests",
            "messageBody": "",
            "insertions": 9,
            "deletions": 0
          },
          {
            "hash": "7092bb102661fe40d249f937a4feda94a779539d",
            "messageTitle": "Edited: MCQ Flashcard and tests",
            "messageBody": "",
            "insertions": 46,
            "deletions": 3
          },
          {
            "hash": "5700731dc6aba382f374ce5ae719487703abea6b",
            "messageTitle": "Revert \"Implemented the Responder regex for all Commands and updated AboutUs doc\"",
            "messageBody": "",
            "insertions": 2,
            "deletions": 90
          },
          {
            "hash": "671a8a0eb68ce7ac4cbdf54ecb5e374078009f72",
            "messageTitle": "Edited: deck and state",
            "messageBody": "",
            "insertions": 95,
            "deletions": 4
          },
          {
            "hash": "dce43d9c2a6e4a21b3bd7fccf1b0d383c229aa4e",
            "messageTitle": "Edit: checkstyle EOF",
            "messageBody": "",
            "insertions": 1,
            "deletions": 1
          },
          {
            "hash": "f9cddef97129f87b7687eedb72ee8b823083f8c9",
            "messageTitle": "Edited: checkstyle",
            "messageBody": "",
            "insertions": 11,
            "deletions": 6
          },
          {
            "hash": "79be057c39cb362a9a0a883178ab2d8431cd1afc",
            "messageTitle": "Edit: checkstyle",
            "messageBody": "",
            "insertions": 3,
            "deletions": 0
          },
          {
            "hash": "bf79b2371ff0c0095751695ce4b52e01200c156d",
            "messageTitle": "Edited: checkstyle",
            "messageBody": "",
            "insertions": 4,
            "deletions": 6
          },
          {
            "hash": "776ff3f7c7ee5f321bcc549b0e3b60184e9d6482",
            "messageTitle": "Edited: checkstyle",
            "messageBody": "",
            "insertions": 2,
            "deletions": 2
          }
        ]
      },
      {
        "insertions": 396,
        "deletions": 268,
        "date": "2019-10-10",
        "commitResults": [
          {
            "hash": "56e117279aa285292eaf986d0ca50ffa9ff6d25a",
            "messageTitle": "Added: edit cards functionality",
            "messageBody": "",
            "insertions": 35,
            "deletions": 0
          },
          {
            "hash": "7ad264ab049ef1fae5bd83b4501cc8757658a40d",
            "messageTitle": "Added: tests for choice edit",
            "messageBody": "",
            "insertions": 309,
            "deletions": 219
          },
          {
            "hash": "836459ac2e81c13db45a6814eb76ad201f713b24",
            "messageTitle": "Added: newline at EOF",
            "messageBody": "",
            "insertions": 1,
            "deletions": 1
          },
          {
            "hash": "1b81889167a39270c8761b4e3ec49ee921d5022a",
            "messageTitle": "Edit: checkstyle",
            "messageBody": "",
            "insertions": 16,
            "deletions": 19
          },
          {
            "hash": "5b232fb9e8669e3608397414ded208170d88ce8d",
            "messageTitle": "Edit: checkstyle",
            "messageBody": "",
            "insertions": 3,
            "deletions": 4
          },
          {
            "hash": "c4463913db7f044e784a6e1ade809072b91c59b1",
            "messageTitle": "Edit: checkstyle",
            "messageBody": "",
            "insertions": 2,
            "deletions": 2
          },
          {
            "hash": "6f288215b8b812c6b6dc827312f0b22e98fc44d9",
            "messageTitle": "Edit: checkstyle",
            "messageBody": "",
            "insertions": 1,
            "deletions": 1
          },
          {
            "hash": "ea16b424d2d89ed78b5211a920cc46f6ac1a9d6f",
            "messageTitle": "Edit: checkstyle",
            "messageBody": "",
            "insertions": 3,
            "deletions": 2
          },
          {
            "hash": "5f8a335940709754bca3a3c5c6b22aeee274cb24",
            "messageTitle": "Edit: checkstyle",
            "messageBody": "",
            "insertions": 2,
            "deletions": 2
          },
          {
            "hash": "2325dfe8c8818323c398b185d991756b18a1d068",
            "messageTitle": "Edit: checkstyle",
            "messageBody": "",
            "insertions": 1,
            "deletions": 3
          },
          {
            "hash": "7d31b2bacdede8b7c51a8f7f1021ebfd1da903bc",
            "messageTitle": "Edit: checkstyle",
            "messageBody": "",
            "insertions": 2,
            "deletions": 3
          },
          {
            "hash": "9a4e4f803605dedc7ff8ffdc309dc126d0cbc7e8",
            "messageTitle": "Edit: temporary fix for checkstyle, import order",
            "messageBody": "",
            "insertions": 15,
            "deletions": 7
          },
          {
            "hash": "bf05aea319c6a1615e66695e9aeedb993235a8fc",
            "messageTitle": "Edit: checkstyle",
            "messageBody": "",
            "insertions": 1,
            "deletions": 1
          },
          {
            "hash": "3e7e2b51a6ab8b6500ff9abc0b9832404a8e8865",
            "messageTitle": "Edit: checkstyle",
            "messageBody": "",
            "insertions": 2,
            "deletions": 1
          },
          {
            "hash": "62ad3ebe30911d2d39688da3180e36604a33e2e5",
            "messageTitle": "Edit: checkstyle",
            "messageBody": "",
            "insertions": 3,
            "deletions": 3
          }
        ]
      },
      {
        "insertions": 151,
        "deletions": 98,
        "date": "2019-10-13",
        "commitResults": [
          {
            "hash": "63fa2f48fcade7fe7035b6241f3d70124acb12f9",
            "messageTitle": "Added: MCQ choice exceptions",
            "messageBody": "",
            "insertions": 11,
            "deletions": 18
          },
          {
            "hash": "7ee72f8d2783d9f62ddaa142ae20ba22387e1a1f",
            "messageTitle": "Edit: checkstyle",
            "messageBody": "",
            "insertions": 4,
            "deletions": 1
          },
          {
            "hash": "b5d478af0433bc1ebee881be504cee6616379a1e",
            "messageTitle": "Edit: checkstyle",
            "messageBody": "",
            "insertions": 3,
            "deletions": 8
          },
          {
            "hash": "f042f66e6b79adcfe50b0d5e1ee7f8a2587f85f2",
            "messageTitle": "Edit: checkstyle",
            "messageBody": "",
            "insertions": 0,
            "deletions": 2
          },
          {
            "hash": "312ab7ccf5331769a23cce4e630983f35531f6a3",
            "messageTitle": "Edit: checkstyle",
            "messageBody": "",
            "insertions": 0,
            "deletions": 32
          },
          {
            "hash": "99c33145b082855be2312c84b7923606f4138f97",
            "messageTitle": "Added: edit card in deck",
            "messageBody": "",
            "insertions": 51,
            "deletions": 15
          },
          {
            "hash": "6e01ddfda3b2be9e857940e8f8606868cc5bcf5f",
            "messageTitle": "Added: Error messages for exception",
            "messageBody": "",
            "insertions": 4,
            "deletions": 2
          },
          {
            "hash": "8a52a4e61b466b2e014f760c04388542138cc966",
            "messageTitle": "Added: Error messages for exception",
            "messageBody": "",
            "insertions": 2,
            "deletions": 2
          },
          {
            "hash": "7a9d65cec9596147fe44814bdeb82bf989906c4d",
            "messageTitle": "Edited: MCQ Junit tests",
            "messageBody": "",
            "insertions": 3,
            "deletions": 4
          },
          {
            "hash": "70538cf94b15173528ca5bf6f628d5ac39b570ff",
            "messageTitle": "Edit: checkstyle",
            "messageBody": "",
            "insertions": 2,
            "deletions": 2
          },
          {
            "hash": "323880260950bdc740a3739f890581772bcdeb8b",
            "messageTitle": "Edit: checkstyle",
            "messageBody": "",
            "insertions": 2,
            "deletions": 1
          },
          {
            "hash": "190ecd67af8100808ba28854cd0ff904ee919e5b",
            "messageTitle": "Added: State test",
            "messageBody": "",
            "insertions": 21,
            "deletions": 0
          },
          {
            "hash": "4aac5416d79345b36fccbff85b41193b5eaaf155",
            "messageTitle": "Added: User stories",
            "messageBody": "",
            "insertions": 5,
            "deletions": 0
          },
          {
            "hash": "536b92f3ea4cbfa9fe95df6b576b73e7c765f665",
            "messageTitle": "Commented away statetest",
            "messageBody": "",
            "insertions": 5,
            "deletions": 5
          },
          {
            "hash": "60cf384d5ffa43e7e936967f1306a7af0128b653",
            "messageTitle": "Added: getter setter for card front back",
            "messageBody": "",
            "insertions": 32,
            "deletions": 0
          },
          {
            "hash": "3026fd8f9c0c71fee63256edddc5611ccb2197ee",
            "messageTitle": "Edit: checkstyle",
            "messageBody": "",
            "insertions": 6,
            "deletions": 6
          }
        ]
      },
      {
        "insertions": 0,
        "deletions": 7,
        "date": "2019-10-18",
        "commitResults": [
          {
            "hash": "e14e74eee0bb7a3240b096ecb56fc7438081873e",
            "messageTitle": "Delete .\\src\\test\\java\\dream\\fcard\\util\\data\\Test.java",
            "messageBody": "",
            "insertions": 0,
            "deletions": 7
          }
        ]
      },
      {
        "insertions": 329,
        "deletions": 131,
        "date": "2019-10-20",
        "commitResults": [
          {
            "hash": "268f0029b2cbeb46bf0154e852d1b5c754788354",
            "messageTitle": "Edit: javadoc comments",
            "messageBody": "",
            "insertions": 147,
            "deletions": 68
          },
          {
            "hash": "aa79b2c21e666f0aba3567176964eadf69080ad1",
            "messageTitle": "Edit: rectify compilation error",
            "messageBody": "",
            "insertions": 1,
            "deletions": 1
          },
          {
            "hash": "696e287ad1dd8f2cba4def5b1dd960421f316809",
            "messageTitle": "Edit: rectify compilation error",
            "messageBody": "",
            "insertions": 1,
            "deletions": 1
          },
          {
            "hash": "9828a58f1a23e58df98292f1ff568934a376a6d7",
            "messageTitle": "Added: FlashCard documentation",
            "messageBody": "",
            "insertions": 13,
            "deletions": 12
          },
          {
            "hash": "e310d42de2a4ac7ab1166d9e40f89656ceb7f269",
            "messageTitle": "Add: randomize MCQ choices",
            "messageBody": "",
            "insertions": 58,
            "deletions": 10
          },
          {
            "hash": "2be79bb3e8d59d39860f61c78c5d00c2b6489b26",
            "messageTitle": "Edit: changed exam runner to handle exception for mcq test",
            "messageBody": "",
            "insertions": 27,
            "deletions": 13
          },
          {
            "hash": "f76fed0d1db6918f880c5809cf312df0bcc26443",
            "messageTitle": "Removed: mcq tests to handle randomize",
            "messageBody": "",
            "insertions": 3,
            "deletions": 0
          },
          {
            "hash": "5ed3511caa3ac12331e9080304f4505bd68b0301",
            "messageTitle": "Fix checkstyle",
            "messageBody": "",
            "insertions": 1,
            "deletions": 2
          },
          {
            "hash": "57218ba9a2f9dd4de0856c9214a20c19c755fa7b",
            "messageTitle": "Fix checkstyle",
            "messageBody": "",
            "insertions": 2,
            "deletions": 1
          },
          {
            "hash": "03028f791ec51d0d2c13416ddd236f16a2a40db4",
            "messageTitle": "Fix checkstyle",
            "messageBody": "",
            "insertions": 16,
            "deletions": 2
          },
          {
            "hash": "6c10b2b632f2ea048075c792d51e3b3b5bb77b1c",
            "messageTitle": "Fix checkstyle",
            "messageBody": "",
            "insertions": 1,
            "deletions": 1
          },
          {
            "hash": "b313ba14a3dd598c799eabaa6956497721357441",
            "messageTitle": "Fix checkstyle",
            "messageBody": "",
            "insertions": 3,
            "deletions": 1
          },
          {
            "hash": "f6008aad75f214d0cefcb73295e102279e522c2a",
            "messageTitle": "Fix checkstyle",
            "messageBody": "",
            "insertions": 4,
            "deletions": 1
          },
          {
            "hash": "afa6c2d6bcf1c7607d67111ddfa30c13e784bc7e",
            "messageTitle": "Added: functionality to prevent duplicates in MCQ choices",
            "messageBody": "",
            "insertions": 36,
            "deletions": 10
          },
          {
            "hash": "d424846613f809c0b6d604565308d684beb9c91c",
            "messageTitle": "Fix checkstyle",
            "messageBody": "",
            "insertions": 6,
            "deletions": 6
          },
          {
            "hash": "ea37536611f8e2cc625ead77ba06fd3ae84786e1",
            "messageTitle": "Fix checkstyle",
            "messageBody": "",
            "insertions": 10,
            "deletions": 2
          }
        ]
      },
      {
        "insertions": 117,
        "deletions": 32,
        "date": "2019-10-22",
        "commitResults": [
          {
            "hash": "18b18285087625791200f6e448c3000e46d74f83",
            "messageTitle": "Added: MCQ Randomizer",
            "messageBody": "",
            "insertions": 12,
            "deletions": 4
          },
          {
            "hash": "599efe08b6a1e7dc6d938b0cd22ff4f31a6ddbb0",
            "messageTitle": "Edit: checkstyle",
            "messageBody": "",
            "insertions": 1,
            "deletions": 2
          },
          {
            "hash": "0e2d7f294477edff0d82adc817c4871908dc2484",
            "messageTitle": "Refactor some methods for MCQ card",
            "messageBody": "",
            "insertions": 20,
            "deletions": 4
          },
          {
            "hash": "260fedbe74fac9765c7cd77cd0307f3a23efa944",
            "messageTitle": "Added: authorship",
            "messageBody": "",
            "insertions": 33,
            "deletions": 1
          },
          {
            "hash": "313310b0c9b241164d97937f335c718c11affbf8",
            "messageTitle": "Edit: Convert flashcard from interface to class",
            "messageBody": "",
            "insertions": 51,
            "deletions": 21
          }
        ]
      },
      {
        "insertions": 352,
        "deletions": 51,
        "date": "2019-10-23",
        "commitResults": [
          {
            "hash": "5ecb2e0d347d81cab3d246aa3fcc31636367edd2",
            "messageTitle": "Edit: Create new copy of chocies in MCQ, sort",
            "messageBody": "",
            "insertions": 193,
            "deletions": 9
          },
          {
            "hash": "7f4e59838b85d82ea18aaf563770503e0308ca1f",
            "messageTitle": "Fix: checkstyle",
            "messageBody": "",
            "insertions": 3,
            "deletions": 10
          },
          {
            "hash": "217ae4e55f8ae5be6126e10fa6db0bfd347a2634",
            "messageTitle": "Add: priority implementation for cards",
            "messageBody": "",
            "insertions": 51,
            "deletions": 13
          },
          {
            "hash": "6305fc7fe6b7016b0a013d0c71b0a9bae3f86922",
            "messageTitle": "Add: handling input of priority of cards",
            "messageBody": "",
            "insertions": 57,
            "deletions": 5
          },
          {
            "hash": "d1a2dcd0b4cd5714428d58638047559d65464e92",
            "messageTitle": "Edit: checkstyle",
            "messageBody": "",
            "insertions": 4,
            "deletions": 9
          },
          {
            "hash": "1fc75825d27dd39d7e7b05a224435760df8ec18c",
            "messageTitle": "Add: test subset method added for examrunner",
            "messageBody": "",
            "insertions": 37,
            "deletions": 0
          },
          {
            "hash": "c609f7aa0db56c83783aa0471e9ed7b110e7f78f",
            "messageTitle": "Fix: checkstyle",
            "messageBody": "",
            "insertions": 7,
            "deletions": 5
          }
        ]
      },
      {
        "insertions": 438,
        "deletions": 297,
        "date": "2019-10-24",
        "commitResults": [
          {
            "hash": "d881abbf5cf40cb8ddcf8ff92e7b21c824a0d47a",
            "messageTitle": "Update DeveloperGuide.adoc",
            "messageBody": "",
            "insertions": 19,
            "deletions": 3
          },
          {
            "hash": "39ad441be09df079de5297a78221fe2d2e84fca4",
            "messageTitle": "Update AboutUs.adoc",
            "messageBody": "",
            "insertions": 1,
            "deletions": 1
          },
          {
            "hash": "362c3e83f8498f874ab2f64dccf5c4abf5843f57",
            "messageTitle": "Update UserGuide.adoc",
            "messageBody": "",
            "insertions": 0,
            "deletions": 30
          },
          {
            "hash": "11fee5d7cfb1d6d25fbacb10d89f938c9015b2ad",
            "messageTitle": "Update DeveloperGuide.adoc",
            "messageBody": "",
            "insertions": 18,
            "deletions": 18
          },
          {
            "hash": "edbdf19264ddcf8f481609ae6c83b5920fae1398",
            "messageTitle": "Update DeveloperGuide.adoc",
            "messageBody": "",
            "insertions": 2,
            "deletions": 2
          },
          {
            "hash": "095c65afe6f30b0f84e437af355ddc7846bdd70a",
            "messageTitle": "Update DeveloperGuide.adoc",
            "messageBody": "",
            "insertions": 0,
            "deletions": 2
          },
          {
            "hash": "ac7ff0ed38c74cd564ac8230fa975c87d68bed28",
            "messageTitle": "Update DeveloperGuide.adoc",
            "messageBody": "",
            "insertions": 15,
            "deletions": 103
          },
          {
            "hash": "3df90129181d0803862a4f80a3495316f073df04",
            "messageTitle": "Update DeveloperGuide.adoc",
            "messageBody": "",
            "insertions": 157,
            "deletions": 44
          },
          {
            "hash": "357c8ee02ef62ef0c8a7d2a355d5de9fabf01b6d",
            "messageTitle": "Update DeveloperGuide.adoc",
            "messageBody": "",
            "insertions": 7,
            "deletions": 0
          },
          {
            "hash": "75f2cc0040e0fbfc8f2af325b7aaebf85e5a38bf",
            "messageTitle": "Update DeveloperGuide.adoc",
            "messageBody": "",
            "insertions": 2,
            "deletions": 2
          },
          {
            "hash": "94f66b645cc850a735abc52f5e12b3033daca082",
            "messageTitle": "Update DeveloperGuide.adoc",
            "messageBody": "",
            "insertions": 3,
            "deletions": 1
          },
          {
            "hash": "1aebc9e8a52d5aca9a09780e41076bb64946e00f",
            "messageTitle": "Update DeveloperGuide.adoc",
            "messageBody": "",
            "insertions": 2,
            "deletions": 0
          },
          {
            "hash": "2a089860af5c69d79e9f68a8c8bbc8987539cd8b",
            "messageTitle": "Update DeveloperGuide.adoc",
            "messageBody": "",
            "insertions": 5,
            "deletions": 5
          },
          {
            "hash": "83def2976bebd8a5758f5487afb5552ae26fe13e",
            "messageTitle": "Update DeveloperGuide.adoc",
            "messageBody": "",
            "insertions": 29,
            "deletions": 4
          },
          {
            "hash": "bf06c1c37413d1edc78598737e2d79ee713c9017",
            "messageTitle": "Update DeveloperGuide.adoc",
            "messageBody": "",
            "insertions": 4,
            "deletions": 4
          },
          {
            "hash": "0f2711a056b703fdae27fc40571b31a4aa296285",
            "messageTitle": "Edit: Windows filepath",
            "messageBody": "",
            "insertions": 10,
            "deletions": 1
          },
          {
            "hash": "0d9c02bd2861cdcb785a0c44db220c5a7477eeca",
            "messageTitle": "Fix: indexing for user vs deck or states or choices",
            "messageBody": "",
            "insertions": 65,
            "deletions": 26
          },
          {
            "hash": "c958c0fb545fa013349f48f6b07a70aecb5dd2d3",
            "messageTitle": "Fix: indexing for user vs deck or states or choices",
            "messageBody": "",
            "insertions": 38,
            "deletions": 20
          },
          {
            "hash": "c8852c792207b0353722debb31099fd0a7ccee94",
            "messageTitle": "Checkstyle",
            "messageBody": "",
            "insertions": 1,
            "deletions": 1
          },
          {
            "hash": "7db223700176363f8456aee4478bbbb6de1085ab",
            "messageTitle": "Add: documentation for flashcards and deck and state",
            "messageBody": "",
            "insertions": 57,
            "deletions": 27
          },
          {
            "hash": "285092a2e47719b0f98f42799f1931986e0b32fd",
            "messageTitle": "Add: documentation for flashcards and deck and state",
            "messageBody": "",
            "insertions": 3,
            "deletions": 3
          }
        ]
      },
      {
        "insertions": 409,
        "deletions": 359,
        "date": "2019-10-25",
        "commitResults": [
          {
            "hash": "12b1e77c714469a653f0b6b9aa37fb5cc6bad56f",
            "messageTitle": "Add: hasChoice(), check if flashcard has choice parameter",
            "messageBody": "",
            "insertions": 124,
            "deletions": 101
          },
          {
            "hash": "7cd4474dae64cb8f709ba00802bf541656731402",
            "messageTitle": "Fix: checkstyle",
            "messageBody": "",
            "insertions": 1,
            "deletions": 1
          },
          {
            "hash": "c29b841544f7547c8f02b4b34143173c7e5c80bc",
            "messageTitle": "Edit: javadoc for flashcard, state, deck",
            "messageBody": "",
            "insertions": 128,
            "deletions": 111
          },
          {
            "hash": "630d5adf566c23218f96e8167863843a8ed3731c",
            "messageTitle": "Add: Handle IndexNotFoundException for MCQ card in storagemanager",
            "messageBody": "",
            "insertions": 3,
            "deletions": 0
          },
          {
            "hash": "f7c9a0ecb404361006cc5cea487e8edf645ede8e",
            "messageTitle": "Fix: checkstyle",
            "messageBody": "",
            "insertions": 62,
            "deletions": 56
          },
          {
            "hash": "7216773789b70ac2c2cca52b38a024dabb8b079e",
            "messageTitle": "Fix: checkstyle",
            "messageBody": "",
            "insertions": 56,
            "deletions": 62
          },
          {
            "hash": "e0d47284f614366cd62c4a1fe8acccac147ae2a1",
            "messageTitle": "Fix: checkstyle",
            "messageBody": "",
            "insertions": 2,
            "deletions": 4
          },
          {
            "hash": "0af585d498d6741d76ae6ffc88a4f10811439fbc",
            "messageTitle": "Fix: checkstyle",
            "messageBody": "",
            "insertions": 0,
            "deletions": 1
          },
          {
            "hash": "e490b5076f0f36e7dd373ec657ed1702ff0eb022",
            "messageTitle": "Fix: checkstyle",
            "messageBody": "",
            "insertions": 6,
            "deletions": 5
          },
          {
            "hash": "d3ce9b53134273885c6ddb3cc4149b555d36ecf4",
            "messageTitle": "Add: UNKNOWN enum to Response",
            "messageBody": "",
            "insertions": 5,
            "deletions": 1
          },
          {
            "hash": "c9196f322c76931fac017eea87f3eca3fdfa38c3",
            "messageTitle": "Fix: checkstyle",
            "messageBody": "",
            "insertions": 1,
            "deletions": 1
          },
          {
            "hash": "ed159148020ea5a437b5557e93e098498bd69b0a",
            "messageTitle": "Add: logging for unknown regex in responses",
            "messageBody": "",
            "insertions": 12,
            "deletions": 6
          },
          {
            "hash": "1416f666275e24a4e25167ef0779d755bb03013c",
            "messageTitle": "Fix: checkstyle",
            "messageBody": "",
            "insertions": 2,
            "deletions": 3
          },
          {
            "hash": "dde5156d84496199035ed62674cb91b9d18f098e",
            "messageTitle": "Fix: checkstyle",
            "messageBody": "",
            "insertions": 6,
            "deletions": 6
          },
          {
            "hash": "fceb65bf41ea0aae5f701146ffa6c8f973ee3143",
            "messageTitle": "Fix: checkstyle",
            "messageBody": "",
            "insertions": 1,
            "deletions": 1
          }
        ]
      },
      {
        "insertions": 118,
        "deletions": 37,
        "date": "2019-10-26",
        "commitResults": [
          {
            "hash": "48dbe2101b0a1f7a4c9abecb1a4270c3d87c212b",
            "messageTitle": "Add: create empty deck and cards to deck in Responses",
            "messageBody": "",
            "insertions": 91,
            "deletions": 12
          },
          {
            "hash": "1983948e9bc935720ac894e6226756767fe816a3",
            "messageTitle": "fix checkstyle",
            "messageBody": "",
            "insertions": 18,
            "deletions": 18
          },
          {
            "hash": "242c709a11076bd626a94bca815a2329d1eeac45",
            "messageTitle": "Edit: Change shortcut of EXPORT command to (ex) from (e)",
            "messageBody": "",
            "insertions": 5,
            "deletions": 4
          },
          {
            "hash": "55ddf2df749b5cddc09d0828f065a6a6bf2ffbf1",
            "messageTitle": "Edit: change to exp(ort) to prevent mixing with exit",
            "messageBody": "",
            "insertions": 3,
            "deletions": 3
          },
          {
            "hash": "3efcb192063fa164e954fe5d797b0faf3ccdf2c6",
            "messageTitle": "Minor changes for testing",
            "messageBody": "",
            "insertions": 1,
            "deletions": 0
          }
        ]
      },
      {
        "insertions": 353,
        "deletions": 140,
        "date": "2019-10-27",
        "commitResults": [
          {
            "hash": "565c4d112e357dffc28a31c1ddbc5b188a0aa1c9",
            "messageTitle": "Edit: create command expanded to sentences input",
            "messageBody": "",
            "insertions": 128,
            "deletions": 59
          },
          {
            "hash": "a75a8308ca25d397b34bfedf93f79c0e24144100",
            "messageTitle": "Edit: changed regex of edit to take in more specific input",
            "messageBody": "",
            "insertions": 5,
            "deletions": 3
          },
          {
            "hash": "a8836462963d4072a246a09f3e63eedb2a5da4dc",
            "messageTitle": "Edit: implemented edit parsing",
            "messageBody": "",
            "insertions": 52,
            "deletions": 2
          },
          {
            "hash": "ab08cd851a88c6c790fcf0a6aaefc8802696c5c7",
            "messageTitle": "Edit checkstyle",
            "messageBody": "",
            "insertions": 2,
            "deletions": 2
          },
          {
            "hash": "23c497f4e9ef1221f8c5971225ecabfce4f81c0c",
            "messageTitle": "Edit: restrict action of edit command to remove or edit",
            "messageBody": "",
            "insertions": 4,
            "deletions": 2
          },
          {
            "hash": "bfaa5bdbb2b5f65eeb5a58b1b69a20dbd25b3d75",
            "messageTitle": "Edit UG to refine edit command",
            "messageBody": "",
            "insertions": 0,
            "deletions": 2
          },
          {
            "hash": "3f7b9899c1cc6be99af73d764dafdca1742aa2a0",
            "messageTitle": "Split edit command into edit and remove",
            "messageBody": "",
            "insertions": 28,
            "deletions": 2
          },
          {
            "hash": "edabc21594b98377860fc369550f4762625d8f1f",
            "messageTitle": "Edit checkstyle",
            "messageBody": "",
            "insertions": 3,
            "deletions": 3
          },
          {
            "hash": "692e2477532bfa1aeea6a0aef7b3851102d69745",
            "messageTitle": "Fix checkstyle",
            "messageBody": "",
            "insertions": 52,
            "deletions": 19
          },
          {
            "hash": "2e909b00127f29e51bc1e5bc6f6684f801cc8976",
            "messageTitle": "Added: logging",
            "messageBody": "",
            "insertions": 44,
            "deletions": 23
          },
          {
            "hash": "ee8f808dc325473ee26dd7d77fbeced5d5b2050a",
            "messageTitle": "Add: response for create mcq card",
            "messageBody": "",
            "insertions": 22,
            "deletions": 10
          },
          {
            "hash": "5a170042225a436ec8e77c51f02177decd054962",
            "messageTitle": "fix checkstyle",
            "messageBody": "",
            "insertions": 6,
            "deletions": 6
          },
          {
            "hash": "e6b1c588b0110a4968fa3491eb52035537ca4a06",
            "messageTitle": "fix checkstyle",
            "messageBody": "",
            "insertions": 6,
            "deletions": 6
          },
          {
            "hash": "26b797588fc84828645de0341c3b4f42d1e0f91a",
            "messageTitle": "fix checkstyle",
            "messageBody": "",
            "insertions": 1,
            "deletions": 1
          }
        ]
      },
      {
        "insertions": 278,
        "deletions": 157,
        "date": "2019-10-28",
        "commitResults": [
          {
            "hash": "8f2eac739817465e42f8d90f01b0174a93cbffb7",
            "messageTitle": "Add: call gui methods in responses for create deck",
            "messageBody": "",
            "insertions": 22,
            "deletions": 7
          },
          {
            "hash": "a0489fc9f90887e29829b2ad5519e59970020dfe",
            "messageTitle": "Remove: flashcard evaluate exception",
            "messageBody": "",
            "insertions": 4,
            "deletions": 0
          },
          {
            "hash": "f21ab58d79fc14c6138caaecdd525f7e128d9772",
            "messageTitle": "Remove: flashcard evaluate exception",
            "messageBody": "",
            "insertions": 18,
            "deletions": 5
          },
          {
            "hash": "adfa814a2474ca56401243ef2817cd0ac80733d3",
            "messageTitle": "Fix checkstyle",
            "messageBody": "",
            "insertions": 7,
            "deletions": 9
          },
          {
            "hash": "c2c755764792eb43c67b7e2c6e90e56eab968fcc",
            "messageTitle": "Debug: edit functionality",
            "messageBody": "",
            "insertions": 206,
            "deletions": 118
          },
          {
            "hash": "0a318838407bc2e2e7ee34fbb3974ed9ed2e0156",
            "messageTitle": "Fix checkstyle",
            "messageBody": "",
            "insertions": 21,
            "deletions": 18
          }
        ]
      }
    ]
  },
  "authorFinalContributionMap": {
    "nattanyz": 1124,
    "AHaliq": 1966,
    "PhireHandy": 99,
    "shawnpunchew11": 133,
    "timothyleong97": 1045,
    "huiminlim": 2089
  },
  "authorFileTypeContributionMap": {
    "nattanyz": {
      "docs": 81,
      "tests": 64,
      "functional": 979
    },
    "AHaliq": {
      "docs": 33,
      "tests": 375,
      "functional": 1558
    },
    "PhireHandy": {
      "docs": 1,
      "tests": 0,
      "functional": 98
    },
    "shawnpunchew11": {
      "docs": 34,
      "tests": 0,
      "functional": 99
    },
    "timothyleong97": {
      "docs": 133,
      "tests": 83,
      "functional": 787,
      "other": 42
    },
    "huiminlim": {
      "docs": 419,
      "tests": 135,
      "functional": 1535
    }
  },
  "authorContributionVariance": {
    "nattanyz": 102118.44,
    "AHaliq": 60727.094,
    "PhireHandy": 1151.1345,
    "shawnpunchew11": 1077.4735,
    "timothyleong97": 1483738.0,
    "huiminlim": 51594.43
  },
  "authorDisplayNameMap": {
    "nattanyz": "CS2103-F09-2 TAN Y ... TALIE",
    "AHaliq": "CS2103-F09-2 ABDUL ... ATIFF",
    "PhireHandy": "CS2103-F09-2 MUHAM ... ILANI",
    "shawnpunchew11": "CS2103-F09-2 SHAWN ...  CHEW",
    "timothyleong97": "CS2103-F09-2 LEONG ... MOTHY",
    "huiminlim": "CS2103-F09-2 LIM H ... I MIN"
  }
}
